"","Date","rlc_end_time","specimenID","uid","plant_part","plantID","salinity","treatment","day_group","rlc_day","pmax","rETRmax","rETRmaxYpoint1","maxNPQ_Ypoint1","deltaNPQ","alpha.est","alpha.st_err","alpha.t","alpha.p","ek.est","ek.st_err","ek.t","ek.p","run"
"1","2024-08-03","13:38:04","ct149","2024-08-03_ct149","under",49,"35","1","u_d1_r2","1",79.44,84.46,84.46,0.621,0.642,0.581,0.034,17.325,0,136.821,17.569,7.787,0,"2"
"2","2024-08-03","13:43:13","ct150","2024-08-03_ct150","under",50,"28","1","u_d1_r2","1",94.29,86.36,86.36,0.403,0.524,0.776,0.046,16.961,0,121.505,15.22,7.983,0,"2"
"3","2024-08-03","13:47:32","ct151","2024-08-03_ct151","under",51,"35","2","u_d1_r2","1",58.86,70.52,53.01,0.474,0.437,0.497,0.021,23.869,0,118.396,10.432,11.349,0,"2"
"4","2024-08-03","13:51:55","ct152","2024-08-03_ct152","under",52,"28","2","u_d1_r2","1",44.3,45.1,40.47,0.112,0.077,0.327,0.014,22.699,0,135.563,13.239,10.239,0,"2"
"5","2024-08-03","13:56:22","ct153","2024-08-03_ct153","under",53,"35","3","u_d1_r2","1",22.86,33.62,19.57,0.436,0.178,0.291,0.039,7.436,0,78.427,18.766,4.179,0.006,"2"
"6","2024-08-03","14:02:07","ct154","2024-08-03_ct154","under",54,"28","3","u_d1_r2","1",31.82,30.66,29.92,0.474,0.339,0.369,0.027,13.745,0,86.141,11.595,7.429,0,"2"
"7","2024-08-03","14:08:07","ct155","2024-08-03_ct155","under",55,"35","4","u_d1_r2","1",49.38,54.37,47.88,0.73,0.504,0.658,0.019,34.89,0,75.097,3.761,19.967,0,"2"
"8","2024-08-03","14:12:33","ct156","2024-08-03_ct156","under",56,"28","4","u_d1_r2","1",20.68,28.12,13.25,0.106,0,0.19,0.019,9.852,0,109.02,22.526,4.84,0.003,"2"
"9","2024-08-03","14:16:59","ct157","2024-08-03_ct157","under",57,"35","1","u_d1_r2","1",28.22,42.64,27.17,0.488,0.172,0.317,0.036,8.695,0,89.104,19.226,4.635,0.004,"2"
"10","2024-08-03","14:21:32","ct158","2024-08-03_ct158","under",58,"28","1","u_d1_r2","1",21.36,24.38,20.52,0.338,0.19,0.295,0.028,10.369,0,72.331,11.998,6.028,0.001,"2"
"11","2024-08-03","14:26:04","ct159","2024-08-03_ct159","under",59,"35","2","u_d1_r2","1",49.23,48.38,46.62,0.275,0.189,0.471,0.016,28.933,0,104.419,7.221,14.46,0,"2"
"12","2024-08-03","14:30:37","ct160","2024-08-03_ct160","under",60,"28","2","u_d1_r2","1",47.34,45.88,45.88,0.669,0.43,0.573,0.028,20.437,0,82.641,7.354,11.238,0,"2"
"13","2024-08-03","14:36:35","ct161","2024-08-03_ct161","under",61,"35","3","u_d1_r2","1",27.6,41,22.8,0.054,0.054,0.269,0.015,18.467,0,102.458,11.017,9.3,0,"2"
"14","2024-08-03","14:41:31","ct162","2024-08-03_ct162","under",62,"28","3","u_d1_r2","1",28.14,40.62,21.66,0.675,0.349,0.283,0.022,12.633,0,99.534,15.463,6.437,0.001,"2"
"15","2024-08-03","14:46:49","ct163","2024-08-03_ct163","under",63,"35","4","u_d1_r2","1",28.1,35.26,23.75,0.48,0.277,0.347,0.028,12.574,0,80.858,11.589,6.977,0,"2"
"16","2024-08-03","14:51:14","ct164","2024-08-03_ct164","under",64,"28","4","u_d1_r2","1",24.47,26.87,20.71,0.293,0.139,0.251,0.017,15.034,0,97.371,12.598,7.729,0,"2"
"17","2024-08-03","14:55:39","ct165","2024-08-03_ct165","under",65,"35","1","u_d1_r2","1",43.88,43.46,43.26,0.328,0.236,0.433,0.014,31.553,0,101.269,6.343,15.965,0,"2"
"18","2024-08-03","15:00:07","ct166","2024-08-03_ct166","under",66,"28","1","u_d1_r2","1",44.69,45.92,40.75,0.295,0.153,0.382,0.012,32.645,0,116.93,7.496,15.599,0,"2"
"19","2024-08-03","15:04:38","ct167","2024-08-03_ct167","under",67,"35","2","u_d1_r2","1",13.58,27.88,9.9,0.113,0,0.204,0.032,6.324,0.001,66.5,17.456,3.809,0.009,"2"
"20","2024-08-03","15:11:56","ct168","2024-08-03_ct168","under",68,"28","2","u_d1_r2","1",10.97,24.38,10.53,0.321,0.06,0.429,0.324,1.325,0.234,25.559,22.235,1.149,0.294,"2"
"21","2024-08-03","15:16:46","ct169","2024-08-03_ct169","under",69,"35","3","u_d1_r2","1",51.99,57.5,47.46,0.192,0.137,0.343,0.011,31.65,0,151.653,11.088,13.677,0,"2"
"22","2024-08-03","15:21:14","ct170","2024-08-03_ct170","under",70,"28","3","u_d1_r2","1",19.16,23.75,19.76,0.482,0.203,0.896,0.246,3.639,0.011,21.38,6.46,3.31,0.016,"2"
"23","2024-08-03","15:25:44","ct171","2024-08-03_ct171","under",71,"35","4","u_d1_r2","1",23.81,25.62,22.42,0.191,0.141,0.419,0.028,14.899,0,56.884,5.934,9.586,0,"2"
"24","2024-08-03","15:30:44","ct172","2024-08-03_ct172","under",72,"28","4","u_d1_r2","1",22.66,22.8,22.42,0.487,0.237,0.49,0.055,8.885,0,46.246,7.422,6.231,0.001,"2"
"25","2024-08-03","15:35:10","ct173","2024-08-03_ct173","under",73,"35","1","u_d1_r2","1",34.1,39.9,34.48,0.49,0.237,0.47,0.024,19.793,0,72.507,6.307,11.496,0,"2"
"26","2024-08-03","15:39:33","ct174","2024-08-03_ct174","under",74,"28","1","u_d1_r2","1",30.74,36.88,32.49,0.21,0.177,0.359,0.03,11.85,0,85.713,13.355,6.418,0.001,"2"
"27","2024-08-03","15:44:04","ct175","2024-08-03_ct175","under",75,"35","2","u_d1_r2","1",84.74,82.82,82.82,0.66,0.569,0.557,0.013,41.502,0,151.999,8.483,17.919,0,"2"
"28","2024-08-03","15:48:29","ct176","2024-08-03_ct176","under",76,"28","2","u_d1_r2","1",25.15,30.34,25.46,0.474,0.188,0.583,0.04,14.745,0,43.135,4.056,10.636,0,"2"
"29","2024-08-03","15:53:03","ct177","2024-08-03_ct177","under",77,"35","3","u_d1_r2","1",25.1,32.8,20.25,0.159,0.069,0.308,0.024,12.93,0,81.576,11.412,7.148,0,"2"
"30","2024-08-03","15:57:32","ct178","2024-08-03_ct178","under",78,"28","3","u_d1_r2","1",39.92,54.37,35.53,0.473,0.278,0.519,0.031,16.563,0,76.847,8.186,9.388,0,"2"
"31","2024-08-03","16:02:59","ct179","2024-08-03_ct179","under",79,"35","4","u_d1_r2","1",28.87,36.88,21.47,0.082,0.042,0.269,0.021,12.998,0,107.331,16.704,6.425,0.001,"2"
"32","2024-08-03","16:07:31","ct180","2024-08-03_ct180","under",80,"28","4","u_d1_r2","1",20.96,24.6,20.52,0.432,0.197,0.435,0.033,13.118,0,48.222,5.333,9.042,0,"2"
"33","2024-08-03","16:11:54","ct181","2024-08-03_ct181","under",81,"35","1","u_d1_r2","1",79.31,87.74,87.74,0.616,0.478,0.562,0.018,30.362,0,141.208,10.473,13.483,0,"2"
"34","2024-08-03","16:16:18","ct182","2024-08-03_ct182","under",82,"28","1","u_d1_r2","1",63.28,61.5,60.9,0.484,0.395,0.668,0.031,21.702,0,94.782,8.403,11.279,0,"2"
"35","2024-08-03","16:21:14","ct183","2024-08-03_ct183","under",83,"35","2","u_d1_r2","1",31.25,33.62,32.2,0.566,0.285,0.556,0.018,30.667,0,56.214,2.835,19.83,0,"2"
"36","2024-08-03","16:25:48","ct184","2024-08-03_ct184","under",84,"28","2","u_d1_r2","1",33.7,39.36,33.06,0.505,0.237,0.48,0.02,23.693,0,70.199,5.033,13.949,0,"2"
"37","2024-08-03","16:30:34","ct185","2024-08-03_ct185","under",85,"35","3","u_d1_r2","1",22.47,28.12,16.88,0.115,0.015,0.25,0.021,12.033,0,89.816,14.048,6.393,0.001,"2"
"38","2024-08-03","16:35:07","ct186","2024-08-03_ct186","under",86,"28","3","u_d1_r2","1",53.57,55.02,55.02,0.938,0.451,0.418,0.012,33.45,0,128.201,8.315,15.419,0,"2"
"39","2024-08-03","16:39:40","ct187","2024-08-03_ct187","under",87,"35","4","u_d1_r2","1",35.52,38.12,31.64,0.193,0.161,0.381,0.022,17.118,0,93.208,10.405,8.958,0,"2"
"40","2024-08-03","16:44:30","ct188","2024-08-03_ct188","under",88,"28","4","u_d1_r2","1",78.74,87.74,87.74,0.785,0.565,0.642,0.021,31.065,0,122.738,8.427,14.564,0,"2"
"41","2024-08-03","16:49:04","ct189","2024-08-03_ct189","under",89,"35","1","u_d1_r2","1",122.99,112.34,112.34,0.611,0.622,0.777,0.026,30.195,0,158.375,12.34,12.834,0,"2"
"42","2024-08-03","16:58:57","ct190","2024-08-03_ct190","under",90,"28","1","u_d1_r2","1",42.08,54.94,42.84,0.417,0.258,0.483,0.03,15.891,0,87.076,10.183,8.551,0,"2"
"43","2024-08-03","17:03:20","ct191","2024-08-03_ct191","under",91,"35","2","u_d1_r2","1",123.93,120.54,120.54,0.559,0.427,0.562,0.016,35.048,0,220.56,16.814,13.118,0,"2"
"44","2024-08-03","17:08:28","ct192","2024-08-03_ct192","under",92,"28","2","u_d1_r2","1",46.16,55,46.2,0.682,0.335,0.469,0.016,30.005,0,98.382,6.405,15.36,0,"2"
"45","2024-08-03","17:13:08","ct193","2024-08-03_ct193","under",93,"35","3","u_d1_r2","1",32.5,44.28,31.92,0.164,0.098,0.473,0.028,16.769,0,68.746,6.902,9.96,0,"2"
"46","2024-08-03","17:17:45","ct194","2024-08-03_ct194","under",94,"28","3","u_d1_r2","1",21.05,26.25,20.33,0.352,0.135,0.517,0.033,15.649,0,40.717,3.526,11.549,0,"2"
"47","2024-08-03","17:23:41","ct195","2024-08-03_ct195","under",95,"35","4","u_d1_r2","1",28.71,40.18,24.51,0.347,0.14,0.367,0.027,13.489,0,78.329,10.327,7.585,0,"2"
"48","2024-08-03","17:28:12","ct196","2024-08-03_ct196","under",96,"28","4","u_d1_r2","1",19.05,36.9,16.12,0.379,0.165,0.294,0.035,8.287,0,64.787,12.837,5.047,0.002,"2"
"49","2024-08-16","13:37:39","ct213","2024-08-16_ct213","canopy",13,"35","3","c_d5_r3","5",126.86,118.9,118.9,0.416,0.445,0.541,0.011,49.487,0,234.66,12.985,18.072,0,"3"
"50","2024-08-16","13:42:13","ct214","2024-08-16_ct214","canopy",14,"28","3","c_d5_r3","5",321.59,212.5,212.5,1.907,1.972,0.582,0.031,18.781,0,552.655,122.574,4.509,0.004,"3"
"51","2024-08-16","13:46:41","ct215","2024-08-16_ct215","canopy",15,"35","4","c_d5_r3","5",93.39,89.46,89.46,0.555,0.512,0.626,0.02,31.689,0,149.176,10.825,13.78,0,"3"
"52","2024-08-16","13:51:12","ct216","2024-08-16_ct216","canopy",16,"28","4","c_d5_r3","5",106.02,105,105,0.462,0.597,0.746,0.016,45.945,0,142.14,6.984,20.352,0,"3"
"53","2024-08-16","13:55:58","ct209","2024-08-16_ct209","canopy",9,"35","1","c_d5_r3","5",85.22,80.65,80.65,0.85,0.971,0.893,0.058,15.457,0,95.466,11.918,8.01,0,"3"
"54","2024-08-16","14:01:43","ct210","2024-08-16_ct210","canopy",10,"28","1","c_d5_r3","5",138.39,130.38,130.38,0.433,0.384,0.537,0.003,205.514,0,257.665,3.566,72.248,0,"3"
"55","2024-08-16","14:06:17","ct211","2024-08-16_ct211","canopy",11,"35","2","c_d5_r3","5",87.63,83.75,83.75,0.46,0.528,0.696,0.032,21.79,0,125.819,12.436,10.117,0,"3"
"56","2024-08-16","14:11:01","ct212","2024-08-16_ct212","canopy",12,"28","2","c_d5_r3","5",118.22,108.24,108.24,0.335,0.293,0.475,0.008,59.194,0,248.923,11.793,21.107,0,"3"
"57","2024-08-16","14:15:46","ct221","2024-08-16_ct221","canopy",21,"35","3","c_d5_r3","5",104.41,100,100,0.281,0.314,0.497,0.005,93.164,0,209.973,5.907,35.547,0,"3"
"58","2024-08-16","14:20:49","ct222","2024-08-16_ct222","canopy",22,"28","3","c_d5_r3","5",61.29,60.62,56.28,0.161,0.107,0.502,0.023,21.968,0,122.112,11.833,10.32,0,"3"
"59","2024-08-16","14:25:18","ct223","2024-08-16_ct223","canopy",23,"35","4","c_d5_r3","5",125.17,116.34,116.34,0.5,0.657,0.747,0.03,24.647,0,167.487,16.331,10.256,0,"3"
"60","2024-08-16","14:29:45","ct224","2024-08-16_ct224","canopy",24,"28","4","c_d5_r3","5",140.68,123.12,123.12,0.298,0.481,0.675,0.025,27.45,0,208.294,19.826,10.506,0,"3"
"61","2024-08-16","14:39:44","ct217","2024-08-16_ct217","canopy",17,"35","1","c_d5_r3","5",110.45,105.78,105.78,1,1.08,0.876,0.039,22.282,0,126.092,12.198,10.337,0,"3"
"62","2024-08-16","14:45:47","ct218","2024-08-16_ct218","canopy",18,"28","1","c_d5_r3","5",91.92,85.22,85.22,0.846,0.836,0.722,0.045,15.993,0,127.27,17.215,7.393,0,"3"
"63","2024-08-16","14:50:17","ct219","2024-08-16_ct219","canopy",19,"35","2","c_d5_r3","5",75.2,72.98,72.66,0.46,0.463,0.68,0.026,26.472,0,110.51,8.544,12.935,0,"3"
"64","2024-08-16","14:54:45","ct220","2024-08-16_ct220","canopy",20,"28","2","c_d5_r3","5",94.83,92.5,92.5,0.162,0.243,0.526,0.013,40.923,0,180.118,10.875,16.563,0,"3"
"65","2024-08-16","15:00:06","ct229","2024-08-16_ct229","canopy",29,"35","3","c_d5_r3","5",121.12,112.5,112.5,0.29,0.365,0.634,0.022,29.109,0,191.091,16.59,11.518,0,"3"
"66","2024-08-16","15:04:47","ct230","2024-08-16_ct230","canopy",30,"28","3","c_d5_r3","5",61.59,60.62,55.02,0.007,0,0.44,0.01,44.032,0,139.908,7.13,19.623,0,"3"
"67","2024-08-16","15:09:15","ct231","2024-08-16_ct231","canopy",31,"35","4","c_d5_r3","5",102.28,94.92,94.92,0.444,0.567,0.706,0.031,22.939,0,144.812,14.354,10.089,0,"3"
"68","2024-08-16","15:14:47","ct232","2024-08-16_ct232","canopy",32,"28","4","c_d5_r3","5",95.76,86.94,86.94,0.224,0.349,0.577,0.024,24.075,0,165.866,16.496,10.055,0,"3"
"69","2024-08-16","15:20:59","ct225","2024-08-16_ct225","canopy",25,"35","1","c_d5_r3","5",119.22,127.1,127.1,0.472,0.416,0.55,0.011,51.751,0,216.778,11.116,19.501,0,"3"
"70","2024-08-16","15:25:55","ct226","2024-08-16_ct226","canopy",26,"28","1","c_d5_r3","5",161.19,141.25,141.25,0.696,0.801,0.775,0.034,23.067,0,208.008,23.547,8.834,0,"3"
"71","2024-08-16","15:31:56","ct227","2024-08-16_ct227","canopy",27,"35","2","c_d5_r3","5",128.17,124.38,124.38,0.538,0.551,0.668,0.025,26.323,0,191.95,18.461,10.398,0,"3"
"72","2024-08-16","15:36:28","ct228","2024-08-16_ct228","canopy",28,"28","2","c_d5_r3","5",89.79,82.36,82.36,0.197,0.42,0.742,0.043,17.277,0,121.055,14.865,8.144,0,"3"
"73","2024-08-16","15:41:21","ct237","2024-08-16_ct237","canopy",37,"35","3","c_d5_r3","5",79.5,77.5,77.5,0.372,0.41,0.654,0.028,23.191,0,121.626,11.147,10.911,0,"3"
"74","2024-08-16","15:46:36","ct238","2024-08-16_ct238","canopy",38,"28","3","c_d5_r3","5",143.08,127.5,127.5,0.8,0.709,0.499,0.015,32.704,0,286.701,26.088,10.99,0,"3"
"75","2024-08-16","15:51:14","ct239","2024-08-16_ct239","canopy",39,"35","4","c_d5_r3","5",73.34,68.75,68.75,0.459,0.425,0.577,0.024,24.16,0,127.114,11.377,11.173,0,"3"
"76","2024-08-16","15:55:44","ct240","2024-08-16_ct240","canopy",40,"28","4","c_d5_r3","5",118.11,109.88,109.88,0.483,0.412,0.508,0.014,35.385,0,232.481,17.924,12.97,0,"3"
"77","2024-08-16","16:00:25","ct233","2024-08-16_ct233","canopy",33,"35","1","c_d5_r3","5",103.67,91.98,91.98,0.438,0.418,0.533,0.031,16.981,0,194.365,29.115,6.676,0.001,"3"
"78","2024-08-16","16:05:18","ct234","2024-08-16_ct234","canopy",34,"28","1","c_d5_r3","5",85.61,82,81.9,0.62,0.514,0.597,0.027,22.305,0,143.433,14.567,9.846,0,"3"
"79","2024-08-16","16:09:56","ct235","2024-08-16_ct235","canopy",35,"35","2","c_d5_r3","5",57.54,62.32,51.66,0.06,0.056,0.386,0.016,24.326,0,148.888,14.064,10.586,0,"3"
"80","2024-08-16","16:14:28","ct236","2024-08-16_ct236","canopy",36,"28","2","c_d5_r3","5",95.92,93.48,93.48,0.041,0.073,0.356,0.011,32.789,0,269.195,23.784,11.318,0,"3"
"81","2024-08-16","16:18:58","ct245","2024-08-16_ct245","canopy",45,"35","3","c_d5_r3","5",105.03,100.04,100.04,0.23,0.213,0.437,0.009,49.918,0,240.229,13.303,18.058,0,"3"
"82","2024-08-16","16:24:46","ct246","2024-08-16_ct246","canopy",46,"28","3","c_d5_r3","5",78.15,68.46,68.46,0.275,0.214,0.505,0.037,13.733,0,154.673,26.261,5.89,0.001,"3"
"83","2024-08-16","16:29:58","ct247","2024-08-16_ct247","canopy",47,"35","4","c_d5_r3","5",85.57,82.82,82.82,0.101,0.106,0.477,0.02,23.658,0,179.301,18.693,9.592,0,"3"
"84","2024-08-16","16:34:55","ct248","2024-08-16_ct248","canopy",48,"28","4","c_d5_r3","5",83.14,81.88,81.88,0.094,0.132,0.417,0.016,26.898,0,199.223,19.02,10.474,0,"3"
"85","2024-08-16","16:40:02","ct241","2024-08-16_ct241","canopy",41,"35","1","c_d5_r3","5",79.44,75.44,68.46,0.267,0.223,0.43,0.02,21.013,0,184.703,21.927,8.424,0,"3"
"86","2024-08-16","16:45:23","ct242","2024-08-16_ct242","canopy",42,"28","1","c_d5_r3","5",123.19,116.88,116.88,0.398,0.422,0.575,0.021,26.919,0,214.238,21.022,10.191,0,"3"
"87","2024-08-16","16:49:54","ct243","2024-08-16_ct243","canopy",43,"35","2","c_d5_r3","5",115.64,119.72,119.72,0.772,0.698,0.593,0.006,106.86,0,194.923,4.645,41.963,0,"3"
"88","2024-08-16","16:54:14","ct244","2024-08-16_ct244","canopy",44,"28","2","c_d5_r3","5",78.02,72.98,71.25,0.137,0.176,0.42,0.015,28.787,0,185.859,16.144,11.513,0,"3"
"89","2024-08-16","16:59:00","ct205","2024-08-16_ct205","canopy",5,"35","3","c_d5_r3","5",105.88,108.75,108.75,0.744,0.829,0.587,0.022,26.186,0,180.499,17.044,10.59,0,"3"
"90","2024-08-16","17:03:41","ct206","2024-08-16_ct206","canopy",6,"28","3","c_d5_r3","5",90.77,86.92,86.92,0.255,0.338,0.583,0.022,26.727,0,155.713,13.619,11.434,0,"3"
"91","2024-08-16","17:08:25","ct207","2024-08-16_ct207","canopy",7,"35","4","c_d5_r3","5",70.18,68.06,63,0.263,0.191,0.409,0.016,26.036,0,171.736,16.004,10.731,0,"3"
"92","2024-08-16","17:13:20","ct208","2024-08-16_ct208","canopy",8,"28","4","c_d5_r3","5",78.12,75.18,75.18,0.189,0.204,0.599,0.023,25.82,0,130.442,11.034,11.822,0,"3"
"93","2024-08-16","17:18:06","ct201","2024-08-16_ct201","canopy",1,"35","1","c_d5_r3","5",74.67,73.8,70.14,0.866,0.527,0.661,0.038,17.268,0,113.025,13.516,8.362,0,"3"
"94","2024-08-16","17:22:41","ct202","2024-08-16_ct202","canopy",2,"28","1","c_d5_r3","5",107.48,108.24,108.24,0.669,0.583,0.544,0.004,137.447,0,197.672,3.682,53.684,0,"3"
"95","2024-08-16","17:27:58","ct203","2024-08-16_ct203","canopy",3,"35","2","c_d5_r3","5",48.72,53.75,42.84,0.37,0.122,0.312,0.009,34.937,0,156.025,10.447,14.935,0,"3"
"96","2024-08-16","17:32:22","ct204","2024-08-16_ct204","canopy",4,"28","2","c_d5_r3","5",78.56,78.72,75.62,0.04,0.124,0.629,0.037,16.814,0,124.828,15.94,7.831,0,"3"
"97","2024-08-11","07:41:53","ct129","2024-08-11_ct129","canopy",29,"35","3","c_d9_r2","9",80.79,81.18,78.54,0.791,0.476,0.627,0.021,30.186,0,128.83,9.276,13.888,0,"2"
"98","2024-08-11","07:46:46","ct130","2024-08-11_ct130","canopy",30,"28","3","c_d9_r2","9",68.74,63.13,63.13,1.029,0.524,0.544,0.023,23.771,0,126.41,11.474,11.017,0,"2"
"99","2024-08-11","07:51:20","ct131","2024-08-11_ct131","canopy",31,"35","4","c_d9_r2","9",63.28,65.62,65.62,0.637,0.489,0.653,0.011,57.174,0,96.907,3.291,29.449,0,"2"
"100","2024-08-11","07:56:28","ct132","2024-08-11_ct132","canopy",32,"28","4","c_d9_r2","9",61.65,62.32,61.32,0.681,0.358,0.455,0.007,62.142,0,135.597,4.838,28.029,0,"2"
"101","2024-08-11","08:05:22","ct125","2024-08-11_ct125","canopy",25,"35","1","c_d9_r2","9",88.49,84,84,1.099,0.641,0.614,0.028,21.874,0,144.014,14.938,9.641,0,"2"
"102","2024-08-11","08:11:01","ct126","2024-08-11_ct126","canopy",26,"28","1","c_d9_r2","9",68.41,61.27,61.27,1.274,0.819,0.81,0.1,8.108,0,84.467,19.117,4.418,0.004,"2"
"103","2024-08-11","08:16:12","ct127","2024-08-11_ct127","canopy",27,"35","2","c_d9_r2","9",58.87,58.22,55.02,0.55,0.25,0.419,0.011,36.922,0,140.407,8.545,16.432,0,"2"
"104","2024-08-11","08:20:51","ct128","2024-08-11_ct128","canopy",28,"28","2","c_d9_r2","9",85.59,75.18,75.18,0.946,0.523,0.576,0.034,16.852,0,148.71,20.269,7.337,0,"2"
"105","2024-08-11","08:25:13","ct137","2024-08-11_ct137","canopy",37,"35","3","c_d9_r2","9",80.19,73.92,73.92,0.816,0.457,0.531,0.02,26.533,0,150.93,13.14,11.487,0,"2"
"106","2024-08-11","08:29:47","ct138","2024-08-11_ct138","canopy",38,"28","3","c_d9_r2","9",45.13,50.02,43.68,0.381,0.12,0.418,0.008,49.564,0,107.846,4.41,24.454,0,"2"
"107","2024-08-11","08:34:14","ct139","2024-08-11_ct139","canopy",39,"35","4","c_d9_r2","9",81.5,76.25,76.25,0.82,0.404,0.522,0.018,29.769,0,156.217,12.282,12.72,0,"2"
"108","2024-08-11","08:38:43","ct140","2024-08-11_ct140","canopy",40,"28","4","c_d9_r2","9",101.43,101.68,101.68,0.727,0.524,0.514,0.005,94.207,0,197.301,5.358,36.822,0,"2"
"109","2024-08-11","08:43:40","ct133","2024-08-11_ct133","canopy",33,"35","1","c_d9_r2","9",92.61,88.56,88.56,1.395,0.86,0.636,0.029,21.828,0,145.532,15.188,9.582,0,"2"
"110","2024-08-11","08:48:15","ct134","2024-08-11_ct134","canopy",34,"28","1","c_d9_r2","9",84.35,80.64,80.64,1.274,0.829,0.767,0.052,14.771,0,110.023,15.218,7.23,0,"2"
"111","2024-08-11","08:52:42","ct135","2024-08-11_ct135","canopy",35,"35","2","c_d9_r2","9",112.21,111.52,111.52,0.932,0.622,0.616,0.012,50.564,0,182.01,8.929,20.384,0,"2"
"112","2024-08-11","08:57:26","ct136","2024-08-11_ct136","canopy",36,"28","2","c_d9_r2","9",108.06,94.5,94.5,0.735,0.5,0.607,0.027,22.255,0,178.145,19.695,9.045,0,"2"
"113","2024-08-11","09:02:31","ct145","2024-08-11_ct145","canopy",45,"35","3","c_d9_r2","9",72.26,77.9,73.75,0.429,0.353,0.524,0.009,57.12,0,137.85,5.384,25.602,0,"2"
"114","2024-08-11","09:07:16","ct146","2024-08-11_ct146","canopy",46,"28","3","c_d9_r2","9",106.83,96.6,96.6,2.26,1.904,0.602,0.02,29.468,0,177.455,14.794,11.995,0,"2"
"115","2024-08-11","09:12:03","ct147","2024-08-11_ct147","canopy",47,"35","4","c_d9_r2","9",78.34,75,75,0.756,0.527,0.676,0.027,25.381,0,115.934,9.527,12.169,0,"2"
"116","2024-08-11","09:16:35","ct148","2024-08-11_ct148","canopy",48,"28","4","c_d9_r2","9",100.02,104.96,104.96,0.562,0.487,0.569,0.009,64.198,0,175.914,6.71,26.219,0,"2"
"117","2024-08-11","09:21:18","ct141","2024-08-11_ct141","canopy",41,"35","1","c_d9_r2","9",107.4,101.64,101.64,1.325,1.182,0.767,0.028,27.181,0,140.02,11.562,12.11,0,"2"
"118","2024-08-11","09:26:08","ct142","2024-08-11_ct142","canopy",42,"28","1","c_d9_r2","9",103.65,97.44,97.44,0.817,0.648,0.672,0.024,28.321,0,154.129,12.672,12.163,0,"2"
"119","2024-08-11","09:35:29","ct144","2024-08-11_ct144","canopy",44,"28","2","c_d9_r2","9",125.32,121.36,121.36,0.852,0.637,0.641,0.018,35.98,0,195.352,13.838,14.117,0,"2"
"120","2024-08-11","09:39:54","ct143","2024-08-11_ct143","canopy",43,"35","2","c_d9_r2","9",77.11,75,75,1.064,0.827,0.727,0.022,32.336,0,106.128,6.61,16.057,0,"2"
"121","2024-08-11","09:45:55","ct105","2024-08-11_ct105","canopy",5,"35","3","c_d9_r2","9",83.87,88.56,88.56,0.617,0.416,0.638,0.021,29.678,0,131.505,9.708,13.546,0,"2"
"122","2024-08-11","09:50:42","ct106","2024-08-11_ct106","canopy",6,"28","3","c_d9_r2","9",81.28,81.18,79.38,0.911,0.56,0.541,0.01,51.666,0,150.118,6.698,22.413,0,"2"
"123","2024-08-11","09:55:12","ct107","2024-08-11_ct107","canopy",7,"35","4","c_d9_r2","9",59.53,66.42,66.25,0.661,0.33,0.441,0.019,23.323,0,134.99,12.809,10.538,0,"2"
"124","2024-08-11","10:01:04","ct108","2024-08-11_ct108","canopy",8,"28","4","c_d9_r2","9",108.94,101.25,101.25,0.744,0.469,0.556,0.014,38.63,0,195.883,12.937,15.141,0,"2"
"125","2024-08-11","10:06:25","ct101","2024-08-11_ct101","canopy",1,"35","1","c_d9_r2","9",137.54,126.25,126.25,1.353,1.201,0.81,0.028,28.512,0,169.74,14.38,11.804,0,"2"
"126","2024-08-11","10:10:54","ct102","2024-08-11_ct102","canopy",2,"28","1","c_d9_r2","9",92.5,87.5,87.5,0.982,0.779,0.685,0.032,21.282,0,135.051,14.047,9.614,0,"2"
"127","2024-08-11","10:15:22","ct103","2024-08-11_ct103","canopy",3,"35","2","c_d9_r2","9",96.41,94.38,94.38,1.034,0.854,0.669,0.029,23.143,0,144.104,14.131,10.198,0,"2"
"128","2024-08-11","10:20:07","ct104","2024-08-11_ct104","canopy",4,"28","2","c_d9_r2","9",147.84,138.75,138.75,0.487,0.424,0.588,0.005,126.417,0,251.391,5.6,44.895,0,"2"
"129","2024-08-11","10:24:59","ct113","2024-08-11_ct113","canopy",13,"35","3","c_d9_r2","9",99.75,96.76,96.76,0.825,0.625,0.668,0.027,24.314,0,149.247,14.119,10.571,0,"2"
"130","2024-08-11","10:29:51","ct114","2024-08-11_ct114","canopy",14,"28","3","c_d9_r2","9",110.42,104.38,104.38,0.921,0.859,0.743,0.02,38.016,0,148.545,8.971,16.558,0,"2"
"131","2024-08-11","10:34:25","ct115","2024-08-11_ct115","canopy",15,"35","4","c_d9_r2","9",92.87,91.25,91.25,0.69,0.605,0.683,0.027,25.2,0,135.902,11.967,11.357,0,"2"
"132","2024-08-11","10:39:03","ct116","2024-08-11_ct116","canopy",16,"28","4","c_d9_r2","9",124.65,114.8,114.8,0.699,0.634,0.702,0.023,30.706,0,177.662,14.221,12.493,0,"2"
"133","2024-08-11","10:43:50","ct109","2024-08-11_ct109","canopy",9,"35","1","c_d9_r2","9",103.89,91.02,91.02,0.764,0.602,0.607,0.03,20.233,0,171.23,20.51,8.349,0,"2"
"134","2024-08-11","10:48:42","ct110","2024-08-11_ct110","canopy",10,"28","1","c_d9_r2","9",148.37,135,135,0.48,0.455,0.583,0.014,42.103,0,254.389,17.097,14.879,0,"2"
"135","2024-08-11","10:53:54","ct111","2024-08-11_ct111","canopy",11,"35","2","c_d9_r2","9",91.13,91.84,91.84,0.538,0.408,0.483,0.004,110.42,0,188.478,4.291,43.924,0,"2"
"136","2024-08-11","10:58:56","ct112","2024-08-11_ct112","canopy",12,"28","2","c_d9_r2","9",144.59,133.12,133.12,0.89,0.806,0.732,0.024,30.086,0,197.573,16.81,11.753,0,"2"
"137","2024-08-11","11:03:33","ct121","2024-08-11_ct121","canopy",21,"35","3","c_d9_r2","9",76.26,80.36,79.38,0.541,0.353,0.49,0.012,41.611,0,155.767,8.751,17.799,0,"2"
"138","2024-08-11","11:08:09","ct122","2024-08-11_ct122","canopy",22,"28","3","c_d9_r2","9",141.93,131.2,131.2,0.365,0.336,0.599,0.011,55.266,0,236.837,11.779,20.107,0,"2"
"139","2024-08-11","11:12:45","ct123","2024-08-11_ct123","canopy",23,"35","4","c_d9_r2","9",174.26,151.25,151.25,0.631,0.581,0.588,0.008,72.136,0,296.499,12.412,23.888,0,"2"
"140","2024-08-11","11:17:59","ct124","2024-08-11_ct124","canopy",24,"28","4","c_d9_r2","9",94.74,85.62,85.62,0.541,0.375,0.491,0.023,21.42,0,193.079,22.871,8.442,0,"2"
"141","2024-08-11","11:23:02","ct117","2024-08-11_ct117","canopy",17,"35","1","c_d9_r2","9",105.83,97.02,97.02,0.892,0.936,0.79,0.039,20.351,0,134.031,14.536,9.221,0,"2"
"142","2024-08-11","11:28:05","ct118","2024-08-11_ct118","canopy",18,"28","1","c_d9_r2","9",114.27,104.16,104.16,0.676,0.739,0.746,0.045,16.584,0,153.1,21.441,7.14,0,"2"
"143","2024-08-11","11:33:49","ct119","2024-08-11_ct119","canopy",19,"35","2","c_d9_r2","9",50.8,56.25,52.5,0.611,0.325,0.522,0.013,39.323,0,97.25,4.808,20.225,0,"2"
"144","2024-08-11","11:38:22","ct120","2024-08-11_ct120","canopy",20,"28","2","c_d9_r2","9",45.55,53.3,46.62,0.221,0.185,0.406,0.013,31.086,0,112.139,7.426,15.101,0,"2"
"145","2024-08-12","07:37:29","ct201","2024-08-12_ct201","canopy",1,"35","1","c_d1_r3","1",99.31,90.92,90.92,1.69,1.178,0.783,0.069,11.361,0,126.89,24.134,5.258,0.002,"3"
"146","2024-08-12","07:41:56","ct202","2024-08-12_ct202","canopy",2,"28","1","c_d1_r3","1",79.97,73.25,73.25,1.192,0.687,0.567,0.036,15.586,0,140.925,20.345,6.927,0,"3"
"147","2024-08-12","07:46:52","ct203","2024-08-12_ct203","canopy",3,"35","2","c_d1_r3","1",128.3,132.84,132.84,0.914,0.725,0.522,0.013,41.743,0,245.788,16.428,14.962,0,"3"
"148","2024-08-12","07:51:22","ct204","2024-08-12_ct204","canopy",4,"28","2","c_d1_r3","1",103.03,92.66,92.66,0.955,0.531,0.55,0.017,31.791,0,187.425,14.789,12.673,0,"3"
"149","2024-08-12","07:56:41","ct205","2024-08-12_ct205","canopy",5,"35","3","c_d1_r3","1",88.28,82.08,82.08,1.873,1.098,0.592,0.038,15.531,0,149.113,22.075,6.755,0.001,"3"
"150","2024-08-12","08:01:36","ct206","2024-08-12_ct206","canopy",6,"28","3","c_d1_r3","1",76.47,80,80,0.782,0.443,0.522,0.016,32.825,0,146.623,10.205,14.368,0,"3"
"151","2024-08-12","08:06:28","ct207","2024-08-12_ct207","canopy",7,"35","4","c_d1_r3","1",83.06,81.06,81.06,1.843,1.217,0.704,0.036,19.354,0,117.994,12.805,9.215,0,"3"
"152","2024-08-12","08:15:37","ct208","2024-08-12_ct208","canopy",8,"28","4","c_d1_r3","1",123.03,106.25,106.25,0.891,0.609,0.603,0.03,20.395,0,204.005,25.924,7.869,0,"3"
"153","2024-08-12","08:20:42","ct209","2024-08-12_ct209","canopy",9,"35","1","c_d1_r3","1",116.2,104.38,104.38,1.33,0.691,0.531,0.022,23.812,0,218.767,24.468,8.941,0,"3"
"154","2024-08-12","08:25:22","ct210","2024-08-12_ct210","canopy",10,"28","1","c_d1_r3","1",45.56,58.12,50.4,0.64,0.258,0.391,0.026,14.999,0,116.425,16.217,7.179,0,"3"
"155","2024-08-12","08:29:53","ct211","2024-08-12_ct211","canopy",11,"35","2","c_d1_r3","1",55.47,55.44,55.44,0.478,0.084,0.423,0.019,22.607,0,131.096,12.69,10.331,0,"3"
"156","2024-08-12","08:34:55","ct212","2024-08-12_ct212","canopy",12,"28","2","c_d1_r3","1",40.53,55.62,43.26,0.641,0.085,0.393,0.026,15.17,0,103.025,13.516,7.623,0,"3"
"157","2024-08-12","08:39:38","ct213","2024-08-12_ct213","canopy",13,"35","3","c_d1_r3","1",62.38,61.5,59.22,0.485,0.307,0.456,0.006,76.16,0,136.651,3.99,34.251,0,"3"
"158","2024-08-12","08:44:28","ct214","2024-08-12_ct214","canopy",14,"28","3","c_d1_r3","1",144.87,123,123,1.39,0.818,0.593,0.026,23.218,0,244.414,29.303,8.341,0,"3"
"159","2024-08-12","08:49:59","ct215","2024-08-12_ct215","canopy",15,"35","4","c_d1_r3","1",115.46,103.12,103.12,1.331,0.969,0.727,0.033,22.356,0,158.794,16.728,9.493,0,"3"
"160","2024-08-12","08:54:31","ct216","2024-08-12_ct216","canopy",16,"28","4","c_d1_r3","1",80.25,83.12,83.12,1.881,1.088,0.567,0.021,27.256,0,141.576,11.708,12.092,0,"3"
"161","2024-08-12","08:59:37","ct217","2024-08-12_ct217","canopy",17,"35","1","c_d1_r3","1",103.58,95.94,95.94,2.255,1.574,0.747,0.043,17.352,0,138.668,17.871,7.759,0,"3"
"162","2024-08-12","09:04:11","ct218","2024-08-12_ct218","canopy",18,"28","1","c_d1_r3","1",101.15,89.49,89.49,1.169,0.71,0.662,0.036,18.543,0,152.863,19.135,7.989,0,"3"
"163","2024-08-12","09:08:55","ct219","2024-08-12_ct219","canopy",19,"35","2","c_d1_r3","1",76.4,68.12,68.12,1.083,0.612,0.556,0.023,24.415,0,137.287,12.526,10.96,0,"3"
"164","2024-08-12","09:13:21","ct220","2024-08-12_ct220","canopy",20,"28","2","c_d1_r3","1",83.11,88.75,88.75,0.838,0.513,0.556,0.017,32.801,0,149.4,10.48,14.255,0,"3"
"165","2024-08-12","09:18:03","ct221","2024-08-12_ct221","canopy",21,"35","3","c_d1_r3","1",122.69,118.12,118.12,0.892,0.704,0.617,0.018,33.352,0,198.882,15.303,12.996,0,"3"
"166","2024-08-12","09:24:34","ct222","2024-08-12_ct222","canopy",22,"28","3","c_d1_r3","1",110.66,109.88,109.88,1.731,1.206,0.581,0.012,50.006,0,190.484,9.615,19.811,0,"3"
"167","2024-08-12","09:29:00","ct223","2024-08-12_ct223","canopy",23,"35","4","c_d1_r3","1",140.38,131.88,131.88,1.677,1.443,0.833,0.039,21.494,0,168.478,18.88,8.924,0,"3"
"168","2024-08-12","09:38:11","ct224","2024-08-12_ct224","canopy",24,"28","4","c_d1_r3","1",114.5,102.06,102.06,1.081,0.881,0.739,0.036,20.342,0,154.844,17.756,8.721,0,"3"
"169","2024-08-12","09:43:02","ct225","2024-08-12_ct225","canopy",25,"35","1","c_d1_r3","1",72.33,68.11,68.11,0.418,0.268,0.603,0.047,12.861,0,120.01,19.729,6.083,0.001,"3"
"170","2024-08-12","09:48:28","ct226","2024-08-12_ct226","canopy",26,"28","1","c_d1_r3","1",138.37,125.46,125.46,1.095,0.709,0.616,0.017,35.478,0,224.572,17.033,13.184,0,"3"
"171","2024-08-12","09:52:56","ct227","2024-08-12_ct227","canopy",27,"35","2","c_d1_r3","1",121.59,107.5,107.5,1.084,0.805,0.643,0.023,27.716,0,189.1,17.173,11.011,0,"3"
"172","2024-08-12","09:58:02","ct228","2024-08-12_ct228","canopy",28,"28","2","c_d1_r3","1",102.18,102.5,102.5,1.088,0.636,0.548,0.005,113.649,0,186.345,4.104,45.405,0,"3"
"173","2024-08-12","10:02:32","ct229","2024-08-12_ct229","canopy",29,"35","3","c_d1_r3","1",99.57,110.7,110.7,0.546,0.439,0.505,0.012,41.714,0,197.09,12.083,16.311,0,"3"
"174","2024-08-12","10:07:31","ct230","2024-08-12_ct230","canopy",30,"28","3","c_d1_r3","1",155.67,135,135,1.905,1.673,0.818,0.04,20.532,0,190.275,23.382,8.138,0,"3"
"175","2024-08-12","10:12:55","ct231","2024-08-12_ct231","canopy",31,"35","4","c_d1_r3","1",108.5,101.74,101.74,1.449,1.239,0.85,0.037,22.948,0,127.568,12.037,10.598,0,"3"
"176","2024-08-12","10:17:53","ct232","2024-08-12_ct232","canopy",32,"28","4","c_d1_r3","1",89.24,90.62,90.62,1.574,1.074,0.619,0.015,40.288,0,144.173,8.123,17.749,0,"3"
"177","2024-08-12","10:22:31","ct233","2024-08-12_ct233","canopy",33,"35","1","c_d1_r3","1",115.31,106.6,106.6,1.509,1.2,0.739,0.034,21.536,0,156.06,16.953,9.205,0,"3"
"178","2024-08-12","10:27:18","ct234","2024-08-12_ct234","canopy",34,"28","1","c_d1_r3","1",123.83,111.72,111.72,1.535,1.026,0.678,0.025,27.438,0,182.734,16.545,11.044,0,"3"
"179","2024-08-12","10:32:08","ct235","2024-08-12_ct235","canopy",35,"35","2","c_d1_r3","1",83.3,83.64,83.64,0.847,0.569,0.64,0.029,22.003,0,130.167,12.91,10.083,0,"3"
"180","2024-08-12","10:38:30","ct236","2024-08-12_ct236","canopy",36,"28","2","c_d1_r3","1",156.75,138.58,138.58,0.75,0.681,0.676,0.023,29.354,0,231.894,21.531,10.77,0,"3"
"181","2024-08-12","10:43:05","ct237","2024-08-12_ct237","canopy",37,"35","3","c_d1_r3","1",112.25,101.22,101.22,1.367,1.134,0.804,0.039,20.744,0,139.64,15.094,9.251,0,"3"
"182","2024-08-12","10:47:42","ct238","2024-08-12_ct238","canopy",38,"28","3","c_d1_r3","1",56.11,61.5,59.64,1.154,0.65,0.636,0.014,45.216,0,88.267,3.648,24.196,0,"3"
"183","2024-08-12","10:52:21","ct239","2024-08-12_ct239","canopy",39,"35","4","c_d1_r3","1",159.59,139.86,139.86,1.423,1.266,0.809,0.034,23.729,0,197.294,21.272,9.275,0,"3"
"184","2024-08-12","10:57:06","ct240","2024-08-12_ct240","canopy",40,"28","4","c_d1_r3","1",105.9,115.62,115.62,0.717,0.693,0.702,0.026,27.02,0,150.781,12.885,11.702,0,"3"
"185","2024-08-12","11:01:29","ct241","2024-08-12_ct241","canopy",41,"35","1","c_d1_r3","1",104.72,97.19,97.19,1.219,1.096,0.837,0.045,18.489,0,125.127,14.544,8.603,0,"3"
"186","2024-08-12","11:06:01","ct242","2024-08-12_ct242","canopy",42,"28","1","c_d1_r3","1",104.51,104.96,104.96,1.075,0.735,0.549,0.008,65.458,0,190.251,7.333,25.945,0,"3"
"187","2024-08-12","11:10:40","ct243","2024-08-12_ct243","canopy",43,"35","2","c_d1_r3","1",136.68,119.7,119.7,1.289,1.091,0.777,0.044,17.514,0,175.956,24.602,7.152,0,"3"
"188","2024-08-12","11:16:01","ct244","2024-08-12_ct244","canopy",44,"28","2","c_d1_r3","1",148.64,138.58,138.58,1.017,0.878,0.683,0.019,35.96,0,217.607,16.083,13.53,0,"3"
"189","2024-08-12","11:22:55","ct245","2024-08-12_ct245","canopy",45,"35","3","c_d1_r3","1",77.39,70.14,70.14,0.404,0.214,0.436,0.026,16.476,0,177.698,26.511,6.703,0.001,"3"
"190","2024-08-12","11:27:48","ct246","2024-08-12_ct246","canopy",46,"28","3","c_d1_r3","1",95.96,96.88,96.88,1.109,0.939,0.771,0.046,16.76,0,124.504,15.933,7.814,0,"3"
"191","2024-08-12","11:32:45","ct247","2024-08-12_ct247","canopy",47,"35","4","c_d1_r3","1",153.5,140.62,140.62,1.031,0.884,0.684,0.024,28.32,0,224.398,21.315,10.528,0,"3"
"192","2024-08-12","11:37:50","ct248","2024-08-12_ct248","canopy",48,"28","4","c_d1_r3","1",98.94,93.75,93.75,0.63,0.482,0.591,0.021,28.554,0,167.537,14.103,11.88,0,"3"
"193","2024-08-12","13:33:55","ct249","2024-08-12_ct249","under",49,"35","1","u_d1_r3","1",55.42,60.62,57.12,0.469,0.517,0.733,0.016,45.617,0,75.561,2.902,26.039,0,"3"
"194","2024-08-12","13:39:00","ct250","2024-08-12_ct250","under",50,"28","1","u_d1_r3","1",37.51,40.18,35.62,0.741,0.371,0.554,0.019,28.497,0,67.684,3.973,17.038,0,"3"
"195","2024-08-12","13:43:29","ct251","2024-08-12_ct251","under",51,"35","2","u_d1_r3","1",57.07,54.6,54.6,0.259,0.295,0.626,0.022,28.837,0,91.104,5.981,15.232,0,"3"
"196","2024-08-12","13:48:07","ct252","2024-08-12_ct252","under",52,"28","2","u_d1_r3","1",35.07,43.46,33.63,0.23,0.151,0.39,0.016,24.791,0,90.016,6.84,13.159,0,"3"
"197","2024-08-12","13:52:50","ct253","2024-08-12_ct253","under",53,"35","3","u_d1_r3","1",28.36,37.72,32.2,0.804,0.314,0.571,0.048,12.015,0,49.66,6.069,8.182,0,"3"
"198","2024-08-12","13:57:30","ct254","2024-08-12_ct254","under",54,"28","3","u_d1_r3","1",50.58,52.08,52.08,0.644,0.367,0.557,0.015,36.315,0,90.78,4.726,19.21,0,"3"
"199","2024-08-12","14:02:19","ct255","2024-08-12_ct255","under",55,"35","4","u_d1_r3","1",79.85,79.38,79.38,0.274,0.264,0.53,0.015,34.371,0,150.608,10.113,14.892,0,"3"
"200","2024-08-12","14:06:48","ct256","2024-08-12_ct256","under",56,"28","4","u_d1_r3","1",59.54,60.68,53.87,1.257,0.66,0.625,0.029,21.681,0,95.221,8.466,11.247,0,"3"
"201","2024-08-12","14:11:25","ct257","2024-08-12_ct257","under",57,"35","1","u_d1_r3","1",62.9,55.29,55.29,0.566,0.326,0.575,0.054,10.63,0,109.38,20.973,5.215,0.002,"3"
"202","2024-08-12","14:16:51","ct258","2024-08-12_ct258","under",58,"28","1","u_d1_r3","1",58.76,59.38,55.02,0.713,0.283,0.472,0.009,50.679,0,124.373,5.262,23.638,0,"3"
"203","2024-08-12","14:21:27","ct259","2024-08-12_ct259","under",59,"35","2","u_d1_r3","1",18.72,29.52,17.12,0.697,0.142,0.458,0.046,10.023,0,40.862,5.532,7.387,0,"3"
"204","2024-08-12","14:30:51","ct260","2024-08-12_ct260","under",60,"28","2","u_d1_r3","1",27.7,35,31.07,0.488,0.216,0.535,0.046,11.652,0,51.8,6.643,7.797,0,"3"
"205","2024-08-12","14:35:16","ct261","2024-08-12_ct261","under",61,"35","3","u_d1_r3","1",41.09,52.48,44.1,0.383,0.179,0.397,0.025,16.125,0,103.543,12.805,8.086,0,"3"
"206","2024-08-12","14:41:32","ct262","2024-08-12_ct262","under",62,"28","3","u_d1_r3","1",19.72,28.12,20.9,0.368,0.12,0.574,0.092,6.252,0.001,34.327,6.973,4.923,0.003,"3"
"207","2024-08-12","14:45:57","ct263","2024-08-12_ct263","under",63,"35","4","u_d1_r3","1",56.49,58.12,57.96,0.689,0.413,0.55,0.008,70.736,0,102.741,2.887,35.584,0,"3"
"208","2024-08-12","14:51:35","ct264","2024-08-12_ct264","under",64,"28","4","u_d1_r3","1",32.32,41,32.2,0.5,0.26,0.552,0.036,15.486,0,58.566,5.951,9.842,0,"3"
"209","2024-08-12","14:56:33","ct265","2024-08-12_ct265","under",65,"35","1","u_d1_r3","1",47.29,45.92,45.78,0.237,0.133,0.384,0.007,53.909,0,123.123,4.877,25.243,0,"3"
"210","2024-08-12","15:00:59","ct266","2024-08-12_ct266","under",66,"28","1","u_d1_r3","1",62.32,60.68,56.28,0.409,0.239,0.365,0.009,38.588,0,170.62,10.701,15.944,0,"3"
"211","2024-08-12","15:05:51","ct267","2024-08-12_ct267","under",67,"35","2","u_d1_r3","1",29.79,40,32.2,0.797,0.365,0.544,0.052,10.39,0,54.787,8.067,6.791,0,"3"
"212","2024-08-12","15:11:04","ct268","2024-08-12_ct268","under",68,"28","2","u_d1_r3","1",22.21,29.52,22.99,0.703,0.267,0.626,0.056,11.237,0,35.473,4.058,8.742,0,"3"
"213","2024-08-12","15:15:52","ct269","2024-08-12_ct269","under",69,"35","3","u_d1_r3","1",30.35,35.62,29.35,-0.16,0.072,0.364,0.02,18.065,0,83.425,8.431,9.895,0,"3"
"214","2024-08-12","15:21:08","ct270","2024-08-12_ct270","under",70,"28","3","u_d1_r3","1",30.12,55.76,29.64,0.948,0.3,0.453,0.052,8.685,0,66.551,12.725,5.23,0.002,"3"
"215","2024-08-12","15:25:35","ct271","2024-08-12_ct271","under",71,"35","4","u_d1_r3","1",40.96,53.3,40.47,1.124,0.555,0.618,0.027,23.012,0,66.299,4.777,13.879,0,"3"
"216","2024-08-12","15:31:16","ct272","2024-08-12_ct272","under",72,"28","4","u_d1_r3","1",60.71,65.6,63.13,1.157,0.458,0.482,0.011,45.709,0,125.96,5.938,21.214,0,"3"
"217","2024-08-12","15:36:04","ct273","2024-08-12_ct273","under",73,"35","1","u_d1_r3","1",45.71,49.38,47.04,0.717,0.345,0.517,0.017,30.465,0,88.328,5.42,16.297,0,"3"
"218","2024-08-12","15:40:52","ct274","2024-08-12_ct274","under",74,"28","1","u_d1_r3","1",27.33,36.08,30.21,1.034,0.356,0.696,0.062,11.196,0,39.266,4.685,8.381,0,"3"
"219","2024-08-12","15:45:58","ct275","2024-08-12_ct275","under",75,"35","2","u_d1_r3","1",70.94,67.5,67.5,0.967,0.62,0.623,0.017,37.372,0,113.873,6.31,18.045,0,"3"
"220","2024-08-12","15:54:49","ct276","2024-08-12_ct276","under",76,"28","2","u_d1_r3","1",44.62,49.56,49.56,1.064,0.366,0.544,0.025,21.551,0,82.034,6.901,11.887,0,"3"
"221","2024-08-12","15:59:26","ct277","2024-08-12_ct277","under",77,"35","3","u_d1_r3","1",29.64,38.12,26.6,0.369,0.161,0.407,0.018,22.243,0,72.765,5.641,12.899,0,"3"
"222","2024-08-12","16:06:50","ct278","2024-08-12_ct278","under",78,"28","3","u_d1_r3","1",32.55,36.54,32.49,0.707,0.422,0.766,0.031,24.423,0,42.505,2.399,17.72,0,"3"
"223","2024-08-12","16:11:44","ct279","2024-08-12_ct279","under",79,"35","4","u_d1_r3","1",24.29,41.82,24.13,1.114,0.398,1.018,0.258,3.948,0.008,23.868,6.834,3.492,0.013,"3"
"224","2024-08-12","16:21:12","ct280","2024-08-12_ct280","under",80,"28","4","u_d1_r3","1",20.64,28.75,21.28,0.587,0.204,1.303,0.675,1.93,0.102,15.84,8.541,1.855,0.113,"3"
"225","2024-08-12","16:25:42","ct281","2024-08-12_ct281","under",81,"35","1","u_d1_r3","1",22.38,31.08,21.85,0.698,0.258,0.766,0.157,4.878,0.003,29.205,7.19,4.062,0.007,"3"
"226","2024-08-12","16:33:18","ct282","2024-08-12_ct282","under",82,"28","1","u_d1_r3","1",18.95,23.12,18.38,0.582,0.19,0.656,0.114,5.776,0.001,28.891,5.985,4.827,0.003,"3"
"227","2024-08-12","16:38:00","ct283","2024-08-12_ct283","under",83,"35","2","u_d1_r3","1",15.77,36.25,16.02,0.584,0.117,0.942,1.095,0.86,0.423,16.745,20.43,0.82,0.444,"3"
"228","2024-08-12","16:42:50","ct284","2024-08-12_ct284","under",84,"28","2","u_d1_r3","1",13.92,24.6,13.62,0.548,0.136,0.663,0.261,2.537,0.044,21.005,9.066,2.317,0.06,"3"
"229","2024-08-12","16:47:11","ct285","2024-08-12_ct285","under",85,"35","3","u_d1_r3","1",19.63,26.87,19.19,0.692,0.218,0.549,0.053,10.409,0,35.755,4.428,8.074,0,"3"
"230","2024-08-12","16:51:40","ct286","2024-08-12_ct286","under",86,"28","3","u_d1_r3","1",22.93,31.98,23.31,0.923,0.428,1.158,0.385,3.005,0.024,19.806,7.127,2.779,0.032,"3"
"231","2024-08-12","16:56:31","ct287","2024-08-12_ct287","under",87,"35","4","u_d1_r3","1",42.28,42.84,42.84,0.317,0.109,0.448,0.015,30.783,0,94.47,5.897,16.02,0,"3"
"232","2024-08-12","17:02:46","ct288","2024-08-12_ct288","under",88,"28","4","u_d1_r3","1",81.14,81.88,81.88,0.46,0.186,0.42,0.01,40.803,0,193.315,12.027,16.074,0,"3"
"233","2024-08-12","17:07:17","ct289","2024-08-12_ct289","under",89,"35","1","u_d1_r3","1",34.49,44.28,31.35,0.671,0.293,0.424,0.032,13.466,0,81.291,10.903,7.456,0,"3"
"234","2024-08-12","17:13:02","ct290","2024-08-12_ct290","under",90,"28","1","u_d1_r3","1",23.11,30.34,23.75,0.935,0.329,0.899,0.114,7.852,0,25.715,3.781,6.801,0,"3"
"235","2024-08-12","17:17:26","ct291","2024-08-12_ct291","under",91,"35","2","u_d1_r3","1",99.45,95.12,95.12,1.173,0.775,0.538,0.01,53.173,0,184.764,8.669,21.313,0,"3"
"236","2024-08-12","17:22:01","ct292","2024-08-12_ct292","under",92,"28","2","u_d1_r3","1",64.31,66.25,66.25,0.525,0.317,0.486,0.007,65.08,0,132.268,4.463,29.638,0,"3"
"237","2024-08-12","17:27:30","ct293","2024-08-12_ct293","under",93,"35","3","u_d1_r3","1",17.33,25.42,15.12,0.369,0.138,0.407,0.049,8.349,0,42.554,7.028,6.055,0.001,"3"
"238","2024-08-12","17:32:14","ct294","2024-08-12_ct294","under",94,"28","3","u_d1_r3","1",21.1,30.34,21.09,0.712,0.238,0.762,0.114,6.665,0.001,27.688,4.904,5.646,0.001,"3"
"239","2024-08-12","17:37:00","ct295","2024-08-12_ct295","under",95,"35","4","u_d1_r3","1",17.81,28.12,14.75,0.578,0.143,0.4,0.078,5.127,0.002,44.502,12.187,3.652,0.011,"3"
"240","2024-08-12","17:41:41","ct296","2024-08-12_ct296","under",96,"28","4","u_d1_r3","1",53.18,61.5,52.92,0.553,0.301,0.429,0.01,42.741,0,124.092,6.219,19.953,0,"3"
"241","2024-08-16","07:46:12","ct261","2024-08-16_ct261","under",61,"35","3","u_d5_r3","5",48.52,53.13,49.56,0.746,0.374,0.574,0.01,58.313,0,84.481,2.659,31.774,0,"3"
"242","2024-08-16","07:51:10","ct262","2024-08-16_ct262","under",62,"28","3","u_d5_r3","5",65.74,63.75,63.75,0.762,0.406,0.527,0.014,37.534,0,124.781,7.137,17.484,0,"3"
"243","2024-08-16","07:56:12","ct263","2024-08-16_ct263","under",63,"35","4","u_d5_r3","5",73.72,73.08,73.08,0.728,0.411,0.513,0.009,54.513,0,143.836,5.984,24.038,0,"3"
"244","2024-08-16","08:00:39","ct264","2024-08-16_ct264","under",64,"28","4","u_d5_r3","5",50.32,55,52.5,0.694,0.352,0.459,0.011,40.819,0,109.601,5.477,20.01,0,"3"
"245","2024-08-16","08:06:18","ct257","2024-08-16_ct257","under",57,"35","1","u_d5_r3","5",53.14,57.4,53.76,0.944,0.563,0.742,0.01,77.626,0,71.583,1.579,45.328,0,"3"
"246","2024-08-16","08:10:42","ct258","2024-08-16_ct258","under",58,"28","1","u_d5_r3","5",75.08,70.52,70.39,0.734,0.512,0.676,0.027,24.897,0,111.129,9.156,12.138,0,"3"
"247","2024-08-16","08:15:24","ct259","2024-08-16_ct259","under",59,"35","2","u_d5_r3","5",50.02,46.88,46.62,0.295,0.181,0.413,0.013,30.828,0,121.108,8.336,14.529,0,"3"
"248","2024-08-16","08:20:51","ct260","2024-08-16_ct260","under",60,"28","2","u_d5_r3","5",56.61,59.86,52.08,0.322,0.239,0.353,0.005,67.035,0,160.51,5.662,28.348,0,"3"
"249","2024-08-16","08:25:28","ct269","2024-08-16_ct269","under",69,"35","3","u_d5_r3","5",83.8,78.54,78.54,0.863,0.57,0.618,0.019,32.036,0,135.512,9.376,14.454,0,"3"
"250","2024-08-16","08:30:54","ct270","2024-08-16_ct270","under",70,"28","3","u_d5_r3","5",50.09,47.6,47.6,0.688,0.399,0.685,0.035,19.665,0,73.085,6.42,11.383,0,"3"
"251","2024-08-16","08:35:27","ct271","2024-08-16_ct271","under",71,"35","4","u_d5_r3","5",96.38,91.25,91.25,0.532,0.444,0.662,0.01,68.626,0,145.55,4.832,30.124,0,"3"
"252","2024-08-16","08:39:54","ct272","2024-08-16_ct272","under",72,"28","4","u_d5_r3","5",100.7,95,95,0.418,0.482,0.771,0.026,29.35,0,130.626,9.726,13.431,0,"3"
"253","2024-08-16","08:44:52","ct265","2024-08-16_ct265","under",65,"35","1","u_d5_r3","5",92.27,89.37,89.37,0.86,0.76,0.762,0.01,77.016,0,121.101,3.336,36.297,0,"3"
"254","2024-08-16","08:49:13","ct266","2024-08-16_ct266","under",66,"28","1","u_d5_r3","5",88.32,84.42,84.42,0.758,0.65,0.638,0.01,62.141,0,138.398,4.977,27.81,0,"3"
"255","2024-08-16","08:57:11","ct267","2024-08-16_ct267","under",67,"35","2","u_d5_r3","5",118.36,106.68,106.68,0.819,0.646,0.615,0.016,37.532,0,192.308,12.98,14.815,0,"3"
"256","2024-08-16","09:01:36","ct268","2024-08-16_ct268","under",68,"28","2","u_d5_r3","5",156.24,150.06,150.06,0.588,0.58,0.701,0.016,44.322,0,222.905,13.493,16.52,0,"3"
"257","2024-08-16","09:06:18","ct277","2024-08-16_ct277","under",77,"35","3","u_d5_r3","5",123.07,115.62,115.62,0.789,0.65,0.704,0.031,22.594,0,174.736,18.888,9.251,0,"3"
"258","2024-08-16","09:10:55","ct278","2024-08-16_ct278","under",78,"28","3","u_d5_r3","5",69.5,64.98,64.98,0.61,0.43,0.658,0.046,14.412,0,105.701,14.747,7.168,0,"3"
"259","2024-08-16","09:15:57","ct279","2024-08-16_ct279","under",79,"35","4","u_d5_r3","5",87.38,84.84,84.84,0.406,0.344,0.635,0.014,44.835,0,137.571,6.841,20.111,0,"3"
"260","2024-08-16","09:20:19","ct280","2024-08-16_ct280","under",80,"28","4","u_d5_r3","5",98.85,92.82,92.82,0.621,0.614,0.733,0.022,33.5,0,134.861,8.906,15.142,0,"3"
"261","2024-08-16","09:24:47","ct273","2024-08-16_ct273","under",73,"35","1","u_d5_r3","5",98.96,95.34,95.34,0.926,0.886,0.808,0.017,47.572,0,122.471,5.487,22.322,0,"3"
"262","2024-08-16","09:29:20","ct274","2024-08-16_ct274","under",74,"28","1","u_d5_r3","5",85.17,80.65,80.65,0.728,0.655,0.724,0.038,19.278,0,117.562,12.79,9.192,0,"3"
"263","2024-08-16","09:34:15","ct275","2024-08-16_ct275","under",75,"35","2","u_d5_r3","5",61.73,66.42,60.9,0.663,0.373,0.598,0.009,63.808,0,103.273,3.224,32.032,0,"3"
"264","2024-08-16","09:38:48","ct276","2024-08-16_ct276","under",76,"28","2","u_d5_r3","5",106.83,95.94,95.94,0.975,0.883,0.758,0.036,20.79,0,140.942,15.255,9.239,0,"3"
"265","2024-08-16","09:44:01","ct285","2024-08-16_ct285","under",85,"35","3","u_d5_r3","5",84.02,79.38,79.38,0.451,0.356,0.596,0.022,27.221,0,140.897,11.645,12.099,0,"3"
"266","2024-08-16","09:49:15","ct286","2024-08-16_ct286","under",86,"28","3","u_d5_r3","5",83.19,77.28,77.28,0.558,0.418,0.64,0.032,20.186,0,129.878,14.029,9.258,0,"3"
"267","2024-08-16","09:54:51","ct287","2024-08-16_ct287","under",87,"35","4","u_d5_r3","5",89.73,86.25,86.25,0.913,0.616,0.575,0.019,29.866,0,155.972,12.215,12.769,0,"3"
"268","2024-08-16","09:59:53","ct288","2024-08-16_ct288","under",88,"28","4","u_d5_r3","5",82.5,77.08,75.18,0.73,0.611,0.665,0.037,18.162,0,124.065,14.632,8.479,0,"3"
"269","2024-08-16","10:04:34","ct281","2024-08-16_ct281","under",81,"35","1","u_d5_r3","5",71.23,65.52,65.52,1.248,0.948,0.794,0.05,15.931,0,89.716,10.595,8.468,0,"3"
"270","2024-08-16","10:09:19","ct282","2024-08-16_ct282","under",82,"28","1","u_d5_r3","5",102.95,99.12,99.12,0.78,0.701,0.717,0.014,49.917,0,143.488,6.513,22.031,0,"3"
"271","2024-08-16","10:13:39","ct283","2024-08-16_ct283","under",83,"35","2","u_d5_r3","5",68.87,70.14,70.14,0.64,0.579,0.738,0.013,56.236,0,93.343,3.174,29.41,0,"3"
"272","2024-08-16","10:18:07","ct284","2024-08-16_ct284","under",84,"28","2","u_d5_r3","5",63.95,61.74,61.74,0.716,0.674,0.838,0.033,25.393,0,76.321,5.288,14.434,0,"3"
"273","2024-08-16","10:22:46","ct293","2024-08-16_ct293","under",93,"35","3","u_d5_r3","5",61.59,59.56,59.56,0.819,0.623,0.75,0.034,22.118,0,82.176,6.741,12.191,0,"3"
"274","2024-08-16","10:27:05","ct294","2024-08-16_ct294","under",94,"28","3","u_d5_r3","5",162.46,143.75,143.75,0.505,0.56,0.755,0.026,28.827,0,215.218,19.756,10.894,0,"3"
"275","2024-08-16","10:31:58","ct295","2024-08-16_ct295","under",95,"35","4","u_d5_r3","5",97.21,90.72,90.72,0.747,0.63,0.69,0.024,29.256,0,140.791,10.825,13.007,0,"3"
"276","2024-08-16","10:38:10","ct296","2024-08-16_ct296","under",96,"28","4","u_d5_r3","5",95.83,94.3,94.3,0.433,0.431,0.565,0.013,43.524,0,169.541,9.405,18.027,0,"3"
"277","2024-08-16","10:43:15","ct289","2024-08-16_ct289","under",89,"35","1","u_d5_r3","5",64.27,65.62,65.62,0.73,0.552,0.567,0.013,44.12,0,113.374,5.313,21.34,0,"3"
"278","2024-08-16","10:48:57","ct290","2024-08-16_ct290","under",90,"28","1","u_d5_r3","5",109.22,101.64,101.64,0.854,0.809,0.751,0.034,22.069,0,145.526,15.021,9.688,0,"3"
"279","2024-08-16","10:58:13","ct291","2024-08-16_ct291","under",91,"35","2","u_d5_r3","5",60.98,58.75,55.86,0.575,0.293,0.528,0.017,31.755,0,115.52,7.577,15.246,0,"3"
"280","2024-08-16","11:03:13","ct292","2024-08-16_ct292","under",92,"28","2","u_d5_r3","5",115.87,109.88,109.88,0.506,0.403,0.549,0.019,28.601,0,211.124,19.388,10.889,0,"3"
"281","2024-08-16","11:07:43","ct253","2024-08-16_ct253","under",53,"35","3","u_d5_r3","5",68.09,70.52,66.78,0.549,0.43,0.607,0.008,79.58,0,112.251,2.905,38.643,0,"3"
"282","2024-08-16","11:12:19","ct254","2024-08-16_ct254","under",54,"28","3","u_d5_r3","5",70.47,69.3,69.3,0.461,0.357,0.516,0.011,48.178,0,136.691,6.31,21.664,0,"3"
"283","2024-08-16","11:16:54","ct255","2024-08-16_ct255","under",55,"35","4","u_d5_r3","5",66.63,65.52,65.52,0.357,0.273,0.533,0.014,37.253,0,125.119,7.218,17.335,0,"3"
"284","2024-08-16","11:21:28","ct256","2024-08-16_ct256","under",56,"28","4","u_d5_r3","5",103.69,100,100,0.726,0.767,0.738,0.019,39.263,0,140.555,8.047,17.467,0,"3"
"285","2024-08-16","11:31:13","ct249","2024-08-16_ct249","under",49,"35","1","u_d5_r3","5",81.54,80.22,80.22,0.697,0.637,0.729,0.03,24.431,0,111.89,9.42,11.878,0,"3"
"286","2024-08-16","11:35:30","ct250","2024-08-16_ct250","under",50,"28","1","u_d5_r3","5",77.38,72.39,72.39,0.603,0.555,0.73,0.038,19.172,0,105.969,11.125,9.526,0,"3"
"287","2024-08-16","11:40:23","ct251","2024-08-16_ct251","under",51,"35","2","u_d5_r3","5",131.79,117.26,117.26,0.327,0.265,0.552,0.014,40.412,0,238.869,16.302,14.653,0,"3"
"288","2024-08-16","11:45:17","ct252","2024-08-16_ct252","under",52,"28","2","u_d5_r3","5",95.79,93.48,93.48,0.268,0.278,0.528,0.007,74.751,0,181.348,6.01,30.176,0,"3"
"289","2024-08-11","13:42:24","ct177","2024-08-11_ct177","under",77,"35","3","u_d9_r2","9",73.04,77.5,77.5,0.699,0.591,0.721,0.009,77.279,0,101.241,2.589,39.106,0,"2"
"290","2024-08-11","13:47:00","ct178","2024-08-11_ct178","under",78,"28","3","u_d9_r2","9",64.79,65.6,63.75,0.721,0.444,0.574,0.01,57.039,0,112.792,4.08,27.645,0,"2"
"291","2024-08-11","13:51:47","ct179","2024-08-11_ct179","under",79,"35","4","u_d9_r2","9",57.04,59.86,56.28,0.614,0.356,0.562,0.007,81.329,0,101.533,2.47,41.108,0,"2"
"292","2024-08-11","13:56:08","ct180","2024-08-11_ct180","under",80,"28","4","u_d9_r2","9",60.57,58.38,58.38,0.653,0.377,0.601,0.018,33.341,0,100.774,5.962,16.903,0,"2"
"293","2024-08-11","14:00:58","ct173","2024-08-11_ct173","under",73,"35","1","u_d9_r2","9",59.21,60.9,60.9,0.683,0.64,0.803,0.011,71.616,0,73.718,1.785,41.305,0,"2"
"294","2024-08-11","14:06:36","ct174","2024-08-11_ct174","under",74,"28","1","u_d9_r2","9",89.23,84.38,84.38,0.865,0.731,0.774,0.029,26.596,0,115.291,9.022,12.779,0,"2"
"295","2024-08-11","14:12:04","ct175","2024-08-11_ct175","under",75,"35","2","u_d9_r2","9",77.82,77.08,75,0.486,0.354,0.555,0.004,140.805,0,140.259,2.237,62.691,0,"2"
"296","2024-08-11","14:17:13","ct176","2024-08-11_ct176","under",76,"28","2","u_d9_r2","9",61.16,63.13,63.13,0.642,0.443,0.64,0.007,95.624,0,95.513,1.928,49.544,0,"2"
"297","2024-08-11","14:21:37","ct185","2024-08-11_ct185","under",85,"35","3","u_d9_r2","9",110.09,95.62,95.62,0.808,0.506,0.567,0.024,23.593,0,194.125,20.92,9.279,0,"2"
"298","2024-08-11","14:26:43","ct186","2024-08-11_ct186","under",86,"28","3","u_d9_r2","9",68.54,67.5,67.5,0.616,0.436,0.511,0.016,32.148,0,134.154,9.214,14.56,0,"2"
"299","2024-08-11","14:31:41","ct187","2024-08-11_ct187","under",87,"35","4","u_d9_r2","9",60.96,59.86,57.29,0.65,0.376,0.562,0.013,43.684,0,108.388,5.039,21.51,0,"2"
"300","2024-08-11","14:36:12","ct188","2024-08-11_ct188","under",88,"28","4","u_d9_r2","9",81.91,79.54,78.12,0.624,0.377,0.56,0.015,38.051,0,146.165,8.765,16.676,0,"2"
"301","2024-08-11","14:40:48","ct181","2024-08-11_ct181","under",81,"35","1","u_d9_r2","9",81.48,80.62,80.62,0.877,0.638,0.662,0.022,29.571,0,123.05,8.884,13.85,0,"2"
"302","2024-08-11","14:46:02","ct182","2024-08-11_ct182","under",82,"28","1","u_d9_r2","9",40.57,51.88,44.1,0.21,0.19,0.419,0.029,14.256,0,96.755,13.169,7.347,0,"2"
"303","2024-08-11","14:51:22","ct183","2024-08-11_ct183","under",83,"35","2","u_d9_r2","9",59.54,59.38,55.44,0.698,0.373,0.49,0.009,52.665,0,121.484,4.9,24.79,0,"2"
"304","2024-08-11","14:56:13","ct184","2024-08-11_ct184","under",84,"28","2","u_d9_r2","9",74.49,70.62,70.62,0.471,0.272,0.51,0.014,35.32,0,146.053,9.433,15.483,0,"2"
"305","2024-08-11","15:00:41","ct193","2024-08-11_ct193","under",93,"35","3","u_d9_r2","9",85.32,83.12,83.12,0.676,0.52,0.614,0.015,41.974,0,138.968,7.41,18.755,0,"2"
"306","2024-08-11","15:05:09","ct194","2024-08-11_ct194","under",94,"28","3","u_d9_r2","9",17.83,25.42,15,0.07,0.028,0.288,0.023,12.677,0,61.912,7.866,7.87,0,"2"
"307","2024-08-11","15:09:38","ct195","2024-08-11_ct195","under",95,"35","4","u_d9_r2","9",63.32,62.16,62.16,0.626,0.333,0.548,0.018,29.687,0,115.56,8.109,14.251,0,"2"
"308","2024-08-11","15:14:04","ct196","2024-08-11_ct196","under",96,"28","4","u_d9_r2","9",59.21,60,58.8,0.282,0.275,0.491,0.007,69.571,0,120.638,3.674,32.838,0,"2"
"309","2024-08-11","15:18:26","ct189","2024-08-11_ct189","under",89,"35","1","u_d9_r2","9",50.28,47.88,47.88,0.592,0.413,0.584,0.031,18.564,0,86.016,8.567,10.04,0,"2"
"310","2024-08-11","15:23:28","ct190","2024-08-11_ct190","under",90,"28","1","u_d9_r2","9",77.62,70.11,70.11,0.715,0.495,0.633,0.037,17.055,0,122.575,15.321,8,0,"2"
"311","2024-08-11","15:28:17","ct191","2024-08-11_ct191","under",91,"35","2","u_d9_r2","9",79.41,79.8,79.8,0.446,0.287,0.487,0.011,42.943,0,163.171,9.042,18.047,0,"2"
"312","2024-08-11","15:32:55","ct192","2024-08-11_ct192","under",92,"28","2","u_d9_r2","9",53.83,51.88,51.24,0.529,0.319,0.492,0.012,39.44,0,109.417,5.655,19.347,0,"2"
"313","2024-08-11","15:37:19","ct153","2024-08-11_ct153","under",53,"35","3","u_d9_r2","9",75.62,82.82,82.82,0.646,0.43,0.473,0.017,27.477,0,159.775,13.726,11.64,0,"2"
"314","2024-08-11","15:41:42","ct154","2024-08-11_ct154","under",54,"28","3","u_d9_r2","9",106.53,95.62,95.62,0.613,0.483,0.559,0.027,20.549,0,190.463,23.395,8.141,0,"2"
"315","2024-08-11","15:46:34","ct155","2024-08-11_ct155","under",55,"35","4","u_d9_r2","9",32.05,37.5,30.5,0.174,0.149,0.392,0.021,19.055,0,81.694,7.76,10.528,0,"2"
"316","2024-08-11","15:50:55","ct156","2024-08-11_ct156","under",56,"28","4","u_d9_r2","9",74.74,70,70,0.57,0.38,0.423,0.013,32.761,0,176.849,13.245,13.353,0,"2"
"317","2024-08-11","15:55:51","ct149","2024-08-11_ct149","under",49,"35","1","u_d9_r2","9",102.11,94.5,94.5,0.63,0.652,0.793,0.039,20.353,0,128.743,13.745,9.366,0,"2"
"318","2024-08-11","16:00:19","ct150","2024-08-11_ct150","under",50,"28","1","u_d9_r2","9",49.97,61.5,47.46,0.299,0.225,0.361,0.015,24.439,0,138.475,12.664,10.935,0,"2"
"319","2024-08-11","16:05:09","ct151","2024-08-11_ct151","under",51,"35","2","u_d9_r2","9",88.98,84.38,84.38,0.632,0.372,0.573,0.017,33.604,0,155.163,10.779,14.395,0,"2"
"320","2024-08-11","16:10:00","ct152","2024-08-11_ct152","under",52,"28","2","u_d9_r2","9",77.88,83.64,83.64,0.633,0.382,0.533,0.009,61.383,0,146.035,5.427,26.91,0,"2"
"321","2024-08-11","16:14:26","ct161","2024-08-11_ct161","under",61,"35","3","u_d9_r2","9",97.91,93.75,93.75,0.703,0.531,0.6,0.017,34.413,0,163.267,11.292,14.459,0,"2"
"322","2024-08-11","16:20:39","ct162","2024-08-11_ct162","under",62,"28","3","u_d9_r2","9",84.97,78.12,78.12,0.408,0.236,0.439,0.03,14.539,0,193.653,33.835,5.724,0.001,"2"
"323","2024-08-11","16:25:13","ct163","2024-08-11_ct163","under",63,"35","4","u_d9_r2","9",105.64,100.62,100.62,0.726,0.598,0.639,0.027,23.991,0,165.323,16.48,10.032,0,"2"
"324","2024-08-11","16:30:18","ct164","2024-08-11_ct164","under",64,"28","4","u_d9_r2","9",58.19,57.5,55.44,0.421,0.273,0.61,0.022,27.425,0,95.367,6.707,14.218,0,"2"
"325","2024-08-11","16:35:06","ct157","2024-08-11_ct157","under",57,"35","1","u_d9_r2","9",130.4,121.8,121.8,0.884,0.936,0.806,0.03,26.618,0,161.769,14.414,11.223,0,"2"
"326","2024-08-11","16:39:49","ct158","2024-08-11_ct158","under",58,"28","1","u_d9_r2","9",76.82,71.25,71.25,0.672,0.625,0.776,0.039,20.091,0,98.987,9.648,10.26,0,"2"
"327","2024-08-11","16:44:28","ct159","2024-08-11_ct159","under",59,"35","2","u_d9_r2","9",22.15,28.12,19.19,0.027,0.007,0.252,0.016,15.627,0,87.927,10.498,8.375,0,"2"
"328","2024-08-11","16:48:54","ct160","2024-08-11_ct160","under",60,"28","2","u_d9_r2","9",65.12,67.5,67.5,0.646,0.579,0.789,0.028,27.861,0,82.499,5.381,15.331,0,"2"
"329","2024-08-11","16:54:27","ct169","2024-08-11_ct169","under",69,"35","3","u_d9_r2","9",70.74,72.16,71.25,0.646,0.349,0.471,0.004,106.203,0,150.108,3.258,46.073,0,"2"
"330","2024-08-11","16:59:16","ct170","2024-08-11_ct170","under",70,"28","3","u_d9_r2","9",49.78,47.88,47.88,0.565,0.315,0.517,0.013,39.188,0,96.215,4.753,20.243,0,"2"
"331","2024-08-11","17:04:12","ct171","2024-08-11_ct171","under",71,"35","4","u_d9_r2","9",79.38,72.5,72.5,0.668,0.453,0.618,0.025,24.761,0,128.504,11.269,11.403,0,"2"
"332","2024-08-11","17:08:33","ct172","2024-08-11_ct172","under",72,"28","4","u_d9_r2","9",69.69,68.46,68.46,0.506,0.33,0.578,0.014,42.424,0,120.666,6.026,20.023,0,"2"
"333","2024-08-11","17:12:59","ct165","2024-08-11_ct165","under",65,"35","1","u_d9_r2","9",77.3,71.82,71.82,0.922,0.805,0.762,0.048,16.029,0,101.436,12.515,8.105,0,"2"
"334","2024-08-11","17:18:13","ct166","2024-08-11_ct166","under",66,"28","1","u_d9_r2","9",70.39,64.12,64.12,0.657,0.42,0.569,0.032,17.648,0,123.624,14.983,8.251,0,"2"
"335","2024-08-11","17:23:56","ct167","2024-08-11_ct167","under",67,"35","2","u_d9_r2","9",57.7,57.54,57.54,0.725,0.399,0.525,0.007,72,0,109.948,3.119,35.251,0,"2"
"336","2024-08-11","17:28:19","ct168","2024-08-11_ct168","under",68,"28","2","u_d9_r2","9",71.15,72.5,72.5,0.637,0.403,0.541,0.005,103.868,0,131.576,2.776,47.398,0,"2"
"337","2024-08-07","13:46:10","ct161","2024-08-07_ct161","under",61,"35","3","u_d5_r2","5",146.84,141.04,141.04,0.305,0.371,0.6,0.005,131.489,0,244.796,5.186,47.205,0,"2"
"338","2024-08-07","13:51:05","ct162","2024-08-07_ct162","under",62,"28","3","u_d5_r2","5",83.03,82.74,82.74,0.383,0.41,0.613,0.013,48.521,0,135.438,6.186,21.896,0,"2"
"339","2024-08-07","13:56:06","ct163","2024-08-07_ct163","under",63,"35","4","u_d5_r2","5",65.41,66.42,65,0.229,0.196,0.445,0.004,106.013,0,147.011,3.171,46.358,0,"2"
"340","2024-08-07","14:00:31","ct164","2024-08-07_ct164","under",64,"28","4","u_d5_r2","5",88.61,76.02,76.02,0.537,0.334,0.544,0.041,13.272,0,162.918,29.193,5.581,0.001,"2"
"341","2024-08-07","14:05:02","ct157","2024-08-07_ct157","under",57,"35","1","u_d5_r2","5",85.7,78.54,78.54,0.819,0.49,0.547,0.031,17.57,0,156.684,20.894,7.499,0,"2"
"342","2024-08-07","14:09:36","ct158","2024-08-07_ct158","under",58,"28","1","u_d5_r2","5",94.24,86.1,86.1,0.728,0.519,0.59,0.041,14.39,0,159.593,26.168,6.099,0.001,"2"
"343","2024-08-07","14:14:04","ct159","2024-08-07_ct159","under",59,"35","2","u_d5_r2","5",47.17,50,47.04,0.408,0.214,0.379,0.007,56.316,0,124.351,4.734,26.268,0,"2"
"344","2024-08-07","14:18:23","ct160","2024-08-07_ct160","under",60,"28","2","u_d5_r2","5",38.48,41.82,37.91,0.513,0.222,0.555,0.015,36.655,0,69.365,3.198,21.689,0,"2"
"345","2024-08-07","14:23:31","ct169","2024-08-07_ct169","under",69,"35","3","u_d5_r2","5",119.75,118.08,118.08,0.568,0.336,0.466,0.022,21.023,0,256.786,34.696,7.401,0,"2"
"346","2024-08-07","14:29:11","ct170","2024-08-07_ct170","under",70,"28","3","u_d5_r2","5",53,54.94,47.88,0.76,0.442,0.586,0.024,24.252,0,90.506,7.046,12.844,0,"2"
"347","2024-08-07","14:34:18","ct171","2024-08-07_ct171","under",71,"35","4","u_d5_r2","5",66.47,72.16,57.54,0.453,0.236,0.461,0.023,20.179,0,144.069,16.201,8.893,0,"2"
"348","2024-08-07","14:38:48","ct172","2024-08-07_ct172","under",72,"28","4","u_d5_r2","5",57.81,58.75,57.12,0.452,0.262,0.485,0.01,47.699,0,119.299,5.276,22.613,0,"2"
"349","2024-08-07","14:43:30","ct165","2024-08-07_ct165","under",65,"35","1","u_d5_r2","5",39.14,51.66,36.48,0.737,0.275,0.428,0.018,24.178,0,91.376,7.164,12.755,0,"2"
"350","2024-08-07","14:48:44","ct166","2024-08-07_ct166","under",66,"28","1","u_d5_r2","5",78.91,82.82,82.82,0.705,0.406,0.479,0.019,24.949,0,164.632,15.755,10.449,0,"2"
"351","2024-08-07","14:54:08","ct167","2024-08-07_ct167","under",67,"35","2","u_d5_r2","5",33.19,38.12,32.49,0.527,0.144,0.345,0.028,12.285,0,96.105,15.138,6.349,0.001,"2"
"352","2024-08-07","14:59:11","ct168","2024-08-07_ct168","under",68,"28","2","u_d5_r2","5",103.2,100.04,100.04,0.489,0.314,0.489,0.014,34.133,0,211.064,16.239,12.998,0,"2"
"353","2024-08-07","15:03:55","ct177","2024-08-07_ct177","under",77,"35","3","u_d5_r2","5",43.67,45.1,44.52,0.443,0.215,0.452,0.009,53.083,0,96.601,3.529,27.377,0,"2"
"354","2024-08-07","15:09:21","ct178","2024-08-07_ct178","under",78,"28","3","u_d5_r2","5",34.47,45.1,33.06,0.431,0.188,0.38,0.021,17.812,0,90.83,9.642,9.42,0,"2"
"355","2024-08-07","15:14:46","ct179","2024-08-07_ct179","under",79,"35","4","u_d5_r2","5",57.2,63.14,52.92,0.404,0.225,0.428,0.011,37.956,0,133.552,7.755,17.221,0,"2"
"356","2024-08-07","15:19:23","ct180","2024-08-07_ct180","under",80,"28","4","u_d5_r2","5",61.46,66.88,66.88,0.658,0.388,0.507,0.011,45.216,0,121.181,5.688,21.305,0,"2"
"357","2024-08-07","15:24:00","ct173","2024-08-07_ct173","under",73,"35","1","u_d5_r2","5",71.79,66.42,66.25,0.643,0.396,0.491,0.021,23.28,0,146.199,14.331,10.202,0,"2"
"358","2024-08-07","15:28:35","ct174","2024-08-07_ct174","under",74,"28","1","u_d5_r2","5",48.21,50,47.46,0.51,0.216,0.409,0.014,29.857,0,117.824,8.284,14.224,0,"2"
"359","2024-08-07","15:34:01","ct175","2024-08-07_ct175","under",75,"35","2","u_d5_r2","5",59.21,66.42,57.96,0.483,0.28,0.509,0.016,32.458,0,116.26,7.479,15.544,0,"2"
"360","2024-08-07","15:39:00","ct176","2024-08-07_ct176","under",76,"28","2","u_d5_r2","5",55.88,68.88,58.38,0.735,0.463,0.557,0.018,30.813,0,100.39,6.416,15.646,0,"2"
"361","2024-08-07","15:43:30","ct185","2024-08-07_ct185","under",85,"35","3","u_d5_r2","5",72.67,80.36,68.12,0.618,0.359,0.459,0.01,47.783,0,158.457,7.803,20.306,0,"2"
"362","2024-08-07","15:48:45","ct186","2024-08-07_ct186","under",86,"28","3","u_d5_r2","5",48.01,44.37,43.68,0.338,0.175,0.284,0.009,30.244,0,168.903,13.464,12.544,0,"2"
"363","2024-08-07","15:53:21","ct187","2024-08-07_ct187","under",87,"35","4","u_d5_r2","5",50.75,60.68,57.54,0.432,0.204,0.481,0.021,22.71,0,105.443,9.326,11.306,0,"2"
"364","2024-08-07","15:57:48","ct188","2024-08-07_ct188","under",88,"28","4","u_d5_r2","5",100.16,91.02,91.02,0.911,0.728,0.457,0.022,21.028,0,219.102,27.767,7.891,0,"2"
"365","2024-08-07","16:02:40","ct181","2024-08-07_ct181","under",81,"35","1","u_d5_r2","5",65.01,65.6,60.13,0.5,0.315,0.586,0.017,34.963,0,111.01,6.51,17.053,0,"2"
"366","2024-08-07","16:07:15","ct182","2024-08-07_ct182","under",82,"28","1","u_d5_r2","5",41.53,41.58,39.33,0.674,0.432,0.347,0.008,45.241,0,119.669,5.586,21.421,0,"2"
"367","2024-08-07","16:11:39","ct183","2024-08-07_ct183","under",83,"35","2","u_d5_r2","5",46.42,53.3,44.74,0.374,0.217,0.488,0.015,32.707,0,95.117,5.604,16.974,0,"2"
"368","2024-08-07","16:16:10","ct184","2024-08-07_ct184","under",84,"28","2","u_d5_r2","5",90.73,83.64,83.64,0.565,0.28,0.487,0.017,28.7,0,186.483,16.268,11.463,0,"2"
"369","2024-08-07","16:20:57","ct193","2024-08-07_ct193","under",93,"35","3","u_d5_r2","5",47.08,54.94,47.46,0.602,0.285,0.486,0.011,45.623,0,96.942,4.126,23.495,0,"2"
"370","2024-08-07","16:26:28","ct194","2024-08-07_ct194","under",94,"28","3","u_d5_r2","5",80.48,91.88,91.88,0.75,0.489,0.572,0.019,29.362,0,140.667,10.772,13.059,0,"2"
"371","2024-08-07","16:31:51","ct195","2024-08-07_ct195","under",95,"35","4","u_d5_r2","5",49.48,53.13,49.98,0.466,0.23,0.431,0.008,51.923,0,114.818,4.595,24.989,0,"2"
"372","2024-08-07","16:36:19","ct196","2024-08-07_ct196","under",96,"28","4","u_d5_r2","5",53.89,65.6,48.72,0.411,0.301,0.342,0.012,29.594,0,157.689,12.515,12.6,0,"2"
"373","2024-08-07","16:40:38","ct189","2024-08-07_ct189","under",89,"35","1","u_d5_r2","5",109.38,107.1,107.1,1.05,0.761,0.597,0.028,20.953,0,183.223,21.746,8.426,0,"2"
"374","2024-08-07","16:45:41","ct190","2024-08-07_ct190","under",90,"28","1","u_d5_r2","5",58.36,64.78,57.54,0.372,0.165,0.452,0.007,62.785,0,129.13,4.474,28.859,0,"2"
"375","2024-08-07","16:50:18","ct191","2024-08-07_ct191","under",91,"35","2","u_d5_r2","5",85.57,91.84,91.84,0.381,0.293,0.466,0.008,56.848,0,183.494,8.032,22.846,0,"2"
"376","2024-08-07","16:55:24","ct192","2024-08-07_ct192","under",92,"28","2","u_d5_r2","5",52.74,72.5,72.5,0.099,0.114,0.31,0.021,14.602,0,170.356,28.22,6.037,0.001,"2"
"377","2024-08-07","17:00:10","ct153","2024-08-07_ct153","under",53,"35","3","u_d5_r2","5",69.62,77.9,77.5,0.653,0.402,0.524,0.017,30.44,0,132.923,9.607,13.836,0,"2"
"378","2024-08-07","17:07:48","ct154","2024-08-07_ct154","under",54,"28","3","u_d5_r2","5",56.58,67.24,54.18,0.766,0.323,0.404,0.015,26.362,0,140.155,11.938,11.741,0,"2"
"379","2024-08-07","17:13:15","ct155","2024-08-07_ct155","under",55,"35","4","u_d5_r2","5",54.32,61.5,57.96,0.362,0.225,0.532,0.016,32.362,0,102.181,6.263,16.316,0,"2"
"380","2024-08-07","17:18:13","ct156","2024-08-07_ct156","under",56,"28","4","u_d5_r2","5",57.35,63.14,54.6,0.43,0.193,0.367,0.008,46.974,0,156.101,7.775,20.076,0,"2"
"381","2024-08-07","17:23:39","ct149","2024-08-07_ct149","under",49,"35","1","u_d5_r2","5",50.93,68.88,52.08,0.588,0.284,0.523,0.025,21.352,0,97.294,8.861,10.98,0,"2"
"382","2024-08-07","17:28:36","ct150","2024-08-07_ct150","under",50,"28","1","u_d5_r2","5",68.58,74.62,73.12,0.497,0.347,0.583,0.015,37.777,0,117.613,6.531,18.009,0,"2"
"383","2024-08-07","17:33:39","ct151","2024-08-07_ct151","under",51,"35","2","u_d5_r2","5",60.73,68.88,63.84,0.636,0.34,0.527,0.013,39.267,0,115.272,6.109,18.869,0,"2"
"384","2024-08-07","17:38:10","ct152","2024-08-07_ct152","under",52,"28","2","u_d5_r2","5",52.14,56.88,53.34,0.48,0.242,0.423,0.011,38.031,0,123.269,6.925,17.8,0,"2"
"385","2024-08-07","07:38:59","ct113","2024-08-07_ct113","canopy",13,"35","3","c_d5_r2","5",86.74,89.38,89.38,1.115,0.81,0.743,0.029,25.614,0,116.739,9.532,12.247,0,"2"
"386","2024-08-07","07:43:38","ct114","2024-08-07_ct114","canopy",14,"28","3","c_d5_r2","5",155.98,141.88,141.88,0.887,0.788,0.67,0.015,44.256,0,232.691,14.349,16.216,0,"2"
"387","2024-08-07","07:48:14","ct115","2024-08-07_ct115","canopy",15,"35","4","c_d5_r2","5",100.24,115.62,115.62,1.698,1.517,0.357,0.067,5.303,0.002,280.794,156.164,1.798,0.122,"2"
"388","2024-08-07","07:52:44","ct116","2024-08-07_ct116","canopy",16,"28","4","c_d5_r2","5",82.63,78.75,78.75,0.646,0.496,0.543,0.017,32.262,0,152.121,10.924,13.925,0,"2"
"389","2024-08-07","07:57:11","ct109","2024-08-07_ct109","canopy",9,"35","1","c_d5_r2","5",31.4,40.62,30.21,1.266,0.469,0.616,0.047,13.172,0,50.987,5.747,8.873,0,"2"
"390","2024-08-07","08:01:37","ct110","2024-08-07_ct110","canopy",10,"28","1","c_d5_r2","5",73.18,91.84,91.84,0.873,0.479,0.585,0.033,17.728,0,125.023,15.151,8.252,0,"2"
"391","2024-08-07","08:06:06","ct111","2024-08-07_ct111","canopy",11,"35","2","c_d5_r2","5",84.61,82,81.25,0.963,0.499,0.498,0.005,91.837,0,169.739,4.465,38.02,0,"2"
"392","2024-08-07","08:11:33","ct112","2024-08-07_ct112","canopy",12,"28","2","c_d5_r2","5",27.08,30.62,21.85,0.735,0.402,0.206,0.01,19.748,0,131.37,14.569,9.017,0,"2"
"393","2024-08-07","08:16:05","ct121","2024-08-07_ct121","canopy",21,"35","3","c_d5_r2","5",52.91,56.25,55.02,0.677,0.313,0.502,0.01,49.119,0,105.329,4.306,24.464,0,"2"
"394","2024-08-07","08:20:38","ct122","2024-08-07_ct122","canopy",22,"28","3","c_d5_r2","5",84.16,78.54,78.54,0.824,0.534,0.597,0.013,47.155,0,141.045,6.732,20.95,0,"2"
"395","2024-08-07","08:25:03","ct123","2024-08-07_ct123","canopy",23,"35","4","c_d5_r2","5",76.87,83.64,83.64,0.314,0.203,0.414,0.013,30.961,0,185.463,14.966,12.392,0,"2"
"396","2024-08-07","08:29:24","ct124","2024-08-07_ct124","canopy",24,"28","4","c_d5_r2","5",101.29,89.38,89.38,0.663,0.428,0.52,0.02,25.613,0,194.946,19.383,10.057,0,"2"
"397","2024-08-07","08:34:26","ct117","2024-08-07_ct117","canopy",17,"35","1","c_d5_r2","5",39.52,60.68,44.94,1.213,0.643,0.907,0.086,10.564,0,43.552,5.738,7.59,0,"2"
"398","2024-08-07","08:38:46","ct118","2024-08-07_ct118","canopy",18,"28","1","c_d5_r2","5",75.74,77.9,74.38,1.351,0.715,0.624,0.012,52.279,0,121.461,4.935,24.611,0,"2"
"399","2024-08-07","08:43:13","ct119","2024-08-07_ct119","canopy",19,"35","2","c_d5_r2","5",96.11,95.62,95.62,0.915,0.625,0.502,0.011,46.761,0,191.317,10.345,18.495,0,"2"
"400","2024-08-07","08:47:35","ct120","2024-08-07_ct120","canopy",20,"28","2","c_d5_r2","5",84.76,89.38,89.38,0.412,0.351,0.495,0.007,75.28,0,171.107,5.507,31.07,0,"2"
"401","2024-08-07","08:52:21","ct129","2024-08-07_ct129","canopy",29,"35","3","c_d5_r2","5",72.32,79.54,78.12,0.963,0.741,0.585,0.016,36.104,0,123.607,7.323,16.88,0,"2"
"402","2024-08-07","08:57:03","ct130","2024-08-07_ct130","canopy",30,"28","3","c_d5_r2","5",158.6,146.78,146.78,1.358,0.954,0.666,0.015,45.784,0,238.075,14.322,16.623,0,"2"
"403","2024-08-07","09:01:55","ct131","2024-08-07_ct131","canopy",31,"35","4","c_d5_r2","5",71.79,80,80,0.759,0.567,0.64,0.013,49.699,0,112.135,4.645,24.143,0,"2"
"404","2024-08-07","09:06:21","ct132","2024-08-07_ct132","canopy",32,"28","4","c_d5_r2","5",126.15,119.38,119.38,0.869,0.696,0.735,0.018,40.736,0,171.682,10.224,16.792,0,"2"
"405","2024-08-07","09:10:49","ct125","2024-08-07_ct125","canopy",25,"35","1","c_d5_r2","5",67.88,68.88,67.5,1.9,1.202,0.729,0.013,56.144,0,93.163,3.17,29.386,0,"2"
"406","2024-08-07","09:15:34","ct126","2024-08-07_ct126","canopy",26,"28","1","c_d5_r2","5",83.05,72.98,72.66,0.857,0.522,0.593,0.04,14.936,0,139.965,21.031,6.655,0.001,"2"
"407","2024-08-07","09:20:05","ct127","2024-08-07_ct127","canopy",27,"35","2","c_d5_r2","5",43.39,50,43.6,0.616,0.207,0.829,0.028,29.853,0,52.339,2.631,19.89,0,"2"
"408","2024-08-07","09:24:28","ct128","2024-08-07_ct128","canopy",28,"28","2","c_d5_r2","5",109.94,112.5,112.5,1.291,1,0.711,0.005,136.274,0,154.644,2.646,58.451,0,"2"
"409","2024-08-07","09:28:57","ct137","2024-08-07_ct137","canopy",37,"35","3","c_d5_r2","5",80.09,75,75,0.892,0.624,0.639,0.021,30.674,0,125.409,8.794,14.261,0,"2"
"410","2024-08-07","09:33:22","ct138","2024-08-07_ct138","canopy",38,"28","3","c_d5_r2","5",105.58,97.02,97.02,0.69,0.644,0.669,0.027,25.009,0,157.913,14.839,10.642,0,"2"
"411","2024-08-07","09:38:07","ct139","2024-08-07_ct139","canopy",39,"35","4","c_d5_r2","5",59.78,59.04,57.54,0.571,0.296,0.527,0.013,39.198,0,113.47,5.987,18.953,0,"2"
"412","2024-08-07","09:42:34","ct140","2024-08-07_ct140","canopy",40,"28","4","c_d5_r2","5",142.8,126.88,126.88,0.598,0.536,0.646,0.025,25.756,0,220.884,22.926,9.634,0,"2"
"413","2024-08-07","09:46:59","ct133","2024-08-07_ct133","canopy",33,"35","1","c_d5_r2","5",78.09,72.39,72.39,0.905,0.696,0.672,0.031,21.513,0,116.2,11.277,10.305,0,"2"
"414","2024-08-07","09:51:43","ct134","2024-08-07_ct134","canopy",34,"28","1","c_d5_r2","5",155.32,144.38,144.38,1.171,0.941,0.747,0.023,32.02,0,207.985,16.961,12.263,0,"2"
"415","2024-08-07","09:56:20","ct135","2024-08-07_ct135","canopy",35,"35","2","c_d5_r2","5",128.03,110.62,110.62,0.362,0.322,0.508,0.022,22.894,0,251.962,31.018,8.123,0,"2"
"416","2024-08-07","10:00:43","ct136","2024-08-07_ct136","canopy",36,"28","2","c_d5_r2","5",84.09,93.48,93.48,0.778,0.577,0.569,0.008,68.155,0,147.878,4.973,29.736,0,"2"
"417","2024-08-07","10:05:25","ct145","2024-08-07_ct145","canopy",45,"35","3","c_d5_r2","5",95.22,89.88,89.88,0.52,0.531,0.641,0.014,46.572,0,148.466,7.318,20.289,0,"2"
"418","2024-08-07","10:09:54","ct146","2024-08-07_ct146","canopy",46,"28","3","c_d5_r2","5",119.69,107.5,107.5,0.497,0.436,0.611,0.029,21.261,0,195.984,23.523,8.332,0,"2"
"419","2024-08-07","10:14:41","ct147","2024-08-07_ct147","canopy",47,"35","4","c_d5_r2","5",67.81,64.38,64.38,0.6,0.43,0.635,0.026,24.276,0,106.74,8.875,12.027,0,"2"
"420","2024-08-07","10:19:19","ct148","2024-08-07_ct148","canopy",48,"28","4","c_d5_r2","5",68.12,69.7,64.38,0.611,0.426,0.512,0.012,43.69,0,133.148,6.709,19.846,0,"2"
"421","2024-08-07","10:23:57","ct141","2024-08-07_ct141","canopy",41,"35","1","c_d5_r2","5",101.25,81.06,81.06,0.429,0.241,0.487,0.046,10.518,0,207.859,51.59,4.029,0.007,"2"
"422","2024-08-07","10:28:36","ct142","2024-08-07_ct142","canopy",42,"28","1","c_d5_r2","5",86.52,73.92,73.92,0.333,0.29,0.49,0.03,16.407,0,176.64,26.403,6.69,0.001,"2"
"423","2024-08-07","10:33:03","ct143","2024-08-07_ct143","canopy",43,"35","2","c_d5_r2","5",60.09,58.12,57.12,0.044,0,0.474,0.018,26.805,0,126.648,10.202,12.414,0,"2"
"424","2024-08-07","10:37:40","ct144","2024-08-07_ct144","canopy",44,"28","2","c_d5_r2","5",103.41,95,95,0.802,0.561,0.604,0.024,25.102,0,171.086,16.513,10.361,0,"2"
"425","2024-08-07","10:42:00","ct105","2024-08-07_ct105","canopy",5,"35","3","c_d5_r2","5",72.86,75.44,75,0.603,0.431,0.615,0.017,37.252,0,118.537,6.695,17.705,0,"2"
"426","2024-08-07","10:46:28","ct106","2024-08-07_ct106","canopy",6,"28","3","c_d5_r2","5",51.85,55.44,55.44,0.574,0.295,0.61,0.013,48.05,0,84.981,3.254,26.118,0,"2"
"427","2024-08-07","10:51:45","ct107","2024-08-07_ct107","canopy",7,"35","4","c_d5_r2","5",115.93,117.26,117.26,0.67,0.494,0.563,0.016,34.286,0,205.99,15.629,13.18,0,"2"
"428","2024-08-07","10:56:14","ct108","2024-08-07_ct108","canopy",8,"28","4","c_d5_r2","5",147.38,136.94,136.94,0.242,0.246,0.607,0.009,64.167,0,242.934,10.513,23.108,0,"2"
"429","2024-08-07","11:00:40","ct101","2024-08-07_ct101","canopy",1,"35","1","c_d5_r2","5",31.91,36.48,36.48,1.189,0.624,2.434,2.185,1.114,0.308,13.11,12,1.093,0.317,"2"
"430","2024-08-07","11:10:06","ct102","2024-08-07_ct102","canopy",2,"28","1","c_d5_r2","5",54.98,78.72,54.18,0.962,0.62,0.552,0.031,17.578,0,99.636,11.129,8.953,0,"2"
"431","2024-08-07","11:14:53","ct103","2024-08-07_ct103","canopy",3,"35","2","c_d5_r2","5",54.6,66.25,66.25,0.585,0.421,0.513,0.022,23.494,0,106.514,9.144,11.649,0,"2"
"432","2024-08-07","11:19:22","ct104","2024-08-07_ct104","canopy",4,"28","2","c_d5_r2","5",70.39,76.25,76.25,0.878,0.531,0.613,0.01,63.082,0,114.84,3.783,30.357,0,"2"
"433","2024-08-20","07:43:15","ct277","2024-08-20_ct277","under",77,"35","3","u_d9_r3","9",59.87,61.5,55.86,0.737,0.436,0.653,0.016,41.229,0,91.652,4.219,21.724,0,"3"
"434","2024-08-20","07:48:10","ct278","2024-08-20_ct278","under",78,"28","3","u_d9_r3","9",31.51,37.5,31.35,0.734,0.37,0.445,0.022,19.803,0,70.853,6.101,11.613,0,"3"
"435","2024-08-20","07:53:43","ct279","2024-08-20_ct279","under",79,"35","4","u_d9_r3","9",58.2,62.5,57.12,0.545,0.26,0.528,0.008,62.56,0,110.225,3.602,30.599,0,"3"
"436","2024-08-20","07:58:26","ct280","2024-08-20_ct280","under",80,"28","4","u_d9_r3","9",109.87,104.14,104.14,0.442,0.237,0.572,0.008,73.232,0,192.214,6.648,28.913,0,"3"
"437","2024-08-20","08:03:14","ct273","2024-08-20_ct273","under",73,"35","1","u_d9_r3","9",51.5,55.02,55.02,1.048,0.47,0.526,0.015,35.065,0,97.894,5.443,17.987,0,"3"
"438","2024-08-20","08:07:51","ct274","2024-08-20_ct274","under",74,"28","1","u_d9_r3","9",57.33,55,53.01,1.267,0.649,0.651,0.037,17.741,0,88.126,9.277,9.5,0,"3"
"439","2024-08-20","08:13:07","ct275","2024-08-20_ct275","under",75,"35","2","u_d9_r3","9",49.91,47.88,47.88,0.779,0.386,0.508,0.016,31.974,0,98.262,6,16.376,0,"3"
"440","2024-08-20","08:17:58","ct276","2024-08-20_ct276","under",76,"28","2","u_d9_r3","9",39.76,42.5,41.04,0.057,0.004,0.489,0.02,24.907,0,81.259,5.892,13.792,0,"3"
"441","2024-08-20","08:22:28","ct285","2024-08-20_ct285","under",85,"35","3","u_d9_r3","9",72.24,72.5,72.5,0.558,0.333,0.533,0.009,59.322,0,135.466,5.061,26.768,0,"3"
"442","2024-08-20","08:26:52","ct286","2024-08-20_ct286","under",86,"28","3","u_d9_r3","9",70.44,68.88,68.88,0.685,0.428,0.675,0.02,33.386,0,104.413,6.257,16.686,0,"3"
"443","2024-08-20","08:32:07","ct287","2024-08-20_ct287","under",87,"35","4","u_d9_r3","9",38.32,48.38,42.42,0.467,0.213,0.443,0.025,17.623,0,86.435,9.087,9.512,0,"3"
"444","2024-08-20","08:36:39","ct288","2024-08-20_ct288","under",88,"28","4","u_d9_r3","9",99.87,91.88,91.88,0.607,0.358,0.561,0.021,27.12,0,178.047,16.15,11.025,0,"3"
"445","2024-08-20","08:41:06","ct281","2024-08-20_ct281","under",81,"35","1","u_d9_r3","9",61.64,63,63,1.041,0.762,0.806,0.016,50.646,0,76.468,2.658,28.765,0,"3"
"446","2024-08-20","08:45:59","ct282","2024-08-20_ct282","under",82,"28","1","u_d9_r3","9",70.83,66.36,66.36,0.701,0.4,0.571,0.028,20.543,0,124.141,12.947,9.588,0,"3"
"447","2024-08-20","08:51:25","ct283","2024-08-20_ct283","under",83,"35","2","u_d9_r3","9",81.34,83.64,83.64,0.886,0.614,0.67,0.015,43.806,0,121.331,5.881,20.63,0,"3"
"448","2024-08-20","08:56:26","ct284","2024-08-20_ct284","under",84,"28","2","u_d9_r3","9",74.72,74.38,74.38,0.552,0.367,0.518,0.008,62.398,0,144.142,5.243,27.492,0,"3"
"449","2024-08-20","09:00:52","ct293","2024-08-20_ct293","under",93,"35","3","u_d9_r3","9",59.94,57.5,57.12,0.336,0.164,0.583,0.017,33.956,0,102.855,6.024,17.074,0,"3"
"450","2024-08-20","09:05:51","ct294","2024-08-20_ct294","under",94,"28","3","u_d9_r3","9",87.1,85,85,0.632,0.415,0.549,0.016,34.284,0,158.561,10.886,14.566,0,"3"
"451","2024-08-20","09:10:53","ct295","2024-08-20_ct295","under",95,"35","4","u_d9_r3","9",74.12,75.62,75.62,0.733,0.433,0.574,0.013,44.813,0,129.23,6.276,20.592,0,"3"
"452","2024-08-20","09:15:27","ct296","2024-08-20_ct296","under",96,"28","4","u_d9_r3","9",96.79,99.22,99.22,0.526,0.398,0.596,0.012,51.082,0,162.322,7.546,21.51,0,"3"
"453","2024-08-20","09:20:47","ct289","2024-08-20_ct289","under",89,"35","1","u_d9_r3","9",81,74.1,74.1,1.185,0.902,0.819,0.052,15.757,0,98.877,12.283,8.05,0,"3"
"454","2024-08-20","09:25:22","ct290","2024-08-20_ct290","under",90,"28","1","u_d9_r3","9",104.98,103.12,103.12,1,0.773,0.774,0.027,28.599,0,135.684,10.521,12.897,0,"3"
"455","2024-08-20","09:29:53","ct291","2024-08-20_ct291","under",91,"35","2","u_d9_r3","9",69.39,75.44,68.12,0.959,0.52,0.6,0.01,62.044,0,115.576,3.881,29.782,0,"3"
"456","2024-08-20","09:35:15","ct292","2024-08-20_ct292","under",92,"28","2","u_d9_r3","9",60.4,61.25,60.9,0.531,0.293,0.471,0.007,63.327,0,128.17,4.39,29.193,0,"3"
"457","2024-08-20","09:40:02","ct253","2024-08-20_ct253","under",53,"35","3","u_d9_r3","9",91.71,93.48,93.48,0.494,0.299,0.545,0.009,63.614,0,168.122,6.361,26.432,0,"3"
"458","2024-08-20","09:44:43","ct254","2024-08-20_ct254","under",54,"28","3","u_d9_r3","9",97.46,101.88,101.88,0.48,0.294,0.454,0.011,42.627,0,214.635,13.31,16.126,0,"3"
"459","2024-08-20","09:49:09","ct255","2024-08-20_ct255","under",55,"35","4","u_d9_r3","9",62.14,73.8,66.25,0.602,0.359,0.572,0.015,38.565,0,108.735,5.733,18.965,0,"3"
"460","2024-08-20","09:54:14","ct256","2024-08-20_ct256","under",56,"28","4","u_d9_r3","9",80.79,77.5,77.5,0.333,0.212,0.534,0.013,42.644,0,151.404,8.211,18.439,0,"3"
"461","2024-08-20","10:01:32","ct249","2024-08-20_ct249","under",49,"35","1","u_d9_r3","9",73.57,74.95,74.95,0.983,0.833,0.831,0.035,23.532,0,88.482,7.034,12.58,0,"3"
"462","2024-08-20","10:06:39","ct250","2024-08-20_ct250","under",50,"28","1","u_d9_r3","9",87.05,80.94,80.94,0.813,0.657,0.727,0.03,23.928,0,119.75,10.572,11.327,0,"3"
"463","2024-08-20","10:11:10","ct251","2024-08-20_ct251","under",51,"35","2","u_d9_r3","9",80.48,79.8,79.8,0.366,0.314,0.688,0.013,52.503,0,116.932,4.661,25.087,0,"3"
"464","2024-08-20","10:15:42","ct252","2024-08-20_ct252","under",52,"28","2","u_d9_r3","9",47.31,59.04,51.66,0.397,0.323,0.424,0.02,21.437,0,111.652,10.703,10.432,0,"3"
"465","2024-08-20","10:22:28","ct261","2024-08-20_ct261","under",61,"35","3","u_d9_r3","9",74.91,73.08,73.08,0.551,0.379,0.647,0.01,67.015,0,115.727,3.599,32.152,0,"3"
"466","2024-08-20","10:27:01","ct262","2024-08-20_ct262","under",62,"28","3","u_d9_r3","9",65.98,61.88,58.99,0.517,0.338,0.555,0.023,24.384,0,118.778,10.257,11.58,0,"3"
"467","2024-08-20","10:32:21","ct263","2024-08-20_ct263","under",63,"35","4","u_d9_r3","9",69.68,70.62,70.62,0.488,0.322,0.525,0.011,47.235,0,132.73,6.179,21.482,0,"3"
"468","2024-08-20","10:41:36","ct264","2024-08-20_ct264","under",64,"28","4","u_d9_r3","9",82.54,82,79.38,0.662,0.424,0.6,0.02,30.653,0,137.469,9.995,13.753,0,"3"
"469","2024-08-20","10:46:30","ct257","2024-08-20_ct257","under",57,"35","1","u_d9_r3","9",98.35,98.75,98.75,0.711,0.702,0.705,0.007,107.534,0,139.47,2.907,47.982,0,"3"
"470","2024-08-20","10:51:43","ct258","2024-08-20_ct258","under",58,"28","1","u_d9_r3","9",108.37,97.02,97.02,0.853,0.762,0.748,0.028,26.591,0,144.845,12.386,11.694,0,"3"
"471","2024-08-20","10:56:31","ct259","2024-08-20_ct259","under",59,"35","2","u_d9_r3","9",116.81,115,115,0.471,0.352,0.523,0.006,88.901,0,223.383,6.747,33.107,0,"3"
"472","2024-08-20","11:01:39","ct260","2024-08-20_ct260","under",60,"28","2","u_d9_r3","9",108.75,105.62,105.62,0.518,0.444,0.641,0.021,30.357,0,169.679,13.5,12.569,0,"3"
"473","2024-08-20","11:06:41","ct269","2024-08-20_ct269","under",69,"35","3","u_d9_r3","9",84.31,83.12,83.12,0.572,0.461,0.562,0.01,57.833,0,149.954,5.975,25.099,0,"3"
"474","2024-08-20","11:11:24","ct270","2024-08-20_ct270","under",70,"28","3","u_d9_r3","9",79.34,77.5,77.5,0.555,0.41,0.559,0.013,41.509,0,141.993,7.719,18.394,0,"3"
"475","2024-08-20","11:15:48","ct271","2024-08-20_ct271","under",71,"35","4","u_d9_r3","9",129.07,127.92,127.92,0.361,0.377,0.633,0.004,154.267,0,203.91,3.425,59.535,0,"3"
"476","2024-08-20","11:21:10","ct272","2024-08-20_ct272","under",72,"28","4","u_d9_r3","9",118.14,108.12,108.12,0.42,0.35,0.596,0.02,30.107,0,198.307,16.885,11.745,0,"3"
"477","2024-08-20","11:26:22","ct265","2024-08-20_ct265","under",65,"35","1","u_d9_r3","9",98.41,95.94,95.94,0.833,0.631,0.633,0.009,69.534,0,155.399,5.22,29.769,0,"3"
"478","2024-08-20","11:31:35","ct266","2024-08-20_ct266","under",66,"28","1","u_d9_r3","9",104.4,98.4,98.4,0.641,0.589,0.694,0.019,36.658,0,150.468,9.47,15.888,0,"3"
"479","2024-08-20","11:36:15","ct267","2024-08-20_ct267","under",67,"35","2","u_d9_r3","9",98.5,99.38,99.38,0.488,0.397,0.561,0.006,87.416,0,175.482,4.911,35.734,0,"3"
"480","2024-08-20","11:41:08","ct268","2024-08-20_ct268","under",68,"28","2","u_d9_r3","9",141.31,128.12,128.12,0.491,0.381,0.575,0.012,46.051,0,245.88,14.899,16.503,0,"3"
"481","2024-08-20","13:40:34","ct229","2024-08-20_ct229","canopy",29,"35","3","u_d9_r3","9",97.73,101.68,101.68,0.463,0.397,0.516,0.004,142.475,0,189.305,3.346,56.58,0,"3"
"482","2024-08-20","13:46:29","ct230","2024-08-20_ct230","canopy",30,"28","3","u_d9_r3","9",86.96,78.75,78.75,0.592,0.465,0.588,0.032,18.333,0,147.832,18.479,8,0,"3"
"483","2024-08-20","13:50:52","ct231","2024-08-20_ct231","canopy",31,"35","4","u_d9_r3","9",59.58,72.16,63.75,0.259,0.177,0.408,0.018,22.477,0,146.055,14.823,9.853,0,"3"
"484","2024-08-20","13:55:24","ct232","2024-08-20_ct232","canopy",32,"28","4","u_d9_r3","9",138.15,124.64,124.64,0.513,0.401,0.567,0.022,26.119,0,243.497,25.911,9.397,0,"3"
"485","2024-08-20","14:00:08","ct225","2024-08-20_ct225","canopy",25,"35","1","u_d9_r3","9",79.24,79.38,79.38,0.627,0.514,0.546,0.016,35.15,0,145.08,9.391,15.449,0,"3"
"486","2024-08-20","14:05:06","ct226","2024-08-20_ct226","canopy",26,"28","1","u_d9_r3","9",134.96,135.3,135.3,1.784,1.737,0.797,0.02,39.862,0,169.281,10.247,16.519,0,"3"
"487","2024-08-20","14:09:45","ct227","2024-08-20_ct227","canopy",27,"35","2","u_d9_r3","9",61,60.48,60.48,0.387,0.181,0.454,0.005,96.35,0,134.499,3.085,43.596,0,"3"
"488","2024-08-20","14:14:10","ct228","2024-08-20_ct228","canopy",28,"28","2","u_d9_r3","9",77.63,75.44,70.62,0.529,0.351,0.453,0.015,31.017,0,171.439,13.402,12.792,0,"3"
"489","2024-08-20","14:19:02","ct237","2024-08-20_ct237","canopy",37,"35","3","u_d9_r3","9",88.12,90,90,0.424,0.453,0.666,0.02,32.875,0,132.238,8.832,14.973,0,"3"
"490","2024-08-20","14:23:29","ct238","2024-08-20_ct238","canopy",38,"28","3","u_d9_r3","9",63.55,75.62,75.62,0.142,0.069,0.378,0.019,20.139,0,167.943,20.062,8.371,0,"3"
"491","2024-08-20","14:28:11","ct239","2024-08-20_ct239","canopy",39,"35","4","u_d9_r3","9",123.71,113.98,113.98,0.382,0.382,0.598,0.023,26.25,0,206.7,20.511,10.077,0,"3"
"492","2024-08-20","14:33:02","ct240","2024-08-20_ct240","canopy",40,"28","4","u_d9_r3","9",139.46,130.62,130.62,0.536,0.433,0.56,0.009,62.353,0,249.106,11.208,22.226,0,"3"
"493","2024-08-20","14:37:59","ct233","2024-08-20_ct233","canopy",33,"35","1","u_d9_r3","9",129.82,118.12,118.12,0.85,0.817,0.606,0.025,24.567,0,214.203,23.03,9.301,0,"3"
"494","2024-08-20","14:43:24","ct234","2024-08-20_ct234","canopy",34,"28","1","u_d9_r3","9",149.72,141.25,141.25,1.034,0.995,0.786,0.03,26.098,0,190.393,18.411,10.341,0,"3"
"495","2024-08-20","14:47:56","ct235","2024-08-20_ct235","canopy",35,"35","2","u_d9_r3","9",130.25,113.16,113.16,0.155,0.208,0.566,0.022,25.312,0,230.066,24.694,9.317,0,"3"
"496","2024-08-20","14:56:04","ct236","2024-08-20_ct236","canopy",36,"28","2","u_d9_r3","9",103.94,95.12,95.12,0.847,0.609,0.598,0.029,20.65,0,173.82,20.517,8.472,0,"3"
"497","2024-08-20","15:00:35","ct245","2024-08-20_ct245","canopy",45,"35","3","u_d9_r3","9",83.78,80.62,80.62,0.542,0.414,0.586,0.026,22.294,0,142.888,14.498,9.855,0,"3"
"498","2024-08-20","15:05:08","ct246","2024-08-20_ct246","canopy",46,"28","3","u_d9_r3","9",120.43,108.24,108.24,0.647,0.462,0.572,0.024,23.646,0,210.541,23.36,9.013,0,"3"
"499","2024-08-20","15:09:44","ct247","2024-08-20_ct247","canopy",47,"35","4","u_d9_r3","9",94.25,94.3,94.3,0.324,0.279,0.457,0.006,74.219,0,206.057,7.223,28.527,0,"3"
"500","2024-08-20","15:14:50","ct248","2024-08-20_ct248","canopy",48,"28","4","u_d9_r3","9",51.15,55.62,47.46,0.214,0.085,0.275,0.009,31.059,0,186.202,15.001,12.412,0,"3"
"501","2024-08-20","15:19:26","ct241","2024-08-20_ct241","canopy",41,"35","1","u_d9_r3","9",144.22,135.3,135.3,1.257,1.21,0.787,0.031,25.141,0,183.315,18.136,10.108,0,"3"
"502","2024-08-20","15:24:43","ct242","2024-08-20_ct242","canopy",42,"28","1","u_d9_r3","9",119.11,108.12,108.12,0.993,0.93,0.764,0.034,22.246,0,155.968,16.399,9.511,0,"3"
"503","2024-08-20","15:29:47","ct243","2024-08-20_ct243","canopy",43,"35","2","u_d9_r3","9",64.63,71.88,71.88,0.662,0.381,0.482,0.013,37.373,0,134.066,7.918,16.931,0,"3"
"504","2024-08-20","15:34:17","ct244","2024-08-20_ct244","canopy",44,"28","2","u_d9_r3","9",122.62,107.42,107.42,0.6,0.495,0.576,0.019,30.11,0,212.958,18.639,11.426,0,"3"
"505","2024-08-20","15:38:51","ct205","2024-08-20_ct205","canopy",5,"35","3","u_d9_r3","9",122.84,102.5,102.5,0.387,0.301,0.501,0.026,19.467,0,245.191,35.106,6.984,0,"3"
"506","2024-08-20","15:43:44","ct206","2024-08-20_ct206","canopy",6,"28","3","u_d9_r3","9",78.63,83.75,83.75,0.22,0.152,0.49,0.009,51.838,0,160.549,7.324,21.92,0,"3"
"507","2024-08-20","15:48:33","ct207","2024-08-20_ct207","canopy",7,"35","4","u_d9_r3","9",132.13,120.54,120.54,0.453,0.467,0.61,0.019,32.058,0,216.582,17.922,12.085,0,"3"
"508","2024-08-20","15:53:14","ct208","2024-08-20_ct208","canopy",8,"28","4","u_d9_r3","9",118.46,110,110,0.175,0.205,0.555,0.013,41.18,0,213.345,13.663,15.615,0,"3"
"509","2024-08-20","15:57:42","ct201","2024-08-20_ct201","canopy",1,"35","1","u_d9_r3","9",119.22,111.25,111.25,0.772,0.714,0.721,0.034,21.025,0,165.331,18.805,8.792,0,"3"
"510","2024-08-20","16:02:30","ct202","2024-08-20_ct202","canopy",2,"28","1","u_d9_r3","9",96.09,86.25,86.25,0.841,0.632,0.653,0.034,19.216,0,147.227,17.53,8.398,0,"3"
"511","2024-08-20","16:07:06","ct203","2024-08-20_ct203","canopy",3,"35","2","u_d9_r3","9",128.18,116.44,116.44,0.667,0.648,0.65,0.018,36.234,0,197.11,13.913,14.168,0,"3"
"512","2024-08-20","16:12:19","ct204","2024-08-20_ct204","canopy",4,"28","2","u_d9_r3","9",140.12,124.64,124.64,0.43,0.354,0.575,0.023,24.693,0,243.723,27.444,8.881,0,"3"
"513","2024-08-20","16:16:51","ct213","2024-08-20_ct213","canopy",13,"35","3","u_d9_r3","9",92.02,93.48,93.48,0.5,0.424,0.469,0.005,86.375,0,196.142,5.797,33.837,0,"3"
"514","2024-08-20","16:21:38","ct214","2024-08-20_ct214","canopy",14,"28","3","u_d9_r3","9",95.27,106.6,106.6,0.313,0.25,0.437,0.012,36.088,0,218.089,16.075,13.567,0,"3"
"515","2024-08-20","16:26:04","ct215","2024-08-20_ct215","canopy",15,"35","4","u_d9_r3","9",121.07,110.7,110.7,0.393,0.258,0.541,0.014,38.929,0,223.929,15.461,14.484,0,"3"
"516","2024-08-20","16:31:14","ct216","2024-08-20_ct216","canopy",16,"28","4","u_d9_r3","9",97.15,87.74,87.74,0.77,0.437,0.533,0.026,20.225,0,182.203,22.356,8.15,0,"3"
"517","2024-08-20","16:36:15","ct209","2024-08-20_ct209","canopy",9,"35","1","u_d9_r3","9",136.03,119.38,119.38,0.954,0.68,0.658,0.037,17.669,0,206.645,30.463,6.784,0.001,"3"
"518","2024-08-20","16:46:20","ct210","2024-08-20_ct210","canopy",10,"28","1","u_d9_r3","9",111.66,106.25,106.25,0.876,0.719,0.616,0.025,24.98,0,181.254,17.97,10.086,0,"3"
"519","2024-08-20","16:50:53","ct211","2024-08-20_ct211","canopy",11,"35","2","u_d9_r3","9",105.56,100,100,0.743,0.385,0.411,0.009,44.187,0,256.593,16.49,15.561,0,"3"
"520","2024-08-20","16:55:52","ct212","2024-08-20_ct212","canopy",12,"28","2","u_d9_r3","9",73.01,68.75,68.75,0.545,0.331,0.498,0.011,43.568,0,146.531,7.682,19.075,0,"3"
"521","2024-08-20","17:00:22","ct221","2024-08-20_ct221","canopy",21,"35","3","u_d9_r3","9",49.13,62.32,47.46,0.316,0.19,0.398,0.018,21.687,0,123.402,12.162,10.146,0,"3"
"522","2024-08-20","17:05:04","ct222","2024-08-20_ct222","canopy",22,"28","3","u_d9_r3","9",139.17,128.74,128.74,0.664,0.463,0.545,0.018,31.069,0,255.166,23.269,10.966,0,"3"
"523","2024-08-20","17:09:34","ct223","2024-08-20_ct223","canopy",23,"35","4","u_d9_r3","9",60.08,66.88,66.88,0.396,0.227,0.494,0.012,42.931,0,121.518,6.014,20.206,0,"3"
"524","2024-08-20","17:19:28","ct224","2024-08-20_ct224","canopy",24,"28","4","u_d9_r3","9",84.7,81.25,81.25,0.389,0.174,0.423,0.006,76.475,0,200.048,6.728,29.732,0,"3"
"525","2024-08-20","17:26:08","ct217","2024-08-20_ct217","canopy",17,"35","1","u_d9_r3","9",76.75,68.88,68.04,0.725,0.388,0.523,0.023,22.549,0,146.695,14.865,9.869,0,"3"
"526","2024-08-20","17:32:08","ct218","2024-08-20_ct218","canopy",18,"28","1","u_d9_r3","9",77.76,86.92,86.92,1.083,0.484,0.475,0.015,31.715,0,163.708,12.298,13.312,0,"3"
"527","2024-08-20","17:43:13","ct219","2024-08-20_ct219","canopy",19,"35","2","u_d9_r3","9",69.09,65.62,65.62,0.578,0.237,0.371,0.009,43.613,0,186.149,10.679,17.431,0,"3"
"528","2024-08-20","17:47:39","ct220","2024-08-20_ct220","canopy",20,"28","2","u_d9_r3","9",39.55,43.46,38.48,0.35,0.1,0.397,0.012,32.807,0,99.61,5.961,16.711,0,"3"
"529","2024-08-03","07:43:01","ct101","2024-08-03_ct101","canopy",1,"35","1","c_d1_r2","1",81.18,75.44,75.24,1.262,0.972,0.881,0.05,17.743,0,92.11,9.872,9.33,0,"2"
"530","2024-08-03","07:47:30","ct102","2024-08-03_ct102","canopy",2,"28","1","c_d1_r2","1",108.43,103.12,103.12,1.646,0.988,0.667,0.018,36.446,0,162.589,10.601,15.338,0,"2"
"531","2024-08-03","07:51:58","ct103","2024-08-03_ct103","canopy",3,"35","2","c_d1_r2","1",73.99,82.82,82.82,0.524,0.36,0.415,0.011,39.297,0,178.361,11.172,15.965,0,"2"
"532","2024-08-03","07:56:24","ct104","2024-08-03_ct104","canopy",4,"28","2","c_d1_r2","1",77.52,78.72,69.38,1.029,0.63,0.582,0.023,25.574,0,133.11,11.457,11.618,0,"2"
"533","2024-08-03","08:01:23","ct105","2024-08-03_ct105","canopy",5,"35","3","c_d1_r2","1",111.85,100,100,1.384,0.736,0.623,0.03,20.866,0,179.635,21.249,8.454,0,"2"
"534","2024-08-03","08:10:31","ct106","2024-08-03_ct106","canopy",6,"28","3","c_d1_r2","1",49.54,59.86,50.4,0.202,0.188,0.505,0.021,23.834,0,98.129,8.034,12.214,0,"2"
"535","2024-08-03","08:15:01","ct107","2024-08-03_ct107","canopy",7,"35","4","c_d1_r2","1",117.05,117.26,117.26,1.337,0.649,0.57,0.017,33.528,0,205.455,15.925,12.901,0,"2"
"536","2024-08-03","08:19:58","ct108","2024-08-03_ct108","canopy",8,"28","4","c_d1_r2","1",131.5,119.72,119.72,1.563,1.063,0.675,0.019,35.588,0,194.928,13.948,13.975,0,"2"
"537","2024-08-03","08:25:38","ct109","2024-08-03_ct109","canopy",9,"35","1","c_d1_r2","1",143.34,155.8,155.8,0.905,0.71,0.613,0.013,48.484,0,233.934,13.196,17.727,0,"2"
"538","2024-08-03","08:30:09","ct110","2024-08-03_ct110","canopy",10,"28","1","c_d1_r2","1",68.55,68.88,63.75,0.783,0.437,0.583,0.025,23.296,0,117.495,10.575,11.11,0,"2"
"539","2024-08-03","08:35:04","ct111","2024-08-03_ct111","canopy",11,"35","2","c_d1_r2","1",127.8,118.9,118.9,1.509,1.017,0.755,0.024,31.91,0,169.187,12.791,13.227,0,"2"
"540","2024-08-03","08:39:35","ct112","2024-08-03_ct112","canopy",12,"28","2","c_d1_r2","1",150.4,137.5,137.5,1.271,0.958,0.695,0.014,50.908,0,216.525,11.282,19.192,0,"2"
"541","2024-08-03","08:44:13","ct113","2024-08-03_ct113","canopy",13,"35","3","c_d1_r2","1",136.08,129.56,129.56,1.575,1.082,0.717,0.01,73.345,0,189.885,6.527,29.093,0,"2"
"542","2024-08-03","08:49:54","ct114","2024-08-03_ct114","canopy",14,"28","3","c_d1_r2","1",110.68,115.62,115.62,0.993,0.713,0.445,0.012,36.777,0,248.679,18.956,13.119,0,"2"
"543","2024-08-03","08:54:22","ct115","2024-08-03_ct115","canopy",15,"35","4","c_d1_r2","1",100.32,94.92,94.92,1.05,0.742,0.599,0.012,49.767,0,167.485,8.088,20.708,0,"2"
"544","2024-08-03","08:58:56","ct116","2024-08-03_ct116","canopy",16,"28","4","c_d1_r2","1",74.17,80,80,1.06,0.617,0.662,0.012,55.538,0,112.059,4.152,26.987,0,"2"
"545","2024-08-03","09:03:31","ct117","2024-08-03_ct117","canopy",17,"35","1","c_d1_r2","1",146.02,133.56,133.56,1.923,1.613,0.863,0.037,23.123,0,169.16,17.648,9.585,0,"2"
"546","2024-08-03","09:09:11","ct118","2024-08-03_ct118","canopy",18,"28","1","c_d1_r2","1",133.21,119.7,119.7,1.432,1.19,0.785,0.029,27.047,0,169.794,15.166,11.196,0,"2"
"547","2024-08-03","09:14:21","ct119","2024-08-03_ct119","canopy",19,"35","2","c_d1_r2","1",71.75,74.34,74.34,1.527,0.884,0.822,0.036,22.983,0,87.253,7.061,12.357,0,"2"
"548","2024-08-03","09:19:27","ct120","2024-08-03_ct120","canopy",20,"28","2","c_d1_r2","1",89.09,113.16,113.16,1.595,1.059,0.709,0.024,29.272,0,125.676,9.243,13.598,0,"2"
"549","2024-08-03","09:25:42","ct121","2024-08-03_ct121","canopy",21,"35","3","c_d1_r2","1",96.38,88.56,88.56,0.946,0.679,0.669,0.021,32.521,0,143.961,10.042,14.335,0,"2"
"550","2024-08-03","09:30:43","ct122","2024-08-03_ct122","canopy",22,"28","3","c_d1_r2","1",93.79,96.76,96.76,1.71,1.27,0.765,0.011,69.031,0,122.583,3.786,32.38,0,"2"
"551","2024-08-03","09:35:31","ct123","2024-08-03_ct123","canopy",23,"35","4","c_d1_r2","1",74.18,77.28,77.28,1.43,1.107,0.848,0.013,65.87,0,87.446,2.471,35.384,0,"2"
"552","2024-08-03","09:40:36","ct124","2024-08-03_ct124","canopy",24,"28","4","c_d1_r2","1",78.81,86.1,86.1,1.631,1.128,0.752,0.021,35.161,0,104.75,5.968,17.551,0,"2"
"553","2024-08-03","09:45:34","ct125","2024-08-03_ct125","canopy",25,"35","1","c_d1_r2","1",126.42,114.38,114.38,1.509,1.287,0.81,0.035,23.087,0,156.057,15.814,9.868,0,"2"
"554","2024-08-03","09:50:42","ct126","2024-08-03_ct126","canopy",26,"28","1","c_d1_r2","1",108.11,103.32,103.32,1.65,1.174,0.751,0.021,36.008,0,143.975,9.071,15.872,0,"2"
"555","2024-08-03","09:58:49","ct127","2024-08-03_ct127","canopy",27,"35","2","c_d1_r2","1",141.1,129.36,129.36,0.739,0.803,0.751,0.024,31.137,0,187.949,15.158,12.399,0,"2"
"556","2024-08-03","10:04:53","ct128","2024-08-03_ct128","canopy",28,"28","2","c_d1_r2","1",114.63,111.88,111.88,0.709,0.564,0.508,0.008,67.129,0,225.84,9.073,24.891,0,"2"
"557","2024-08-03","10:09:35","ct129","2024-08-03_ct129","canopy",29,"35","3","c_d1_r2","1",79.44,74.39,74.39,1.808,1.198,0.754,0.027,28.037,0,105.334,7.543,13.964,0,"2"
"558","2024-08-03","10:14:53","ct130","2024-08-03_ct130","canopy",30,"28","3","c_d1_r2","1",90.1,93.12,93.12,1.944,1.651,0.865,0.009,98.506,0,104.108,2.112,49.291,0,"2"
"559","2024-08-03","10:19:12","ct131","2024-08-03_ct131","canopy",31,"35","4","c_d1_r2","1",94.55,89.04,89.04,1.166,1.062,0.864,0.03,28.451,0,109.401,7.838,13.957,0,"2"
"560","2024-08-03","10:23:56","ct132","2024-08-03_ct132","canopy",32,"28","4","c_d1_r2","1",144.84,136.88,136.88,1.626,1.173,0.719,0.024,29.681,0,201.31,17.488,11.512,0,"2"
"561","2024-08-03","10:28:39","ct133","2024-08-03_ct133","canopy",33,"35","1","c_d1_r2","1",78.82,76.44,76.44,1.015,0.781,0.73,0.01,70.833,0,107.903,3.088,34.94,0,"2"
"562","2024-08-03","10:34:12","ct134","2024-08-03_ct134","canopy",34,"28","1","c_d1_r2","1",75.49,81.88,81.88,0.762,0.539,0.594,0.012,48.584,0,127.182,5.662,22.464,0,"2"
"563","2024-08-03","10:39:02","ct135","2024-08-03_ct135","canopy",35,"35","2","c_d1_r2","1",138.14,125,125,1.6,1.348,0.788,0.025,31.104,0,175.291,13.781,12.72,0,"2"
"564","2024-08-03","10:44:22","ct136","2024-08-03_ct136","canopy",36,"28","2","c_d1_r2","1",130.42,118.08,118.08,0.481,0.461,0.562,0.017,33.212,0,232.012,19.043,12.184,0,"2"
"565","2024-08-03","10:48:58","ct137","2024-08-03_ct137","canopy",37,"35","3","c_d1_r2","1",123.65,114.8,114.8,1.037,0.812,0.755,0.035,21.555,0,163.753,18.102,9.046,0,"2"
"566","2024-08-03","10:55:52","ct138","2024-08-03_ct138","canopy",38,"28","3","c_d1_r2","1",48.5,53.13,50.4,1.413,0.839,0.788,0.03,25.975,0,61.527,3.805,16.168,0,"2"
"567","2024-08-03","11:00:36","ct139","2024-08-03_ct139","canopy",39,"35","4","c_d1_r2","1",108.57,94.92,94.92,0.633,0.552,0.551,0.028,19.439,0,197.078,25.928,7.601,0,"2"
"568","2024-08-03","11:05:52","ct140","2024-08-03_ct140","canopy",40,"28","4","c_d1_r2","1",39.31,39.38,39.12,1.398,0.807,1.043,0.098,10.692,0,37.694,4.636,8.131,0,"2"
"569","2024-08-03","11:10:49","ct141","2024-08-03_ct141","canopy",41,"35","1","c_d1_r2","1",148.29,142.68,142.68,0.461,0.418,0.588,0.009,65.634,0,251.997,10.822,23.286,0,"2"
"570","2024-08-03","11:15:39","ct142","2024-08-03_ct142","canopy",42,"28","1","c_d1_r2","1",140.66,131.2,131.2,1.134,0.985,0.746,0.023,31.75,0,188.632,14.94,12.626,0,"2"
"571","2024-08-03","11:20:39","ct143","2024-08-03_ct143","canopy",43,"35","2","c_d1_r2","1",193.49,177.5,177.5,0.947,0.93,0.739,0.017,43.656,0,261.765,17.168,15.247,0,"2"
"572","2024-08-03","11:25:09","ct144","2024-08-03_ct144","canopy",44,"28","2","c_d1_r2","1",135.49,141.86,141.86,1.21,1.242,0.845,0.023,36.206,0,160.425,10.476,15.314,0,"2"
"573","2024-08-03","11:29:42","ct145","2024-08-03_ct145","canopy",45,"35","3","c_d1_r2","1",171.63,155.8,155.8,1.008,0.84,0.692,0.011,62.801,0,248.051,11.061,22.425,0,"2"
"574","2024-08-03","11:36:23","ct146","2024-08-03_ct146","canopy",46,"28","3","c_d1_r2","1",146.7,137.5,137.5,0.63,0.673,0.579,0.017,33.825,0,253.272,21.149,11.976,0,"2"
"575","2024-08-03","11:40:58","ct147","2024-08-03_ct147","canopy",47,"35","4","c_d1_r2","1",81.51,86.92,86.92,0.415,0.288,0.457,0.014,32.254,0,178.378,13.614,13.103,0,"2"
"576","2024-08-03","11:45:38","ct148","2024-08-03_ct148","canopy",48,"28","4","c_d1_r2","1",44.09,58.22,46.62,0.966,0.492,0.538,0.023,23.664,0,82.014,6.283,13.053,0,"2"
