"2024-08-04";"19:08:38";"WinControl (rev 1195) report file"
"Datetime";"Date";"Time";"Type";"No.";"1:F";"1:Fm'";"1:PAR";"1:Y (II)";"1:ETR";"1:Fo'";"1:NPQ";"1:Fo";"1:Fm";"1:Fv/Fm"
"";"";"";"D";"";"Device Nr: #1, JUNIOR-PAM-III (CFMG1129B) ";""
"2024-08-04 16:29:19.409";"2024-08-04";"16:29:19";"SLCS";"";"Light Curve start ";""
"2024-08-04 16:29:20.796";"2024-08-04";"16:29:20";"FO";"1";"108";"270";"0";"0.600";"0.0";"-";"-";"108";"270";"0.600"
"2024-08-04 16:29:22.738";"2024-08-04";"16:29:22";"SLCE";"";"Light Curve end ";""
"2024-08-04 16:29:33.017";"2024-08-04";"16:29:33";"SLCS";"";"Light Curve start ";"bicarb_fresh1"
"2024-08-04 16:29:33.017";"2024-08-04";"16:29:33";"REG1";"";"#1: alpha: - , ETRm: - , Ik: -   ( beta: - 0.004, ETRmPot: 21.852 )   (Platt et al. 1980) ";""
"2024-08-04 16:29:33.017";"2024-08-04";"16:29:33";"REG2";"";"#1: alpha: 0.143, ETRm: 23.975, Ik: 167.879   (Jassby and Platt 1976) ";""
"2024-08-04 16:29:34.416";"2024-08-04";"16:29:34";"FO";"2";"105";"228";"0";"0.539";"0.0";"-";"-";"105";"228";"0.539"
"2024-08-04 16:29:44.409";"2024-08-04";"16:29:44";"F";"3";"138";"212";"65";"0.349";"9.5";"101";"0.075";"105";"228";"0.539"
"2024-08-04 16:29:54.398";"2024-08-04";"16:29:54";"F";"4";"136";"202";"90";"0.327";"12.4";"99";"0.129";"105";"228";"0.539"
"2024-08-04 16:30:04.387";"2024-08-04";"16:30:04";"F";"5";"140";"198";"125";"0.293";"15.4";"98";"0.152";"105";"228";"0.539"
"2024-08-04 16:30:14.377";"2024-08-04";"16:30:14";"F";"6";"147";"192";"190";"0.234";"18.7";"97";"0.188";"105";"228";"0.539"
"2024-08-04 16:30:24.369";"2024-08-04";"16:30:24";"F";"7";"154";"187";"285";"0.176";"21.1";"95";"0.219";"105";"228";"0.539"
"2024-08-04 16:30:34.357";"2024-08-04";"16:30:34";"F";"8";"158";"182";"420";"0.132";"23.3";"94";"0.253";"105";"228";"0.539"
"2024-08-04 16:30:44.341";"2024-08-04";"16:30:44";"F";"9";"160";"176";"625";"0.091";"23.9";"92";"0.295";"105";"228";"0.539"
"2024-08-04 16:30:54.334";"2024-08-04";"16:30:54";"F";"10";"162";"175";"820";"0.074";"25.5";"92";"0.303";"105";"228";"0.539"
"2024-08-04 16:30:58.016";"2024-08-04";"16:30:58";"SLCE";"";"Light Curve end ";""
"2024-08-04 16:34:51.176";"2024-08-04";"16:34:51";"SLCS";"";"Light Curve start ";"bicarb_fresh2"
"2024-08-04 16:34:51.176";"2024-08-04";"16:34:51";"REG1";"";"#1: alpha: - , ETRm: - , Ik: -   ( beta: 0.000, ETRmPot: 16.168 )   (Platt et al. 1980) ";""
"2024-08-04 16:34:51.176";"2024-08-04";"16:34:51";"REG2";"";"#1: alpha: 0.158, ETRm: 16.056, Ik: 101.575   (Jassby and Platt 1976) ";""
"2024-08-04 16:34:52.571";"2024-08-04";"16:34:52";"FO";"11";"181";"449";"0";"0.597";"0.0";"-";"-";"181";"449";"0.597"
"2024-08-04 16:35:02.564";"2024-08-04";"16:35:02";"F";"12";"251";"387";"65";"0.351";"9.6";"170";"0.160";"181";"449";"0.597"
"2024-08-04 16:35:12.554";"2024-08-04";"16:35:12";"F";"13";"252";"365";"90";"0.310";"11.7";"166";"0.230";"181";"449";"0.597"
"2024-08-04 16:35:22.540";"2024-08-04";"16:35:22";"F";"14";"261";"349";"125";"0.252";"13.2";"162";"0.287";"181";"449";"0.597"
"2024-08-04 16:35:32.534";"2024-08-04";"16:35:32";"F";"15";"276";"334";"190";"0.174";"13.9";"159";"0.344";"181";"449";"0.597"
"2024-08-04 16:35:42.524";"2024-08-04";"16:35:42";"F";"16";"289";"332";"285";"0.130";"15.6";"158";"0.352";"181";"449";"0.597"
"2024-08-04 16:35:52.512";"2024-08-04";"16:35:52";"F";"17";"295";"326";"420";"0.095";"16.8";"157";"0.377";"181";"449";"0.597"
"2024-08-04 16:36:02.499";"2024-08-04";"16:36:02";"F";"18";"299";"320";"625";"0.066";"17.3";"156";"0.403";"181";"449";"0.597"
"2024-08-04 16:36:12.489";"2024-08-04";"16:36:12";"F";"19";"300";"314";"820";"0.045";"15.5";"154";"0.430";"181";"449";"0.597"
"2024-08-04 16:36:15.557";"2024-08-04";"16:36:15";"SLCE";"";"Light Curve end ";""
"2024-08-04 16:36:45.606";"2024-08-04";"16:36:45";"SLCS";"";"Light Curve start ";"bicarb_fresh3"
"2024-08-04 16:36:45.606";"2024-08-04";"16:36:45";"REG1";"";"#1: alpha: 0.181, ETRm: 14.789, Ik: 81.698   ( beta: 0.001, ETRmPot: 15.294 )   (Platt et al. 1980) ";""
"2024-08-04 16:36:45.606";"2024-08-04";"16:36:45";"REG2";"";"#1: alpha: 0.137, ETRm: 14.561, Ik: 106.534   (Jassby and Platt 1976) ";""
"2024-08-04 16:36:47.019";"2024-08-04";"16:36:47";"FO";"20";"113";"268";"0";"0.578";"0.0";"-";"-";"113";"268";"0.578"
"2024-08-04 16:36:57.001";"2024-08-04";"16:36:57";"F";"21";"172";"245";"65";"0.298";"8.1";"109";"0.094";"113";"268";"0.578"
"2024-08-04 16:37:07.000";"2024-08-04";"16:37:07";"F";"22";"170";"232";"90";"0.267";"10.1";"106";"0.155";"113";"268";"0.578"
"2024-08-04 16:37:16.983";"2024-08-04";"16:37:16";"F";"23";"174";"226";"125";"0.230";"12.1";"105";"0.186";"113";"268";"0.578"
"2024-08-04 16:37:26.973";"2024-08-04";"16:37:26";"F";"24";"184";"220";"190";"0.164";"13.1";"103";"0.218";"113";"268";"0.578"
"2024-08-04 16:37:36.965";"2024-08-04";"16:37:36";"F";"25";"193";"219";"285";"0.119";"14.2";"103";"0.224";"113";"268";"0.578"
"2024-08-04 16:37:46.950";"2024-08-04";"16:37:46";"F";"26";"198";"215";"420";"0.079";"13.9";"102";"0.247";"113";"268";"0.578"
"2024-08-04 16:37:56.946";"2024-08-04";"16:37:56";"F";"27";"199";"213";"625";"0.066";"17.3";"102";"0.258";"113";"268";"0.578"
"2024-08-04 16:38:06.933";"2024-08-04";"16:38:06";"F";"28";"200";"208";"820";"0.038";"13.1";"101";"0.288";"113";"268";"0.578"
"2024-08-04 16:38:10.114";"2024-08-04";"16:38:10";"SLCE";"";"Light Curve end ";""
"2024-08-04 16:38:46.976";"2024-08-04";"16:38:46";"SLCS";"";"Light Curve start ";"bicarb_fresh4"
"2024-08-04 16:38:46.976";"2024-08-04";"16:38:46";"REG1";"";"#1: alpha: - , ETRm: - , Ik: -   ( beta: - 0.009, ETRmPot: 16.996 )   (Platt et al. 1980) ";""
"2024-08-04 16:38:46.976";"2024-08-04";"16:38:46";"REG2";"";"#1: alpha: 0.116, ETRm: 23.667, Ik: 203.589   (Jassby and Platt 1976) ";""
"2024-08-04 16:38:48.372";"2024-08-04";"16:38:48";"FO";"29";"72";"203";"0";"0.645";"0.0";"-";"-";"72";"203";"0.645"
"2024-08-04 16:38:58.363";"2024-08-04";"16:38:58";"F";"30";"117";"176";"65";"0.335";"9.1";"68";"0.153";"72";"203";"0.645"
"2024-08-04 16:39:08.348";"2024-08-04";"16:39:08";"F";"31";"115";"163";"90";"0.294";"11.1";"66";"0.245";"72";"203";"0.645"
"2024-08-04 16:39:18.340";"2024-08-04";"16:39:18";"F";"32";"114";"154";"125";"0.260";"13.7";"65";"0.318";"72";"203";"0.645"
"2024-08-04 16:39:28.324";"2024-08-04";"16:39:28";"F";"33";"116";"145";"190";"0.200";"16.0";"63";"0.400";"72";"203";"0.645"
"2024-08-04 16:39:38.312";"2024-08-04";"16:39:38";"F";"34";"117";"139";"285";"0.158";"18.9";"62";"0.460";"72";"203";"0.645"
"2024-08-04 16:39:48.292";"2024-08-04";"16:39:48";"F";"35";"118";"135";"420";"0.126";"22.2";"61";"0.504";"72";"203";"0.645"
"2024-08-04 16:39:58.292";"2024-08-04";"16:39:58";"F";"36";"118";"129";"625";"0.085";"22.3";"60";"0.574";"72";"203";"0.645"
"2024-08-04 16:40:08.287";"2024-08-04";"16:40:08";"F";"37";"118";"128";"820";"0.078";"26.9";"60";"0.586";"72";"203";"0.645"
"2024-08-04 16:40:11.953";"2024-08-04";"16:40:11";"SLCE";"";"Light Curve end ";""
"2024-08-04 16:40:54.265";"2024-08-04";"16:40:54";"SLCS";"";"Light Curve start ";"bicarb_fresh5"
"2024-08-04 16:40:54.265";"2024-08-04";"16:40:54";"REG1";"";"#1: alpha: - , ETRm: - , Ik: -   ( beta: - 0.001, ETRmPot: 17.134 )   (Platt et al. 1980) ";""
"2024-08-04 16:40:54.265";"2024-08-04";"16:40:54";"REG2";"";"#1: alpha: 0.076, ETRm: 17.312, Ik: 226.647   (Jassby and Platt 1976) ";""
"2024-08-04 16:40:55.658";"2024-08-04";"16:40:55";"FO";"38";"103";"225";"0";"0.542";"0.0";"-";"-";"103";"225";"0.542"
"2024-08-04 16:41:05.654";"2024-08-04";"16:41:05";"F";"39";"163";"209";"65";"0.220";"6.0";"100";"0.077";"103";"225";"0.542"
"2024-08-04 16:41:15.638";"2024-08-04";"16:41:15";"F";"40";"161";"200";"90";"0.195";"7.4";"97";"0.125";"103";"225";"0.542"
"2024-08-04 16:41:25.635";"2024-08-04";"16:41:25";"F";"41";"160";"195";"125";"0.179";"9.4";"96";"0.154";"103";"225";"0.542"
"2024-08-04 16:41:35.618";"2024-08-04";"16:41:35";"F";"42";"164";"190";"190";"0.137";"10.9";"95";"0.184";"103";"225";"0.542"
"2024-08-04 16:41:45.608";"2024-08-04";"16:41:45";"F";"43";"167";"188";"285";"0.112";"13.4";"94";"0.197";"103";"225";"0.542"
"2024-08-04 16:41:55.597";"2024-08-04";"16:41:55";"F";"44";"170";"187";"420";"0.091";"16.1";"94";"0.203";"103";"225";"0.542"
"2024-08-04 16:42:05.588";"2024-08-04";"16:42:05";"F";"45";"172";"185";"625";"0.070";"18.4";"94";"0.216";"103";"225";"0.542"
"2024-08-04 16:42:15.575";"2024-08-04";"16:42:15";"F";"46";"172";"181";"820";"0.050";"17.2";"93";"0.243";"103";"225";"0.542"
"2024-08-04 16:42:19.228";"2024-08-04";"16:42:19";"SLCE";"";"Light Curve end ";""
"2024-08-04 16:43:04.013";"2024-08-04";"16:43:04";"SLCS";"";"Light Curve start ";"bicarb_fresh_6"
"2024-08-04 16:43:04.013";"2024-08-04";"16:43:04";"REG1";"";"#1: alpha: - , ETRm: - , Ik: -   ( beta: - 0.008, ETRmPot: 20.508 )   (Platt et al. 1980) ";""
"2024-08-04 16:43:04.013";"2024-08-04";"16:43:04";"REG2";"";"#1: alpha: 0.126, ETRm: 26.298, Ik: 209.193   (Jassby and Platt 1976) ";""
"2024-08-04 16:43:05.404";"2024-08-04";"16:43:05";"FO";"47";"97";"328";"0";"0.704";"0.0";"-";"-";"97";"328";"0.704"
"2024-08-04 16:43:15.399";"2024-08-04";"16:43:15";"F";"48";"187";"300";"65";"0.377";"10.3";"94";"0.093";"97";"328";"0.704"
"2024-08-04 16:43:25.387";"2024-08-04";"16:43:25";"F";"49";"193";"284";"90";"0.320";"12.1";"93";"0.155";"97";"328";"0.704"
"2024-08-04 16:43:35.371";"2024-08-04";"16:43:35";"F";"50";"198";"273";"125";"0.275";"14.4";"92";"0.201";"97";"328";"0.704"
"2024-08-04 16:43:45.368";"2024-08-04";"16:43:45";"F";"51";"206";"264";"190";"0.220";"17.6";"91";"0.242";"97";"328";"0.704"
"2024-08-04 16:43:55.354";"2024-08-04";"16:43:55";"F";"52";"211";"257";"285";"0.179";"21.4";"90";"0.276";"97";"328";"0.704"
"2024-08-04 16:44:05.339";"2024-08-04";"16:44:05";"F";"53";"215";"248";"420";"0.133";"23.5";"89";"0.323";"97";"328";"0.704"
"2024-08-04 16:44:15.327";"2024-08-04";"16:44:15";"F";"54";"216";"241";"625";"0.104";"27.3";"88";"0.361";"97";"328";"0.704"
"2024-08-04 16:44:25.321";"2024-08-04";"16:44:25";"F";"55";"216";"235";"820";"0.081";"27.9";"87";"0.396";"97";"328";"0.704"
"2024-08-04 16:44:29.264";"2024-08-04";"16:44:29";"SLCE";"";"Light Curve end ";""
"2024-08-04 16:44:53.469";"2024-08-04";"16:44:53";"SLCS";"";"Light Curve start ";"bicarb_fresh7"
"2024-08-04 16:44:53.469";"2024-08-04";"16:44:53";"REG1";"";"#1: alpha: - , ETRm: - , Ik: -   ( beta: - 0.011, ETRmPot: 18.934 )   (Platt et al. 1980) ";""
"2024-08-04 16:44:53.469";"2024-08-04";"16:44:53";"REG2";"";"#1: alpha: 0.121, ETRm: 27.328, Ik: 225.996   (Jassby and Platt 1976) ";""
"2024-08-04 16:44:54.855";"2024-08-04";"16:44:54";"FO";"56";"101";"301";"0";"0.664";"0.0";"-";"-";"101";"301";"0.664"
"2024-08-04 16:45:04.845";"2024-08-04";"16:45:04";"F";"57";"169";"258";"65";"0.345";"9.4";"96";"0.167";"101";"301";"0.664"
"2024-08-04 16:45:14.843";"2024-08-04";"16:45:14";"F";"58";"161";"236";"90";"0.318";"12.0";"92";"0.275";"101";"301";"0.664"
"2024-08-04 16:45:24.830";"2024-08-04";"16:45:24";"F";"59";"165";"232";"125";"0.289";"15.2";"92";"0.297";"101";"301";"0.664"
"2024-08-04 16:45:34.808";"2024-08-04";"16:45:34";"F";"60";"173";"222";"190";"0.221";"17.6";"90";"0.356";"101";"301";"0.664"
"2024-08-04 16:45:44.811";"2024-08-04";"16:45:44";"F";"61";"179";"217";"285";"0.175";"20.9";"89";"0.387";"101";"301";"0.664"
"2024-08-04 16:45:54.794";"2024-08-04";"16:45:54";"F";"62";"182";"211";"420";"0.137";"24.2";"88";"0.427";"101";"301";"0.664"
"2024-08-04 16:46:04.787";"2024-08-04";"16:46:04";"F";"63";"185";"206";"625";"0.102";"26.8";"87";"0.461";"101";"301";"0.664"
"2024-08-04 16:46:14.771";"2024-08-04";"16:46:14";"F";"64";"187";"205";"820";"0.088";"30.3";"87";"0.468";"101";"301";"0.664"
"2024-08-04 16:46:18.349";"2024-08-04";"16:46:18";"SLCE";"";"Light Curve end ";""
"2024-08-04 16:46:54.387";"2024-08-04";"16:46:54";"SLCS";"";"Light Curve start ";"bicarb_fresh8"
"2024-08-04 16:46:54.387";"2024-08-04";"16:46:54";"REG1";"";"#1: alpha: - , ETRm: - , Ik: -   ( beta: - 0.003, ETRmPot: 17.079 )   (Platt et al. 1980) ";""
"2024-08-04 16:46:54.387";"2024-08-04";"16:46:54";"REG2";"";"#1: alpha: 0.160, ETRm: 18.883, Ik: 118.263   (Jassby and Platt 1976) ";""
"2024-08-04 16:46:55.786";"2024-08-04";"16:46:55";"FO";"65";"96";"261";"0";"0.632";"0.0";"-";"-";"96";"261";"0.632"
"2024-08-04 16:47:05.769";"2024-08-04";"16:47:05";"F";"66";"139";"225";"65";"0.382";"10.4";"91";"0.160";"96";"261";"0.632"
"2024-08-04 16:47:15.764";"2024-08-04";"16:47:15";"F";"67";"143";"213";"90";"0.329";"12.4";"89";"0.225";"96";"261";"0.632"
"2024-08-04 16:47:25.755";"2024-08-04";"16:47:25";"F";"68";"150";"208";"125";"0.279";"14.6";"88";"0.255";"96";"261";"0.632"
"2024-08-04 16:47:35.744";"2024-08-04";"16:47:35";"F";"69";"162";"203";"190";"0.202";"16.1";"87";"0.286";"96";"261";"0.632"
"2024-08-04 16:47:45.729";"2024-08-04";"16:47:45";"F";"70";"170";"198";"285";"0.141";"16.9";"86";"0.318";"96";"261";"0.632"
"2024-08-04 16:47:55.715";"2024-08-04";"16:47:55";"F";"71";"175";"197";"420";"0.112";"19.8";"86";"0.325";"96";"261";"0.632"
"2024-08-04 16:48:05.713";"2024-08-04";"16:48:05";"F";"72";"178";"192";"625";"0.073";"19.2";"85";"0.359";"96";"261";"0.632"
"2024-08-04 16:48:15.703";"2024-08-04";"16:48:15";"F";"73";"180";"191";"820";"0.058";"20.0";"85";"0.366";"96";"261";"0.632"
"2024-08-04 16:48:19.297";"2024-08-04";"16:48:19";"SLCE";"";"Light Curve end ";""
"2024-08-04 16:49:18.361";"2024-08-04";"16:49:18";"SLCS";"";"Light Curve start ";"bicarb_fresh9"
"2024-08-04 16:49:18.361";"2024-08-04";"16:49:18";"REG1";"";"#1: alpha: - , ETRm: - , Ik: -   ( beta: - 0.004, ETRmPot: 9.297 )   (Platt et al. 1980) ";""
"2024-08-04 16:49:18.361";"2024-08-04";"16:49:18";"REG2";"";"#1: alpha: 0.093, ETRm: 11.784, Ik: 127.059   (Jassby and Platt 1976) ";""
"2024-08-04 16:49:19.777";"2024-08-04";"16:49:19";"FO";"74";"157";"386";"0";"0.593";"0.0";"-";"-";"157";"386";"0.593"
"2024-08-04 16:49:29.754";"2024-08-04";"16:49:29";"F";"75";"240";"306";"65";"0.216";"5.9";"142";"0.261";"157";"386";"0.593"
"2024-08-04 16:49:39.755";"2024-08-04";"16:49:39";"F";"76";"213";"268";"90";"0.205";"7.7";"133";"0.440";"157";"386";"0.593"
"2024-08-04 16:49:49.739";"2024-08-04";"16:49:49";"F";"77";"211";"254";"125";"0.169";"8.9";"130";"0.520";"157";"386";"0.593"
"2024-08-04 16:49:59.737";"2024-08-04";"16:49:59";"F";"78";"215";"245";"190";"0.122";"9.7";"127";"0.576";"157";"386";"0.593"
"2024-08-04 16:50:09.727";"2024-08-04";"16:50:09";"F";"79";"218";"239";"285";"0.088";"10.5";"126";"0.615";"157";"386";"0.593"
"2024-08-04 16:50:19.706";"2024-08-04";"16:50:19";"F";"80";"218";"233";"420";"0.064";"11.3";"124";"0.657";"157";"386";"0.593"
"2024-08-04 16:50:29.703";"2024-08-04";"16:50:29";"F";"81";"219";"229";"625";"0.044";"11.6";"123";"0.686";"157";"386";"0.593"
"2024-08-04 16:50:39.687";"2024-08-04";"16:50:39";"F";"82";"218";"227";"820";"0.040";"13.8";"122";"0.700";"157";"386";"0.593"
"2024-08-04 16:50:42.120";"2024-08-04";"16:50:42";"SLCE";"";"Light Curve end ";""
"2024-08-04 16:51:14.332";"2024-08-04";"16:51:14";"SLCS";"";"Light Curve start ";"bicarb_fresh10"
"2024-08-04 16:51:14.332";"2024-08-04";"16:51:14";"REG1";"";"#1: alpha: - , ETRm: - , Ik: -   ( beta: - 0.003, ETRmPot: 11.047 )   (Platt et al. 1980) ";""
"2024-08-04 16:51:14.332";"2024-08-04";"16:51:14";"REG2";"";"#1: alpha: 0.128, ETRm: 12.418, Ik: 96.672   (Jassby and Platt 1976) ";""
"2024-08-04 16:51:15.725";"2024-08-04";"16:51:15";"FO";"83";"175";"426";"0";"0.589";"0.0";"-";"-";"175";"426";"0.589"
"2024-08-04 16:51:25.722";"2024-08-04";"16:51:25";"F";"84";"268";"382";"65";"0.298";"8.1";"167";"0.115";"175";"426";"0.589"
"2024-08-04 16:51:35.711";"2024-08-04";"16:51:35";"F";"85";"279";"367";"90";"0.240";"9.1";"164";"0.161";"175";"426";"0.589"
"2024-08-04 16:51:45.694";"2024-08-04";"16:51:45";"F";"86";"289";"358";"125";"0.193";"10.1";"162";"0.190";"175";"426";"0.589"
"2024-08-04 16:51:55.688";"2024-08-04";"16:51:55";"F";"87";"302";"350";"190";"0.137";"10.9";"161";"0.217";"175";"426";"0.589"
"2024-08-04 16:52:05.680";"2024-08-04";"16:52:05";"F";"88";"313";"347";"285";"0.098";"11.7";"160";"0.228";"175";"426";"0.589"
"2024-08-04 16:52:15.668";"2024-08-04";"16:52:15";"F";"89";"316";"341";"420";"0.073";"12.9";"159";"0.249";"175";"426";"0.589"
"2024-08-04 16:52:25.653";"2024-08-04";"16:52:25";"F";"90";"320";"336";"625";"0.048";"12.6";"158";"0.268";"175";"426";"0.589"
"2024-08-04 16:52:35.642";"2024-08-04";"16:52:35";"F";"91";"320";"333";"820";"0.039";"13.4";"157";"0.279";"175";"426";"0.589"
"2024-08-04 16:52:39.289";"2024-08-04";"16:52:39";"SLCE";"";"Light Curve end ";""
"2024-08-04 18:41:08.242";"2024-08-04";"18:41:08";"SLCS";"";"Light Curve start ";"bicarb_fresh1‚ÅÆ"
"2024-08-04 18:41:08.242";"2024-08-04";"18:41:08";"REG1";"";"#1: alpha: 0.064, ETRm: 5.014, Ik: 77.749   ( beta: 0.012, ETRmPot: 8.344 )   (Platt et al. 1980) ";""
"2024-08-04 18:41:08.242";"2024-08-04";"18:41:08";"REG2";"";"#1: alpha: 0.068, ETRm: 4.097, Ik: 59.816   (Jassby and Platt 1976) ";""
"2024-08-04 18:41:09.635";"2024-08-04";"18:41:09";"FO";"92";"172";"237";"0";"0.274";"0.0";"-";"-";"172";"237";"0.274"
"2024-08-04 18:41:19.628";"2024-08-04";"18:41:19";"F";"93";"214";"241";"65";"0.112";"3.1";"174";"- 0.017";"172";"237";"0.274"
"2024-08-04 18:41:29.616";"2024-08-04";"18:41:29";"F";"94";"223";"248";"90";"0.101";"3.8";"178";"- 0.044";"172";"237";"0.274"
"2024-08-04 18:41:39.606";"2024-08-04";"18:41:39";"F";"95";"230";"250";"125";"0.080";"4.2";"179";"- 0.052";"172";"237";"0.274"
"2024-08-04 18:41:49.587";"2024-08-04";"18:41:49";"F";"96";"238";"252";"190";"0.056";"4.5";"180";"- 0.060";"172";"237";"0.274"
"2024-08-04 18:41:59.588";"2024-08-04";"18:41:59";"F";"97";"243";"255";"285";"0.047";"5.6";"181";"- 0.071";"172";"237";"0.274"
"2024-08-04 18:42:09.568";"2024-08-04";"18:42:09";"F";"98";"248";"254";"420";"0.024";"4.2";"181";"- 0.067";"172";"237";"0.274"
"2024-08-04 18:42:19.565";"2024-08-04";"18:42:19";"F";"99";"252";"255";"625";"0.012";"3.2";"181";"- 0.071";"172";"237";"0.274"
"2024-08-04 18:42:29.556";"2024-08-04";"18:42:29";"F";"100";"254";"256";"820";"0.008";"2.8";"182";"- 0.074";"172";"237";"0.274"
"2024-08-04 18:42:33.474";"2024-08-04";"18:42:33";"SLCE";"";"Light Curve end ";""
"2024-08-04 18:46:13.995";"2024-08-04";"18:46:13";"SLCS";"";"Light Curve start ";"bicarb_fresh2"
"2024-08-04 18:46:13.995";"2024-08-04";"18:46:13";"REG1";"";"#1: alpha: 0.085, ETRm: 7.432, Ik: 87.523   ( beta: 0.010, ETRmPot: 10.729 )   (Platt et al. 1980) ";""
"2024-08-04 18:46:13.995";"2024-08-04";"18:46:13";"REG2";"";"#1: alpha: 0.082, ETRm: 6.500, Ik: 79.164   (Jassby and Platt 1976) ";""
"2024-08-04 18:46:15.398";"2024-08-04";"18:46:15";"FO";"101";"158";"259";"0";"0.390";"0.0";"-";"-";"158";"259";"0.390"
"2024-08-04 18:46:25.391";"2024-08-04";"18:46:25";"F";"102";"209";"247";"65";"0.154";"4.2";"153";"0.049";"158";"259";"0.390"
"2024-08-04 18:46:35.377";"2024-08-04";"18:46:35";"F";"103";"206";"240";"90";"0.142";"5.4";"151";"0.079";"158";"259";"0.390"
"2024-08-04 18:46:45.383";"2024-08-04";"18:46:45";"F";"104";"208";"235";"125";"0.115";"6.0";"149";"0.102";"158";"259";"0.390"
"2024-08-04 18:46:55.376";"2024-08-04";"18:46:55";"F";"105";"214";"234";"190";"0.085";"6.8";"148";"0.107";"158";"259";"0.390"
"2024-08-04 18:47:05.362";"2024-08-04";"18:47:05";"F";"106";"219";"232";"285";"0.056";"6.7";"148";"0.116";"158";"259";"0.390"
"2024-08-04 18:47:15.353";"2024-08-04";"18:47:15";"F";"107";"220";"230";"420";"0.043";"7.6";"147";"0.126";"158";"259";"0.390"
"2024-08-04 18:47:25.349";"2024-08-04";"18:47:25";"F";"108";"223";"229";"625";"0.026";"6.8";"146";"0.131";"158";"259";"0.390"
"2024-08-04 18:47:35.332";"2024-08-04";"18:47:35";"F";"109";"224";"227";"820";"0.013";"4.5";"145";"0.141";"158";"259";"0.390"
"2024-08-04 18:47:39.150";"2024-08-04";"18:47:39";"SLCE";"";"Light Curve end ";""
"2024-08-04 18:48:06.198";"2024-08-04";"18:48:06";"SLCS";"";"Light Curve start ";"bicarb_fresh3"
"2024-08-04 18:48:06.198";"2024-08-04";"18:48:06";"REG1";"";"#1: alpha: - , ETRm: - , Ik: -   ( beta: - 0.002, ETRmPot: 5.013 )   (Platt et al. 1980) ";""
"2024-08-04 18:48:06.198";"2024-08-04";"18:48:06";"REG2";"";"#1: alpha: 0.036, ETRm: 6.653, Ik: 184.456   (Jassby and Platt 1976) ";""
"2024-08-04 18:48:07.590";"2024-08-04";"18:48:07";"FO";"110";"184";"246";"0";"0.252";"0.0";"-";"-";"184";"246";"0.252"
"2024-08-04 18:48:17.578";"2024-08-04";"18:48:17";"F";"111";"205";"226";"65";"0.093";"2.5";"173";"0.088";"184";"246";"0.252"
"2024-08-04 18:48:27.569";"2024-08-04";"18:48:27";"F";"112";"203";"222";"90";"0.086";"3.3";"170";"0.108";"184";"246";"0.252"
"2024-08-04 18:48:37.565";"2024-08-04";"18:48:37";"F";"113";"202";"217";"125";"0.069";"3.6";"167";"0.134";"184";"246";"0.252"
"2024-08-04 18:48:47.554";"2024-08-04";"18:48:47";"F";"114";"203";"217";"190";"0.065";"5.2";"167";"0.134";"184";"246";"0.252"
"2024-08-04 18:48:57.536";"2024-08-04";"18:48:57";"F";"115";"206";"217";"285";"0.051";"6.1";"167";"0.134";"184";"246";"0.252"
"2024-08-04 18:49:07.534";"2024-08-04";"18:49:07";"F";"116";"208";"215";"420";"0.033";"5.8";"166";"0.144";"184";"246";"0.252"
"2024-08-04 18:49:17.522";"2024-08-04";"18:49:17";"F";"117";"211";"216";"625";"0.023";"6.0";"167";"0.139";"184";"246";"0.252"
"2024-08-04 18:49:27.507";"2024-08-04";"18:49:27";"F";"118";"212";"217";"820";"0.023";"7.9";"167";"0.134";"184";"246";"0.252"
"2024-08-04 18:49:30.947";"2024-08-04";"18:49:30";"SLCE";"";"Light Curve end ";""
"2024-08-04 18:50:04.006";"2024-08-04";"18:50:04";"SLCS";"";"Light Curve start ";"bicarb_fresh4"
"2024-08-04 18:50:04.006";"2024-08-04";"18:50:04";"REG1";"";"#1: alpha: 0.065, ETRm: 2.786, Ik: 42.795   ( beta: 0.000, ETRmPot: 2.855 )   (Platt et al. 1980) ";""
"2024-08-04 18:50:04.006";"2024-08-04";"18:50:04";"REG2";"";"#1: alpha: 0.045, ETRm: 2.746, Ik: 61.311   (Jassby and Platt 1976) ";""
"2024-08-04 18:50:05.401";"2024-08-04";"18:50:05";"FO";"119";"122";"155";"0";"0.213";"0.0";"-";"-";"122";"155";"0.213"
"2024-08-04 18:50:15.382";"2024-08-04";"18:50:15";"F";"120";"139";"151";"65";"0.079";"2.2";"120";"0.026";"122";"155";"0.213"
"2024-08-04 18:50:25.371";"2024-08-04";"18:50:25";"F";"121";"142";"151";"90";"0.060";"2.3";"120";"0.026";"122";"155";"0.213"
"2024-08-04 18:50:35.367";"2024-08-04";"18:50:35";"F";"122";"142";"150";"125";"0.053";"2.8";"119";"0.033";"122";"155";"0.213"
"2024-08-04 18:50:45.351";"2024-08-04";"18:50:45";"F";"123";"145";"151";"190";"0.040";"3.2";"120";"0.026";"122";"155";"0.213"
"2024-08-04 18:50:55.347";"2024-08-04";"18:50:55";"F";"124";"147";"150";"285";"0.020";"2.4";"119";"0.033";"122";"155";"0.213"
"2024-08-04 18:51:05.328";"2024-08-04";"18:51:05";"F";"125";"147";"149";"420";"0.013";"2.3";"118";"0.040";"122";"155";"0.213"
"2024-08-04 18:51:15.319";"2024-08-04";"18:51:15";"F";"126";"147";"149";"625";"0.013";"3.4";"118";"0.040";"122";"155";"0.213"
"2024-08-04 18:51:25.315";"2024-08-04";"18:51:25";"F";"127";"148";"149";"820";"0.007";"2.4";"118";"0.040";"122";"155";"0.213"
"2024-08-04 18:51:29.153";"2024-08-04";"18:51:29";"SLCE";"";"Light Curve end ";""
"2024-08-04 18:52:11.523";"2024-08-04";"18:52:11";"SLCS";"";"Light Curve start ";"bicarb_fresh5"
"2024-08-04 18:52:11.523";"2024-08-04";"18:52:11";"REG1";"";"#1: alpha: - , ETRm: - , Ik: -   ( beta: - 0.102, ETRmPot: - 109.952 )   (Platt et al. 1980) ";""
"2024-08-04 18:52:11.523";"2024-08-04";"18:52:11";"REG2";"";"#1: alpha: 0.010, ETRm: 5.815, Ik: 581.806   (Jassby and Platt 1976) ";""
"2024-08-04 18:52:12.923";"2024-08-04";"18:52:12";"FO";"128";"67";"74";"0";"0.095";"0.0";"-";"-";"67";"74";"0.095"
"2024-08-04 18:52:22.904";"2024-08-04";"18:52:22";"F";"129";"71";"73";"65";"0.027";"0.7";"66";"0.014";"67";"74";"0.095"
"2024-08-04 18:52:32.896";"2024-08-04";"18:52:32";"F";"130";"70";"73";"90";"0.041";"1.5";"66";"0.014";"67";"74";"0.095"
"2024-08-04 18:52:42.886";"2024-08-04";"18:52:42";"F";"131";"71";"73";"125";"0.027";"1.4";"66";"0.014";"67";"74";"0.095"
"2024-08-04 18:52:52.881";"2024-08-04";"18:52:52";"F";"132";"71";"73";"190";"0.027";"2.2";"66";"0.014";"67";"74";"0.095"
"2024-08-04 18:53:02.862";"2024-08-04";"18:53:02";"F";"133";"72";"72";"285";"0.000";"0.0";"65";"0.028";"67";"74";"0.095"
"2024-08-04 18:53:12.858";"2024-08-04";"18:53:12";"F";"134";"71";"71";"420";"0.000";"0.0";"65";"0.042";"67";"74";"0.095"
"2024-08-04 18:53:22.851";"2024-08-04";"18:53:22";"F";"135";"69";"73";"625";"0.055";"14.4";"66";"0.014";"67";"74";"0.095"
"2024-08-04 18:53:32.836";"2024-08-04";"18:53:32";"F";"136";"70";"70";"820";"0.000";"0.0";"64";"0.057";"67";"74";"0.095"
"2024-08-04 18:53:36.466";"2024-08-04";"18:53:36";"SLCE";"";"Light Curve end ";""
"2024-08-04 18:54:14.217";"2024-08-04";"18:54:14";"SLCS";"";"Light Curve start ";"bicarb_fresh6"
"2024-08-04 18:54:14.217";"2024-08-04";"18:54:14";"REG1";"";"#1: alpha: 0.139, ETRm: 16.339, Ik: 117.345   ( beta: 0.006, ETRmPot: 19.366 )   (Platt et al. 1980) ";""
"2024-08-04 18:54:14.217";"2024-08-04";"18:54:14";"REG2";"";"#1: alpha: 0.110, ETRm: 15.998, Ik: 145.971   (Jassby and Platt 1976) ";""
"2024-08-04 18:54:15.622";"2024-08-04";"18:54:15";"FO";"137";"54";"99";"0";"0.455";"0.0";"-";"-";"54";"99";"0.455"
"2024-08-04 18:54:25.610";"2024-08-04";"18:54:25";"F";"138";"69";"96";"65";"0.281";"7.7";"53";"0.031";"54";"99";"0.455"
"2024-08-04 18:54:35.598";"2024-08-04";"18:54:35";"F";"139";"71";"91";"90";"0.220";"8.3";"52";"0.088";"54";"99";"0.455"
"2024-08-04 18:54:45.592";"2024-08-04";"18:54:45";"F";"140";"71";"89";"125";"0.202";"10.6";"51";"0.112";"54";"99";"0.455"
"2024-08-04 18:54:55.579";"2024-08-04";"18:54:55";"F";"141";"73";"87";"190";"0.161";"12.8";"50";"0.138";"54";"99";"0.455"
"2024-08-04 18:55:05.565";"2024-08-04";"18:55:05";"F";"142";"74";"87";"285";"0.149";"17.8";"50";"0.138";"54";"99";"0.455"
"2024-08-04 18:55:15.557";"2024-08-04";"18:55:15";"F";"143";"76";"84";"420";"0.095";"16.8";"49";"0.179";"54";"99";"0.455"
"2024-08-04 18:55:25.546";"2024-08-04";"18:55:25";"F";"144";"78";"82";"625";"0.049";"12.9";"49";"0.207";"54";"99";"0.455"
"2024-08-04 18:55:35.539";"2024-08-04";"18:55:35";"F";"145";"78";"82";"820";"0.049";"16.9";"49";"0.207";"54";"99";"0.455"
"2024-08-04 18:55:39.258";"2024-08-04";"18:55:39";"SLCE";"";"Light Curve end ";""
"2024-08-04 18:55:55.328";"2024-08-04";"18:55:55";"SLCS";"";"Light Curve start ";"bicarb_fresh7"
"2024-08-04 18:55:55.328";"2024-08-04";"18:55:55";"REG1";"";"#1: alpha: - , ETRm: - , Ik: -   ( beta: - 0.001, ETRmPot: 0.040 )   (Platt et al. 1980) ";""
"2024-08-04 18:55:55.328";"2024-08-04";"18:55:55";"REG2";"";"#1: alpha: 0.007, ETRm: 227.176, Ik: 31873.224   (Jassby and Platt 1976) ";""
"2024-08-04 18:55:56.718";"2024-08-04";"18:55:56";"FO";"146";"96";"102";"0";"0.059";"0.0";"-";"-";"96";"102";"0.059"
"2024-08-04 18:56:06.708";"2024-08-04";"18:56:06";"F";"147";"104";"107";"65";"0.028";"0.8";"100";"- 0.047";"96";"102";"0.059"
"2024-08-04 18:56:16.695";"2024-08-04";"18:56:16";"F";"148";"105";"109";"90";"0.037";"1.4";"102";"- 0.064";"96";"102";"0.059"
"2024-08-04 18:56:26.683";"2024-08-04";"18:56:26";"F";"149";"108";"108";"125";"0.000";"0.0";"101";"- 0.056";"96";"102";"0.059"
"2024-08-04 18:56:36.671";"2024-08-04";"18:56:36";"F";"150";"107";"110";"190";"0.027";"2.2";"103";"- 0.073";"96";"102";"0.059"
"2024-08-04 18:56:46.681";"2024-08-04";"18:56:46";"F";"151";"109";"110";"285";"0.009";"1.1";"103";"- 0.073";"96";"102";"0.059"
"2024-08-04 18:56:56.677";"2024-08-04";"18:56:56";"F";"152";"108";"110";"420";"0.018";"3.2";"103";"- 0.073";"96";"102";"0.059"
"2024-08-04 18:57:06.660";"2024-08-04";"18:57:06";"F";"153";"110";"110";"625";"0.000";"0.0";"103";"- 0.073";"96";"102";"0.059"
"2024-08-04 18:57:16.648";"2024-08-04";"18:57:16";"F";"154";"108";"111";"820";"0.027";"9.3";"104";"- 0.081";"96";"102";"0.059"
"2024-08-04 18:57:20.163";"2024-08-04";"18:57:20";"SLCE";"";"Light Curve end ";""
"2024-08-04 18:58:11.344";"2024-08-04";"18:58:11";"SLCS";"";"Light Curve start ";"bicarb_fresh8"
"2024-08-04 18:58:11.344";"2024-08-04";"18:58:11";"REG1";"";"#1: alpha: - , ETRm: - , Ik: -   ( beta: - 0.002, ETRmPot: 3.470 )   (Platt et al. 1980) ";""
"2024-08-04 18:58:11.344";"2024-08-04";"18:58:11";"REG2";"";"#1: alpha: 0.031, ETRm: 5.236, Ik: 166.638   (Jassby and Platt 1976) ";""
"2024-08-04 18:58:12.737";"2024-08-04";"18:58:12";"FO";"155";"175";"230";"0";"0.239";"0.0";"-";"-";"175";"230";"0.239"
"2024-08-04 18:58:22.727";"2024-08-04";"18:58:22";"F";"156";"215";"238";"65";"0.097";"2.6";"180";"- 0.034";"175";"230";"0.239"
"2024-08-04 18:58:32.721";"2024-08-04";"18:58:32";"F";"157";"220";"242";"90";"0.091";"3.4";"182";"- 0.050";"175";"230";"0.239"
"2024-08-04 18:58:42.711";"2024-08-04";"18:58:42";"F";"158";"227";"241";"125";"0.058";"3.0";"181";"- 0.046";"175";"230";"0.239"
"2024-08-04 18:58:52.699";"2024-08-04";"18:58:52";"F";"159";"230";"241";"190";"0.046";"3.7";"181";"- 0.046";"175";"230";"0.239"
"2024-08-04 18:59:02.688";"2024-08-04";"18:59:02";"F";"160";"233";"241";"285";"0.033";"4.0";"181";"- 0.046";"175";"230";"0.239"
"2024-08-04 18:59:12.673";"2024-08-04";"18:59:12";"F";"161";"234";"241";"420";"0.029";"5.1";"181";"- 0.046";"175";"230";"0.239"
"2024-08-04 18:59:22.663";"2024-08-04";"18:59:22";"F";"162";"235";"240";"625";"0.021";"5.5";"181";"- 0.042";"175";"230";"0.239"
"2024-08-04 18:59:32.655";"2024-08-04";"18:59:32";"F";"163";"234";"238";"820";"0.017";"5.9";"180";"- 0.034";"175";"230";"0.239"
"2024-08-04 18:59:36.583";"2024-08-04";"18:59:36";"SLCE";"";"Light Curve end ";""
"2024-08-04 18:59:53.419";"2024-08-04";"18:59:53";"SLCS";"";"Light Curve start ";"bicarb_fresh9"
"2024-08-04 18:59:53.419";"2024-08-04";"18:59:53";"REG1";"";"#1: Error: First 3 ETR-Values are not increasing ";""
"2024-08-04 18:59:53.419";"2024-08-04";"18:59:53";"REG2";"";"#1: Error: First 3 ETR-Values are not increasing ";""
"2024-08-04 18:59:54.810";"2024-08-04";"18:59:54";"FO";"164";"194";"221";"0";"0.122";"0.0";"-";"-";"194";"221";"0.122"
"2024-08-04 19:00:04.800";"2024-08-04";"19:00:04";"F";"165";"204";"218";"65";"0.064";"1.7";"192";"0.014";"194";"221";"0.122"
"2024-08-04 19:00:14.791";"2024-08-04";"19:00:14";"F";"166";"206";"212";"90";"0.028";"1.1";"187";"0.042";"194";"221";"0.122"
"2024-08-04 19:00:24.786";"2024-08-04";"19:00:24";"F";"167";"206";"212";"125";"0.028";"1.5";"187";"0.042";"194";"221";"0.122"
"2024-08-04 19:00:34.773";"2024-08-04";"19:00:34";"F";"168";"206";"209";"190";"0.014";"1.1";"185";"0.057";"194";"221";"0.122"
"2024-08-04 19:00:44.758";"2024-08-04";"19:00:44";"F";"169";"206";"207";"285";"0.005";"0.6";"183";"0.068";"194";"221";"0.122"
"2024-08-04 19:00:54.748";"2024-08-04";"19:00:54";"F";"170";"205";"205";"420";"0.000";"0.0";"182";"0.078";"194";"221";"0.122"
"2024-08-04 19:01:04.744";"2024-08-04";"19:01:04";"F";"171";"204";"205";"625";"0.005";"1.3";"182";"0.078";"194";"221";"0.122"
"2024-08-04 19:01:14.735";"2024-08-04";"19:01:14";"F";"172";"204";"204";"820";"0.000";"0.0";"181";"0.083";"194";"221";"0.122"
"2024-08-04 19:01:18.410";"2024-08-04";"19:01:18";"SLCE";"";"Light Curve end ";""
"2024-08-04 19:01:45.150";"2024-08-04";"19:01:45";"SLCS";"";"Light Curve start ";"bicarb_fresh10"
"2024-08-04 19:01:45.150";"2024-08-04";"19:01:45";"REG1";"";"#1: Error: First 3 ETR-Values are not increasing ";""
"2024-08-04 19:01:45.150";"2024-08-04";"19:01:45";"REG2";"";"#1: Error: First 3 ETR-Values are not increasing ";""
"2024-08-04 19:01:46.552";"2024-08-04";"19:01:46";"FO";"173";"572";"665";"0";"0.140";"0.0";"-";"-";"572";"665";"0.140"
"2024-08-04 19:01:56.539";"2024-08-04";"19:01:56";"F";"174";"652";"679";"65";"0.040";"1.1";"582";"- 0.021";"572";"665";"0.140"
"2024-08-04 19:02:06.529";"2024-08-04";"19:02:06";"F";"175";"687";"700";"90";"0.019";"0.7";"598";"- 0.050";"572";"665";"0.140"
"2024-08-04 19:02:16.518";"2024-08-04";"19:02:16";"F";"176";"712";"720";"125";"0.011";"0.6";"612";"- 0.076";"572";"665";"0.140"
"2024-08-04 19:02:26.509";"2024-08-04";"19:02:26";"F";"177";"726";"727";"190";"0.001";"0.1";"617";"- 0.085";"572";"665";"0.140"
"2024-08-04 19:02:36.493";"2024-08-04";"19:02:36";"F";"178";"729";"729";"285";"0.000";"0.0";"619";"- 0.088";"572";"665";"0.140"
"2024-08-04 19:02:46.488";"2024-08-04";"19:02:46";"F";"179";"723";"723";"420";"0.000";"0.0";"614";"- 0.080";"572";"665";"0.140"
"2024-08-04 19:02:56.470";"2024-08-04";"19:02:56";"F";"180";"709";"709";"625";"0.000";"0.0";"604";"- 0.062";"572";"665";"0.140"
"2024-08-04 19:03:06.465";"2024-08-04";"19:03:06";"F";"181";"694";"694";"820";"0.000";"0.0";"593";"- 0.042";"572";"665";"0.140"
"2024-08-04 19:03:10.244";"2024-08-04";"19:03:10";"SLCE";"";"Light Curve end ";""
