"2024-08-01";"18:51:17";"WinControl (rev 1195) report file"
"Datetime";"Date";"Time";"Type";"No.";"1:F";"1:Fm'";"1:PAR";"1:Y (II)";"1:ETR";"1:NPQ";"1:Fo";"1:Fm";"1:Fv/Fm"
"";"";"";"D";"";"Device Nr: #1, JUNIOR-PAM-III (CFMG1129B) ";""
"2024-08-01 14:39:17.051";"2024-08-01";"14:39:17";"SLCS";"";"Light Curve start ";"b2c06"
"2024-08-01 14:39:17.051";"2024-08-01";"14:39:17";"REG1";"";"#1: alpha: - , ETRm: - , Ik: -   ( beta: - 0.010, ETRmPot: 35.760 )   (Platt et al. 1980) ";""
"2024-08-01 14:39:17.051";"2024-08-01";"14:39:17";"REG2";"";"#1: alpha: 0.186, ETRm: 42.349, Ik: 227.644   (Jassby and Platt 1976) ";""
"2024-08-01 14:39:18.445";"2024-08-01";"14:39:18";"FO";"1";"86";"267";"0";"0.678";"0.0";"-";"86";"267";"0.678"
"2024-08-01 14:39:28.435";"2024-08-01";"14:39:28";"F";"2";"127";"269";"65";"0.528";"14.4";"- 0.007";"86";"267";"0.678"
"2024-08-01 14:39:38.431";"2024-08-01";"14:39:38";"F";"3";"138";"261";"90";"0.471";"17.8";"0.023";"86";"267";"0.678"
"2024-08-01 14:39:48.417";"2024-08-01";"14:39:48";"F";"4";"148";"252";"125";"0.413";"21.7";"0.060";"86";"267";"0.678"
"2024-08-01 14:39:58.410";"2024-08-01";"14:39:58";"F";"5";"157";"243";"190";"0.354";"28.2";"0.099";"86";"267";"0.678"
"2024-08-01 14:40:08.394";"2024-08-01";"14:40:08";"F";"6";"172";"237";"285";"0.274";"32.8";"0.127";"86";"267";"0.678"
"2024-08-01 14:40:18.382";"2024-08-01";"14:40:18";"F";"7";"180";"232";"420";"0.224";"39.5";"0.151";"86";"267";"0.678"
"2024-08-01 14:40:28.379";"2024-08-01";"14:40:28";"F";"8";"191";"227";"625";"0.159";"41.7";"0.176";"86";"267";"0.678"
"2024-08-01 14:40:38.368";"2024-08-01";"14:40:38";"F";"9";"194";"223";"820";"0.130";"44.8";"0.197";"86";"267";"0.678"
"2024-08-01 14:40:41.839";"2024-08-01";"14:40:41";"SLCE";"";"Light Curve end ";""
"2024-08-01 14:41:52.556";"2024-08-01";"14:41:52";"SLCS";"";"Light Curve start ";"b3c09"
"2024-08-01 14:41:52.556";"2024-08-01";"14:41:52";"REG1";"";"#1: alpha: - , ETRm: - , Ik: -   ( beta: - 0.009, ETRmPot: 30.591 )   (Platt et al. 1980) ";""
"2024-08-01 14:41:52.556";"2024-08-01";"14:41:52";"REG2";"";"#1: alpha: 0.166, ETRm: 36.875, Ik: 222.070   (Jassby and Platt 1976) ";""
"2024-08-01 14:41:53.947";"2024-08-01";"14:41:53";"FO";"10";"77";"271";"0";"0.716";"0.0";"-";"77";"271";"0.716"
"2024-08-01 14:42:03.939";"2024-08-01";"14:42:03";"F";"11";"135";"266";"65";"0.492";"13.4";"0.019";"77";"271";"0.716"
"2024-08-01 14:42:13.925";"2024-08-01";"14:42:13";"F";"12";"147";"252";"90";"0.417";"15.8";"0.075";"77";"271";"0.716"
"2024-08-01 14:42:23.922";"2024-08-01";"14:42:23";"F";"13";"148";"234";"125";"0.368";"19.3";"0.158";"77";"271";"0.716"
"2024-08-01 14:42:33.905";"2024-08-01";"14:42:33";"F";"14";"151";"217";"190";"0.304";"24.3";"0.249";"77";"271";"0.716"
"2024-08-01 14:42:43.900";"2024-08-01";"14:42:43";"F";"15";"154";"204";"285";"0.245";"29.3";"0.328";"77";"271";"0.716"
"2024-08-01 14:42:53.890";"2024-08-01";"14:42:53";"F";"16";"156";"193";"420";"0.192";"33.9";"0.404";"77";"271";"0.716"
"2024-08-01 14:43:03.879";"2024-08-01";"14:43:03";"F";"17";"158";"184";"625";"0.141";"37.0";"0.473";"77";"271";"0.716"
"2024-08-01 14:43:13.863";"2024-08-01";"14:43:13";"F";"18";"157";"177";"820";"0.113";"38.9";"0.531";"77";"271";"0.716"
"2024-08-01 14:43:17.439";"2024-08-01";"14:43:17";"SLCE";"";"Light Curve end ";""
"2024-08-01 14:44:56.233";"2024-08-01";"14:44:56";"SLCS";"";"Light Curve start ";"a2c10"
"2024-08-01 14:44:56.233";"2024-08-01";"14:44:56";"REG1";"";"#1: alpha: - , ETRm: - , Ik: -   ( beta: - 0.007, ETRmPot: 32.930 )   (Platt et al. 1980) ";""
"2024-08-01 14:44:56.233";"2024-08-01";"14:44:56";"REG2";"";"#1: alpha: 0.177, ETRm: 37.058, Ik: 209.143   (Jassby and Platt 1976) ";""
"2024-08-01 14:44:57.632";"2024-08-01";"14:44:57";"FO";"19";"90";"258";"0";"0.651";"0.0";"-";"90";"258";"0.651"
"2024-08-01 14:45:07.623";"2024-08-01";"14:45:07";"F";"20";"127";"242";"65";"0.475";"13.0";"0.066";"90";"258";"0.651"
"2024-08-01 14:45:17.607";"2024-08-01";"14:45:17";"F";"21";"127";"234";"90";"0.457";"17.3";"0.103";"90";"258";"0.651"
"2024-08-01 14:45:27.602";"2024-08-01";"14:45:27";"F";"22";"135";"224";"125";"0.397";"20.8";"0.152";"90";"258";"0.651"
"2024-08-01 14:45:37.584";"2024-08-01";"14:45:37";"F";"23";"142";"207";"190";"0.314";"25.1";"0.246";"90";"258";"0.651"
"2024-08-01 14:45:47.583";"2024-08-01";"14:45:47";"F";"24";"148";"196";"285";"0.245";"29.3";"0.316";"90";"258";"0.651"
"2024-08-01 14:45:57.563";"2024-08-01";"14:45:57";"F";"25";"149";"186";"420";"0.199";"35.1";"0.387";"90";"258";"0.651"
"2024-08-01 14:46:07.557";"2024-08-01";"14:46:07";"F";"26";"152";"178";"625";"0.146";"38.3";"0.449";"90";"258";"0.651"
"2024-08-01 14:46:17.550";"2024-08-01";"14:46:17";"F";"27";"152";"171";"820";"0.111";"38.2";"0.509";"90";"258";"0.651"
"2024-08-01 14:46:21.215";"2024-08-01";"14:46:21";"SLCE";"";"Light Curve end ";""
"2024-08-01 14:47:30.341";"2024-08-01";"14:47:30";"SLCS";"";"Light Curve start ";"c113"
"2024-08-01 14:47:30.341";"2024-08-01";"14:47:30";"REG1";"";"#1: Error: Not enough measures for calculating regression data ";""
"2024-08-01 14:47:30.341";"2024-08-01";"14:47:30";"REG2";"";"#1: Error: Not enough measures for calculating regression data ";""
"2024-08-01 14:47:31.741";"2024-08-01";"14:47:31";"FO";"28";"128";"364";"0";"0.648";"0.0";"-";"128";"364";"0.648"
"2024-08-01 14:47:38.233";"2024-08-01";"14:47:38";"SLCE";"";"Light Curve end ";""
"2024-08-01 14:50:09.869";"2024-08-01";"14:50:09";"SLCS";"";"Light Curve start ";"c113"
"2024-08-01 14:50:09.869";"2024-08-01";"14:50:09";"REG1";"";"#1: alpha: - , ETRm: - , Ik: -   ( beta: - 0.005, ETRmPot: 10.345 )   (Platt et al. 1980) ";""
"2024-08-01 14:50:09.869";"2024-08-01";"14:50:09";"REG2";"";"#1: alpha: 0.120, ETRm: 12.901, Ik: 107.263   (Jassby and Platt 1976) ";""
"2024-08-01 14:50:11.267";"2024-08-01";"14:50:11";"FO";"29";"148";"402";"0";"0.632";"0.0";"-";"148";"402";"0.632"
"2024-08-01 14:50:21.257";"2024-08-01";"14:50:21";"F";"30";"237";"319";"65";"0.257";"7.0";"0.260";"148";"402";"0.632"
"2024-08-01 14:50:31.240";"2024-08-01";"14:50:31";"F";"31";"214";"286";"90";"0.252";"9.5";"0.406";"148";"402";"0.632"
"2024-08-01 14:50:41.235";"2024-08-01";"14:50:41";"F";"32";"218";"272";"125";"0.199";"10.4";"0.478";"148";"402";"0.632"
"2024-08-01 14:50:51.224";"2024-08-01";"14:50:51";"F";"33";"225";"262";"190";"0.141";"11.3";"0.534";"148";"402";"0.632"
"2024-08-01 14:51:01.213";"2024-08-01";"14:51:01";"F";"34";"228";"253";"285";"0.099";"11.9";"0.589";"148";"402";"0.632"
"2024-08-01 14:51:11.203";"2024-08-01";"14:51:11";"F";"35";"230";"247";"420";"0.069";"12.2";"0.628";"148";"402";"0.632"
"2024-08-01 14:51:21.187";"2024-08-01";"14:51:21";"F";"36";"230";"241";"625";"0.046";"12.1";"0.668";"148";"402";"0.632"
"2024-08-01 14:51:31.183";"2024-08-01";"14:51:31";"F";"37";"229";"240";"820";"0.046";"15.8";"0.675";"148";"402";"0.632"
"2024-08-01 14:51:34.851";"2024-08-01";"14:51:34";"SLCE";"";"Light Curve end ";""
"2024-08-01 14:52:03.331";"2024-08-01";"14:52:03";"SLCS";"";"Light Curve start ";"b2c03"
"2024-08-01 14:52:03.331";"2024-08-01";"14:52:03";"REG1";"";"#1: Error: Not enough measures for calculating regression data ";""
"2024-08-01 14:52:03.331";"2024-08-01";"14:52:03";"REG2";"";"#1: Error: Not enough measures for calculating regression data ";""
"2024-08-01 14:52:04.726";"2024-08-01";"14:52:04";"FO";"38";"88";"241";"0";"0.635";"0.0";"-";"88";"241";"0.635"
"2024-08-01 14:52:10.564";"2024-08-01";"14:52:10";"SLCE";"";"Light Curve end ";""
"2024-08-01 14:53:36.420";"2024-08-01";"14:53:36";"SLCS";"";"Light Curve start ";"b2c03"
"2024-08-01 14:53:36.420";"2024-08-01";"14:53:36";"REG1";"";"#1: alpha: - , ETRm: - , Ik: -   ( beta: - 0.006, ETRmPot: 18.657 )   (Platt et al. 1980) ";""
"2024-08-01 14:53:36.420";"2024-08-01";"14:53:36";"REG2";"";"#1: alpha: 0.143, ETRm: 22.556, Ik: 157.333   (Jassby and Platt 1976) ";""
"2024-08-01 14:53:37.809";"2024-08-01";"14:53:37";"FO";"39";"95";"267";"0";"0.644";"0.0";"-";"95";"267";"0.644"
"2024-08-01 14:53:47.798";"2024-08-01";"14:53:47";"F";"40";"134";"217";"65";"0.382";"10.4";"0.230";"95";"267";"0.644"
"2024-08-01 14:53:57.793";"2024-08-01";"14:53:57";"F";"41";"134";"204";"90";"0.343";"13.0";"0.309";"95";"267";"0.644"
"2024-08-01 14:54:07.782";"2024-08-01";"14:54:07";"F";"42";"140";"195";"125";"0.282";"14.8";"0.369";"95";"267";"0.644"
"2024-08-01 14:54:17.771";"2024-08-01";"14:54:17";"F";"43";"148";"187";"190";"0.209";"16.7";"0.428";"95";"267";"0.644"
"2024-08-01 14:54:27.758";"2024-08-01";"14:54:27";"F";"44";"151";"181";"285";"0.166";"19.9";"0.475";"95";"267";"0.644"
"2024-08-01 14:54:37.746";"2024-08-01";"14:54:37";"F";"45";"154";"176";"420";"0.125";"22.1";"0.517";"95";"267";"0.644"
"2024-08-01 14:54:47.736";"2024-08-01";"14:54:47";"F";"46";"157";"172";"625";"0.087";"22.8";"0.552";"95";"267";"0.644"
"2024-08-01 14:54:57.727";"2024-08-01";"14:54:57";"F";"47";"158";"170";"820";"0.071";"24.5";"0.571";"95";"267";"0.644"
"2024-08-01 14:55:01.252";"2024-08-01";"14:55:01";"SLCE";"";"Light Curve end ";""
"2024-08-01 14:55:52.945";"2024-08-01";"14:55:52";"SLCS";"";"Light Curve start ";"c114"
"2024-08-01 14:55:52.945";"2024-08-01";"14:55:52";"REG1";"";"#1: alpha: 0.080, ETRm: 11.909, Ik: 148.596   ( beta: 0.018, ETRmPot: 21.150 )   (Platt et al. 1980) ";""
"2024-08-01 14:55:52.945";"2024-08-01";"14:55:52";"REG2";"";"#1: alpha: 0.072, ETRm: 11.207, Ik: 156.628   (Jassby and Platt 1976) ";""
"2024-08-01 14:55:54.341";"2024-08-01";"14:55:54";"FO";"48";"117";"167";"0";"0.299";"0.0";"-";"117";"167";"0.299"
"2024-08-01 14:56:04.336";"2024-08-01";"14:56:04";"F";"49";"130";"157";"65";"0.172";"4.7";"0.064";"117";"167";"0.299"
"2024-08-01 14:56:14.319";"2024-08-01";"14:56:14";"F";"50";"130";"154";"90";"0.156";"5.9";"0.084";"117";"167";"0.299"
"2024-08-01 14:56:24.314";"2024-08-01";"14:56:24";"F";"51";"122";"141";"125";"0.135";"7.1";"0.184";"117";"167";"0.299"
"2024-08-01 14:56:34.299";"2024-08-01";"14:56:34";"F";"52";"123";"140";"190";"0.121";"9.7";"0.193";"117";"167";"0.299"
"2024-08-01 14:56:44.296";"2024-08-01";"14:56:44";"F";"53";"126";"137";"285";"0.080";"9.6";"0.219";"117";"167";"0.299"
"2024-08-01 14:56:54.281";"2024-08-01";"14:56:54";"F";"54";"128";"138";"420";"0.072";"12.7";"0.210";"117";"167";"0.299"
"2024-08-01 14:57:04.274";"2024-08-01";"14:57:04";"F";"55";"131";"137";"625";"0.044";"11.6";"0.219";"117";"167";"0.299"
"2024-08-01 14:57:14.259";"2024-08-01";"14:57:14";"F";"56";"132";"136";"820";"0.029";"10.0";"0.228";"117";"167";"0.299"
"2024-08-01 14:57:17.635";"2024-08-01";"14:57:17";"SLCE";"";"Light Curve end ";""
"2024-08-01 14:58:46.204";"2024-08-01";"14:58:46";"SLCS";"";"Light Curve start ";"b2c01"
"2024-08-01 14:58:46.204";"2024-08-01";"14:58:46";"REG1";"";"#1: alpha: - , ETRm: - , Ik: -   ( beta: - 0.010, ETRmPot: 20.856 )   (Platt et al. 1980) ";""
"2024-08-01 14:58:46.204";"2024-08-01";"14:58:46";"REG2";"";"#1: alpha: 0.132, ETRm: 28.579, Ik: 215.824   (Jassby and Platt 1976) ";""
"2024-08-01 14:58:47.598";"2024-08-01";"14:58:47";"FO";"57";"94";"314";"0";"0.701";"0.0";"-";"94";"314";"0.701"
"2024-08-01 14:58:57.588";"2024-08-01";"14:58:57";"F";"58";"157";"248";"65";"0.367";"10.0";"0.266";"94";"314";"0.701"
"2024-08-01 14:59:07.570";"2024-08-01";"14:59:07";"F";"59";"137";"220";"90";"0.377";"14.3";"0.427";"94";"314";"0.701"
"2024-08-01 14:59:17.568";"2024-08-01";"14:59:17";"F";"60";"144";"208";"125";"0.308";"16.2";"0.510";"94";"314";"0.701"
"2024-08-01 14:59:27.557";"2024-08-01";"14:59:27";"F";"61";"152";"198";"190";"0.232";"18.5";"0.586";"94";"314";"0.701"
"2024-08-01 14:59:37.539";"2024-08-01";"14:59:37";"F";"62";"158";"192";"285";"0.177";"21.2";"0.635";"94";"314";"0.701"
"2024-08-01 14:59:47.533";"2024-08-01";"14:59:47";"F";"63";"161";"189";"420";"0.148";"26.1";"0.661";"94";"314";"0.701"
"2024-08-01 14:59:57.522";"2024-08-01";"14:59:57";"F";"64";"164";"185";"625";"0.114";"29.9";"0.697";"94";"314";"0.701"
"2024-08-01 15:00:07.513";"2024-08-01";"15:00:07";"F";"65";"166";"182";"820";"0.088";"30.3";"0.725";"94";"314";"0.701"
"2024-08-01 15:00:10.622";"2024-08-01";"15:00:10";"SLCE";"";"Light Curve end ";""
"2024-08-01 15:05:05.322";"2024-08-01";"15:05:05";"SLCS";"";"Light Curve start ";"c112"
"2024-08-01 15:05:05.322";"2024-08-01";"15:05:05";"REG1";"";"#1: alpha: - , ETRm: - , Ik: -   ( beta: - 0.002, ETRmPot: 26.691 )   (Platt et al. 1980) ";""
"2024-08-01 15:05:05.322";"2024-08-01";"15:05:05";"REG2";"";"#1: alpha: 0.140, ETRm: 27.144, Ik: 194.175   (Jassby and Platt 1976) ";""
"2024-08-01 15:05:06.728";"2024-08-01";"15:05:06";"FO";"66";"92";"274";"0";"0.664";"0.0";"-";"92";"274";"0.664"
"2024-08-01 15:05:16.718";"2024-08-01";"15:05:16";"F";"67";"148";"230";"65";"0.357";"9.7";"0.191";"92";"274";"0.664"
"2024-08-01 15:05:26.704";"2024-08-01";"15:05:26";"F";"68";"143";"211";"90";"0.322";"12.2";"0.299";"92";"274";"0.664"
"2024-08-01 15:05:36.696";"2024-08-01";"15:05:36";"F";"69";"141";"201";"125";"0.299";"15.7";"0.363";"92";"274";"0.664"
"2024-08-01 15:05:46.683";"2024-08-01";"15:05:46";"F";"70";"144";"191";"190";"0.246";"19.6";"0.435";"92";"274";"0.664"
"2024-08-01 15:05:56.667";"2024-08-01";"15:05:56";"F";"71";"148";"184";"285";"0.196";"23.5";"0.489";"92";"274";"0.664"
"2024-08-01 15:06:06.659";"2024-08-01";"15:06:06";"F";"72";"151";"178";"420";"0.152";"26.8";"0.539";"92";"274";"0.664"
"2024-08-01 15:06:16.649";"2024-08-01";"15:06:16";"F";"73";"155";"172";"625";"0.099";"26.0";"0.593";"92";"274";"0.664"
"2024-08-01 15:06:26.639";"2024-08-01";"15:06:26";"F";"74";"154";"168";"820";"0.083";"28.6";"0.631";"92";"274";"0.664"
"2024-08-01 15:06:29.746";"2024-08-01";"15:06:29";"SLCE";"";"Light Curve end ";""
"2024-08-01 15:07:13.316";"2024-08-01";"15:07:13";"SLCS";"";"Light Curve start ";"b3c06"
"2024-08-01 15:07:13.316";"2024-08-01";"15:07:13";"REG1";"";"#1: alpha: - , ETRm: - , Ik: -   ( beta: - 0.006, ETRmPot: 11.105 )   (Platt et al. 1980) ";""
"2024-08-01 15:07:13.316";"2024-08-01";"15:07:13";"REG2";"";"#1: alpha: 0.117, ETRm: 14.948, Ik: 127.483   (Jassby and Platt 1976) ";""
"2024-08-01 15:07:14.718";"2024-08-01";"15:07:14";"FO";"75";"110";"326";"0";"0.663";"0.0";"-";"110";"326";"0.663"
"2024-08-01 15:07:24.702";"2024-08-01";"15:07:24";"F";"76";"186";"273";"65";"0.319";"8.7";"0.194";"110";"326";"0.663"
"2024-08-01 15:07:34.701";"2024-08-01";"15:07:34";"F";"77";"189";"257";"90";"0.265";"10.0";"0.268";"110";"326";"0.663"
"2024-08-01 15:07:44.681";"2024-08-01";"15:07:44";"F";"78";"197";"246";"125";"0.199";"10.4";"0.325";"110";"326";"0.663"
"2024-08-01 15:07:54.673";"2024-08-01";"15:07:54";"F";"79";"203";"238";"190";"0.147";"11.7";"0.370";"110";"326";"0.663"
"2024-08-01 15:08:04.667";"2024-08-01";"15:08:04";"F";"80";"207";"231";"285";"0.104";"12.4";"0.411";"110";"326";"0.663"
"2024-08-01 15:08:14.649";"2024-08-01";"15:08:14";"F";"81";"208";"228";"420";"0.088";"15.5";"0.430";"110";"326";"0.663"
"2024-08-01 15:08:24.640";"2024-08-01";"15:08:24";"F";"82";"210";"223";"625";"0.058";"15.2";"0.462";"110";"326";"0.663"
"2024-08-01 15:08:34.632";"2024-08-01";"15:08:34";"F";"83";"208";"219";"820";"0.050";"17.2";"0.489";"110";"326";"0.663"
"2024-08-01 15:08:38.030";"2024-08-01";"15:08:38";"SLCE";"";"Light Curve end ";""
"2024-08-01 15:10:06.723";"2024-08-01";"15:10:06";"SLCS";"";"Light Curve start ";"a2c03"
"2024-08-01 15:10:06.723";"2024-08-01";"15:10:06";"REG1";"";"#1: alpha: - , ETRm: - , Ik: -   ( beta: - 0.006, ETRmPot: 21.981 )   (Platt et al. 1980) ";""
"2024-08-01 15:10:06.723";"2024-08-01";"15:10:06";"REG2";"";"#1: alpha: 0.129, ETRm: 26.079, Ik: 201.974   (Jassby and Platt 1976) ";""
"2024-08-01 15:10:08.120";"2024-08-01";"15:10:08";"FO";"84";"109";"327";"0";"0.667";"0.0";"-";"109";"327";"0.667"
"2024-08-01 15:10:18.103";"2024-08-01";"15:10:18";"F";"85";"185";"284";"65";"0.349";"9.5";"0.151";"109";"327";"0.667"
"2024-08-01 15:10:28.093";"2024-08-01";"15:10:28";"F";"86";"183";"271";"90";"0.325";"12.3";"0.207";"109";"327";"0.667"
"2024-08-01 15:10:38.082";"2024-08-01";"15:10:38";"F";"87";"183";"255";"125";"0.282";"14.8";"0.282";"109";"327";"0.667"
"2024-08-01 15:10:48.071";"2024-08-01";"15:10:48";"F";"88";"189";"246";"190";"0.232";"18.5";"0.329";"109";"327";"0.667"
"2024-08-01 15:10:58.070";"2024-08-01";"15:10:58";"F";"89";"194";"234";"285";"0.171";"20.5";"0.397";"109";"327";"0.667"
"2024-08-01 15:11:08.058";"2024-08-01";"15:11:08";"F";"90";"194";"226";"420";"0.142";"25.0";"0.447";"109";"327";"0.667"
"2024-08-01 15:11:18.039";"2024-08-01";"15:11:18";"F";"91";"197";"219";"625";"0.100";"26.3";"0.493";"109";"327";"0.667"
"2024-08-01 15:11:28.038";"2024-08-01";"15:11:28";"F";"92";"196";"213";"820";"0.080";"27.6";"0.535";"109";"327";"0.667"
"2024-08-01 15:11:31.738";"2024-08-01";"15:11:31";"SLCE";"";"Light Curve end ";""
"2024-08-01 15:25:38.316";"2024-08-01";"15:25:38";"SLCS";"";"Light Curve start ";"a2t03"
"2024-08-01 15:25:38.316";"2024-08-01";"15:25:38";"REG1";"";"#1: alpha: 0.288, ETRm: 47.429, Ik: 164.861   ( beta: 0.007, ETRmPot: 53.061 )   (Platt et al. 1980) ";""
"2024-08-01 15:25:38.316";"2024-08-01";"15:25:38";"REG2";"";"#1: alpha: 0.229, ETRm: 46.893, Ik: 205.179   (Jassby and Platt 1976) ";""
"2024-08-01 15:25:39.721";"2024-08-01";"15:25:39";"FO";"93";"54";"166";"0";"0.675";"0.0";"-";"54";"166";"0.675"
"2024-08-01 15:25:49.702";"2024-08-01";"15:25:49";"F";"94";"64";"149";"65";"0.570";"15.6";"0.114";"54";"166";"0.675"
"2024-08-01 15:25:59.692";"2024-08-01";"15:25:59";"F";"95";"64";"140";"90";"0.543";"20.5";"0.186";"54";"166";"0.675"
"2024-08-01 15:26:09.686";"2024-08-01";"15:26:09";"F";"96";"65";"129";"125";"0.496";"26.0";"0.287";"54";"166";"0.675"
"2024-08-01 15:26:19.677";"2024-08-01";"15:26:19";"F";"97";"69";"117";"190";"0.410";"32.7";"0.419";"54";"166";"0.675"
"2024-08-01 15:26:29.661";"2024-08-01";"15:26:29";"F";"98";"72";"108";"285";"0.333";"39.9";"0.537";"54";"166";"0.675"
"2024-08-01 15:26:39.652";"2024-08-01";"15:26:39";"F";"99";"76";"103";"420";"0.262";"46.2";"0.612";"54";"166";"0.675"
"2024-08-01 15:26:49.644";"2024-08-01";"15:26:49";"F";"100";"79";"96";"625";"0.177";"46.5";"0.729";"54";"166";"0.675"
"2024-08-01 15:26:59.635";"2024-08-01";"15:26:59";"F";"101";"81";"94";"820";"0.138";"47.5";"0.766";"54";"166";"0.675"
"2024-08-01 15:27:02.966";"2024-08-01";"15:27:02";"SLCE";"";"Light Curve end ";""
"2024-08-01 15:29:17.407";"2024-08-01";"15:29:17";"SLCS";"";"Light Curve start ";"b3t02"
"2024-08-01 15:29:17.407";"2024-08-01";"15:29:17";"REG1";"";"#1: alpha: - , ETRm: - , Ik: -   ( beta: - 0.004, ETRmPot: 23.404 )   (Platt et al. 1980) ";""
"2024-08-01 15:29:17.407";"2024-08-01";"15:29:17";"REG2";"";"#1: alpha: 0.198, ETRm: 25.673, Ik: 129.513   (Jassby and Platt 1976) ";""
"2024-08-01 15:29:18.808";"2024-08-01";"15:29:18";"FO";"102";"88";"318";"0";"0.723";"0.0";"-";"88";"318";"0.723"
"2024-08-01 15:29:28.790";"2024-08-01";"15:29:28";"F";"103";"118";"226";"65";"0.478";"13.0";"0.407";"88";"318";"0.723"
"2024-08-01 15:29:38.788";"2024-08-01";"15:29:38";"F";"104";"108";"187";"90";"0.422";"16.0";"0.701";"88";"318";"0.723"
"2024-08-01 15:29:48.776";"2024-08-01";"15:29:48";"F";"105";"107";"166";"125";"0.355";"18.6";"0.916";"88";"318";"0.723"
"2024-08-01 15:29:58.767";"2024-08-01";"15:29:58";"F";"106";"110";"152";"190";"0.276";"22.0";"1.092";"88";"318";"0.723"
"2024-08-01 15:30:08.748";"2024-08-01";"15:30:08";"F";"107";"113";"141";"285";"0.199";"23.8";"1.255";"88";"318";"0.723"
"2024-08-01 15:30:18.743";"2024-08-01";"15:30:18";"F";"108";"114";"133";"420";"0.143";"25.2";"1.391";"88";"318";"0.723"
"2024-08-01 15:30:28.726";"2024-08-01";"15:30:28";"F";"109";"117";"130";"625";"0.100";"26.3";"1.446";"88";"318";"0.723"
"2024-08-01 15:30:38.718";"2024-08-01";"15:30:38";"F";"110";"117";"127";"820";"0.079";"27.2";"1.504";"88";"318";"0.723"
"2024-08-01 15:30:42.144";"2024-08-01";"15:30:42";"SLCE";"";"Light Curve end ";""
"2024-08-01 15:32:09.749";"2024-08-01";"15:32:09";"SLCS";"";"Light Curve start ";"b3t05"
"2024-08-01 15:32:09.749";"2024-08-01";"15:32:09";"REG1";"";"#1: alpha: - , ETRm: - , Ik: -   ( beta: - 0.008, ETRmPot: 23.623 )   (Platt et al. 1980) ";""
"2024-08-01 15:32:09.749";"2024-08-01";"15:32:09";"REG2";"";"#1: alpha: 0.173, ETRm: 28.409, Ik: 164.068   (Jassby and Platt 1976) ";""
"2024-08-01 15:32:11.156";"2024-08-01";"15:32:11";"FO";"111";"92";"287";"0";"0.679";"0.0";"-";"92";"287";"0.679"
"2024-08-01 15:32:21.140";"2024-08-01";"15:32:21";"F";"112";"145";"277";"65";"0.477";"13.0";"0.036";"92";"287";"0.679"
"2024-08-01 15:32:31.138";"2024-08-01";"15:32:31";"F";"113";"160";"276";"90";"0.420";"15.9";"0.040";"92";"287";"0.679"
"2024-08-01 15:32:41.121";"2024-08-01";"15:32:41";"F";"114";"174";"263";"125";"0.338";"17.7";"0.091";"92";"287";"0.679"
"2024-08-01 15:32:51.117";"2024-08-01";"15:32:51";"F";"115";"183";"250";"190";"0.268";"21.4";"0.148";"92";"287";"0.679"
"2024-08-01 15:33:01.101";"2024-08-01";"15:33:01";"F";"116";"190";"238";"285";"0.202";"24.2";"0.206";"92";"287";"0.679"
"2024-08-01 15:33:11.089";"2024-08-01";"15:33:11";"F";"117";"194";"230";"420";"0.157";"27.7";"0.248";"92";"287";"0.679"
"2024-08-01 15:33:21.086";"2024-08-01";"15:33:21";"F";"118";"198";"223";"625";"0.112";"29.4";"0.287";"92";"287";"0.679"
"2024-08-01 15:33:31.071";"2024-08-01";"15:33:31";"F";"119";"197";"216";"820";"0.088";"30.3";"0.329";"92";"287";"0.679"
"2024-08-01 15:33:34.880";"2024-08-01";"15:33:34";"SLCE";"";"Light Curve end ";""
"2024-08-01 15:41:53.033";"2024-08-01";"15:41:53";"SLCS";"";"Light Curve start ";"a3t10"
"2024-08-01 15:41:53.033";"2024-08-01";"15:41:53";"REG1";"";"#1: alpha: - , ETRm: - , Ik: -   ( beta: - 0.008, ETRmPot: 20.927 )   (Platt et al. 1980) ";""
"2024-08-01 15:41:53.033";"2024-08-01";"15:41:53";"REG2";"";"#1: alpha: 0.145, ETRm: 26.573, Ik: 182.862   (Jassby and Platt 1976) ";""
"2024-08-01 15:41:54.428";"2024-08-01";"15:41:54";"FO";"120";"91";"213";"0";"0.573";"0.0";"-";"91";"213";"0.573"
"2024-08-01 15:42:04.414";"2024-08-01";"15:42:04";"F";"121";"117";"193";"65";"0.394";"10.8";"0.104";"91";"213";"0.573"
"2024-08-01 15:42:14.400";"2024-08-01";"15:42:14";"F";"122";"120";"185";"90";"0.351";"13.3";"0.151";"91";"213";"0.573"
"2024-08-01 15:42:24.388";"2024-08-01";"15:42:24";"F";"123";"126";"182";"125";"0.308";"16.2";"0.170";"91";"213";"0.573"
"2024-08-01 15:42:34.384";"2024-08-01";"15:42:34";"F";"124";"134";"176";"190";"0.239";"19.1";"0.210";"91";"213";"0.573"
"2024-08-01 15:42:44.368";"2024-08-01";"15:42:44";"F";"125";"139";"171";"285";"0.187";"22.4";"0.246";"91";"213";"0.573"
"2024-08-01 15:42:54.356";"2024-08-01";"15:42:54";"F";"126";"143";"167";"420";"0.144";"25.4";"0.275";"91";"213";"0.573"
"2024-08-01 15:43:04.345";"2024-08-01";"15:43:04";"F";"127";"148";"164";"625";"0.098";"25.7";"0.299";"91";"213";"0.573"
"2024-08-01 15:43:14.339";"2024-08-01";"15:43:14";"F";"128";"149";"163";"820";"0.086";"29.6";"0.307";"91";"213";"0.573"
"2024-08-01 15:43:18.002";"2024-08-01";"15:43:18";"SLCE";"";"Light Curve end ";""
"2024-08-01 15:44:16.615";"2024-08-01";"15:44:16";"SLCS";"";"Light Curve start ";"t116"
"2024-08-01 15:44:16.615";"2024-08-01";"15:44:16";"REG1";"";"#1: alpha: - , ETRm: - , Ik: -   ( beta: - 0.008, ETRmPot: 15.997 )   (Platt et al. 1980) ";""
"2024-08-01 15:44:16.615";"2024-08-01";"15:44:16";"REG2";"";"#1: alpha: 0.123, ETRm: 21.269, Ik: 173.418   (Jassby and Platt 1976) ";""
"2024-08-01 15:44:18.012";"2024-08-01";"15:44:18";"FO";"129";"78";"241";"0";"0.676";"0.0";"-";"78";"241";"0.676"
"2024-08-01 15:44:28.009";"2024-08-01";"15:44:28";"F";"130";"108";"163";"65";"0.337";"9.2";"0.479";"78";"241";"0.676"
"2024-08-01 15:44:37.987";"2024-08-01";"15:44:37";"F";"131";"104";"151";"90";"0.311";"11.8";"0.596";"78";"241";"0.676"
"2024-08-01 15:44:47.987";"2024-08-01";"15:44:47";"F";"132";"107";"142";"125";"0.246";"12.9";"0.697";"78";"241";"0.676"
"2024-08-01 15:44:57.971";"2024-08-01";"15:44:57";"F";"133";"109";"135";"190";"0.193";"15.4";"0.785";"78";"241";"0.676"
"2024-08-01 15:45:07.961";"2024-08-01";"15:45:07";"F";"134";"113";"133";"285";"0.150";"18.0";"0.812";"78";"241";"0.676"
"2024-08-01 15:45:17.948";"2024-08-01";"15:45:17";"F";"135";"116";"131";"420";"0.115";"20.3";"0.840";"78";"241";"0.676"
"2024-08-01 15:45:27.940";"2024-08-01";"15:45:27";"F";"136";"117";"127";"625";"0.079";"20.7";"0.898";"78";"241";"0.676"
"2024-08-01 15:45:37.928";"2024-08-01";"15:45:37";"F";"137";"119";"128";"820";"0.070";"24.1";"0.883";"78";"241";"0.676"
"2024-08-01 15:45:41.647";"2024-08-01";"15:45:41";"SLCE";"";"Light Curve end ";""
"2024-08-01 15:47:40.742";"2024-08-01";"15:47:40";"SLCS";"";"Light Curve start ";"b3t08"
"2024-08-01 15:47:40.742";"2024-08-01";"15:47:40";"REG1";"";"#1: alpha: - , ETRm: - , Ik: -   ( beta: - 0.003, ETRmPot: 10.279 )   (Platt et al. 1980) ";""
"2024-08-01 15:47:40.742";"2024-08-01";"15:47:40";"REG2";"";"#1: alpha: 0.142, ETRm: 11.819, Ik: 83.379   (Jassby and Platt 1976) ";""
"2024-08-01 15:47:42.139";"2024-08-01";"15:47:42";"FO";"138";"158";"406";"0";"0.611";"0.0";"-";"158";"406";"0.611"
"2024-08-01 15:47:52.137";"2024-08-01";"15:47:52";"F";"139";"206";"303";"65";"0.320";"8.7";"0.340";"158";"406";"0.611"
"2024-08-01 15:48:02.120";"2024-08-01";"15:48:02";"F";"140";"210";"278";"90";"0.245";"9.3";"0.460";"158";"406";"0.611"
"2024-08-01 15:48:12.108";"2024-08-01";"15:48:12";"F";"141";"217";"265";"125";"0.181";"9.5";"0.532";"158";"406";"0.611"
"2024-08-01 15:48:22.098";"2024-08-01";"15:48:22";"F";"142";"222";"256";"190";"0.133";"10.6";"0.586";"158";"406";"0.611"
"2024-08-01 15:48:32.087";"2024-08-01";"15:48:32";"F";"143";"226";"251";"285";"0.100";"12.0";"0.618";"158";"406";"0.611"
"2024-08-01 15:48:42.099";"2024-08-01";"15:48:42";"F";"144";"229";"245";"420";"0.065";"11.5";"0.657";"158";"406";"0.611"
"2024-08-01 15:48:52.095";"2024-08-01";"15:48:52";"F";"145";"229";"240";"625";"0.046";"12.1";"0.692";"158";"406";"0.611"
"2024-08-01 15:49:02.080";"2024-08-01";"15:49:02";"F";"146";"228";"237";"820";"0.038";"13.1";"0.713";"158";"406";"0.611"
"2024-08-01 15:49:05.359";"2024-08-01";"15:49:05";"SLCE";"";"Light Curve end ";""
"2024-08-01 15:50:06.686";"2024-08-01";"15:50:06";"SLCS";"";"Light Curve start ";"t115"
"2024-08-01 15:50:06.686";"2024-08-01";"15:50:06";"REG1";"";"#1: alpha: - , ETRm: - , Ik: -   ( beta: - 0.006, ETRmPot: 15.057 )   (Platt et al. 1980) ";""
"2024-08-01 15:50:06.686";"2024-08-01";"15:50:06";"REG2";"";"#1: alpha: 0.129, ETRm: 19.100, Ik: 147.935   (Jassby and Platt 1976) ";""
"2024-08-01 15:50:08.072";"2024-08-01";"15:50:08";"FO";"147";"81";"284";"0";"0.715";"0.0";"-";"81";"284";"0.715"
"2024-08-01 15:50:18.062";"2024-08-01";"15:50:18";"F";"148";"144";"244";"65";"0.410";"11.2";"0.164";"81";"284";"0.715"
"2024-08-01 15:50:28.056";"2024-08-01";"15:50:28";"F";"149";"155";"223";"90";"0.305";"11.5";"0.274";"81";"284";"0.715"
"2024-08-01 15:50:38.046";"2024-08-01";"15:50:38";"F";"150";"163";"211";"125";"0.227";"11.9";"0.346";"81";"284";"0.715"
"2024-08-01 15:50:48.038";"2024-08-01";"15:50:48";"F";"151";"169";"205";"190";"0.176";"14.0";"0.385";"81";"284";"0.715"
"2024-08-01 15:50:58.020";"2024-08-01";"15:50:58";"F";"152";"174";"201";"285";"0.134";"16.0";"0.413";"81";"284";"0.715"
"2024-08-01 15:51:08.016";"2024-08-01";"15:51:08";"F";"153";"175";"197";"420";"0.112";"19.8";"0.442";"81";"284";"0.715"
"2024-08-01 15:51:18.005";"2024-08-01";"15:51:18";"F";"154";"178";"193";"625";"0.078";"20.5";"0.472";"81";"284";"0.715"
"2024-08-01 15:51:27.989";"2024-08-01";"15:51:27";"F";"155";"179";"190";"820";"0.058";"20.0";"0.495";"81";"284";"0.715"
"2024-08-01 15:51:31.742";"2024-08-01";"15:51:31";"SLCE";"";"Light Curve end ";""
"2024-08-01 15:52:16.930";"2024-08-01";"15:52:16";"SLCS";"";"Light Curve start ";"b3t04"
"2024-08-01 15:52:16.930";"2024-08-01";"15:52:16";"REG1";"";"#1: alpha: - , ETRm: - , Ik: -   ( beta: - 0.003, ETRmPot: 20.725 )   (Platt et al. 1980) ";""
"2024-08-01 15:52:16.930";"2024-08-01";"15:52:16";"REG2";"";"#1: alpha: 0.156, ETRm: 22.340, Ik: 143.421   (Jassby and Platt 1976) ";""
"2024-08-01 15:52:18.333";"2024-08-01";"15:52:18";"FO";"156";"76";"289";"0";"0.737";"0.0";"-";"76";"289";"0.737"
"2024-08-01 15:52:28.321";"2024-08-01";"15:52:28";"F";"157";"101";"180";"65";"0.439";"12.0";"0.606";"76";"289";"0.737"
"2024-08-01 15:52:38.303";"2024-08-01";"15:52:38";"F";"158";"100";"155";"90";"0.355";"13.4";"0.865";"76";"289";"0.737"
"2024-08-01 15:52:48.293";"2024-08-01";"15:52:48";"F";"159";"102";"144";"125";"0.292";"15.3";"1.007";"76";"289";"0.737"
"2024-08-01 15:52:58.288";"2024-08-01";"15:52:58";"F";"160";"108";"136";"190";"0.206";"16.4";"1.125";"76";"289";"0.737"
"2024-08-01 15:53:08.280";"2024-08-01";"15:53:08";"F";"161";"111";"133";"285";"0.165";"19.8";"1.173";"76";"289";"0.737"
"2024-08-01 15:53:18.267";"2024-08-01";"15:53:18";"F";"162";"113";"130";"420";"0.131";"23.1";"1.223";"76";"289";"0.737"
"2024-08-01 15:53:28.250";"2024-08-01";"15:53:28";"F";"163";"116";"128";"625";"0.094";"24.7";"1.258";"76";"289";"0.737"
"2024-08-01 15:53:38.247";"2024-08-01";"15:53:38";"F";"164";"117";"125";"820";"0.064";"22.0";"1.312";"76";"289";"0.737"
"2024-08-01 15:53:41.811";"2024-08-01";"15:53:41";"SLCE";"";"Light Curve end ";""
"2024-08-01 15:54:26.168";"2024-08-01";"15:54:26";"SLCS";"";"Light Curve start ";"a2t06"
"2024-08-01 15:54:26.168";"2024-08-01";"15:54:26";"REG1";"";"#1: alpha: 0.212, ETRm: 18.277, Ik: 86.310   ( beta: 0.005, ETRmPot: 20.508 )   (Platt et al. 1980) ";""
"2024-08-01 15:54:26.168";"2024-08-01";"15:54:26";"REG2";"";"#1: alpha: 0.173, ETRm: 17.505, Ik: 100.959   (Jassby and Platt 1976) ";""
"2024-08-01 15:54:27.563";"2024-08-01";"15:54:27";"FO";"165";"142";"371";"0";"0.617";"0.0";"-";"142";"371";"0.617"
"2024-08-01 15:54:37.547";"2024-08-01";"15:54:37";"F";"166";"193";"326";"65";"0.408";"11.1";"0.138";"142";"371";"0.617"
"2024-08-01 15:54:47.545";"2024-08-01";"15:54:47";"F";"167";"205";"306";"90";"0.330";"12.5";"0.212";"142";"371";"0.617"
"2024-08-01 15:54:57.529";"2024-08-01";"15:54:57";"F";"168";"214";"290";"125";"0.262";"13.8";"0.279";"142";"371";"0.617"
"2024-08-01 15:55:07.515";"2024-08-01";"15:55:07";"F";"169";"223";"277";"190";"0.195";"15.6";"0.339";"142";"371";"0.617"
"2024-08-01 15:55:17.507";"2024-08-01";"15:55:17";"F";"170";"228";"267";"285";"0.146";"17.5";"0.390";"142";"371";"0.617"
"2024-08-01 15:55:27.502";"2024-08-01";"15:55:27";"F";"171";"230";"258";"420";"0.109";"19.2";"0.438";"142";"371";"0.617"
"2024-08-01 15:55:37.486";"2024-08-01";"15:55:37";"F";"172";"233";"251";"625";"0.072";"18.9";"0.478";"142";"371";"0.617"
"2024-08-01 15:55:47.482";"2024-08-01";"15:55:47";"F";"173";"234";"245";"820";"0.045";"15.5";"0.514";"142";"371";"0.617"
"2024-08-01 15:55:50.933";"2024-08-01";"15:55:50";"SLCE";"";"Light Curve end ";""
"2024-08-01 15:57:22.404";"2024-08-01";"15:57:22";"SLCS";"";"Light Curve start ";"t117"
"2024-08-01 15:57:22.404";"2024-08-01";"15:57:22";"REG1";"";"#1: alpha: 0.305, ETRm: 10.643, Ik: 34.888   ( beta: 0.000, ETRmPot: 10.712 )   (Platt et al. 1980) ";""
"2024-08-01 15:57:22.404";"2024-08-01";"15:57:22";"REG2";"";"#1: alpha: 0.202, ETRm: 10.585, Ik: 52.296   (Jassby and Platt 1976) ";""
"2024-08-01 15:57:23.791";"2024-08-01";"15:57:23";"FO";"174";"219";"600";"0";"0.635";"0.0";"-";"219";"600";"0.635"
"2024-08-01 15:57:33.782";"2024-08-01";"15:57:33";"F";"175";"322";"477";"65";"0.325";"8.9";"0.258";"219";"600";"0.635"
"2024-08-01 15:57:43.775";"2024-08-01";"15:57:43";"F";"176";"328";"446";"90";"0.265";"10.0";"0.345";"219";"600";"0.635"
"2024-08-01 15:57:53.765";"2024-08-01";"15:57:53";"F";"177";"343";"429";"125";"0.200";"10.5";"0.399";"219";"600";"0.635"
"2024-08-01 15:58:03.752";"2024-08-01";"15:58:03";"F";"178";"361";"415";"190";"0.130";"10.4";"0.446";"219";"600";"0.635"
"2024-08-01 15:58:13.736";"2024-08-01";"15:58:13";"F";"179";"368";"404";"285";"0.089";"10.7";"0.485";"219";"600";"0.635"
"2024-08-01 15:58:23.733";"2024-08-01";"15:58:23";"F";"180";"371";"395";"420";"0.061";"10.8";"0.519";"219";"600";"0.635"
"2024-08-01 15:58:33.721";"2024-08-01";"15:58:33";"F";"181";"372";"387";"625";"0.039";"10.2";"0.550";"219";"600";"0.635"
"2024-08-01 15:58:43.729";"2024-08-01";"15:58:43";"F";"182";"371";"383";"820";"0.031";"10.7";"0.567";"219";"600";"0.635"
"2024-08-01 15:58:47.349";"2024-08-01";"15:58:47";"SLCE";"";"Light Curve end ";""
"2024-08-01 16:14:48.916";"2024-08-01";"16:14:48";"SLCS";"";"Light Curve start ";"a2c05"
"2024-08-01 16:14:48.916";"2024-08-01";"16:14:48";"REG1";"";"#1: alpha: - , ETRm: - , Ik: -   ( beta: - 0.005, ETRmPot: 29.332 )   (Platt et al. 1980) ";""
"2024-08-01 16:14:48.916";"2024-08-01";"16:14:48";"REG2";"";"#1: alpha: 0.197, ETRm: 32.334, Ik: 164.391   (Jassby and Platt 1976) ";""
"2024-08-01 16:14:50.312";"2024-08-01";"16:14:50";"FO";"183";"178";"459";"0";"0.612";"0.0";"-";"178";"459";"0.612"
"2024-08-01 16:15:00.309";"2024-08-01";"16:15:00";"F";"184";"209";"440";"65";"0.525";"14.3";"0.043";"178";"459";"0.612"
"2024-08-01 16:15:10.299";"2024-08-01";"16:15:10";"F";"185";"218";"402";"90";"0.458";"17.3";"0.142";"178";"459";"0.612"
"2024-08-01 16:15:20.280";"2024-08-01";"16:15:20";"F";"186";"235";"380";"125";"0.382";"20.1";"0.208";"178";"459";"0.612"
"2024-08-01 16:15:30.268";"2024-08-01";"16:15:30";"F";"187";"248";"361";"190";"0.313";"25.0";"0.271";"178";"459";"0.612"
"2024-08-01 16:15:40.261";"2024-08-01";"16:15:40";"F";"188";"261";"344";"285";"0.241";"28.8";"0.334";"178";"459";"0.612"
"2024-08-01 16:15:50.257";"2024-08-01";"16:15:50";"F";"189";"274";"333";"420";"0.177";"31.2";"0.378";"178";"459";"0.612"
"2024-08-01 16:16:00.238";"2024-08-01";"16:16:00";"F";"190";"282";"323";"625";"0.127";"33.3";"0.421";"178";"459";"0.612"
"2024-08-01 16:16:10.228";"2024-08-01";"16:16:10";"F";"191";"284";"315";"820";"0.098";"33.8";"0.457";"178";"459";"0.612"
"2024-08-01 16:16:13.923";"2024-08-01";"16:16:13";"SLCE";"";"Light Curve end ";""
"2024-08-01 16:16:52.354";"2024-08-01";"16:16:52";"SLCS";"";"Light Curve start ";"b3c10"
"2024-08-01 16:16:52.354";"2024-08-01";"16:16:52";"REG1";"";"#1: alpha: - , ETRm: - , Ik: -   ( beta: - 0.004, ETRmPot: 30.081 )   (Platt et al. 1980) ";""
"2024-08-01 16:16:52.354";"2024-08-01";"16:16:52";"REG2";"";"#1: alpha: 0.222, ETRm: 31.770, Ik: 142.960   (Jassby and Platt 1976) ";""
"2024-08-01 16:16:53.744";"2024-08-01";"16:16:53";"FO";"192";"137";"394";"0";"0.652";"0.0";"-";"137";"394";"0.652"
"2024-08-01 16:17:03.740";"2024-08-01";"16:17:03";"F";"193";"153";"348";"65";"0.560";"15.3";"0.132";"137";"394";"0.652"
"2024-08-01 16:17:13.725";"2024-08-01";"16:17:13";"F";"194";"155";"301";"90";"0.485";"18.3";"0.309";"137";"394";"0.652"
"2024-08-01 16:17:23.713";"2024-08-01";"16:17:23";"F";"195";"158";"270";"125";"0.415";"21.8";"0.459";"137";"394";"0.652"
"2024-08-01 16:17:33.711";"2024-08-01";"16:17:33";"F";"196";"167";"247";"190";"0.324";"25.9";"0.595";"137";"394";"0.652"
"2024-08-01 16:17:43.696";"2024-08-01";"16:17:43";"F";"197";"174";"232";"285";"0.250";"29.9";"0.698";"137";"394";"0.652"
"2024-08-01 16:17:53.687";"2024-08-01";"16:17:53";"F";"198";"181";"220";"420";"0.177";"31.2";"0.791";"137";"394";"0.652"
"2024-08-01 16:18:03.672";"2024-08-01";"16:18:03";"F";"199";"186";"212";"625";"0.123";"32.3";"0.858";"137";"394";"0.652"
"2024-08-01 16:18:13.661";"2024-08-01";"16:18:13";"F";"200";"188";"208";"820";"0.096";"33.1";"0.894";"137";"394";"0.652"
"2024-08-01 16:18:17.630";"2024-08-01";"16:18:17";"SLCE";"";"Light Curve end ";""
"2024-08-01 16:19:21.942";"2024-08-01";"16:19:21";"SLCS";"";"Light Curve start ";"c115"
"2024-08-01 16:19:21.942";"2024-08-01";"16:19:21";"REG1";"";"#1: alpha: 0.292, ETRm: 42.011, Ik: 143.770   ( beta: 0.004, ETRmPot: 45.290 )   (Platt et al. 1980) ";""
"2024-08-01 16:19:21.942";"2024-08-01";"16:19:21";"REG2";"";"#1: alpha: 0.230, ETRm: 41.438, Ik: 180.459   (Jassby and Platt 1976) ";""
"2024-08-01 16:19:23.325";"2024-08-01";"16:19:23";"FO";"201";"84";"235";"0";"0.643";"0.0";"-";"84";"235";"0.643"
"2024-08-01 16:19:33.319";"2024-08-01";"16:19:33";"F";"202";"102";"232";"65";"0.560";"15.3";"0.013";"84";"235";"0.643"
"2024-08-01 16:19:43.305";"2024-08-01";"16:19:43";"F";"203";"106";"221";"90";"0.520";"19.7";"0.063";"84";"235";"0.643"
"2024-08-01 16:19:53.302";"2024-08-01";"16:19:53";"F";"204";"111";"209";"125";"0.469";"24.6";"0.124";"84";"235";"0.643"
"2024-08-01 16:20:03.291";"2024-08-01";"16:20:03";"F";"205";"117";"195";"190";"0.400";"31.9";"0.205";"84";"235";"0.643"
"2024-08-01 16:20:13.279";"2024-08-01";"16:20:13";"F";"206";"127";"185";"285";"0.314";"37.6";"0.270";"84";"235";"0.643"
"2024-08-01 16:20:23.268";"2024-08-01";"16:20:23";"F";"207";"137";"176";"420";"0.222";"39.2";"0.335";"84";"235";"0.643"
"2024-08-01 16:20:33.261";"2024-08-01";"16:20:33";"F";"208";"142";"170";"625";"0.165";"43.3";"0.382";"84";"235";"0.643"
"2024-08-01 16:20:43.251";"2024-08-01";"16:20:43";"F";"209";"146";"166";"820";"0.120";"41.3";"0.416";"84";"235";"0.643"
"2024-08-01 16:20:46.732";"2024-08-01";"16:20:46";"SLCE";"";"Light Curve end ";""
"2024-08-01 16:22:57.274";"2024-08-01";"16:22:57";"SLCS";"";"Light Curve start ";"c116"
"2024-08-01 16:22:57.274";"2024-08-01";"16:22:57";"REG1";"";"#1: alpha: - , ETRm: - , Ik: -   ( beta: - 0.010, ETRmPot: 20.594 )   (Platt et al. 1980) ";""
"2024-08-01 16:22:57.274";"2024-08-01";"16:22:57";"REG2";"";"#1: alpha: 0.195, ETRm: 27.155, Ik: 138.979   (Jassby and Platt 1976) ";""
"2024-08-01 16:22:58.664";"2024-08-01";"16:22:58";"FO";"210";"104";"301";"0";"0.654";"0.0";"-";"104";"301";"0.654"
"2024-08-01 16:23:08.662";"2024-08-01";"16:23:08";"F";"211";"131";"252";"65";"0.480";"13.1";"0.194";"104";"301";"0.654"
"2024-08-01 16:23:18.651";"2024-08-01";"16:23:18";"F";"212";"129";"232";"90";"0.444";"16.8";"0.297";"104";"301";"0.654"
"2024-08-01 16:23:28.638";"2024-08-01";"16:23:28";"F";"213";"133";"209";"125";"0.364";"19.1";"0.440";"104";"301";"0.654"
"2024-08-01 16:23:38.628";"2024-08-01";"16:23:38";"F";"214";"140";"194";"190";"0.278";"22.2";"0.552";"104";"301";"0.654"
"2024-08-01 16:23:48.618";"2024-08-01";"16:23:48";"F";"215";"147";"183";"285";"0.197";"23.6";"0.645";"104";"301";"0.654"
"2024-08-01 16:23:58.604";"2024-08-01";"16:23:58";"F";"216";"151";"177";"420";"0.147";"25.9";"0.701";"104";"301";"0.654"
"2024-08-01 16:24:08.593";"2024-08-01";"16:24:08";"F";"217";"154";"171";"625";"0.099";"26.0";"0.760";"104";"301";"0.654"
"2024-08-01 16:24:18.588";"2024-08-01";"16:24:18";"F";"218";"154";"170";"820";"0.094";"32.4";"0.771";"104";"301";"0.654"
"2024-08-01 16:24:22.263";"2024-08-01";"16:24:22";"SLCE";"";"Light Curve end ";""
"2024-08-01 16:26:24.238";"2024-08-01";"16:26:24";"SLCS";"";"Light Curve start ";"b3c04"
"2024-08-01 16:26:24.238";"2024-08-01";"16:26:24";"REG1";"";"#1: alpha: 0.166, ETRm: 36.013, Ik: 216.861   ( beta: 1.566, ETRmPot: 971.752 )   (Platt et al. 1980) ";""
"2024-08-01 16:26:24.238";"2024-08-01";"16:26:24";"REG2";"";"#1: alpha: 0.136, ETRm: 36.334, Ik: 266.992   (Jassby and Platt 1976) ";""
"2024-08-01 16:26:25.635";"2024-08-01";"16:26:25";"FO";"219";"87";"300";"0";"0.710";"0.0";"-";"87";"300";"0.710"
"2024-08-01 16:26:35.622";"2024-08-01";"16:26:35";"F";"220";"122";"212";"65";"0.425";"11.6";"0.415";"87";"300";"0.710"
"2024-08-01 16:26:45.612";"2024-08-01";"16:26:45";"F";"221";"122";"193";"90";"0.368";"13.9";"0.554";"87";"300";"0.710"
"2024-08-01 16:26:55.602";"2024-08-01";"16:26:55";"F";"222";"123";"178";"125";"0.309";"16.2";"0.685";"87";"300";"0.710"
"2024-08-01 16:27:05.591";"2024-08-01";"16:27:05";"F";"223";"127";"171";"190";"0.257";"20.5";"0.754";"87";"300";"0.710"
"2024-08-01 16:27:15.581";"2024-08-01";"16:27:15";"F";"224";"132";"165";"285";"0.200";"23.9";"0.818";"87";"300";"0.710"
"2024-08-01 16:27:25.570";"2024-08-01";"16:27:25";"F";"225";"116";"145";"420";"0.200";"35.3";"1.069";"87";"300";"0.710"
"2024-08-01 16:27:35.559";"2024-08-01";"16:27:35";"F";"226";"98";"120";"625";"0.183";"48.0";"1.500";"87";"300";"0.710"
"2024-08-01 16:27:45.557";"2024-08-01";"16:27:45";"F";"227";"126";"136";"820";"0.074";"25.5";"1.206";"87";"300";"0.710"
"2024-08-01 16:27:48.643";"2024-08-01";"16:27:48";"SLCE";"";"Light Curve end ";""
"2024-08-01 16:28:13.050";"2024-08-01";"16:28:13";"SLCS";"";"Light Curve start ";"a2c08"
"2024-08-01 16:28:13.050";"2024-08-01";"16:28:13";"REG1";"";"#1: alpha: - , ETRm: - , Ik: -   ( beta: - 0.005, ETRmPot: 26.185 )   (Platt et al. 1980) ";""
"2024-08-01 16:28:13.050";"2024-08-01";"16:28:13";"REG2";"";"#1: alpha: 0.181, ETRm: 29.017, Ik: 160.705   (Jassby and Platt 1976) ";""
"2024-08-01 16:28:14.439";"2024-08-01";"16:28:14";"FO";"228";"116";"349";"0";"0.668";"0.0";"-";"116";"349";"0.668"
"2024-08-01 16:28:24.426";"2024-08-01";"16:28:24";"F";"229";"149";"304";"65";"0.510";"13.9";"0.148";"116";"349";"0.668"
"2024-08-01 16:28:34.423";"2024-08-01";"16:28:34";"F";"230";"166";"284";"90";"0.415";"15.7";"0.229";"116";"349";"0.668"
"2024-08-01 16:28:44.433";"2024-08-01";"16:28:44";"F";"231";"175";"271";"125";"0.354";"18.6";"0.288";"116";"349";"0.668"
"2024-08-01 16:28:54.420";"2024-08-01";"16:28:54";"F";"232";"189";"261";"190";"0.276";"22.0";"0.337";"116";"349";"0.668"
"2024-08-01 16:29:04.404";"2024-08-01";"16:29:04";"F";"233";"198";"250";"285";"0.208";"24.9";"0.396";"116";"349";"0.668"
"2024-08-01 16:29:14.399";"2024-08-01";"16:29:14";"F";"234";"205";"245";"420";"0.163";"28.8";"0.424";"116";"349";"0.668"
"2024-08-01 16:29:24.384";"2024-08-01";"16:29:24";"F";"235";"209";"237";"625";"0.118";"31.0";"0.473";"116";"349";"0.668"
"2024-08-01 16:29:34.372";"2024-08-01";"16:29:34";"F";"236";"212";"232";"820";"0.086";"29.6";"0.504";"116";"349";"0.668"
"2024-08-01 16:29:37.771";"2024-08-01";"16:29:37";"SLCE";"";"Light Curve end ";""
"2024-08-01 16:31:48.756";"2024-08-01";"16:31:48";"SLCS";"";"Light Curve start ";"b2c02"
"2024-08-01 16:31:48.756";"2024-08-01";"16:31:48";"REG1";"";"#1: alpha: - , ETRm: - , Ik: -   ( beta: - 0.006, ETRmPot: 22.444 )   (Platt et al. 1980) ";""
"2024-08-01 16:31:48.756";"2024-08-01";"16:31:48";"REG2";"";"#1: alpha: 0.164, ETRm: 26.247, Ik: 159.584   (Jassby and Platt 1976) ";""
"2024-08-01 16:31:50.157";"2024-08-01";"16:31:50";"FO";"237";"105";"335";"0";"0.687";"0.0";"-";"105";"335";"0.687"
"2024-08-01 16:32:00.145";"2024-08-01";"16:32:00";"F";"238";"181";"282";"65";"0.358";"9.8";"0.188";"105";"335";"0.687"
"2024-08-01 16:32:10.134";"2024-08-01";"16:32:10";"F";"239";"149";"254";"90";"0.413";"15.6";"0.319";"105";"335";"0.687"
"2024-08-01 16:32:20.129";"2024-08-01";"16:32:20";"F";"240";"160";"240";"125";"0.333";"17.5";"0.396";"105";"335";"0.687"
"2024-08-01 16:32:30.120";"2024-08-01";"16:32:30";"F";"241";"171";"229";"190";"0.253";"20.2";"0.463";"105";"335";"0.687"
"2024-08-01 16:32:40.111";"2024-08-01";"16:32:40";"F";"242";"179";"222";"285";"0.194";"23.2";"0.509";"105";"335";"0.687"
"2024-08-01 16:32:50.097";"2024-08-01";"16:32:50";"F";"243";"186";"217";"420";"0.143";"25.2";"0.544";"105";"335";"0.687"
"2024-08-01 16:33:00.082";"2024-08-01";"16:33:00";"F";"244";"188";"209";"625";"0.100";"26.3";"0.603";"105";"335";"0.687"
"2024-08-01 16:33:10.071";"2024-08-01";"16:33:10";"F";"245";"189";"206";"820";"0.083";"28.6";"0.626";"105";"335";"0.687"
"2024-08-01 16:33:13.235";"2024-08-01";"16:33:13";"SLCE";"";"Light Curve end ";""
"2024-08-01 16:34:19.703";"2024-08-01";"16:34:19";"SLCS";"";"Light Curve start ";"b2c08"
"2024-08-01 16:34:19.703";"2024-08-01";"16:34:19";"REG1";"";"#1: alpha: - , ETRm: - , Ik: -   ( beta: - 0.013, ETRmPot: 27.085 )   (Platt et al. 1980) ";""
"2024-08-01 16:34:19.703";"2024-08-01";"16:34:19";"REG2";"";"#1: alpha: 0.161, ETRm: 36.583, Ik: 226.804   (Jassby and Platt 1976) ";""
"2024-08-01 16:34:21.088";"2024-08-01";"16:34:21";"FO";"246";"63";"237";"0";"0.734";"0.0";"-";"63";"237";"0.734"
"2024-08-01 16:34:31.076";"2024-08-01";"16:34:31";"F";"247";"84";"158";"65";"0.468";"12.8";"0.500";"63";"237";"0.734"
"2024-08-01 16:34:41.074";"2024-08-01";"16:34:41";"F";"248";"83";"145";"90";"0.428";"16.2";"0.634";"63";"237";"0.734"
"2024-08-01 16:34:51.045";"2024-08-01";"16:34:51";"F";"249";"86";"135";"125";"0.363";"19.1";"0.756";"63";"237";"0.734"
"2024-08-01 16:35:01.047";"2024-08-01";"16:35:01";"F";"250";"91";"128";"190";"0.289";"23.1";"0.852";"63";"237";"0.734"
"2024-08-01 16:35:11.041";"2024-08-01";"16:35:11";"F";"251";"96";"127";"285";"0.244";"29.2";"0.866";"63";"237";"0.734"
"2024-08-01 16:35:21.026";"2024-08-01";"16:35:21";"F";"252";"99";"122";"420";"0.189";"33.3";"0.943";"63";"237";"0.734"
"2024-08-01 16:35:31.022";"2024-08-01";"16:35:31";"F";"253";"104";"120";"625";"0.133";"34.9";"0.975";"63";"237";"0.734"
"2024-08-01 16:35:41.005";"2024-08-01";"16:35:41";"F";"254";"106";"120";"820";"0.117";"40.3";"0.975";"63";"237";"0.734"
"2024-08-01 16:35:44.168";"2024-08-01";"16:35:44";"SLCE";"";"Light Curve end ";""
"2024-08-01 16:38:20.189";"2024-08-01";"16:38:20";"SLCS";"";"Light Curve start ";"a3c06"
"2024-08-01 16:38:20.189";"2024-08-01";"16:38:20";"REG1";"";"#1: alpha: 0.091, ETRm: 14.891, Ik: 164.229   ( beta: 0.001, ETRmPot: 15.420 )   (Platt et al. 1980) ";""
"2024-08-01 16:38:20.189";"2024-08-01";"16:38:20";"REG2";"";"#1: alpha: 0.070, ETRm: 14.643, Ik: 208.720   (Jassby and Platt 1976) ";""
"2024-08-01 16:38:21.591";"2024-08-01";"16:38:21";"FO";"255";"137";"236";"0";"0.419";"0.0";"-";"137";"236";"0.419"
"2024-08-01 16:38:31.582";"2024-08-01";"16:38:31";"F";"256";"178";"222";"65";"0.198";"5.4";"0.063";"137";"236";"0.419"
"2024-08-01 16:38:41.582";"2024-08-01";"16:38:41";"F";"257";"182";"219";"90";"0.169";"6.4";"0.078";"137";"236";"0.419"
"2024-08-01 16:38:51.578";"2024-08-01";"16:38:51";"F";"258";"186";"218";"125";"0.147";"7.7";"0.083";"137";"236";"0.419"
"2024-08-01 16:39:01.564";"2024-08-01";"16:39:01";"F";"259";"197";"224";"190";"0.121";"9.7";"0.054";"137";"236";"0.419"
"2024-08-01 16:39:11.559";"2024-08-01";"16:39:11";"F";"260";"210";"235";"285";"0.106";"12.7";"0.004";"137";"236";"0.419"
"2024-08-01 16:39:21.542";"2024-08-01";"16:39:21";"F";"261";"210";"229";"420";"0.083";"14.6";"0.031";"137";"236";"0.419"
"2024-08-01 16:39:31.534";"2024-08-01";"16:39:31";"F";"262";"216";"228";"625";"0.053";"13.9";"0.035";"137";"236";"0.419"
"2024-08-01 16:39:41.524";"2024-08-01";"16:39:41";"F";"263";"216";"226";"820";"0.044";"15.2";"0.044";"137";"236";"0.419"
"2024-08-01 16:39:45.145";"2024-08-01";"16:39:45";"SLCE";"";"Light Curve end ";""
"2024-08-01 16:40:29.723";"2024-08-01";"16:40:29";"SLCS";"";"Light Curve start ";"a2c04"
"2024-08-01 16:40:29.723";"2024-08-01";"16:40:29";"REG1";"";"#1: alpha: - , ETRm: - , Ik: -   ( beta: - 0.008, ETRmPot: 16.030 )   (Platt et al. 1980) ";""
"2024-08-01 16:40:29.723";"2024-08-01";"16:40:29";"REG2";"";"#1: alpha: 0.110, ETRm: 22.137, Ik: 201.632   (Jassby and Platt 1976) ";""
"2024-08-01 16:40:31.116";"2024-08-01";"16:40:31";"FO";"264";"71";"210";"0";"0.662";"0.0";"-";"71";"210";"0.662"
"2024-08-01 16:40:41.110";"2024-08-01";"16:40:41";"F";"265";"123";"181";"65";"0.320";"8.7";"0.160";"71";"210";"0.662"
"2024-08-01 16:40:51.095";"2024-08-01";"16:40:51";"F";"266";"123";"173";"90";"0.289";"10.9";"0.214";"71";"210";"0.662"
"2024-08-01 16:41:01.094";"2024-08-01";"16:41:01";"F";"267";"123";"161";"125";"0.236";"12.4";"0.304";"71";"210";"0.662"
"2024-08-01 16:41:11.074";"2024-08-01";"16:41:11";"F";"268";"126";"156";"190";"0.192";"15.3";"0.346";"71";"210";"0.662"
"2024-08-01 16:41:21.070";"2024-08-01";"16:41:21";"F";"269";"129";"151";"285";"0.146";"17.5";"0.391";"71";"210";"0.662"
"2024-08-01 16:41:31.060";"2024-08-01";"16:41:31";"F";"270";"131";"148";"420";"0.115";"20.3";"0.419";"71";"210";"0.662"
"2024-08-01 16:41:41.051";"2024-08-01";"16:41:41";"F";"271";"131";"143";"625";"0.084";"22.1";"0.469";"71";"210";"0.662"
"2024-08-01 16:41:51.037";"2024-08-01";"16:41:51";"F";"272";"131";"141";"820";"0.071";"24.5";"0.489";"71";"210";"0.662"
"2024-08-01 16:41:54.266";"2024-08-01";"16:41:54";"SLCE";"";"Light Curve end ";""
"2024-08-01 16:53:49.303";"2024-08-01";"16:53:49";"SLCS";"";"Light Curve start ";"a2t04"
"2024-08-01 16:53:49.303";"2024-08-01";"16:53:49";"REG1";"";"#1: alpha: - , ETRm: - , Ik: -   ( beta: - 0.003, ETRmPot: 25.325 )   (Platt et al. 1980) ";""
"2024-08-01 16:53:49.303";"2024-08-01";"16:53:49";"REG2";"";"#1: alpha: 0.227, ETRm: 26.908, Ik: 118.594   (Jassby and Platt 1976) ";""
"2024-08-01 16:53:50.701";"2024-08-01";"16:53:50";"FO";"273";"142";"403";"0";"0.648";"0.0";"-";"142";"403";"0.648"
"2024-08-01 16:54:00.686";"2024-08-01";"16:54:00";"F";"274";"164";"359";"65";"0.543";"14.8";"0.123";"142";"403";"0.648"
"2024-08-01 16:54:10.680";"2024-08-01";"16:54:10";"F";"275";"170";"314";"90";"0.459";"17.4";"0.283";"142";"403";"0.648"
"2024-08-01 16:54:20.661";"2024-08-01";"16:54:20";"F";"276";"166";"272";"125";"0.390";"20.5";"0.482";"142";"403";"0.648"
"2024-08-01 16:54:30.652";"2024-08-01";"16:54:30";"F";"277";"175";"248";"190";"0.294";"23.5";"0.625";"142";"403";"0.648"
"2024-08-01 16:54:40.642";"2024-08-01";"16:54:40";"F";"278";"183";"232";"285";"0.211";"25.3";"0.737";"142";"403";"0.648"
"2024-08-01 16:54:50.635";"2024-08-01";"16:54:50";"F";"279";"188";"222";"420";"0.153";"27.0";"0.815";"142";"403";"0.648"
"2024-08-01 16:55:00.620";"2024-08-01";"16:55:00";"F";"280";"193";"216";"625";"0.106";"27.8";"0.866";"142";"403";"0.648"
"2024-08-01 16:55:10.615";"2024-08-01";"16:55:10";"F";"281";"193";"210";"820";"0.081";"27.9";"0.919";"142";"403";"0.648"
"2024-08-01 16:55:14.335";"2024-08-01";"16:55:14";"SLCE";"";"Light Curve end ";""
"2024-08-01 16:56:17.921";"2024-08-01";"16:56:17";"SLCS";"";"Light Curve start ";"a3t01"
"2024-08-01 16:56:17.921";"2024-08-01";"16:56:17";"REG1";"";"#1: alpha: - , ETRm: - , Ik: -   ( beta: - 0.011, ETRmPot: 24.430 )   (Platt et al. 1980) ";""
"2024-08-01 16:56:17.921";"2024-08-01";"16:56:17";"REG2";"";"#1: alpha: 0.184, ETRm: 31.953, Ik: 173.212   (Jassby and Platt 1976) ";""
"2024-08-01 16:56:19.324";"2024-08-01";"16:56:19";"FO";"282";"64";"245";"0";"0.739";"0.0";"-";"64";"245";"0.739"
"2024-08-01 16:56:29.316";"2024-08-01";"16:56:29";"F";"283";"73";"170";"65";"0.571";"15.6";"0.441";"64";"245";"0.739"
"2024-08-01 16:56:39.310";"2024-08-01";"16:56:39";"F";"284";"73";"134";"90";"0.455";"17.2";"0.828";"64";"245";"0.739"
"2024-08-01 16:56:49.299";"2024-08-01";"16:56:49";"F";"285";"75";"119";"125";"0.370";"19.4";"1.059";"64";"245";"0.739"
"2024-08-01 16:56:59.282";"2024-08-01";"16:56:59";"F";"286";"79";"111";"190";"0.288";"23.0";"1.207";"64";"245";"0.739"
"2024-08-01 16:57:09.278";"2024-08-01";"16:57:09";"F";"287";"84";"107";"285";"0.215";"25.7";"1.290";"64";"245";"0.739"
"2024-08-01 16:57:19.261";"2024-08-01";"16:57:19";"F";"288";"88";"106";"420";"0.170";"30.0";"1.311";"64";"245";"0.739"
"2024-08-01 16:57:29.257";"2024-08-01";"16:57:29";"F";"289";"90";"104";"625";"0.135";"35.4";"1.356";"64";"245";"0.739"
"2024-08-01 16:57:39.245";"2024-08-01";"16:57:39";"F";"290";"93";"103";"820";"0.097";"33.4";"1.379";"64";"245";"0.739"
"2024-08-01 16:57:42.581";"2024-08-01";"16:57:42";"SLCE";"";"Light Curve end ";""
"2024-08-01 16:58:30.672";"2024-08-01";"16:58:30";"SLCS";"";"Light Curve start ";"b2t04"
"2024-08-01 16:58:30.672";"2024-08-01";"16:58:30";"REG1";"";"#1: alpha: - , ETRm: - , Ik: -   ( beta: - 0.004, ETRmPot: 18.816 )   (Platt et al. 1980) ";""
"2024-08-01 16:58:30.672";"2024-08-01";"16:58:30";"REG2";"";"#1: alpha: 0.203, ETRm: 20.836, Ik: 102.556   (Jassby and Platt 1976) ";""
"2024-08-01 16:58:32.062";"2024-08-01";"16:58:32";"FO";"291";"133";"441";"0";"0.698";"0.0";"-";"133";"441";"0.698"
"2024-08-01 16:58:42.074";"2024-08-01";"16:58:42";"F";"292";"174";"346";"65";"0.497";"13.6";"0.275";"133";"441";"0.698"
"2024-08-01 16:58:52.059";"2024-08-01";"16:58:52";"F";"293";"180";"293";"90";"0.386";"14.6";"0.505";"133";"441";"0.698"
"2024-08-01 16:59:02.046";"2024-08-01";"16:59:02";"F";"294";"185";"268";"125";"0.310";"16.3";"0.646";"133";"441";"0.698"
"2024-08-01 16:59:12.043";"2024-08-01";"16:59:12";"F";"295";"195";"252";"190";"0.226";"18.0";"0.750";"133";"441";"0.698"
"2024-08-01 16:59:22.025";"2024-08-01";"16:59:22";"F";"296";"201";"240";"285";"0.163";"19.5";"0.838";"133";"441";"0.698"
"2024-08-01 16:59:32.014";"2024-08-01";"16:59:32";"F";"297";"205";"234";"420";"0.124";"21.9";"0.885";"133";"441";"0.698"
"2024-08-01 16:59:42.012";"2024-08-01";"16:59:42";"F";"298";"209";"228";"625";"0.083";"21.8";"0.934";"133";"441";"0.698"
"2024-08-01 16:59:52.000";"2024-08-01";"16:59:52";"F";"299";"210";"224";"820";"0.063";"21.7";"0.969";"133";"441";"0.698"
"2024-08-01 16:59:55.305";"2024-08-01";"16:59:55";"SLCE";"";"Light Curve end ";""
"2024-08-01 17:00:44.797";"2024-08-01";"17:00:44";"SLCS";"";"Light Curve start ";"b2t06"
"2024-08-01 17:00:44.797";"2024-08-01";"17:00:44";"REG1";"";"#1: alpha: - , ETRm: - , Ik: -   ( beta: - 0.007, ETRmPot: 39.081 )   (Platt et al. 1980) ";""
"2024-08-01 17:00:44.797";"2024-08-01";"17:00:44";"REG2";"";"#1: alpha: 0.192, ETRm: 43.270, Ik: 224.881   (Jassby and Platt 1976) ";""
"2024-08-01 17:00:46.192";"2024-08-01";"17:00:46";"FO";"300";"77";"273";"0";"0.718";"0.0";"-";"77";"273";"0.718"
"2024-08-01 17:00:56.179";"2024-08-01";"17:00:56";"F";"301";"126";"268";"65";"0.530";"14.5";"0.019";"77";"273";"0.718"
"2024-08-01 17:01:06.176";"2024-08-01";"17:01:06";"F";"302";"130";"251";"90";"0.482";"18.2";"0.088";"77";"273";"0.718"
"2024-08-01 17:01:16.165";"2024-08-01";"17:01:16";"F";"303";"135";"239";"125";"0.435";"22.8";"0.142";"77";"273";"0.718"
"2024-08-01 17:01:26.148";"2024-08-01";"17:01:26";"F";"304";"143";"223";"190";"0.359";"28.6";"0.224";"77";"273";"0.718"
"2024-08-01 17:01:36.143";"2024-08-01";"17:01:36";"F";"305";"150";"211";"285";"0.289";"34.6";"0.294";"77";"273";"0.718"
"2024-08-01 17:01:46.132";"2024-08-01";"17:01:46";"F";"306";"155";"199";"420";"0.221";"39.0";"0.372";"77";"273";"0.718"
"2024-08-01 17:01:56.122";"2024-08-01";"17:01:56";"F";"307";"160";"193";"625";"0.171";"44.9";"0.415";"77";"273";"0.718"
"2024-08-01 17:02:06.109";"2024-08-01";"17:02:06";"F";"308";"162";"186";"820";"0.129";"44.4";"0.468";"77";"273";"0.718"
"2024-08-01 17:02:09.872";"2024-08-01";"17:02:09";"SLCE";"";"Light Curve end ";""
"2024-08-01 17:03:17.043";"2024-08-01";"17:03:17";"SLCS";"";"Light Curve start ";"a2t08"
"2024-08-01 17:03:17.043";"2024-08-01";"17:03:17";"REG1";"";"#1: alpha: - , ETRm: - , Ik: -   ( beta: - 0.005, ETRmPot: 18.870 )   (Platt et al. 1980) ";""
"2024-08-01 17:03:17.043";"2024-08-01";"17:03:17";"REG2";"";"#1: alpha: 0.142, ETRm: 22.170, Ik: 156.015   (Jassby and Platt 1976) ";""
"2024-08-01 17:03:18.432";"2024-08-01";"17:03:18";"FO";"309";"124";"322";"0";"0.615";"0.0";"-";"124";"322";"0.615"
"2024-08-01 17:03:28.426";"2024-08-01";"17:03:28";"F";"310";"168";"271";"65";"0.380";"10.4";"0.188";"124";"322";"0.615"
"2024-08-01 17:03:38.409";"2024-08-01";"17:03:38";"F";"311";"166";"251";"90";"0.339";"12.8";"0.283";"124";"322";"0.615"
"2024-08-01 17:03:48.399";"2024-08-01";"17:03:48";"F";"312";"172";"238";"125";"0.277";"14.5";"0.353";"124";"322";"0.615"
"2024-08-01 17:03:58.389";"2024-08-01";"17:03:58";"F";"313";"177";"224";"190";"0.210";"16.8";"0.438";"124";"322";"0.615"
"2024-08-01 17:04:08.380";"2024-08-01";"17:04:08";"F";"314";"181";"216";"285";"0.162";"19.4";"0.491";"124";"322";"0.615"
"2024-08-01 17:04:18.368";"2024-08-01";"17:04:18";"F";"315";"185";"209";"420";"0.115";"20.3";"0.541";"124";"322";"0.615"
"2024-08-01 17:04:28.363";"2024-08-01";"17:04:28";"F";"316";"187";"207";"625";"0.097";"25.5";"0.556";"124";"322";"0.615"
"2024-08-01 17:04:38.347";"2024-08-01";"17:04:38";"F";"317";"187";"200";"820";"0.065";"22.4";"0.610";"124";"322";"0.615"
"2024-08-01 17:04:41.715";"2024-08-01";"17:04:41";"SLCE";"";"Light Curve end ";""
"2024-08-01 17:06:20.127";"2024-08-01";"17:06:20";"SLCS";"";"Light Curve start ";"a2t07"
"2024-08-01 17:06:20.127";"2024-08-01";"17:06:20";"REG1";"";"#1: alpha: - , ETRm: - , Ik: -   ( beta: - 0.012, ETRmPot: 22.252 )   (Platt et al. 1980) ";""
"2024-08-01 17:06:20.127";"2024-08-01";"17:06:20";"REG2";"";"#1: alpha: 0.127, ETRm: 32.123, Ik: 253.775   (Jassby and Platt 1976) ";""
"2024-08-01 17:06:21.534";"2024-08-01";"17:06:21";"FO";"318";"105";"302";"0";"0.652";"0.0";"-";"105";"302";"0.652"
"2024-08-01 17:06:31.521";"2024-08-01";"17:06:31";"F";"319";"156";"252";"65";"0.381";"10.4";"0.198";"105";"302";"0.652"
"2024-08-01 17:06:41.516";"2024-08-01";"17:06:41";"F";"320";"154";"235";"90";"0.345";"13.0";"0.285";"105";"302";"0.652"
"2024-08-01 17:06:51.501";"2024-08-01";"17:06:51";"F";"321";"156";"224";"125";"0.304";"16.0";"0.348";"105";"302";"0.652"
"2024-08-01 17:07:01.496";"2024-08-01";"17:07:01";"F";"322";"162";"215";"190";"0.247";"19.7";"0.405";"105";"302";"0.652"
"2024-08-01 17:07:11.484";"2024-08-01";"17:07:11";"F";"323";"166";"206";"285";"0.194";"23.2";"0.466";"105";"302";"0.652"
"2024-08-01 17:07:21.471";"2024-08-01";"17:07:21";"F";"324";"168";"200";"420";"0.160";"28.2";"0.510";"105";"302";"0.652"
"2024-08-01 17:07:31.464";"2024-08-01";"17:07:31";"F";"325";"170";"193";"625";"0.119";"31.2";"0.565";"105";"302";"0.652"
"2024-08-01 17:07:41.454";"2024-08-01";"17:07:41";"F";"326";"170";"189";"820";"0.101";"34.8";"0.598";"105";"302";"0.652"
"2024-08-01 17:07:45.400";"2024-08-01";"17:07:45";"SLCE";"";"Light Curve end ";""
"2024-08-01 17:09:02.092";"2024-08-01";"17:09:02";"SLCS";"";"Light Curve start ";"b2t08"
"2024-08-01 17:09:02.092";"2024-08-01";"17:09:02";"REG1";"";"#1: alpha: - , ETRm: - , Ik: -   ( beta: - 0.014, ETRmPot: 20.829 )   (Platt et al. 1980) ";""
"2024-08-01 17:09:02.092";"2024-08-01";"17:09:02";"REG2";"";"#1: alpha: 0.149, ETRm: 31.997, Ik: 215.424   (Jassby and Platt 1976) ";""
"2024-08-01 17:09:03.487";"2024-08-01";"17:09:03";"FO";"327";"74";"202";"0";"0.634";"0.0";"-";"74";"202";"0.634"
"2024-08-01 17:09:13.473";"2024-08-01";"17:09:13";"F";"328";"99";"175";"65";"0.434";"11.8";"0.154";"74";"202";"0.634"
"2024-08-01 17:09:23.465";"2024-08-01";"17:09:23";"F";"329";"100";"168";"90";"0.405";"15.3";"0.202";"74";"202";"0.634"
"2024-08-01 17:09:33.456";"2024-08-01";"17:09:33";"F";"330";"110";"168";"125";"0.345";"18.1";"0.202";"74";"202";"0.634"
"2024-08-01 17:09:43.439";"2024-08-01";"17:09:43";"F";"331";"122";"166";"190";"0.265";"21.1";"0.217";"74";"202";"0.634"
"2024-08-01 17:09:53.429";"2024-08-01";"17:09:53";"F";"332";"130";"163";"285";"0.202";"24.2";"0.239";"74";"202";"0.634"
"2024-08-01 17:10:03.422";"2024-08-01";"17:10:03";"F";"333";"135";"161";"420";"0.161";"28.4";"0.255";"74";"202";"0.634"
"2024-08-01 17:10:13.418";"2024-08-01";"17:10:13";"F";"334";"141";"160";"625";"0.119";"31.2";"0.263";"74";"202";"0.634"
"2024-08-01 17:10:23.400";"2024-08-01";"17:10:23";"F";"335";"144";"161";"820";"0.106";"36.5";"0.255";"74";"202";"0.634"
"2024-08-01 17:10:27.352";"2024-08-01";"17:10:27";"SLCE";"";"Light Curve end ";""
"2024-08-01 17:11:28.620";"2024-08-01";"17:11:28";"SLCS";"";"Light Curve start ";"t118"
"2024-08-01 17:11:28.620";"2024-08-01";"17:11:28";"REG1";"";"#1: alpha: - , ETRm: - , Ik: -   ( beta: - 0.010, ETRmPot: 15.466 )   (Platt et al. 1980) ";""
"2024-08-01 17:11:28.620";"2024-08-01";"17:11:28";"REG2";"";"#1: alpha: 0.120, ETRm: 23.356, Ik: 194.450   (Jassby and Platt 1976) ";""
"2024-08-01 17:11:30.019";"2024-08-01";"17:11:30";"FO";"336";"74";"234";"0";"0.684";"0.0";"-";"74";"234";"0.684"
"2024-08-01 17:11:40.013";"2024-08-01";"17:11:40";"F";"337";"124";"199";"65";"0.377";"10.3";"0.176";"74";"234";"0.684"
"2024-08-01 17:11:49.994";"2024-08-01";"17:11:49";"F";"338";"133";"192";"90";"0.307";"11.6";"0.219";"74";"234";"0.684"
"2024-08-01 17:11:59.991";"2024-08-01";"17:11:59";"F";"339";"136";"182";"125";"0.253";"13.3";"0.286";"74";"234";"0.684"
"2024-08-01 17:12:09.972";"2024-08-01";"17:12:09";"F";"340";"139";"176";"190";"0.210";"16.8";"0.330";"74";"234";"0.684"
"2024-08-01 17:12:19.968";"2024-08-01";"17:12:19";"F";"341";"144";"170";"285";"0.153";"18.3";"0.376";"74";"234";"0.684"
"2024-08-01 17:12:29.957";"2024-08-01";"17:12:29";"F";"342";"147";"165";"420";"0.109";"19.2";"0.418";"74";"234";"0.684"
"2024-08-01 17:12:39.949";"2024-08-01";"17:12:39";"F";"343";"147";"163";"625";"0.098";"25.7";"0.436";"74";"234";"0.684"
"2024-08-01 17:12:49.939";"2024-08-01";"17:12:49";"F";"344";"147";"159";"820";"0.075";"25.8";"0.472";"74";"234";"0.684"
"2024-08-01 17:12:53.736";"2024-08-01";"17:12:53";"SLCE";"";"Light Curve end ";""
"2024-08-01 17:14:12.802";"2024-08-01";"17:14:12";"SLCS";"";"Light Curve start ";"t119"
"2024-08-01 17:14:12.802";"2024-08-01";"17:14:12";"REG1";"";"#1: alpha: - , ETRm: - , Ik: -   ( beta: - 0.009, ETRmPot: 13.346 )   (Platt et al. 1980) ";""
"2024-08-01 17:14:12.802";"2024-08-01";"17:14:12";"REG2";"";"#1: alpha: 0.103, ETRm: 20.019, Ik: 194.452   (Jassby and Platt 1976) ";""
"2024-08-01 17:14:14.217";"2024-08-01";"17:14:14";"FO";"345";"93";"235";"0";"0.604";"0.0";"-";"93";"235";"0.604"
"2024-08-01 17:14:24.207";"2024-08-01";"17:14:24";"F";"346";"120";"168";"65";"0.286";"7.8";"0.399";"93";"235";"0.604"
"2024-08-01 17:14:34.200";"2024-08-01";"17:14:34";"F";"347";"112";"155";"90";"0.277";"10.5";"0.516";"93";"235";"0.604"
"2024-08-01 17:14:44.185";"2024-08-01";"17:14:44";"F";"348";"111";"145";"125";"0.234";"12.3";"0.621";"93";"235";"0.604"
"2024-08-01 17:14:54.173";"2024-08-01";"17:14:54";"F";"349";"112";"136";"190";"0.176";"14.0";"0.728";"93";"235";"0.604"
"2024-08-01 17:15:04.165";"2024-08-01";"17:15:04";"F";"350";"114";"130";"285";"0.123";"14.7";"0.808";"93";"235";"0.604"
"2024-08-01 17:15:14.152";"2024-08-01";"17:15:14";"F";"351";"114";"127";"420";"0.102";"18.0";"0.850";"93";"235";"0.604"
"2024-08-01 17:15:24.141";"2024-08-01";"17:15:24";"F";"352";"115";"125";"625";"0.080";"21.0";"0.880";"93";"235";"0.604"
"2024-08-01 17:15:34.139";"2024-08-01";"17:15:34";"F";"353";"115";"123";"820";"0.065";"22.4";"0.911";"93";"235";"0.604"
"2024-08-01 17:15:36.571";"2024-08-01";"17:15:36";"SLCE";"";"Light Curve end ";""
"2024-08-01 17:16:41.724";"2024-08-01";"17:16:41";"SLCS";"";"Light Curve start ";"t120"
"2024-08-01 17:16:41.724";"2024-08-01";"17:16:41";"REG1";"";"#1: alpha: - , ETRm: - , Ik: -   ( beta: - 0.003, ETRmPot: 15.860 )   (Platt et al. 1980) ";""
"2024-08-01 17:16:41.724";"2024-08-01";"17:16:41";"REG2";"";"#1: alpha: 0.113, ETRm: 17.531, Ik: 154.886   (Jassby and Platt 1976) ";""
"2024-08-01 17:16:43.113";"2024-08-01";"17:16:43";"FO";"354";"162";"427";"0";"0.621";"0.0";"-";"162";"427";"0.621"
"2024-08-01 17:16:53.105";"2024-08-01";"17:16:53";"F";"355";"239";"327";"65";"0.269";"7.3";"0.306";"162";"427";"0.621"
"2024-08-01 17:17:03.091";"2024-08-01";"17:17:03";"F";"356";"223";"302";"90";"0.262";"9.9";"0.414";"162";"427";"0.621"
"2024-08-01 17:17:13.076";"2024-08-01";"17:17:13";"F";"357";"223";"288";"125";"0.226";"11.9";"0.483";"162";"427";"0.621"
"2024-08-01 17:17:23.072";"2024-08-01";"17:17:23";"F";"358";"230";"277";"190";"0.170";"13.6";"0.542";"162";"427";"0.621"
"2024-08-01 17:17:33.063";"2024-08-01";"17:17:33";"F";"359";"236";"273";"285";"0.136";"16.3";"0.564";"162";"427";"0.621"
"2024-08-01 17:17:43.044";"2024-08-01";"17:17:43";"F";"360";"242";"267";"420";"0.094";"16.6";"0.599";"162";"427";"0.621"
"2024-08-01 17:17:53.034";"2024-08-01";"17:17:53";"F";"361";"245";"263";"625";"0.068";"17.9";"0.624";"162";"427";"0.621"
"2024-08-01 17:18:03.030";"2024-08-01";"17:18:03";"F";"362";"244";"258";"820";"0.054";"18.6";"0.655";"162";"427";"0.621"
"2024-08-01 17:18:06.566";"2024-08-01";"17:18:06";"SLCE";"";"Light Curve end ";""
"2024-08-01 17:30:02.362";"2024-08-01";"17:30:02";"SLCS";"";"Light Curve start ";"b2c09"
"2024-08-01 17:30:02.362";"2024-08-01";"17:30:02";"REG1";"";"#1: alpha: 0.225, ETRm: 16.543, Ik: 73.631   ( beta: 0.004, ETRmPot: 17.974 )   (Platt et al. 1980) ";""
"2024-08-01 17:30:02.362";"2024-08-01";"17:30:02";"REG2";"";"#1: alpha: 0.177, ETRm: 15.963, Ik: 90.404   (Jassby and Platt 1976) ";""
"2024-08-01 17:30:03.763";"2024-08-01";"17:30:03";"FO";"363";"181";"461";"0";"0.607";"0.0";"-";"181";"461";"0.607"
"2024-08-01 17:30:13.761";"2024-08-01";"17:30:13";"F";"364";"245";"406";"65";"0.397";"10.8";"0.135";"181";"461";"0.607"
"2024-08-01 17:30:23.744";"2024-08-01";"17:30:23";"F";"365";"263";"381";"90";"0.310";"11.7";"0.210";"181";"461";"0.607"
"2024-08-01 17:30:33.736";"2024-08-01";"17:30:33";"F";"366";"268";"360";"125";"0.256";"13.4";"0.281";"181";"461";"0.607"
"2024-08-01 17:30:43.727";"2024-08-01";"17:30:43";"F";"367";"281";"347";"190";"0.190";"15.2";"0.329";"181";"461";"0.607"
"2024-08-01 17:30:53.719";"2024-08-01";"17:30:53";"F";"368";"287";"329";"285";"0.128";"15.3";"0.401";"181";"461";"0.607"
"2024-08-01 17:31:03.708";"2024-08-01";"17:31:03";"F";"369";"282";"321";"420";"0.121";"21.3";"0.436";"181";"461";"0.607"
"2024-08-01 17:31:13.697";"2024-08-01";"17:31:13";"F";"370";"298";"310";"625";"0.039";"10.2";"0.487";"181";"461";"0.607"
"2024-08-01 17:31:23.683";"2024-08-01";"17:31:23";"F";"371";"295";"311";"820";"0.051";"17.6";"0.482";"181";"461";"0.607"
"2024-08-01 17:31:26.757";"2024-08-01";"17:31:26";"SLCE";"";"Light Curve end ";""
"2024-08-01 17:32:49.608";"2024-08-01";"17:32:49";"SLCS";"";"Light Curve start ";"a3c07"
"2024-08-01 17:32:49.608";"2024-08-01";"17:32:49";"REG1";"";"#1: alpha: - , ETRm: - , Ik: -   ( beta: - 0.010, ETRmPot: 18.171 )   (Platt et al. 1980) ";""
"2024-08-01 17:32:49.608";"2024-08-01";"17:32:49";"REG2";"";"#1: alpha: 0.150, ETRm: 24.714, Ik: 164.319   (Jassby and Platt 1976) ";""
"2024-08-01 17:32:51.006";"2024-08-01";"17:32:51";"FO";"372";"111";"300";"0";"0.630";"0.0";"-";"111";"300";"0.630"
"2024-08-01 17:33:01.002";"2024-08-01";"17:33:01";"F";"373";"144";"259";"65";"0.444";"12.1";"0.158";"111";"300";"0.630"
"2024-08-01 17:33:10.983";"2024-08-01";"17:33:10";"F";"374";"148";"232";"90";"0.362";"13.7";"0.293";"111";"300";"0.630"
"2024-08-01 17:33:20.981";"2024-08-01";"17:33:20";"F";"375";"155";"218";"125";"0.289";"15.2";"0.376";"111";"300";"0.630"
"2024-08-01 17:33:30.965";"2024-08-01";"17:33:30";"F";"376";"160";"208";"190";"0.231";"18.4";"0.442";"111";"300";"0.630"
"2024-08-01 17:33:40.960";"2024-08-01";"17:33:40";"F";"377";"164";"199";"285";"0.176";"21.1";"0.508";"111";"300";"0.630"
"2024-08-01 17:33:50.941";"2024-08-01";"17:33:50";"F";"378";"168";"193";"420";"0.130";"22.9";"0.554";"111";"300";"0.630"
"2024-08-01 17:34:00.931";"2024-08-01";"17:34:00";"F";"379";"169";"187";"625";"0.096";"25.2";"0.604";"111";"300";"0.630"
"2024-08-01 17:34:10.919";"2024-08-01";"17:34:10";"F";"380";"171";"186";"820";"0.081";"27.9";"0.613";"111";"300";"0.630"
"2024-08-01 17:34:14.058";"2024-08-01";"17:34:14";"SLCE";"";"Light Curve end ";""
"2024-08-01 17:35:49.270";"2024-08-01";"17:35:49";"SLCS";"";"Light Curve start ";"b2c10"
"2024-08-01 17:35:49.270";"2024-08-01";"17:35:49";"REG1";"";"#1: alpha: - , ETRm: - , Ik: -   ( beta: - 0.006, ETRmPot: 24.842 )   (Platt et al. 1980) ";""
"2024-08-01 17:35:49.270";"2024-08-01";"17:35:49";"REG2";"";"#1: alpha: 0.186, ETRm: 28.546, Ik: 153.677   (Jassby and Platt 1976) ";""
"2024-08-01 17:35:50.675";"2024-08-01";"17:35:50";"FO";"381";"86";"261";"0";"0.670";"0.0";"-";"86";"261";"0.670"
"2024-08-01 17:36:00.670";"2024-08-01";"17:36:00";"F";"382";"109";"228";"65";"0.522";"14.3";"0.145";"86";"261";"0.670"
"2024-08-01 17:36:10.661";"2024-08-01";"17:36:10";"F";"383";"123";"215";"90";"0.428";"16.2";"0.214";"86";"261";"0.670"
"2024-08-01 17:36:20.650";"2024-08-01";"17:36:20";"F";"384";"133";"203";"125";"0.345";"18.1";"0.286";"86";"261";"0.670"
"2024-08-01 17:36:30.632";"2024-08-01";"17:36:30";"F";"385";"142";"196";"190";"0.276";"22.0";"0.332";"86";"261";"0.670"
"2024-08-01 17:36:40.621";"2024-08-01";"17:36:40";"F";"386";"148";"188";"285";"0.213";"25.5";"0.388";"86";"261";"0.670"
"2024-08-01 17:36:50.610";"2024-08-01";"17:36:50";"F";"387";"153";"182";"420";"0.159";"28.0";"0.434";"86";"261";"0.670"
"2024-08-01 17:37:00.601";"2024-08-01";"17:37:00";"F";"388";"157";"177";"625";"0.113";"29.7";"0.475";"86";"261";"0.670"
"2024-08-01 17:37:10.595";"2024-08-01";"17:37:10";"F";"389";"157";"172";"820";"0.087";"30.0";"0.517";"86";"261";"0.670"
"2024-08-01 17:37:14.093";"2024-08-01";"17:37:14";"SLCE";"";"Light Curve end ";""
"2024-08-01 17:38:48.552";"2024-08-01";"17:38:48";"SLCS";"";"Light Curve start ";"b2c707"
"2024-08-01 17:38:48.552";"2024-08-01";"17:38:48";"REG1";"";"#1: alpha: - , ETRm: - , Ik: -   ( beta: - 0.003, ETRmPot: 24.342 )   (Platt et al. 1980) ";""
"2024-08-01 17:38:48.552";"2024-08-01";"17:38:48";"REG2";"";"#1: alpha: 0.148, ETRm: 25.732, Ik: 174.336   (Jassby and Platt 1976) ";""
"2024-08-01 17:38:49.961";"2024-08-01";"17:38:49";"FO";"390";"120";"417";"0";"0.712";"0.0";"-";"120";"417";"0.712"
"2024-08-01 17:38:59.953";"2024-08-01";"17:38:59";"F";"391";"186";"326";"65";"0.429";"11.7";"0.279";"120";"417";"0.712"
"2024-08-01 17:39:09.940";"2024-08-01";"17:39:09";"F";"392";"182";"282";"90";"0.355";"13.4";"0.479";"120";"417";"0.712"
"2024-08-01 17:39:19.930";"2024-08-01";"17:39:19";"F";"393";"182";"258";"125";"0.295";"15.5";"0.616";"120";"417";"0.712"
"2024-08-01 17:39:29.913";"2024-08-01";"17:39:29";"F";"394";"186";"242";"190";"0.231";"18.4";"0.723";"120";"417";"0.712"
"2024-08-01 17:39:39.905";"2024-08-01";"17:39:39";"F";"395";"190";"234";"285";"0.188";"22.5";"0.782";"120";"417";"0.712"
"2024-08-01 17:39:49.899";"2024-08-01";"17:39:49";"F";"396";"193";"225";"420";"0.142";"25.0";"0.853";"120";"417";"0.712"
"2024-08-01 17:39:59.883";"2024-08-01";"17:39:59";"F";"397";"196";"219";"625";"0.105";"27.6";"0.904";"120";"417";"0.712"
"2024-08-01 17:40:09.878";"2024-08-01";"17:40:09";"F";"398";"197";"213";"820";"0.075";"25.8";"0.958";"120";"417";"0.712"
"2024-08-01 17:40:13.208";"2024-08-01";"17:40:13";"SLCE";"";"Light Curve end ";""
"2024-08-01 17:42:09.909";"2024-08-01";"17:42:09";"SLCS";"";"Light Curve start ";"b3c101"
"2024-08-01 17:42:09.909";"2024-08-01";"17:42:09";"REG1";"";"#1: alpha: - , ETRm: - , Ik: -   ( beta: - 0.003, ETRmPot: 15.533 )   (Platt et al. 1980) ";""
"2024-08-01 17:42:09.909";"2024-08-01";"17:42:09";"REG2";"";"#1: alpha: 0.143, ETRm: 17.308, Ik: 121.062   (Jassby and Platt 1976) ";""
"2024-08-01 17:42:11.303";"2024-08-01";"17:42:11";"FO";"399";"157";"424";"0";"0.630";"0.0";"-";"157";"424";"0.630"
"2024-08-01 17:42:21.301";"2024-08-01";"17:42:21";"F";"400";"208";"333";"65";"0.375";"10.2";"0.273";"157";"424";"0.630"
"2024-08-01 17:42:31.290";"2024-08-01";"17:42:31";"F";"401";"215";"306";"90";"0.297";"11.2";"0.386";"157";"424";"0.630"
"2024-08-01 17:42:41.275";"2024-08-01";"17:42:41";"F";"402";"223";"292";"125";"0.236";"12.4";"0.452";"157";"424";"0.630"
"2024-08-01 17:42:51.270";"2024-08-01";"17:42:51";"F";"403";"230";"281";"190";"0.181";"14.4";"0.509";"157";"424";"0.630"
"2024-08-01 17:43:01.257";"2024-08-01";"17:43:01";"F";"404";"237";"275";"285";"0.138";"16.5";"0.542";"157";"424";"0.630"
"2024-08-01 17:43:11.249";"2024-08-01";"17:43:11";"F";"405";"241";"268";"420";"0.101";"17.8";"0.582";"157";"424";"0.630"
"2024-08-01 17:43:21.232";"2024-08-01";"17:43:21";"F";"406";"244";"261";"625";"0.065";"17.1";"0.625";"157";"424";"0.630"
"2024-08-01 17:43:31.221";"2024-08-01";"17:43:31";"F";"407";"244";"258";"820";"0.054";"18.6";"0.643";"157";"424";"0.630"
"2024-08-01 17:43:35.013";"2024-08-01";"17:43:35";"SLCE";"";"Light Curve end ";""
"2024-08-01 17:46:46.174";"2024-08-01";"17:46:46";"SLCS";"";"Light Curve start ";"c117"
"2024-08-01 17:46:46.174";"2024-08-01";"17:46:46";"REG1";"";"#1: alpha: - , ETRm: - , Ik: -   ( beta: - 0.005, ETRmPot: 19.674 )   (Platt et al. 1980) ";""
"2024-08-01 17:46:46.174";"2024-08-01";"17:46:46";"REG2";"";"#1: alpha: 0.171, ETRm: 22.683, Ik: 132.923   (Jassby and Platt 1976) ";""
"2024-08-01 17:46:47.564";"2024-08-01";"17:46:47";"FO";"408";"105";"364";"0";"0.712";"0.0";"-";"105";"364";"0.712"
"2024-08-01 17:46:57.548";"2024-08-01";"17:46:57";"F";"409";"177";"290";"65";"0.390";"10.6";"0.255";"105";"364";"0.712"
"2024-08-01 17:47:07.537";"2024-08-01";"17:47:07";"F";"410";"157";"249";"90";"0.369";"13.9";"0.462";"105";"364";"0.712"
"2024-08-01 17:47:17.535";"2024-08-01";"17:47:17";"F";"411";"155";"229";"125";"0.323";"17.0";"0.590";"105";"364";"0.712"
"2024-08-01 17:47:27.517";"2024-08-01";"17:47:27";"F";"412";"164";"215";"190";"0.237";"18.9";"0.693";"105";"364";"0.712"
"2024-08-01 17:47:37.512";"2024-08-01";"17:47:37";"F";"413";"169";"206";"285";"0.180";"21.5";"0.767";"105";"364";"0.712"
"2024-08-01 17:47:47.498";"2024-08-01";"17:47:47";"F";"414";"172";"195";"420";"0.118";"20.8";"0.867";"105";"364";"0.712"
"2024-08-01 17:47:57.490";"2024-08-01";"17:47:57";"F";"415";"173";"190";"625";"0.089";"23.4";"0.916";"105";"364";"0.712"
"2024-08-01 17:48:07.483";"2024-08-01";"17:48:07";"F";"416";"168";"181";"820";"0.072";"24.8";"1.011";"105";"364";"0.712"
"2024-08-01 17:48:11.422";"2024-08-01";"17:48:11";"SLCE";"";"Light Curve end ";""
"2024-08-01 17:50:21.323";"2024-08-01";"17:50:21";"SLCS";"";"Light Curve start ";"b2c505"
"2024-08-01 17:50:21.323";"2024-08-01";"17:50:21";"REG1";"";"#1: alpha: - , ETRm: - , Ik: -   ( beta: - 0.006, ETRmPot: 21.309 )   (Platt et al. 1980) ";""
"2024-08-01 17:50:21.323";"2024-08-01";"17:50:21";"REG2";"";"#1: alpha: 0.140, ETRm: 25.360, Ik: 181.597   (Jassby and Platt 1976) ";""
"2024-08-01 17:50:22.725";"2024-08-01";"17:50:22";"FO";"417";"134";"414";"0";"0.676";"0.0";"-";"134";"414";"0.676"
"2024-08-01 17:50:32.705";"2024-08-01";"17:50:32";"F";"418";"210";"312";"65";"0.327";"8.9";"0.327";"134";"414";"0.676"
"2024-08-01 17:50:42.703";"2024-08-01";"17:50:42";"F";"419";"184";"283";"90";"0.350";"13.2";"0.463";"134";"414";"0.676"
"2024-08-01 17:50:52.684";"2024-08-01";"17:50:52";"F";"420";"187";"267";"125";"0.300";"15.8";"0.551";"134";"414";"0.676"
"2024-08-01 17:51:02.680";"2024-08-01";"17:51:02";"F";"421";"195";"255";"190";"0.235";"18.8";"0.624";"134";"414";"0.676"
"2024-08-01 17:51:12.670";"2024-08-01";"17:51:12";"F";"422";"202";"246";"285";"0.179";"21.4";"0.683";"134";"414";"0.676"
"2024-08-01 17:51:22.654";"2024-08-01";"17:51:22";"F";"423";"207";"239";"420";"0.134";"23.6";"0.732";"134";"414";"0.676"
"2024-08-01 17:51:32.650";"2024-08-01";"17:51:32";"F";"424";"210";"233";"625";"0.099";"26.0";"0.777";"134";"414";"0.676"
"2024-08-01 17:51:42.633";"2024-08-01";"17:51:42";"F";"425";"211";"229";"820";"0.079";"27.2";"0.808";"134";"414";"0.676"
"2024-08-01 17:51:46.017";"2024-08-01";"17:51:46";"SLCE";"";"Light Curve end ";""
"2024-08-01 17:52:49.076";"2024-08-01";"17:52:49";"SLCS";"";"Light Curve start ";"a3c02"
"2024-08-01 17:52:49.076";"2024-08-01";"17:52:49";"REG1";"";"#1: alpha: - , ETRm: - , Ik: -   ( beta: - 0.001, ETRmPot: 12.502 )   (Platt et al. 1980) ";""
"2024-08-01 17:52:49.076";"2024-08-01";"17:52:49";"REG2";"";"#1: alpha: 0.165, ETRm: 13.000, Ik: 78.576   (Jassby and Platt 1976) ";""
"2024-08-01 17:52:50.485";"2024-08-01";"17:52:50";"FO";"426";"175";"469";"0";"0.627";"0.0";"-";"175";"469";"0.627"
"2024-08-01 17:53:00.473";"2024-08-01";"17:53:00";"F";"427";"256";"395";"65";"0.352";"9.6";"0.187";"175";"469";"0.627"
"2024-08-01 17:53:10.460";"2024-08-01";"17:53:10";"F";"428";"266";"367";"90";"0.275";"10.4";"0.278";"175";"469";"0.627"
"2024-08-01 17:53:20.446";"2024-08-01";"17:53:20";"F";"429";"276";"348";"125";"0.207";"10.9";"0.348";"175";"469";"0.627"
"2024-08-01 17:53:30.436";"2024-08-01";"17:53:30";"F";"430";"285";"339";"190";"0.159";"12.7";"0.383";"175";"469";"0.627"
"2024-08-01 17:53:40.428";"2024-08-01";"17:53:40";"F";"431";"292";"328";"285";"0.110";"13.2";"0.430";"175";"469";"0.627"
"2024-08-01 17:53:50.417";"2024-08-01";"17:53:50";"F";"432";"296";"319";"420";"0.072";"12.7";"0.470";"175";"469";"0.627"
"2024-08-01 17:54:00.403";"2024-08-01";"17:54:00";"F";"433";"299";"315";"625";"0.051";"13.4";"0.489";"175";"469";"0.627"
"2024-08-01 17:54:10.395";"2024-08-01";"17:54:10";"F";"434";"297";"309";"820";"0.039";"13.4";"0.518";"175";"469";"0.627"
"2024-08-01 17:54:14.266";"2024-08-01";"17:54:14";"SLCE";"";"Light Curve end ";""
"2024-08-01 17:55:43.774";"2024-08-01";"17:55:43";"SLCS";"";"Light Curve start ";"c118"
"2024-08-01 17:55:43.774";"2024-08-01";"17:55:43";"REG1";"";"#1: Error: First 3 ETR-Values are not increasing ";""
"2024-08-01 17:55:43.774";"2024-08-01";"17:55:43";"REG2";"";"#1: Error: First 3 ETR-Values are not increasing ";""
"2024-08-01 17:55:45.161";"2024-08-01";"17:55:45";"FO";"435";"174";"489";"0";"0.644";"0.0";"-";"174";"489";"0.644"
"2024-08-01 17:55:55.156";"2024-08-01";"17:55:55";"F";"436";"228";"390";"65";"0.415";"11.3";"0.254";"174";"489";"0.644"
"2024-08-01 17:56:05.140";"2024-08-01";"17:56:05";"F";"437";"257";"356";"90";"0.278";"10.5";"0.374";"174";"489";"0.644"
"2024-08-01 17:56:15.135";"2024-08-01";"17:56:15";"F";"438";"272";"339";"125";"0.198";"10.4";"0.442";"174";"489";"0.644"
"2024-08-01 17:56:25.116";"2024-08-01";"17:56:25";"F";"439";"284";"325";"190";"0.126";"10.1";"0.505";"174";"489";"0.644"
"2024-08-01 17:56:35.106";"2024-08-01";"17:56:35";"F";"440";"285";"314";"285";"0.092";"11.0";"0.557";"174";"489";"0.644"
"2024-08-01 17:56:45.096";"2024-08-01";"17:56:45";"F";"441";"284";"306";"420";"0.072";"12.7";"0.598";"174";"489";"0.644"
"2024-08-01 17:56:55.087";"2024-08-01";"17:56:55";"F";"442";"285";"301";"625";"0.053";"13.9";"0.625";"174";"489";"0.644"
"2024-08-01 17:57:05.072";"2024-08-01";"17:57:05";"F";"443";"284";"295";"820";"0.037";"12.7";"0.658";"174";"489";"0.644"
"2024-08-01 17:57:08.800";"2024-08-01";"17:57:08";"SLCE";"";"Light Curve end ";""
"2024-08-01 17:58:32.558";"2024-08-01";"17:58:32";"SLCS";"";"Light Curve start ";"c119"
"2024-08-01 17:58:32.558";"2024-08-01";"17:58:32";"REG1";"";"#1: alpha: - , ETRm: - , Ik: -   ( beta: - 0.004, ETRmPot: 12.983 )   (Platt et al. 1980) ";""
"2024-08-01 17:58:32.558";"2024-08-01";"17:58:32";"REG2";"";"#1: alpha: 0.216, ETRm: 14.974, Ik: 69.422   (Jassby and Platt 1976) ";""
"2024-08-01 17:58:33.955";"2024-08-01";"17:58:33";"FO";"444";"144";"414";"0";"0.652";"0.0";"-";"144";"414";"0.652"
"2024-08-01 17:58:43.966";"2024-08-01";"17:58:43";"F";"445";"199";"347";"65";"0.427";"11.7";"0.193";"144";"414";"0.652"
"2024-08-01 17:58:53.949";"2024-08-01";"17:58:53";"F";"446";"211";"321";"90";"0.343";"13.0";"0.290";"144";"414";"0.652"
"2024-08-01 17:59:03.945";"2024-08-01";"17:59:03";"F";"447";"233";"307";"125";"0.241";"12.7";"0.349";"144";"414";"0.652"
"2024-08-01 17:59:13.927";"2024-08-01";"17:59:13";"F";"448";"246";"295";"190";"0.166";"13.2";"0.403";"144";"414";"0.652"
"2024-08-01 17:59:23.917";"2024-08-01";"17:59:23";"F";"449";"251";"290";"285";"0.134";"16.0";"0.428";"144";"414";"0.652"
"2024-08-01 17:59:33.907";"2024-08-01";"17:59:33";"F";"450";"258";"281";"420";"0.082";"14.5";"0.473";"144";"414";"0.652"
"2024-08-01 17:59:43.900";"2024-08-01";"17:59:43";"F";"451";"261";"276";"625";"0.054";"14.2";"0.500";"144";"414";"0.652"
"2024-08-01 17:59:53.888";"2024-08-01";"17:59:53";"F";"452";"259";"273";"820";"0.051";"17.6";"0.516";"144";"414";"0.652"
"2024-08-01 17:59:56.959";"2024-08-01";"17:59:56";"SLCE";"";"Light Curve end ";""
"2024-08-01 18:12:41.800";"2024-08-01";"18:12:41";"SLCS";"";"Light Curve start ";"a2t01"
"2024-08-01 18:12:41.800";"2024-08-01";"18:12:41";"REG1";"";"#1: alpha: - , ETRm: - , Ik: -   ( beta: - 0.004, ETRmPot: 38.015 )   (Platt et al. 1980) ";""
"2024-08-01 18:12:41.800";"2024-08-01";"18:12:41";"REG2";"";"#1: alpha: 0.213, ETRm: 39.787, Ik: 187.189   (Jassby and Platt 1976) ";""
"2024-08-01 18:12:43.196";"2024-08-01";"18:12:43";"FO";"453";"67";"243";"0";"0.724";"0.0";"-";"67";"243";"0.724"
"2024-08-01 18:12:53.182";"2024-08-01";"18:12:53";"F";"454";"93";"220";"65";"0.577";"15.8";"0.105";"67";"243";"0.724"
"2024-08-01 18:13:03.175";"2024-08-01";"18:13:03";"F";"455";"96";"195";"90";"0.508";"19.2";"0.246";"67";"243";"0.724"
"2024-08-01 18:13:13.169";"2024-08-01";"18:13:13";"F";"456";"100";"179";"125";"0.441";"23.2";"0.358";"67";"243";"0.724"
"2024-08-01 18:13:23.153";"2024-08-01";"18:13:23";"F";"457";"108";"168";"190";"0.357";"28.5";"0.446";"67";"243";"0.724"
"2024-08-01 18:13:33.141";"2024-08-01";"18:13:33";"F";"458";"114";"161";"285";"0.292";"35.0";"0.509";"67";"243";"0.724"
"2024-08-01 18:13:43.133";"2024-08-01";"18:13:43";"F";"459";"121";"153";"420";"0.209";"36.9";"0.588";"67";"243";"0.724"
"2024-08-01 18:13:53.119";"2024-08-01";"18:13:53";"F";"460";"125";"149";"625";"0.161";"42.3";"0.631";"67";"243";"0.724"
"2024-08-01 18:14:03.110";"2024-08-01";"18:14:03";"F";"461";"128";"145";"820";"0.117";"40.3";"0.676";"67";"243";"0.724"
"2024-08-01 18:14:06.237";"2024-08-01";"18:14:06";"SLCE";"";"Light Curve end ";""
"2024-08-01 18:15:17.249";"2024-08-01";"18:15:17";"SLCS";"";"Light Curve start ";"b3t03"
"2024-08-01 18:15:17.249";"2024-08-01";"18:15:17";"REG1";"";"#1: alpha: - , ETRm: - , Ik: -   ( beta: - 0.004, ETRmPot: 10.973 )   (Platt et al. 1980) ";""
"2024-08-01 18:15:17.249";"2024-08-01";"18:15:17";"REG2";"";"#1: alpha: 0.138, ETRm: 13.396, Ik: 97.424   (Jassby and Platt 1976) ";""
"2024-08-01 18:15:18.645";"2024-08-01";"18:15:18";"FO";"462";"162";"363";"0";"0.554";"0.0";"-";"162";"363";"0.554"
"2024-08-01 18:15:28.640";"2024-08-01";"18:15:28";"F";"463";"202";"307";"65";"0.342";"9.3";"0.182";"162";"363";"0.554"
"2024-08-01 18:15:38.630";"2024-08-01";"18:15:38";"F";"464";"215";"290";"90";"0.259";"9.8";"0.252";"162";"363";"0.554"
"2024-08-01 18:15:48.620";"2024-08-01";"18:15:48";"F";"465";"223";"277";"125";"0.195";"10.2";"0.310";"162";"363";"0.554"
"2024-08-01 18:15:58.602";"2024-08-01";"18:15:58";"F";"466";"228";"266";"190";"0.143";"11.4";"0.365";"162";"363";"0.554"
"2024-08-01 18:16:08.592";"2024-08-01";"18:16:08";"F";"467";"234";"262";"285";"0.107";"12.8";"0.385";"162";"363";"0.554"
"2024-08-01 18:16:18.583";"2024-08-01";"18:16:18";"F";"468";"238";"257";"420";"0.074";"13.1";"0.412";"162";"363";"0.554"
"2024-08-01 18:16:28.577";"2024-08-01";"18:16:28";"F";"469";"240";"254";"625";"0.055";"14.4";"0.429";"162";"363";"0.554"
"2024-08-01 18:16:38.569";"2024-08-01";"18:16:38";"F";"470";"242";"253";"820";"0.043";"14.8";"0.435";"162";"363";"0.554"
"2024-08-01 18:16:41.700";"2024-08-01";"18:16:41";"SLCE";"";"Light Curve end ";""
"2024-08-01 18:18:42.934";"2024-08-01";"18:18:42";"SLCS";"";"Light Curve start ";"a3t07"
"2024-08-01 18:18:42.934";"2024-08-01";"18:18:42";"REG1";"";"#1: alpha: - , ETRm: - , Ik: -   ( beta: - 0.016, ETRmPot: 24.189 )   (Platt et al. 1980) ";""
"2024-08-01 18:18:42.934";"2024-08-01";"18:18:42";"REG2";"";"#1: alpha: 0.175, ETRm: 36.311, Ik: 208.000   (Jassby and Platt 1976) ";""
"2024-08-01 18:18:44.324";"2024-08-01";"18:18:44";"FO";"471";"65";"251";"0";"0.741";"0.0";"-";"65";"251";"0.741"
"2024-08-01 18:18:54.313";"2024-08-01";"18:18:54";"F";"472";"78";"187";"65";"0.583";"15.9";"0.342";"65";"251";"0.741"
"2024-08-01 18:19:04.301";"2024-08-01";"18:19:04";"F";"473";"82";"150";"90";"0.453";"17.1";"0.673";"65";"251";"0.741"
"2024-08-01 18:19:14.295";"2024-08-01";"18:19:14";"F";"474";"81";"131";"125";"0.382";"20.1";"0.916";"65";"251";"0.741"
"2024-08-01 18:19:24.287";"2024-08-01";"18:19:24";"F";"475";"85";"123";"190";"0.309";"24.7";"1.041";"65";"251";"0.741"
"2024-08-01 18:19:34.273";"2024-08-01";"18:19:34";"F";"476";"89";"115";"285";"0.226";"27.1";"1.183";"65";"251";"0.741"
"2024-08-01 18:19:44.261";"2024-08-01";"18:19:44";"F";"477";"93";"114";"420";"0.184";"32.5";"1.202";"65";"251";"0.741"
"2024-08-01 18:19:54.249";"2024-08-01";"18:19:54";"F";"478";"96";"112";"625";"0.143";"37.5";"1.241";"65";"251";"0.741"
"2024-08-01 18:20:04.238";"2024-08-01";"18:20:04";"F";"479";"99";"112";"820";"0.116";"40.0";"1.241";"65";"251";"0.741"
"2024-08-01 18:20:08.090";"2024-08-01";"18:20:08";"SLCE";"";"Light Curve end ";""
"2024-08-01 18:21:04.997";"2024-08-01";"18:21:04";"SLCS";"";"Light Curve start ";"a3t03"
"2024-08-01 18:21:04.997";"2024-08-01";"18:21:04";"REG1";"";"#1: alpha: - , ETRm: - , Ik: -   ( beta: - 0.012, ETRmPot: 19.023 )   (Platt et al. 1980) ";""
"2024-08-01 18:21:04.997";"2024-08-01";"18:21:04";"REG2";"";"#1: alpha: 0.135, ETRm: 28.603, Ik: 212.373   (Jassby and Platt 1976) ";""
"2024-08-01 18:21:06.397";"2024-08-01";"18:21:06";"FO";"480";"83";"278";"0";"0.701";"0.0";"-";"83";"278";"0.701"
"2024-08-01 18:21:16.386";"2024-08-01";"18:21:16";"F";"481";"117";"199";"65";"0.412";"11.2";"0.397";"83";"278";"0.701"
"2024-08-01 18:21:26.383";"2024-08-01";"18:21:26";"F";"482";"116";"180";"90";"0.356";"13.5";"0.544";"83";"278";"0.701"
"2024-08-01 18:21:36.371";"2024-08-01";"18:21:36";"F";"483";"117";"166";"125";"0.295";"15.5";"0.675";"83";"278";"0.701"
"2024-08-01 18:21:46.356";"2024-08-01";"18:21:46";"F";"484";"118";"157";"190";"0.248";"19.8";"0.771";"83";"278";"0.701"
"2024-08-01 18:21:56.350";"2024-08-01";"18:21:56";"F";"485";"123";"150";"285";"0.180";"21.5";"0.853";"83";"278";"0.701"
"2024-08-01 18:22:06.338";"2024-08-01";"18:22:06";"F";"486";"124";"145";"420";"0.145";"25.6";"0.917";"83";"278";"0.701"
"2024-08-01 18:22:16.326";"2024-08-01";"18:22:16";"F";"487";"125";"140";"625";"0.107";"28.1";"0.986";"83";"278";"0.701"
"2024-08-01 18:22:26.313";"2024-08-01";"18:22:26";"F";"488";"126";"139";"820";"0.094";"32.4";"1.000";"83";"278";"0.701"
"2024-08-01 18:22:29.977";"2024-08-01";"18:22:29";"SLCE";"";"Light Curve end ";""
"2024-08-01 18:23:56.906";"2024-08-01";"18:23:56";"SLCS";"";"Light Curve start ";"a2t10"
"2024-08-01 18:23:56.906";"2024-08-01";"18:23:56";"REG1";"";"#1: alpha: - , ETRm: - , Ik: -   ( beta: - 0.010, ETRmPot: 20.458 )   (Platt et al. 1980) ";""
"2024-08-01 18:23:56.906";"2024-08-01";"18:23:56";"REG2";"";"#1: alpha: 0.136, ETRm: 27.860, Ik: 205.160   (Jassby and Platt 1976) ";""
"2024-08-01 18:23:58.309";"2024-08-01";"18:23:58";"FO";"489";"78";"237";"0";"0.671";"0.0";"-";"78";"237";"0.671"
"2024-08-01 18:24:08.303";"2024-08-01";"18:24:08";"F";"490";"106";"170";"65";"0.376";"10.3";"0.394";"78";"237";"0.671"
"2024-08-01 18:24:18.293";"2024-08-01";"18:24:18";"F";"491";"101";"154";"90";"0.344";"13.0";"0.539";"78";"237";"0.671"
"2024-08-01 18:24:28.277";"2024-08-01";"18:24:28";"F";"492";"102";"146";"125";"0.301";"15.8";"0.623";"78";"237";"0.671"
"2024-08-01 18:24:38.265";"2024-08-01";"18:24:38";"F";"493";"105";"140";"190";"0.250";"20.0";"0.693";"78";"237";"0.671"
"2024-08-01 18:24:48.257";"2024-08-01";"18:24:48";"F";"494";"109";"133";"285";"0.180";"21.5";"0.782";"78";"237";"0.671"
"2024-08-01 18:24:58.251";"2024-08-01";"18:24:58";"F";"495";"111";"129";"420";"0.140";"24.7";"0.837";"78";"237";"0.671"
"2024-08-01 18:25:08.231";"2024-08-01";"18:25:08";"F";"496";"113";"127";"625";"0.110";"28.9";"0.866";"78";"237";"0.671"
"2024-08-01 18:25:18.223";"2024-08-01";"18:25:18";"F";"497";"114";"125";"820";"0.088";"30.3";"0.896";"78";"237";"0.671"
"2024-08-01 18:25:21.927";"2024-08-01";"18:25:21";"SLCE";"";"Light Curve end ";""
"2024-08-01 18:26:35.327";"2024-08-01";"18:26:35";"SLCS";"";"Light Curve start ";"b3t06"
"2024-08-01 18:26:35.327";"2024-08-01";"18:26:35";"REG1";"";"#1: alpha: - , ETRm: - , Ik: -   ( beta: 0.000, ETRmPot: 23.493 )   (Platt et al. 1980) ";""
"2024-08-01 18:26:35.327";"2024-08-01";"18:26:35";"REG2";"";"#1: alpha: 0.201, ETRm: 23.274, Ik: 115.976   (Jassby and Platt 1976) ";""
"2024-08-01 18:26:36.717";"2024-08-01";"18:26:36";"FO";"498";"111";"329";"0";"0.663";"0.0";"-";"111";"329";"0.663"
"2024-08-01 18:26:46.706";"2024-08-01";"18:26:46";"F";"499";"140";"269";"65";"0.480";"13.1";"0.223";"111";"329";"0.663"
"2024-08-01 18:26:56.701";"2024-08-01";"18:26:56";"F";"500";"142";"244";"90";"0.418";"15.8";"0.348";"111";"329";"0.663"
"2024-08-01 18:27:06.692";"2024-08-01";"18:27:06";"F";"501";"151";"224";"125";"0.326";"17.1";"0.469";"111";"329";"0.663"
"2024-08-01 18:27:16.678";"2024-08-01";"18:27:16";"F";"502";"158";"212";"190";"0.255";"20.3";"0.552";"111";"329";"0.663"
"2024-08-01 18:27:26.666";"2024-08-01";"18:27:26";"F";"503";"163";"202";"285";"0.193";"23.1";"0.629";"111";"329";"0.663"
"2024-08-01 18:27:36.654";"2024-08-01";"18:27:36";"F";"504";"167";"192";"420";"0.130";"22.9";"0.714";"111";"329";"0.663"
"2024-08-01 18:27:46.644";"2024-08-01";"18:27:46";"F";"505";"169";"187";"625";"0.096";"25.2";"0.759";"111";"329";"0.663"
"2024-08-01 18:27:56.634";"2024-08-01";"18:27:56";"F";"506";"170";"182";"820";"0.066";"22.7";"0.808";"111";"329";"0.663"
"2024-08-01 18:28:00.163";"2024-08-01";"18:28:00";"SLCE";"";"Light Curve end ";""
"2024-08-01 18:30:18.298";"2024-08-01";"18:30:18";"SLCS";"";"Light Curve start ";"b2t10"
"2024-08-01 18:30:18.298";"2024-08-01";"18:30:18";"REG1";"";"#1: alpha: - , ETRm: - , Ik: -   ( beta: - 0.006, ETRmPot: 15.454 )   (Platt et al. 1980) ";""
"2024-08-01 18:30:18.298";"2024-08-01";"18:30:18";"REG2";"";"#1: alpha: 0.145, ETRm: 18.927, Ik: 130.394   (Jassby and Platt 1976) ";""
"2024-08-01 18:30:19.685";"2024-08-01";"18:30:19";"FO";"507";"110";"364";"0";"0.698";"0.0";"-";"110";"364";"0.698"
"2024-08-01 18:30:29.679";"2024-08-01";"18:30:29";"F";"508";"204";"311";"65";"0.344";"9.4";"0.170";"110";"364";"0.698"
"2024-08-01 18:30:39.671";"2024-08-01";"18:30:39";"F";"509";"195";"286";"90";"0.318";"12.0";"0.273";"110";"364";"0.698"
"2024-08-01 18:30:49.658";"2024-08-01";"18:30:49";"F";"510";"199";"269";"125";"0.260";"13.7";"0.353";"110";"364";"0.698"
"2024-08-01 18:30:59.649";"2024-08-01";"18:30:59";"F";"511";"209";"263";"190";"0.205";"16.4";"0.384";"110";"364";"0.698"
"2024-08-01 18:31:09.633";"2024-08-01";"18:31:09";"F";"512";"218";"253";"285";"0.138";"16.5";"0.439";"110";"364";"0.698"
"2024-08-01 18:31:19.629";"2024-08-01";"18:31:19";"F";"513";"221";"245";"420";"0.098";"17.3";"0.486";"110";"364";"0.698"
"2024-08-01 18:31:29.613";"2024-08-01";"18:31:29";"F";"514";"221";"240";"625";"0.079";"20.7";"0.517";"110";"364";"0.698"
"2024-08-01 18:31:39.600";"2024-08-01";"18:31:39";"F";"515";"218";"232";"820";"0.060";"20.7";"0.569";"110";"364";"0.698"
"2024-08-01 18:31:42.970";"2024-08-01";"18:31:42";"SLCE";"";"Light Curve end ";""
"2024-08-01 18:32:58.899";"2024-08-01";"18:32:58";"SLCS";"";"Light Curve start ";"t121"
"2024-08-01 18:32:58.899";"2024-08-01";"18:32:58";"REG1";"";"#1: alpha: - , ETRm: - , Ik: -   ( beta: - 0.019, ETRmPot: 28.122 )   (Platt et al. 1980) ";""
"2024-08-01 18:32:58.899";"2024-08-01";"18:32:58";"REG2";"";"#1: alpha: 0.126, ETRm: 46.885, Ik: 372.192   (Jassby and Platt 1976) ";""
"2024-08-01 18:33:00.286";"2024-08-01";"18:33:00";"FO";"516";"83";"252";"0";"0.671";"0.0";"-";"83";"252";"0.671"
"2024-08-01 18:33:10.282";"2024-08-01";"18:33:10";"F";"517";"131";"211";"65";"0.379";"10.3";"0.194";"83";"252";"0.671"
"2024-08-01 18:33:20.273";"2024-08-01";"18:33:20";"F";"518";"126";"202";"90";"0.376";"14.2";"0.248";"83";"252";"0.671"
"2024-08-01 18:33:30.263";"2024-08-01";"18:33:30";"F";"519";"130";"195";"125";"0.333";"17.5";"0.292";"83";"252";"0.671"
"2024-08-01 18:33:40.251";"2024-08-01";"18:33:40";"F";"520";"137";"188";"190";"0.271";"21.6";"0.340";"83";"252";"0.671"
"2024-08-01 18:33:50.240";"2024-08-01";"18:33:50";"F";"521";"141";"186";"285";"0.242";"29.0";"0.355";"83";"252";"0.671"
"2024-08-01 18:34:00.222";"2024-08-01";"18:34:00";"F";"522";"143";"179";"420";"0.201";"35.5";"0.408";"83";"252";"0.671"
"2024-08-01 18:34:10.213";"2024-08-01";"18:34:10";"F";"523";"147";"175";"625";"0.160";"42.0";"0.440";"83";"252";"0.671"
"2024-08-01 18:34:20.210";"2024-08-01";"18:34:20";"F";"524";"146";"170";"820";"0.141";"48.6";"0.482";"83";"252";"0.671"
"2024-08-01 18:34:23.884";"2024-08-01";"18:34:23";"SLCE";"";"Light Curve end ";""
"2024-08-01 18:35:10.708";"2024-08-01";"18:35:10";"SLCS";"";"Light Curve start ";"t122"
"2024-08-01 18:35:10.708";"2024-08-01";"18:35:10";"REG1";"";"#1: alpha: - , ETRm: - , Ik: -   ( beta: - 0.009, ETRmPot: 14.638 )   (Platt et al. 1980) ";""
"2024-08-01 18:35:10.708";"2024-08-01";"18:35:10";"REG2";"";"#1: alpha: 0.143, ETRm: 20.341, Ik: 142.250   (Jassby and Platt 1976) ";""
"2024-08-01 18:35:12.116";"2024-08-01";"18:35:12";"FO";"525";"77";"293";"0";"0.737";"0.0";"-";"77";"293";"0.737"
"2024-08-01 18:35:22.107";"2024-08-01";"18:35:22";"F";"526";"123";"205";"65";"0.400";"10.9";"0.429";"77";"293";"0.737"
"2024-08-01 18:35:32.087";"2024-08-01";"18:35:32";"F";"527";"112";"170";"90";"0.341";"12.9";"0.724";"77";"293";"0.737"
"2024-08-01 18:35:42.077";"2024-08-01";"18:35:42";"F";"528";"115";"156";"125";"0.263";"13.8";"0.878";"77";"293";"0.737"
"2024-08-01 18:35:52.076";"2024-08-01";"18:35:52";"F";"529";"121";"149";"190";"0.188";"15.0";"0.966";"77";"293";"0.737"
"2024-08-01 18:36:02.065";"2024-08-01";"18:36:02";"F";"530";"124";"145";"285";"0.145";"17.4";"1.021";"77";"293";"0.737"
"2024-08-01 18:36:12.052";"2024-08-01";"18:36:12";"F";"531";"126";"141";"420";"0.106";"18.7";"1.078";"77";"293";"0.737"
"2024-08-01 18:36:22.035";"2024-08-01";"18:36:22";"F";"532";"127";"139";"625";"0.086";"22.6";"1.108";"77";"293";"0.737"
"2024-08-01 18:36:32.033";"2024-08-01";"18:36:32";"F";"533";"127";"136";"820";"0.066";"22.7";"1.154";"77";"293";"0.737"
"2024-08-01 18:36:35.708";"2024-08-01";"18:36:35";"SLCE";"";"Light Curve end ";""
"2024-08-01 18:39:09.724";"2024-08-01";"18:39:09";"SLCS";"";"Light Curve start ";"t123"
"2024-08-01 18:39:09.724";"2024-08-01";"18:39:09";"REG1";"";"#1: alpha: - , ETRm: - , Ik: -   ( beta: - 0.002, ETRmPot: 13.577 )   (Platt et al. 1980) ";""
"2024-08-01 18:39:09.724";"2024-08-01";"18:39:09";"REG2";"";"#1: alpha: 0.164, ETRm: 14.650, Ik: 89.582   (Jassby and Platt 1976) ";""
"2024-08-01 18:39:11.118";"2024-08-01";"18:39:11";"FO";"534";"84";"314";"0";"0.732";"0.0";"-";"84";"314";"0.732"
"2024-08-01 18:39:21.107";"2024-08-01";"18:39:21";"F";"535";"138";"210";"65";"0.343";"9.4";"0.495";"84";"314";"0.732"
"2024-08-01 18:39:31.096";"2024-08-01";"18:39:31";"F";"536";"133";"189";"90";"0.296";"11.2";"0.661";"84";"314";"0.732"
"2024-08-01 18:39:41.090";"2024-08-01";"18:39:41";"F";"537";"135";"179";"125";"0.246";"12.9";"0.754";"84";"314";"0.732"
"2024-08-01 18:39:51.073";"2024-08-01";"18:39:51";"F";"538";"141";"169";"190";"0.166";"13.2";"0.858";"84";"314";"0.732"
"2024-08-01 18:40:01.066";"2024-08-01";"18:40:01";"F";"539";"146";"166";"285";"0.120";"14.4";"0.892";"84";"314";"0.732"
"2024-08-01 18:40:11.058";"2024-08-01";"18:40:11";"F";"540";"148";"161";"420";"0.081";"14.3";"0.950";"84";"314";"0.732"
"2024-08-01 18:40:21.042";"2024-08-01";"18:40:21";"F";"541";"147";"156";"625";"0.058";"15.2";"1.013";"84";"314";"0.732"
"2024-08-01 18:40:31.032";"2024-08-01";"18:40:31";"F";"542";"147";"154";"820";"0.045";"15.5";"1.039";"84";"314";"0.732"
"2024-08-01 18:40:34.820";"2024-08-01";"18:40:34";"SLCE";"";"Light Curve end ";""
