"2023-03-31";"11:48:01";"WinControl (rev 1195) report file"
"Datetime";"Date";"Time";"Type";"No.";"1:F";"1:Fm'";"1:PAR";"1:Y (II)";"1:ETR";"1:Fo'";"1:NPQ";"1:Fo";"1:Fm";"1:Fv/Fm"
"";"";"";"D";"";"Device Nr: #1, JUNIOR-PAM-II (CFMG0360A) ";""
"2023-03-31 07:57:47.983";"2023-03-31";"07:57:47";"SLCS";"";"Light Curve start ";"hm137"
"2023-03-31 07:57:47.983";"2023-03-31";"07:57:47";"REG1";"";"#1: alpha: - , ETRm: - , Ik: -   ( beta: - 0.003, ETRmPot: 12.214 )   (Platt et al. 1980) ";""
"2023-03-31 07:57:47.983";"2023-03-31";"07:57:47";"REG2";"";"#1: alpha: 0.306, ETRm: 13.327, Ik: 43.573   (Jassby and Platt 1976) ";""
"2023-03-31 07:57:49.709";"2023-03-31";"07:57:49";"FO";"1";"106";"327";"0";"0.676";"0.0";"-";"-";"106";"327";"0.676"
"2023-03-31 07:58:20.007";"2023-03-31";"07:58:20";"F";"2";"114";"256";"45";"0.555";"10.5";"97";"0.277";"106";"327";"0.676"
"2023-03-31 07:58:50.302";"2023-03-31";"07:58:50";"F";"3";"119";"210";"66";"0.433";"12.0";"90";"0.557";"106";"327";"0.676"
"2023-03-31 07:59:20.599";"2023-03-31";"07:59:20";"F";"4";"124";"187";"90";"0.337";"12.7";"85";"0.749";"106";"327";"0.676"
"2023-03-31 07:59:50.892";"2023-03-31";"07:59:50";"F";"5";"128";"169";"125";"0.243";"12.8";"81";"0.935";"106";"327";"0.676"
"2023-03-31 08:00:21.194";"2023-03-31";"08:00:21";"F";"6";"135";"161";"190";"0.161";"12.8";"79";"1.031";"106";"327";"0.676"
"2023-03-31 08:00:51.489";"2023-03-31";"08:00:51";"F";"7";"138";"155";"285";"0.110";"13.2";"78";"1.110";"106";"327";"0.676"
"2023-03-31 08:01:21.781";"2023-03-31";"08:01:21";"F";"8";"141";"152";"420";"0.072";"12.7";"77";"1.151";"106";"327";"0.676"
"2023-03-31 08:01:52.078";"2023-03-31";"08:01:52";"F";"9";"145";"154";"625";"0.058";"15.2";"78";"1.123";"106";"327";"0.676"
"2023-03-31 08:01:54.742";"2023-03-31";"08:01:54";"SLCE";"";"Light Curve end ";""
"2023-03-31 08:02:42.792";"2023-03-31";"08:02:42";"SLCS";"";"Light Curve start ";"hm138"
"2023-03-31 08:02:42.792";"2023-03-31";"08:02:42";"REG1";"";"#1: alpha: - , ETRm: - , Ik: -   ( beta: - 0.004, ETRmPot: 11.371 )   (Platt et al. 1980) ";""
"2023-03-31 08:02:42.792";"2023-03-31";"08:02:42";"REG2";"";"#1: alpha: 0.299, ETRm: 12.759, Ik: 42.654   (Jassby and Platt 1976) ";""
"2023-03-31 08:02:44.471";"2023-03-31";"08:02:44";"FO";"10";"107";"316";"0";"0.661";"0.0";"-";"-";"107";"316";"0.661"
"2023-03-31 08:03:14.772";"2023-03-31";"08:03:14";"F";"11";"123";"273";"45";"0.549";"10.4";"102";"0.158";"107";"316";"0.661"
"2023-03-31 08:03:45.060";"2023-03-31";"08:03:45";"F";"12";"122";"204";"66";"0.402";"11.1";"90";"0.549";"107";"316";"0.661"
"2023-03-31 08:04:15.364";"2023-03-31";"08:04:15";"F";"13";"124";"185";"90";"0.330";"12.5";"86";"0.708";"107";"316";"0.661"
"2023-03-31 08:04:45.660";"2023-03-31";"08:04:45";"F";"14";"130";"167";"125";"0.222";"11.7";"82";"0.892";"107";"316";"0.661"
"2023-03-31 08:05:15.955";"2023-03-31";"08:05:15";"F";"15";"132";"156";"190";"0.154";"12.3";"79";"1.026";"107";"316";"0.661"
"2023-03-31 08:05:46.251";"2023-03-31";"08:05:46";"F";"16";"135";"149";"285";"0.094";"11.3";"78";"1.121";"107";"316";"0.661"
"2023-03-31 08:06:16.548";"2023-03-31";"08:06:16";"F";"17";"137";"149";"420";"0.081";"14.3";"78";"1.121";"107";"316";"0.661"
"2023-03-31 08:06:46.838";"2023-03-31";"08:06:46";"F";"18";"140";"148";"625";"0.054";"14.2";"77";"1.135";"107";"316";"0.661"
"2023-03-31 08:06:49.343";"2023-03-31";"08:06:49";"SLCE";"";"Light Curve end ";""
"2023-03-31 08:07:19.248";"2023-03-31";"08:07:19";"SLCS";"";"Light Curve start ";"hm139"
"2023-03-31 08:07:19.248";"2023-03-31";"08:07:19";"REG1";"";"#1: alpha: - , ETRm: - , Ik: -   ( beta: - 0.007, ETRmPot: 15.427 )   (Platt et al. 1980) ";""
"2023-03-31 08:07:19.248";"2023-03-31";"08:07:19";"REG2";"";"#1: alpha: 0.235, ETRm: 18.005, Ik: 76.513   (Jassby and Platt 1976) ";""
"2023-03-31 08:07:20.936";"2023-03-31";"08:07:20";"FO";"19";"75";"221";"0";"0.661";"0.0";"-";"-";"75";"221";"0.661"
"2023-03-31 08:07:51.233";"2023-03-31";"08:07:51";"F";"20";"86";"203";"45";"0.576";"10.9";"73";"0.089";"75";"221";"0.661"
"2023-03-31 08:08:21.527";"2023-03-31";"08:08:21";"F";"21";"85";"160";"66";"0.469";"13.0";"66";"0.381";"75";"221";"0.661"
"2023-03-31 08:08:51.825";"2023-03-31";"08:08:51";"F";"22";"87";"139";"90";"0.374";"14.1";"62";"0.590";"75";"221";"0.661"
"2023-03-31 08:09:22.119";"2023-03-31";"08:09:22";"F";"23";"89";"126";"125";"0.294";"15.4";"60";"0.754";"75";"221";"0.661"
"2023-03-31 08:09:52.418";"2023-03-31";"08:09:52";"F";"24";"93";"114";"190";"0.184";"14.7";"57";"0.939";"75";"221";"0.661"
"2023-03-31 08:10:22.692";"2023-03-31";"08:10:22";"F";"25";"91";"109";"285";"0.165";"19.8";"56";"1.028";"75";"221";"0.661"
"2023-03-31 08:10:53.008";"2023-03-31";"08:10:53";"F";"26";"95";"106";"420";"0.104";"18.3";"55";"1.085";"75";"221";"0.661"
"2023-03-31 08:11:23.303";"2023-03-31";"08:11:23";"F";"27";"98";"106";"625";"0.075";"19.7";"55";"1.085";"75";"221";"0.661"
"2023-03-31 08:11:25.935";"2023-03-31";"08:11:25";"SLCE";"";"Light Curve end ";""
"2023-03-31 08:11:41.079";"2023-03-31";"08:11:41";"SLCS";"";"Light Curve start ";"hm140"
"2023-03-31 08:11:41.079";"2023-03-31";"08:11:41";"REG1";"";"#1: alpha: - , ETRm: - , Ik: -   ( beta: - 0.006, ETRmPot: 13.234 )   (Platt et al. 1980) ";""
"2023-03-31 08:11:41.079";"2023-03-31";"08:11:41";"REG2";"";"#1: alpha: 0.178, ETRm: 15.511, Ik: 87.349   (Jassby and Platt 1976) ";""
"2023-03-31 08:11:42.800";"2023-03-31";"08:11:42";"FO";"28";"104";"247";"0";"0.579";"0.0";"-";"-";"104";"247";"0.579"
"2023-03-31 08:12:13.097";"2023-03-31";"08:12:13";"F";"29";"120";"207";"45";"0.420";"7.9";"96";"0.193";"104";"247";"0.579"
"2023-03-31 08:12:43.387";"2023-03-31";"08:12:43";"F";"30";"120";"195";"66";"0.385";"10.7";"94";"0.267";"104";"247";"0.579"
"2023-03-31 08:13:13.683";"2023-03-31";"08:13:13";"F";"31";"125";"177";"90";"0.294";"11.1";"89";"0.395";"104";"247";"0.579"
"2023-03-31 08:13:43.981";"2023-03-31";"08:13:43";"F";"32";"124";"166";"125";"0.253";"13.3";"86";"0.488";"104";"247";"0.579"
"2023-03-31 08:14:14.277";"2023-03-31";"08:14:14";"F";"33";"128";"157";"190";"0.185";"14.8";"84";"0.573";"104";"247";"0.579"
"2023-03-31 08:14:44.569";"2023-03-31";"08:14:44";"F";"34";"133";"152";"285";"0.125";"15.0";"82";"0.625";"104";"247";"0.579"
"2023-03-31 08:15:14.867";"2023-03-31";"08:15:14";"F";"35";"136";"148";"420";"0.081";"14.3";"81";"0.669";"104";"247";"0.579"
"2023-03-31 08:15:45.161";"2023-03-31";"08:15:45";"F";"36";"137";"147";"625";"0.068";"17.9";"81";"0.680";"104";"247";"0.579"
"2023-03-31 08:15:47.554";"2023-03-31";"08:15:47";"SLCE";"";"Light Curve end ";""
"2023-03-31 08:16:02.546";"2023-03-31";"08:16:02";"SLCS";"";"Light Curve start ";"ul137"
"2023-03-31 08:16:02.546";"2023-03-31";"08:16:02";"REG1";"";"#1: Error: First 3 ETR-Values are not increasing ";""
"2023-03-31 08:16:02.546";"2023-03-31";"08:16:02";"REG2";"";"#1: Error: First 3 ETR-Values are not increasing ";""
"2023-03-31 08:16:04.260";"2023-03-31";"08:16:04";"FO";"37";"117";"264";"0";"0.557";"0.0";"-";"-";"117";"264";"0.557"
"2023-03-31 08:16:34.560";"2023-03-31";"08:16:34";"F";"38";"168";"225";"45";"0.253";"4.8";"109";"0.173";"117";"264";"0.557"
"2023-03-31 08:17:04.854";"2023-03-31";"08:17:04";"F";"39";"182";"220";"66";"0.173";"4.8";"107";"0.200";"117";"264";"0.557"
"2023-03-31 08:17:35.146";"2023-03-31";"08:17:35";"F";"40";"195";"219";"90";"0.110";"4.2";"107";"0.205";"117";"264";"0.557"
"2023-03-31 08:18:05.450";"2023-03-31";"08:18:05";"F";"41";"204";"219";"125";"0.068";"3.6";"107";"0.205";"117";"264";"0.557"
"2023-03-31 08:18:35.743";"2023-03-31";"08:18:35";"F";"42";"210";"214";"190";"0.019";"1.5";"106";"0.234";"117";"264";"0.557"
"2023-03-31 08:19:06.033";"2023-03-31";"08:19:06";"F";"43";"209";"209";"285";"0.000";"0.0";"105";"0.263";"117";"264";"0.557"
"2023-03-31 08:19:36.330";"2023-03-31";"08:19:36";"F";"44";"207";"203";"420";"-";"-";"-";"-";"117";"264";"0.557"
"2023-03-31 08:20:06.634";"2023-03-31";"08:20:06";"F";"45";"204";"199";"625";"-";"-";"-";"-";"117";"264";"0.557"
"2023-03-31 08:20:09.727";"2023-03-31";"08:20:09";"SLCE";"";"Light Curve end ";""
"2023-03-31 08:20:37.769";"2023-03-31";"08:20:37";"SLCS";"";"Light Curve start ";"ul138"
"2023-03-31 08:20:37.769";"2023-03-31";"08:20:37";"REG1";"";"#1: alpha: 0.274, ETRm: 21.570, Ik: 78.647   ( beta: 0.036, ETRmPot: 32.248 )   (Platt et al. 1980) ";""
"2023-03-31 08:20:37.769";"2023-03-31";"08:20:37";"REG2";"";"#1: alpha: 0.243, ETRm: 19.659, Ik: 81.040   (Jassby and Platt 1976) ";""
"2023-03-31 08:20:39.526";"2023-03-31";"08:20:39";"FO";"46";"374";"1377";"0";"0.728";"0.0";"-";"-";"374";"1377";"0.728"
"2023-03-31 08:21:09.820";"2023-03-31";"08:21:09";"F";"47";"620";"1264";"45";"0.509";"9.6";"365";"0.089";"374";"1377";"0.728"
"2023-03-31 08:21:40.120";"2023-03-31";"08:21:40";"F";"48";"664";"1218";"66";"0.455";"12.6";"361";"0.131";"374";"1377";"0.728"
"2023-03-31 08:22:10.417";"2023-03-31";"08:22:10";"F";"49";"678";"1181";"90";"0.426";"16.1";"358";"0.166";"374";"1377";"0.728"
"2023-03-31 08:22:40.706";"2023-03-31";"08:22:40";"F";"50";"746";"1152";"125";"0.352";"18.5";"355";"0.195";"374";"1377";"0.728"
"2023-03-31 08:23:11.004";"2023-03-31";"08:23:11";"F";"51";"824";"1115";"190";"0.261";"20.8";"352";"0.235";"374";"1377";"0.728"
"2023-03-31 08:23:41.302";"2023-03-31";"08:23:41";"F";"52";"882";"1072";"285";"0.177";"21.2";"347";"0.285";"374";"1377";"0.728"
"2023-03-31 08:24:11.599";"2023-03-31";"08:24:11";"F";"53";"910";"1027";"420";"0.114";"20.1";"342";"0.341";"374";"1377";"0.728"
"2023-03-31 08:24:41.889";"2023-03-31";"08:24:41";"F";"54";"921";"981";"625";"0.061";"16.0";"337";"0.404";"374";"1377";"0.728"
"2023-03-31 08:24:44.491";"2023-03-31";"08:24:44";"SLCE";"";"Light Curve end ";""
"2023-03-31 08:25:11.942";"2023-03-31";"08:25:11";"SLCS";"";"Light Curve start ";"ul139"
"2023-03-31 08:25:11.942";"2023-03-31";"08:25:11";"REG1";"";"#1: alpha: 0.241, ETRm: 20.231, Ik: 83.830   ( beta: 0.094, ETRmPot: 46.074 )   (Platt et al. 1980) ";""
"2023-03-31 08:25:11.942";"2023-03-31";"08:25:11";"REG2";"";"#1: alpha: 0.226, ETRm: 17.562, Ik: 77.544   (Jassby and Platt 1976) ";""
"2023-03-31 08:25:13.692";"2023-03-31";"08:25:13";"FO";"55";"402";"1538";"0";"0.739";"0.0";"-";"-";"402";"1538";"0.739"
"2023-03-31 08:25:43.984";"2023-03-31";"08:25:43";"F";"56";"738";"1404";"45";"0.474";"9.0";"392";"0.095";"402";"1538";"0.739"
"2023-03-31 08:26:14.281";"2023-03-31";"08:26:14";"F";"57";"786";"1330";"66";"0.409";"11.3";"386";"0.156";"402";"1538";"0.739"
"2023-03-31 08:26:44.571";"2023-03-31";"08:26:44";"F";"58";"791";"1270";"90";"0.377";"14.3";"381";"0.211";"402";"1538";"0.739"
"2023-03-31 08:27:14.875";"2023-03-31";"08:27:14";"F";"59";"811";"1213";"125";"0.331";"17.4";"376";"0.268";"402";"1538";"0.739"
"2023-03-31 08:27:45.164";"2023-03-31";"08:27:45";"F";"60";"878";"1171";"190";"0.250";"20.0";"372";"0.313";"402";"1538";"0.739"
"2023-03-31 08:28:15.465";"2023-03-31";"08:28:15";"F";"61";"939";"1127";"285";"0.167";"20.0";"367";"0.365";"402";"1538";"0.739"
"2023-03-31 08:28:45.758";"2023-03-31";"08:28:45";"F";"62";"973";"1078";"420";"0.097";"17.1";"362";"0.427";"402";"1538";"0.739"
"2023-03-31 08:29:16.051";"2023-03-31";"08:29:16";"F";"63";"981";"1031";"625";"0.048";"12.6";"356";"0.492";"402";"1538";"0.739"
"2023-03-31 08:29:19.093";"2023-03-31";"08:29:19";"SLCE";"";"Light Curve end ";""
"2023-03-31 08:30:23.862";"2023-03-31";"08:30:23";"SLCS";"";"Light Curve start ";"ul140"
"2023-03-31 08:30:23.862";"2023-03-31";"08:30:23";"REG1";"";"#1: alpha: 0.278, ETRm: 27.610, Ik: 99.191   ( beta: 0.067, ETRmPot: 50.976 )   (Platt et al. 1980) ";""
"2023-03-31 08:30:23.862";"2023-03-31";"08:30:23";"REG2";"";"#1: alpha: 0.248, ETRm: 25.470, Ik: 102.499   (Jassby and Platt 1976) ";""
"2023-03-31 08:30:25.550";"2023-03-31";"08:30:25";"FO";"64";"264";"1006";"0";"0.738";"0.0";"-";"-";"264";"1006";"0.738"
"2023-03-31 08:30:55.837";"2023-03-31";"08:30:55";"F";"65";"374";"835";"45";"0.552";"10.4";"251";"0.205";"264";"1006";"0.738"
"2023-03-31 08:31:26.141";"2023-03-31";"08:31:26";"F";"66";"398";"796";"66";"0.500";"13.9";"247";"0.264";"264";"1006";"0.738"
"2023-03-31 08:31:56.434";"2023-03-31";"08:31:56";"F";"67";"417";"783";"90";"0.467";"17.7";"246";"0.285";"264";"1006";"0.738"
"2023-03-31 08:32:26.732";"2023-03-31";"08:32:26";"F";"68";"462";"785";"125";"0.411";"21.6";"246";"0.282";"264";"1006";"0.738"
"2023-03-31 08:32:57.022";"2023-03-31";"08:32:57";"F";"69";"520";"766";"190";"0.321";"25.6";"244";"0.313";"264";"1006";"0.738"
"2023-03-31 08:33:27.319";"2023-03-31";"08:33:27";"F";"70";"568";"736";"285";"0.228";"27.3";"241";"0.367";"264";"1006";"0.738"
"2023-03-31 08:33:57.618";"2023-03-31";"08:33:57";"F";"71";"601";"707";"420";"0.150";"26.5";"238";"0.423";"264";"1006";"0.738"
"2023-03-31 08:34:27.914";"2023-03-31";"08:34:27";"F";"72";"623";"679";"625";"0.082";"21.5";"234";"0.482";"264";"1006";"0.738"
"2023-03-31 08:34:31.178";"2023-03-31";"08:34:31";"SLCE";"";"Light Curve end ";""
"2023-03-31 08:34:45.811";"2023-03-31";"08:34:45";"SLCS";"";"Light Curve start ";"hm141"
"2023-03-31 08:34:45.811";"2023-03-31";"08:34:45";"REG1";"";"#1: alpha: - , ETRm: - , Ik: -   ( beta: - 0.013, ETRmPot: 10.280 )   (Platt et al. 1980) ";""
"2023-03-31 08:34:45.811";"2023-03-31";"08:34:45";"REG2";"";"#1: alpha: 0.162, ETRm: 16.966, Ik: 104.860   (Jassby and Platt 1976) ";""
"2023-03-31 08:34:47.509";"2023-03-31";"08:34:47";"FO";"73";"106";"343";"0";"0.691";"0.0";"-";"-";"106";"343";"0.691"
"2023-03-31 08:35:17.803";"2023-03-31";"08:35:17";"F";"74";"124";"230";"45";"0.461";"8.7";"92";"0.491";"106";"343";"0.691"
"2023-03-31 08:35:48.102";"2023-03-31";"08:35:48";"F";"75";"128";"207";"66";"0.382";"10.6";"88";"0.657";"106";"343";"0.691"
"2023-03-31 08:36:18.396";"2023-03-31";"08:36:18";"F";"76";"132";"191";"90";"0.309";"11.7";"85";"0.796";"106";"343";"0.691"
"2023-03-31 08:36:48.690";"2023-03-31";"08:36:48";"F";"77";"137";"179";"125";"0.235";"12.3";"83";"0.916";"106";"343";"0.691"
"2023-03-31 08:37:18.987";"2023-03-31";"08:37:18";"F";"78";"139";"170";"190";"0.182";"14.5";"81";"1.018";"106";"343";"0.691"
"2023-03-31 08:37:49.283";"2023-03-31";"08:37:49";"F";"79";"146";"165";"285";"0.115";"13.8";"79";"1.079";"106";"343";"0.691"
"2023-03-31 08:38:19.578";"2023-03-31";"08:38:19";"F";"80";"150";"164";"420";"0.085";"15.0";"79";"1.091";"106";"343";"0.691"
"2023-03-31 08:38:49.871";"2023-03-31";"08:38:49";"F";"81";"151";"166";"625";"0.090";"23.6";"80";"1.066";"106";"343";"0.691"
"2023-03-31 08:38:52.514";"2023-03-31";"08:38:52";"SLCE";"";"Light Curve end ";""
"2023-03-31 08:39:18.219";"2023-03-31";"08:39:18";"SLCS";"";"Light Curve start ";"hm142"
"2023-03-31 08:39:18.219";"2023-03-31";"08:39:18";"REG1";"";"#1: alpha: - , ETRm: - , Ik: -   ( beta: - 0.005, ETRmPot: 19.313 )   (Platt et al. 1980) ";""
"2023-03-31 08:39:18.219";"2023-03-31";"08:39:18";"REG2";"";"#1: alpha: 0.220, ETRm: 21.268, Ik: 96.530   (Jassby and Platt 1976) ";""
"2023-03-31 08:39:19.970";"2023-03-31";"08:39:19";"FO";"82";"85";"230";"0";"0.630";"0.0";"-";"-";"85";"230";"0.630"
"2023-03-31 08:39:50.266";"2023-03-31";"08:39:50";"F";"83";"96";"194";"45";"0.505";"9.5";"80";"0.186";"85";"230";"0.630"
"2023-03-31 08:40:20.567";"2023-03-31";"08:40:20";"F";"84";"96";"187";"66";"0.487";"13.5";"78";"0.230";"85";"230";"0.630"
"2023-03-31 08:40:50.858";"2023-03-31";"08:40:50";"F";"85";"96";"164";"90";"0.415";"15.7";"74";"0.402";"85";"230";"0.630"
"2023-03-31 08:41:21.161";"2023-03-31";"08:41:21";"F";"86";"99";"146";"125";"0.322";"16.9";"70";"0.575";"85";"230";"0.630"
"2023-03-31 08:41:51.456";"2023-03-31";"08:41:51";"F";"87";"102";"136";"190";"0.250";"20.0";"68";"0.691";"85";"230";"0.630"
"2023-03-31 08:42:21.751";"2023-03-31";"08:42:21";"F";"88";"106";"129";"285";"0.178";"21.3";"66";"0.783";"85";"230";"0.630"
"2023-03-31 08:42:52.046";"2023-03-31";"08:42:52";"F";"89";"110";"124";"420";"0.113";"19.9";"65";"0.855";"85";"230";"0.630"
"2023-03-31 08:43:22.334";"2023-03-31";"08:43:22";"F";"90";"112";"123";"625";"0.089";"23.4";"64";"0.870";"85";"230";"0.630"
"2023-03-31 08:43:24.671";"2023-03-31";"08:43:24";"SLCE";"";"Light Curve end ";""
"2023-03-31 08:44:25.984";"2023-03-31";"08:44:25";"SLCS";"";"Light Curve start ";"hm143"
"2023-03-31 08:44:25.984";"2023-03-31";"08:44:25";"REG1";"";"#1: alpha: - , ETRm: - , Ik: -   ( beta: - 0.002, ETRmPot: 17.358 )   (Platt et al. 1980) ";""
"2023-03-31 08:44:25.984";"2023-03-31";"08:44:25";"REG2";"";"#1: alpha: 0.172, ETRm: 17.854, Ik: 103.949   (Jassby and Platt 1976) ";""
"2023-03-31 08:44:27.731";"2023-03-31";"08:44:27";"FO";"91";"96";"262";"0";"0.634";"0.0";"-";"-";"96";"262";"0.634"
"2023-03-31 08:44:58.027";"2023-03-31";"08:44:58";"F";"92";"108";"198";"45";"0.455";"8.6";"86";"0.323";"96";"262";"0.634"
"2023-03-31 08:45:28.322";"2023-03-31";"08:45:28";"F";"93";"108";"177";"66";"0.390";"10.8";"82";"0.480";"96";"262";"0.634"
"2023-03-31 08:45:58.617";"2023-03-31";"08:45:58";"F";"94";"109";"160";"90";"0.319";"12.1";"78";"0.638";"96";"262";"0.634"
"2023-03-31 08:46:28.915";"2023-03-31";"08:46:28";"F";"95";"111";"151";"125";"0.265";"13.9";"76";"0.735";"96";"262";"0.634"
"2023-03-31 08:46:59.213";"2023-03-31";"08:46:59";"F";"96";"114";"141";"190";"0.191";"15.2";"73";"0.858";"96";"262";"0.634"
"2023-03-31 08:47:29.500";"2023-03-31";"08:47:29";"F";"97";"115";"136";"285";"0.154";"18.4";"72";"0.926";"96";"262";"0.634"
"2023-03-31 08:47:59.804";"2023-03-31";"08:47:59";"F";"98";"118";"132";"420";"0.106";"18.7";"71";"0.985";"96";"262";"0.634"
"2023-03-31 08:48:30.099";"2023-03-31";"08:48:30";"F";"99";"121";"130";"625";"0.069";"18.1";"70";"1.015";"96";"262";"0.634"
"2023-03-31 08:48:33.383";"2023-03-31";"08:48:33";"SLCE";"";"Light Curve end ";""
"2023-03-31 08:48:59.602";"2023-03-31";"08:48:59";"SLCS";"";"Light Curve start ";"hm144"
"2023-03-31 08:48:59.602";"2023-03-31";"08:48:59";"REG1";"";"#1: alpha: - , ETRm: - , Ik: -   ( beta: - 0.005, ETRmPot: 15.748 )   (Platt et al. 1980) ";""
"2023-03-31 08:48:59.602";"2023-03-31";"08:48:59";"REG2";"";"#1: alpha: 0.184, ETRm: 17.778, Ik: 96.544   (Jassby and Platt 1976) ";""
"2023-03-31 08:49:01.293";"2023-03-31";"08:49:01";"FO";"100";"86";"229";"0";"0.624";"0.0";"-";"-";"86";"229";"0.624"
"2023-03-31 08:49:31.591";"2023-03-31";"08:49:31";"F";"101";"97";"174";"45";"0.443";"8.4";"77";"0.316";"86";"229";"0.624"
"2023-03-31 08:50:01.887";"2023-03-31";"08:50:01";"F";"102";"96";"162";"66";"0.407";"11.3";"74";"0.414";"86";"229";"0.624"
"2023-03-31 08:50:32.178";"2023-03-31";"08:50:32";"F";"103";"96";"148";"90";"0.351";"13.3";"71";"0.547";"86";"229";"0.624"
"2023-03-31 08:51:02.479";"2023-03-31";"08:51:02";"F";"104";"102";"137";"125";"0.255";"13.4";"69";"0.672";"86";"229";"0.624"
"2023-03-31 08:51:32.771";"2023-03-31";"08:51:32";"F";"105";"102";"129";"190";"0.209";"16.7";"67";"0.775";"86";"229";"0.624"
"2023-03-31 08:52:03.068";"2023-03-31";"08:52:03";"F";"106";"106";"124";"285";"0.145";"17.4";"65";"0.847";"86";"229";"0.624"
"2023-03-31 08:52:33.365";"2023-03-31";"08:52:33";"F";"107";"109";"121";"420";"0.099";"17.5";"64";"0.893";"86";"229";"0.624"
"2023-03-31 08:53:03.658";"2023-03-31";"08:53:03";"F";"108";"112";"121";"625";"0.074";"19.4";"64";"0.893";"86";"229";"0.624"
"2023-03-31 08:53:06.693";"2023-03-31";"08:53:06";"SLCE";"";"Light Curve end ";""
"2023-03-31 08:53:25.969";"2023-03-31";"08:53:25";"SLCS";"";"Light Curve start ";"ul141"
"2023-03-31 08:53:25.969";"2023-03-31";"08:53:25";"REG1";"";"#1: alpha: 0.271, ETRm: 14.050, Ik: 51.838   ( beta: 0.021, ETRmPot: 18.622 )   (Platt et al. 1980) ";""
"2023-03-31 08:53:25.969";"2023-03-31";"08:53:25";"REG2";"";"#1: alpha: 0.249, ETRm: 12.342, Ik: 49.588   (Jassby and Platt 1976) ";""
"2023-03-31 08:53:27.660";"2023-03-31";"08:53:27";"FO";"109";"97";"266";"0";"0.635";"0.0";"-";"-";"97";"266";"0.635"
"2023-03-31 08:53:57.952";"2023-03-31";"08:53:57";"F";"110";"123";"225";"45";"0.453";"8.6";"91";"0.182";"97";"266";"0.635"
"2023-03-31 08:54:28.249";"2023-03-31";"08:54:28";"F";"111";"134";"215";"66";"0.377";"10.5";"89";"0.237";"97";"266";"0.635"
"2023-03-31 08:54:58.539";"2023-03-31";"08:54:58";"F";"112";"146";"216";"90";"0.324";"12.2";"89";"0.231";"97";"266";"0.635"
"2023-03-31 08:55:28.836";"2023-03-31";"08:55:28";"F";"113";"159";"215";"125";"0.260";"13.7";"89";"0.237";"97";"266";"0.635"
"2023-03-31 08:55:59.138";"2023-03-31";"08:55:59";"F";"114";"175";"212";"190";"0.175";"14.0";"89";"0.255";"97";"266";"0.635"
"2023-03-31 08:56:29.430";"2023-03-31";"08:56:29";"F";"115";"185";"208";"285";"0.111";"13.3";"88";"0.279";"97";"266";"0.635"
"2023-03-31 08:56:59.730";"2023-03-31";"08:56:59";"F";"116";"191";"204";"420";"0.064";"11.3";"87";"0.304";"97";"266";"0.635"
"2023-03-31 08:57:30.021";"2023-03-31";"08:57:30";"F";"117";"192";"199";"625";"0.035";"9.2";"86";"0.337";"97";"266";"0.635"
"2023-03-31 08:57:32.716";"2023-03-31";"08:57:32";"SLCE";"";"Light Curve end ";""
"2023-03-31 08:57:53.237";"2023-03-31";"08:57:53";"SLCS";"";"Light Curve start ";"ul142"
"2023-03-31 08:57:53.237";"2023-03-31";"08:57:53";"REG1";"";"#1: alpha: 0.241, ETRm: 20.543, Ik: 85.354   ( beta: 0.038, ETRmPot: 32.449 )   (Platt et al. 1980) ";""
"2023-03-31 08:57:53.237";"2023-03-31";"08:57:53";"REG2";"";"#1: alpha: 0.215, ETRm: 18.763, Ik: 87.316   (Jassby and Platt 1976) ";""
"2023-03-31 08:57:54.915";"2023-03-31";"08:57:54";"FO";"118";"380";"1419";"0";"0.732";"0.0";"-";"-";"380";"1419";"0.732"
"2023-03-31 08:58:25.214";"2023-03-31";"08:58:25";"F";"119";"658";"1293";"45";"0.491";"9.3";"370";"0.097";"380";"1419";"0.732"
"2023-03-31 08:58:55.513";"2023-03-31";"08:58:55";"F";"120";"715";"1240";"66";"0.423";"11.7";"366";"0.144";"380";"1419";"0.732"
"2023-03-31 08:59:25.806";"2023-03-31";"08:59:25";"F";"121";"753";"1203";"90";"0.374";"14.1";"363";"0.180";"380";"1419";"0.732"
"2023-03-31 08:59:56.099";"2023-03-31";"08:59:56";"F";"122";"800";"1172";"125";"0.317";"16.6";"360";"0.211";"380";"1419";"0.732"
"2023-03-31 09:00:26.398";"2023-03-31";"09:00:26";"F";"123";"864";"1145";"190";"0.245";"19.6";"357";"0.239";"380";"1419";"0.732"
"2023-03-31 09:00:56.697";"2023-03-31";"09:00:56";"F";"124";"923";"1116";"285";"0.173";"20.7";"354";"0.272";"380";"1419";"0.732"
"2023-03-31 09:01:26.993";"2023-03-31";"09:01:26";"F";"125";"961";"1078";"420";"0.109";"19.2";"350";"0.316";"380";"1419";"0.732"
"2023-03-31 09:01:57.284";"2023-03-31";"09:01:57";"F";"126";"974";"1035";"625";"0.059";"15.5";"346";"0.371";"380";"1419";"0.732"
"2023-03-31 09:02:00.428";"2023-03-31";"09:02:00";"SLCE";"";"Light Curve end ";""
"2023-03-31 09:02:32.822";"2023-03-31";"09:02:32";"SLCS";"";"Light Curve start ";"ul143"
"2023-03-31 09:02:32.822";"2023-03-31";"09:02:32";"REG1";"";"#1: alpha: 0.228, ETRm: 23.416, Ik: 102.626   ( beta: 0.108, ETRmPot: 59.024 )   (Platt et al. 1980) ";""
"2023-03-31 09:02:32.822";"2023-03-31";"09:02:32";"REG2";"";"#1: alpha: 0.207, ETRm: 21.267, Ik: 102.543   (Jassby and Platt 1976) ";""
"2023-03-31 09:02:34.479";"2023-03-31";"09:02:34";"FO";"127";"326";"1404";"0";"0.768";"0.0";"-";"-";"326";"1404";"0.768"
"2023-03-31 09:03:04.777";"2023-03-31";"09:03:04";"F";"128";"680";"1283";"45";"0.470";"8.9";"319";"0.094";"326";"1404";"0.768"
"2023-03-31 09:03:35.072";"2023-03-31";"09:03:35";"F";"129";"723";"1226";"66";"0.410";"11.4";"315";"0.145";"326";"1404";"0.768"
"2023-03-31 09:04:05.372";"2023-03-31";"09:04:05";"F";"130";"732";"1178";"90";"0.379";"14.3";"312";"0.192";"326";"1404";"0.768"
"2023-03-31 09:04:35.669";"2023-03-31";"09:04:35";"F";"131";"744";"1134";"125";"0.344";"18.1";"309";"0.238";"326";"1404";"0.768"
"2023-03-31 09:05:05.963";"2023-03-31";"09:05:05";"F";"132";"783";"1089";"190";"0.281";"22.4";"305";"0.289";"326";"1404";"0.768"
"2023-03-31 09:05:36.252";"2023-03-31";"09:05:36";"F";"133";"837";"1038";"285";"0.194";"23.2";"301";"0.353";"326";"1404";"0.768"
"2023-03-31 09:06:06.553";"2023-03-31";"09:06:06";"F";"134";"861";"982";"420";"0.123";"21.7";"296";"0.430";"326";"1404";"0.768"
"2023-03-31 09:06:36.845";"2023-03-31";"09:06:36";"F";"135";"869";"930";"625";"0.066";"17.3";"292";"0.510";"326";"1404";"0.768"
"2023-03-31 09:06:40.047";"2023-03-31";"09:06:40";"SLCE";"";"Light Curve end ";""
"2023-03-31 09:07:10.214";"2023-03-31";"09:07:10";"SLCS";"";"Light Curve start ";"ul144"
"2023-03-31 09:07:10.214";"2023-03-31";"09:07:10";"REG1";"";"#1: alpha: 0.292, ETRm: 22.482, Ik: 77.078   ( beta: 0.076, ETRmPot: 42.777 )   (Platt et al. 1980) ";""
"2023-03-31 09:07:10.214";"2023-03-31";"09:07:10";"REG2";"";"#1: alpha: 0.277, ETRm: 19.458, Ik: 70.199   (Jassby and Platt 1976) ";""
"2023-03-31 09:07:11.941";"2023-03-31";"09:07:11";"FO";"136";"221";"1027";"0";"0.785";"0.0";"-";"-";"221";"1027";"0.785"
"2023-03-31 09:07:42.237";"2023-03-31";"09:07:42";"F";"137";"376";"843";"45";"0.554";"10.5";"211";"0.218";"221";"1027";"0.785"
"2023-03-31 09:08:12.537";"2023-03-31";"09:08:12";"F";"138";"399";"801";"66";"0.502";"13.9";"208";"0.282";"221";"1027";"0.785"
"2023-03-31 09:08:42.833";"2023-03-31";"09:08:42";"F";"139";"429";"773";"90";"0.445";"16.8";"206";"0.329";"221";"1027";"0.785"
"2023-03-31 09:09:13.131";"2023-03-31";"09:09:13";"F";"140";"472";"750";"125";"0.371";"19.5";"205";"0.369";"221";"1027";"0.785"
"2023-03-31 09:09:43.422";"2023-03-31";"09:09:43";"F";"141";"525";"725";"190";"0.276";"22.0";"203";"0.417";"221";"1027";"0.785"
"2023-03-31 09:10:13.715";"2023-03-31";"09:10:13";"F";"142";"572";"701";"285";"0.184";"22.0";"201";"0.465";"221";"1027";"0.785"
"2023-03-31 09:10:44.015";"2023-03-31";"09:10:44";"F";"143";"599";"673";"420";"0.110";"19.4";"199";"0.526";"221";"1027";"0.785"
"2023-03-31 09:11:14.310";"2023-03-31";"09:11:14";"F";"144";"614";"648";"625";"0.052";"13.7";"196";"0.585";"221";"1027";"0.785"
"2023-03-31 09:11:17.352";"2023-03-31";"09:11:17";"SLCE";"";"Light Curve end ";""
"2023-03-31 09:11:37.088";"2023-03-31";"09:11:37";"SLCS";"";"Light Curve start ";"hm145"
"2023-03-31 09:11:37.088";"2023-03-31";"09:11:37";"REG1";"";"#1: alpha: - , ETRm: - , Ik: -   ( beta: - 0.003, ETRmPot: 10.206 )   (Platt et al. 1980) ";""
"2023-03-31 09:11:37.088";"2023-03-31";"09:11:37";"REG2";"";"#1: alpha: 0.264, ETRm: 11.085, Ik: 41.953   (Jassby and Platt 1976) ";""
"2023-03-31 09:11:38.804";"2023-03-31";"09:11:38";"FO";"145";"114";"382";"0";"0.702";"0.0";"-";"-";"114";"382";"0.702"
"2023-03-31 09:12:09.106";"2023-03-31";"09:12:09";"F";"146";"133";"251";"45";"0.470";"8.9";"99";"0.522";"114";"382";"0.702"
"2023-03-31 09:12:39.400";"2023-03-31";"09:12:39";"F";"147";"139";"219";"66";"0.365";"10.1";"93";"0.744";"114";"382";"0.702"
"2023-03-31 09:13:09.695";"2023-03-31";"09:13:09";"F";"148";"140";"195";"90";"0.282";"10.7";"89";"0.959";"114";"382";"0.702"
"2023-03-31 09:13:39.987";"2023-03-31";"09:13:39";"F";"149";"147";"182";"125";"0.192";"10.1";"86";"1.099";"114";"382";"0.702"
"2023-03-31 09:14:10.282";"2023-03-31";"09:14:10";"F";"150";"152";"177";"190";"0.141";"11.3";"85";"1.158";"114";"382";"0.702"
"2023-03-31 09:14:40.579";"2023-03-31";"09:14:40";"F";"151";"158";"173";"285";"0.087";"10.4";"84";"1.208";"114";"382";"0.702"
"2023-03-31 09:15:10.880";"2023-03-31";"09:15:10";"F";"152";"161";"172";"420";"0.064";"11.3";"84";"1.221";"114";"382";"0.702"
"2023-03-31 09:15:41.174";"2023-03-31";"09:15:41";"F";"153";"164";"172";"625";"0.047";"12.3";"84";"1.221";"114";"382";"0.702"
"2023-03-31 09:15:44.296";"2023-03-31";"09:15:44";"SLCE";"";"Light Curve end ";""
"2023-03-31 09:16:20.327";"2023-03-31";"09:16:20";"SLCS";"";"Light Curve start ";"hm146"
"2023-03-31 09:16:20.327";"2023-03-31";"09:16:20";"REG1";"";"#1: alpha: - , ETRm: - , Ik: -   ( beta: - 0.014, ETRmPot: 14.304 )   (Platt et al. 1980) ";""
"2023-03-31 09:16:20.327";"2023-03-31";"09:16:20";"REG2";"";"#1: alpha: 0.120, ETRm: 23.714, Ik: 197.614   (Jassby and Platt 1976) ";""
"2023-03-31 09:16:22.066";"2023-03-31";"09:16:22";"FO";"154";"138";"407";"0";"0.661";"0.0";"-";"-";"138";"407";"0.661"
"2023-03-31 09:16:52.369";"2023-03-31";"09:16:52";"F";"155";"167";"279";"45";"0.401";"7.6";"119";"0.459";"138";"407";"0.661"
"2023-03-31 09:17:22.663";"2023-03-31";"09:17:22";"F";"156";"169";"261";"66";"0.352";"9.8";"116";"0.559";"138";"407";"0.661"
"2023-03-31 09:17:52.955";"2023-03-31";"09:17:52";"F";"157";"173";"245";"90";"0.294";"11.1";"113";"0.661";"138";"407";"0.661"
"2023-03-31 09:18:23.253";"2023-03-31";"09:18:23";"F";"158";"178";"236";"125";"0.246";"12.9";"111";"0.725";"138";"407";"0.661"
"2023-03-31 09:18:53.542";"2023-03-31";"09:18:53";"F";"159";"183";"230";"190";"0.204";"16.3";"109";"0.770";"138";"407";"0.661"
"2023-03-31 09:19:23.838";"2023-03-31";"09:19:23";"F";"160";"188";"223";"285";"0.157";"18.8";"108";"0.825";"138";"407";"0.661"
"2023-03-31 09:19:54.142";"2023-03-31";"09:19:54";"F";"161";"191";"218";"420";"0.124";"21.9";"107";"0.867";"138";"407";"0.661"
"2023-03-31 09:20:24.438";"2023-03-31";"09:20:24";"F";"162";"196";"218";"625";"0.101";"26.5";"107";"0.867";"138";"407";"0.661"
"2023-03-31 09:20:27.071";"2023-03-31";"09:20:27";"SLCE";"";"Light Curve end ";""
"2023-03-31 09:20:42.831";"2023-03-31";"09:20:42";"SLCS";"";"Light Curve start ";"hm147"
"2023-03-31 09:20:42.831";"2023-03-31";"09:20:42";"REG1";"";"#1: alpha: - , ETRm: - , Ik: -   ( beta: - 0.013, ETRmPot: 11.786 )   (Platt et al. 1980) ";""
"2023-03-31 09:20:42.831";"2023-03-31";"09:20:42";"REG2";"";"#1: alpha: 0.207, ETRm: 18.086, Ik: 87.427   (Jassby and Platt 1976) ";""
"2023-03-31 09:20:44.535";"2023-03-31";"09:20:44";"FO";"163";"81";"255";"0";"0.682";"0.0";"-";"-";"81";"255";"0.682"
"2023-03-31 09:21:14.827";"2023-03-31";"09:21:14";"F";"164";"92";"199";"45";"0.538";"10.2";"74";"0.281";"81";"255";"0.682"
"2023-03-31 09:21:45.122";"2023-03-31";"09:21:45";"F";"165";"96";"166";"66";"0.422";"11.7";"69";"0.536";"81";"255";"0.682"
"2023-03-31 09:22:15.416";"2023-03-31";"09:22:15";"F";"166";"95";"148";"90";"0.358";"13.5";"66";"0.723";"81";"255";"0.682"
"2023-03-31 09:22:45.713";"2023-03-31";"09:22:45";"F";"167";"97";"136";"125";"0.287";"15.1";"63";"0.875";"81";"255";"0.682"
"2023-03-31 09:23:16.012";"2023-03-31";"09:23:16";"F";"168";"102";"128";"190";"0.203";"16.2";"62";"0.992";"81";"255";"0.682"
"2023-03-31 09:23:46.307";"2023-03-31";"09:23:46";"F";"169";"105";"120";"285";"0.125";"15.0";"60";"1.125";"81";"255";"0.682"
"2023-03-31 09:24:16.606";"2023-03-31";"09:24:16";"F";"170";"108";"118";"420";"0.085";"15.0";"59";"1.161";"81";"255";"0.682"
"2023-03-31 09:24:46.897";"2023-03-31";"09:24:46";"F";"171";"109";"121";"625";"0.099";"26.0";"60";"1.107";"81";"255";"0.682"
"2023-03-31 09:24:49.500";"2023-03-31";"09:24:49";"SLCE";"";"Light Curve end ";""
"2023-03-31 09:25:06.012";"2023-03-31";"09:25:06";"SLCS";"";"Light Curve start ";"hm148"
"2023-03-31 09:25:06.012";"2023-03-31";"09:25:06";"REG1";"";"#1: alpha: - , ETRm: - , Ik: -   ( beta: - 0.007, ETRmPot: 21.487 )   (Platt et al. 1980) ";""
"2023-03-31 09:25:06.012";"2023-03-31";"09:25:06";"REG2";"";"#1: alpha: 0.234, ETRm: 24.478, Ik: 104.596   (Jassby and Platt 1976) ";""
"2023-03-31 09:25:07.696";"2023-03-31";"09:25:07";"FO";"172";"107";"313";"0";"0.658";"0.0";"-";"-";"107";"313";"0.658"
"2023-03-31 09:25:37.993";"2023-03-31";"09:25:37";"F";"173";"118";"296";"45";"0.601";"11.4";"105";"0.057";"107";"313";"0.658"
"2023-03-31 09:26:08.285";"2023-03-31";"09:26:08";"F";"174";"126";"261";"66";"0.517";"14.3";"100";"0.199";"107";"313";"0.658"
"2023-03-31 09:26:38.583";"2023-03-31";"09:26:38";"F";"175";"121";"218";"90";"0.445";"16.8";"93";"0.436";"107";"313";"0.658"
"2023-03-31 09:27:08.878";"2023-03-31";"09:27:08";"F";"176";"127";"195";"125";"0.349";"18.3";"89";"0.605";"107";"313";"0.658"
"2023-03-31 09:27:39.173";"2023-03-31";"09:27:39";"F";"177";"127";"181";"190";"0.298";"23.8";"86";"0.729";"107";"313";"0.658"
"2023-03-31 09:28:09.476";"2023-03-31";"09:28:09";"F";"178";"134";"167";"285";"0.198";"23.7";"82";"0.874";"107";"313";"0.658"
"2023-03-31 09:28:39.766";"2023-03-31";"09:28:39";"F";"179";"136";"156";"420";"0.128";"22.6";"80";"1.006";"107";"313";"0.658"
"2023-03-31 09:29:10.062";"2023-03-31";"09:29:10";"F";"180";"138";"154";"625";"0.104";"27.3";"79";"1.032";"107";"313";"0.658"
"2023-03-31 09:29:12.882";"2023-03-31";"09:29:12";"SLCE";"";"Light Curve end ";""
"2023-03-31 09:29:41.461";"2023-03-31";"09:29:41";"SLCS";"";"Light Curve start ";"ul145"
"2023-03-31 09:29:41.461";"2023-03-31";"09:29:41";"REG1";"";"#1: alpha: 0.289, ETRm: 14.314, Ik: 49.515   ( beta: 0.009, ETRmPot: 16.518 )   (Platt et al. 1980) ";""
"2023-03-31 09:29:41.461";"2023-03-31";"09:29:41";"REG2";"";"#1: alpha: 0.237, ETRm: 13.383, Ik: 56.535   (Jassby and Platt 1976) ";""
"2023-03-31 09:29:43.159";"2023-03-31";"09:29:43";"FO";"181";"99";"249";"0";"0.602";"0.0";"-";"-";"99";"249";"0.602"
"2023-03-31 09:30:13.454";"2023-03-31";"09:30:13";"F";"182";"119";"221";"45";"0.462";"8.7";"94";"0.127";"99";"249";"0.602"
"2023-03-31 09:30:43.752";"2023-03-31";"09:30:43";"F";"183";"129";"210";"66";"0.386";"10.7";"92";"0.186";"99";"249";"0.602"
"2023-03-31 09:31:14.046";"2023-03-31";"09:31:14";"F";"184";"138";"208";"90";"0.337";"12.7";"92";"0.197";"99";"249";"0.602"
"2023-03-31 09:31:44.339";"2023-03-31";"09:31:44";"F";"185";"153";"208";"125";"0.264";"13.9";"92";"0.197";"99";"249";"0.602"
"2023-03-31 09:32:14.640";"2023-03-31";"09:32:14";"F";"186";"170";"206";"190";"0.175";"14.0";"91";"0.209";"99";"249";"0.602"
"2023-03-31 09:32:44.931";"2023-03-31";"09:32:44";"F";"187";"182";"206";"285";"0.117";"14.0";"91";"0.209";"99";"249";"0.602"
"2023-03-31 09:33:15.232";"2023-03-31";"09:33:15";"F";"188";"189";"204";"420";"0.074";"13.1";"91";"0.221";"99";"249";"0.602"
"2023-03-31 09:33:45.529";"2023-03-31";"09:33:45";"F";"189";"194";"203";"625";"0.044";"11.6";"91";"0.227";"99";"249";"0.602"
"2023-03-31 09:33:48.144";"2023-03-31";"09:33:48";"SLCE";"";"Light Curve end ";""
"2023-03-31 09:34:18.076";"2023-03-31";"09:34:18";"SLCS";"";"Light Curve start ";"ul146"
"2023-03-31 09:34:18.076";"2023-03-31";"09:34:18";"REG1";"";"#1: alpha: 0.277, ETRm: 21.186, Ik: 76.400   ( beta: 0.026, ETRmPot: 29.051 )   (Platt et al. 1980) ";""
"2023-03-31 09:34:18.076";"2023-03-31";"09:34:18";"REG2";"";"#1: alpha: 0.238, ETRm: 19.628, Ik: 82.321   (Jassby and Platt 1976) ";""
"2023-03-31 09:34:19.801";"2023-03-31";"09:34:19";"FO";"190";"375";"1355";"0";"0.723";"0.0";"-";"-";"375";"1355";"0.723"
"2023-03-31 09:34:50.114";"2023-03-31";"09:34:50";"F";"191";"614";"1268";"45";"0.516";"9.8";"368";"0.069";"375";"1355";"0.723"
"2023-03-31 09:35:20.416";"2023-03-31";"09:35:20";"F";"192";"671";"1221";"66";"0.450";"12.5";"364";"0.110";"375";"1355";"0.723"
"2023-03-31 09:35:50.711";"2023-03-31";"09:35:50";"F";"193";"692";"1183";"90";"0.415";"15.7";"360";"0.145";"375";"1355";"0.723"
"2023-03-31 09:36:21.006";"2023-03-31";"09:36:21";"F";"194";"754";"1152";"125";"0.345";"18.1";"358";"0.176";"375";"1355";"0.723"
"2023-03-31 09:36:51.300";"2023-03-31";"09:36:51";"F";"195";"831";"1122";"190";"0.259";"20.7";"355";"0.208";"375";"1355";"0.723"
"2023-03-31 09:37:21.594";"2023-03-31";"09:37:21";"F";"196";"892";"1083";"285";"0.176";"21.1";"351";"0.251";"375";"1355";"0.723"
"2023-03-31 09:37:51.896";"2023-03-31";"09:37:51";"F";"197";"922";"1037";"420";"0.111";"19.6";"346";"0.307";"375";"1355";"0.723"
"2023-03-31 09:38:22.192";"2023-03-31";"09:38:22";"F";"198";"929";"993";"625";"0.064";"16.8";"341";"0.365";"375";"1355";"0.723"
"2023-03-31 09:38:25.057";"2023-03-31";"09:38:25";"SLCE";"";"Light Curve end ";""
"2023-03-31 09:38:46.988";"2023-03-31";"09:38:46";"SLCS";"";"Light Curve start ";"ul147"
"2023-03-31 09:38:46.988";"2023-03-31";"09:38:46";"REG1";"";"#1: alpha: 0.277, ETRm: 23.512, Ik: 84.743   ( beta: 0.036, ETRmPot: 35.059 )   (Platt et al. 1980) ";""
"2023-03-31 09:38:46.988";"2023-03-31";"09:38:46";"REG2";"";"#1: alpha: 0.243, ETRm: 21.719, Ik: 89.431   (Jassby and Platt 1976) ";""
"2023-03-31 09:38:48.686";"2023-03-31";"09:38:48";"FO";"199";"285";"1296";"0";"0.780";"0.0";"-";"-";"285";"1296";"0.780"
"2023-03-31 09:39:18.976";"2023-03-31";"09:39:18";"F";"200";"553";"1194";"45";"0.537";"10.1";"280";"0.085";"285";"1296";"0.780"
"2023-03-31 09:39:49.277";"2023-03-31";"09:39:49";"F";"201";"604";"1148";"66";"0.474";"13.1";"277";"0.129";"285";"1296";"0.780"
"2023-03-31 09:40:19.571";"2023-03-31";"09:40:19";"F";"202";"624";"1111";"90";"0.438";"16.6";"275";"0.167";"285";"1296";"0.780"
"2023-03-31 09:40:49.864";"2023-03-31";"09:40:49";"F";"203";"676";"1071";"125";"0.369";"19.4";"272";"0.210";"285";"1296";"0.780"
"2023-03-31 09:41:20.163";"2023-03-31";"09:41:20";"F";"204";"737";"1024";"190";"0.280";"22.3";"269";"0.266";"285";"1296";"0.780"
"2023-03-31 09:41:50.461";"2023-03-31";"09:41:50";"F";"205";"783";"974";"285";"0.196";"23.5";"266";"0.331";"285";"1296";"0.780"
"2023-03-31 09:42:20.754";"2023-03-31";"09:42:20";"F";"206";"808";"924";"420";"0.126";"22.2";"262";"0.403";"285";"1296";"0.780"
"2023-03-31 09:42:51.050";"2023-03-31";"09:42:51";"F";"207";"819";"881";"625";"0.070";"18.4";"258";"0.471";"285";"1296";"0.780"
"2023-03-31 09:42:53.683";"2023-03-31";"09:42:53";"SLCE";"";"Light Curve end ";""
"2023-03-31 09:43:16.887";"2023-03-31";"09:43:16";"SLCS";"";"Light Curve start ";"ul148"
"2023-03-31 09:43:16.887";"2023-03-31";"09:43:16";"REG1";"";"#1: alpha: 0.275, ETRm: 25.859, Ik: 94.033   ( beta: 0.086, ETRmPot: 53.208 )   (Platt et al. 1980) ";""
"2023-03-31 09:43:16.887";"2023-03-31";"09:43:16";"REG2";"";"#1: alpha: 0.251, ETRm: 23.306, Ik: 92.797   (Jassby and Platt 1976) ";""
"2023-03-31 09:43:18.550";"2023-03-31";"09:43:18";"FO";"208";"238";"1225";"0";"0.806";"0.0";"-";"-";"238";"1225";"0.806"
"2023-03-31 09:43:48.843";"2023-03-31";"09:43:48";"F";"209";"470";"1056";"45";"0.555";"10.5";"231";"0.160";"238";"1225";"0.806"
"2023-03-31 09:44:19.136";"2023-03-31";"09:44:19";"F";"210";"507";"1000";"66";"0.493";"13.7";"228";"0.225";"238";"1225";"0.806"
"2023-03-31 09:44:49.436";"2023-03-31";"09:44:49";"F";"211";"530";"967";"90";"0.452";"17.1";"226";"0.267";"238";"1225";"0.806"
"2023-03-31 09:45:19.735";"2023-03-31";"09:45:19";"F";"212";"565";"928";"125";"0.391";"20.5";"224";"0.320";"238";"1225";"0.806"
"2023-03-31 09:45:50.023";"2023-03-31";"09:45:50";"F";"213";"618";"893";"190";"0.308";"24.6";"222";"0.372";"238";"1225";"0.806"
"2023-03-31 09:46:20.317";"2023-03-31";"09:46:20";"F";"214";"669";"853";"285";"0.216";"25.9";"219";"0.436";"238";"1225";"0.806"
"2023-03-31 09:46:50.614";"2023-03-31";"09:46:50";"F";"215";"701";"810";"420";"0.135";"23.8";"216";"0.512";"238";"1225";"0.806"
"2023-03-31 09:47:20.912";"2023-03-31";"09:47:20";"F";"216";"719";"774";"625";"0.071";"18.6";"214";"0.583";"238";"1225";"0.806"
"2023-03-31 09:47:23.597";"2023-03-31";"09:47:23";"SLCE";"";"Light Curve end ";""
"2023-03-31 09:47:54.556";"2023-03-31";"09:47:54";"SLCS";"";"Light Curve start ";"hm125"
"2023-03-31 09:47:54.556";"2023-03-31";"09:47:54";"REG1";"";"#1: alpha: - , ETRm: - , Ik: -   ( beta: - 0.009, ETRmPot: 17.379 )   (Platt et al. 1980) ";""
"2023-03-31 09:47:54.556";"2023-03-31";"09:47:54";"REG2";"";"#1: alpha: 0.242, ETRm: 21.334, Ik: 87.999   (Jassby and Platt 1976) ";""
"2023-03-31 09:47:56.308";"2023-03-31";"09:47:56";"FO";"217";"80";"271";"0";"0.705";"0.0";"-";"-";"80";"271";"0.705"
"2023-03-31 09:48:26.601";"2023-03-31";"09:48:26";"F";"218";"91";"197";"45";"0.538";"10.2";"72";"0.376";"80";"271";"0.705"
"2023-03-31 09:48:56.900";"2023-03-31";"09:48:56";"F";"219";"89";"193";"66";"0.539";"14.9";"71";"0.404";"80";"271";"0.705"
"2023-03-31 09:49:27.200";"2023-03-31";"09:49:27";"F";"220";"91";"163";"90";"0.442";"16.7";"67";"0.663";"80";"271";"0.705"
"2023-03-31 09:49:57.488";"2023-03-31";"09:49:57";"F";"221";"95";"140";"125";"0.321";"16.9";"63";"0.936";"80";"271";"0.705"
"2023-03-31 09:50:27.788";"2023-03-31";"09:50:27";"F";"222";"96";"127";"190";"0.244";"19.5";"60";"1.134";"80";"271";"0.705"
"2023-03-31 09:50:58.085";"2023-03-31";"09:50:58";"F";"223";"99";"120";"285";"0.175";"20.9";"58";"1.258";"80";"271";"0.705"
"2023-03-31 09:51:28.383";"2023-03-31";"09:51:28";"F";"224";"103";"116";"420";"0.112";"19.8";"57";"1.336";"80";"271";"0.705"
"2023-03-31 09:51:58.675";"2023-03-31";"09:51:58";"F";"225";"104";"115";"625";"0.096";"25.2";"57";"1.357";"80";"271";"0.705"
"2023-03-31 09:52:01.369";"2023-03-31";"09:52:01";"SLCE";"";"Light Curve end ";""
"2023-03-31 09:52:32.536";"2023-03-31";"09:52:32";"SLCS";"";"Light Curve start ";"hm126"
"2023-03-31 09:52:32.536";"2023-03-31";"09:52:32";"REG1";"";"#1: alpha: - , ETRm: - , Ik: -   ( beta: - 0.011, ETRmPot: 16.246 )   (Platt et al. 1980) ";""
"2023-03-31 09:52:32.536";"2023-03-31";"09:52:32";"REG2";"";"#1: alpha: 0.222, ETRm: 21.180, Ik: 95.393   (Jassby and Platt 1976) ";""
"2023-03-31 09:52:34.267";"2023-03-31";"09:52:34";"FO";"226";"86";"267";"0";"0.678";"0.0";"-";"-";"86";"267";"0.678"
"2023-03-31 09:53:04.569";"2023-03-31";"09:53:04";"F";"227";"107";"235";"45";"0.545";"10.3";"82";"0.136";"86";"267";"0.678"
"2023-03-31 09:53:34.859";"2023-03-31";"09:53:34";"F";"228";"103";"210";"66";"0.510";"14.1";"79";"0.271";"86";"267";"0.678"
"2023-03-31 09:54:05.159";"2023-03-31";"09:54:05";"F";"229";"104";"176";"90";"0.409";"15.5";"74";"0.517";"86";"267";"0.678"
"2023-03-31 09:54:35.456";"2023-03-31";"09:54:35";"F";"230";"107";"155";"125";"0.310";"16.3";"70";"0.723";"86";"267";"0.678"
"2023-03-31 09:55:05.748";"2023-03-31";"09:55:05";"F";"231";"109";"143";"190";"0.238";"19.0";"67";"0.867";"86";"267";"0.678"
"2023-03-31 09:55:36.048";"2023-03-31";"09:55:36";"F";"232";"113";"133";"285";"0.150";"18.0";"65";"1.008";"86";"267";"0.678"
"2023-03-31 09:56:06.337";"2023-03-31";"09:56:06";"F";"233";"114";"131";"420";"0.130";"22.9";"64";"1.038";"86";"267";"0.678"
"2023-03-31 09:56:36.641";"2023-03-31";"09:56:36";"F";"234";"117";"129";"625";"0.093";"24.4";"64";"1.070";"86";"267";"0.678"
"2023-03-31 09:56:39.725";"2023-03-31";"09:56:39";"SLCE";"";"Light Curve end ";""
"2023-03-31 09:56:59.093";"2023-03-31";"09:56:59";"SLCS";"";"Light Curve start ";"hm127"
"2023-03-31 09:56:59.093";"2023-03-31";"09:56:59";"REG1";"";"#1: alpha: - , ETRm: - , Ik: -   ( beta: - 0.001, ETRmPot: 30.289 )   (Platt et al. 1980) ";""
"2023-03-31 09:56:59.093";"2023-03-31";"09:56:59";"REG2";"";"#1: alpha: 0.243, ETRm: 29.961, Ik: 123.087   (Jassby and Platt 1976) ";""
"2023-03-31 09:57:00.839";"2023-03-31";"09:57:00";"FO";"235";"87";"245";"0";"0.645";"0.0";"-";"-";"87";"245";"0.645"
"2023-03-31 09:57:31.128";"2023-03-31";"09:57:31";"F";"236";"98";"223";"45";"0.561";"10.6";"84";"0.099";"87";"245";"0.645"
"2023-03-31 09:58:01.425";"2023-03-31";"09:58:01";"F";"237";"95";"231";"66";"0.589";"16.3";"85";"0.061";"87";"245";"0.645"
"2023-03-31 09:58:31.722";"2023-03-31";"09:58:31";"F";"238";"96";"196";"90";"0.510";"19.3";"80";"0.250";"87";"245";"0.645"
"2023-03-31 09:59:02.020";"2023-03-31";"09:59:02";"F";"239";"97";"163";"125";"0.405";"21.3";"74";"0.503";"87";"245";"0.645"
"2023-03-31 09:59:32.313";"2023-03-31";"09:59:32";"F";"240";"97";"145";"190";"0.331";"26.4";"70";"0.690";"87";"245";"0.645"
"2023-03-31 10:00:02.608";"2023-03-31";"10:00:02";"F";"241";"99";"131";"285";"0.244";"29.2";"66";"0.870";"87";"245";"0.645"
"2023-03-31 10:00:32.900";"2023-03-31";"10:00:32";"F";"242";"101";"122";"420";"0.172";"30.3";"64";"1.008";"87";"245";"0.645"
"2023-03-31 10:01:03.203";"2023-03-31";"10:01:03";"F";"243";"106";"120";"625";"0.117";"30.7";"64";"1.042";"87";"245";"0.645"
"2023-03-31 10:01:05.767";"2023-03-31";"10:01:05";"SLCE";"";"Light Curve end ";""
"2023-03-31 10:01:21.707";"2023-03-31";"10:01:21";"SLCS";"";"Light Curve start ";"hm128"
"2023-03-31 10:01:21.707";"2023-03-31";"10:01:21";"REG1";"";"#1: alpha: 0.371, ETRm: 24.885, Ik: 67.036   ( beta: 0.016, ETRmPot: 29.831 )   (Platt et al. 1980) ";""
"2023-03-31 10:01:21.707";"2023-03-31";"10:01:21";"REG2";"";"#1: alpha: 0.293, ETRm: 23.810, Ik: 81.186   (Jassby and Platt 1976) ";""
"2023-03-31 10:01:23.399";"2023-03-31";"10:01:23";"FO";"244";"100";"272";"0";"0.632";"0.0";"-";"-";"100";"272";"0.632"
"2023-03-31 10:01:53.694";"2023-03-31";"10:01:53";"F";"245";"113";"244";"45";"0.537";"10.1";"96";"0.115";"100";"272";"0.632"
"2023-03-31 10:02:23.993";"2023-03-31";"10:02:23";"F";"246";"111";"261";"66";"0.575";"15.9";"98";"0.042";"100";"272";"0.632"
"2023-03-31 10:02:54.285";"2023-03-31";"10:02:54";"F";"247";"113";"238";"90";"0.525";"19.8";"95";"0.143";"100";"272";"0.632"
"2023-03-31 10:03:24.583";"2023-03-31";"10:03:24";"F";"248";"113";"199";"125";"0.432";"22.7";"88";"0.367";"100";"272";"0.632"
"2023-03-31 10:03:54.876";"2023-03-31";"10:03:54";"F";"249";"114";"172";"190";"0.337";"26.9";"82";"0.581";"100";"272";"0.632"
"2023-03-31 10:04:25.169";"2023-03-31";"10:04:25";"F";"250";"119";"149";"285";"0.201";"24.1";"77";"0.826";"100";"272";"0.632"
"2023-03-31 10:04:55.467";"2023-03-31";"10:04:55";"F";"251";"123";"139";"420";"0.115";"20.3";"74";"0.957";"100";"272";"0.632"
"2023-03-31 10:05:25.762";"2023-03-31";"10:05:25";"F";"252";"125";"137";"625";"0.088";"23.1";"73";"0.985";"100";"272";"0.632"
"2023-03-31 10:05:29.034";"2023-03-31";"10:05:29";"SLCE";"";"Light Curve end ";""
"2023-03-31 10:05:53.910";"2023-03-31";"10:05:53";"SLCS";"";"Light Curve start ";"ul125"
"2023-03-31 10:05:53.910";"2023-03-31";"10:05:53";"REG1";"";"#1: alpha: 0.377, ETRm: 8.529, Ik: 22.633   ( beta: 0.033, ETRmPot: 11.597 )   (Platt et al. 1980) ";""
"2023-03-31 10:05:53.910";"2023-03-31";"10:05:53";"REG2";"";"#1: alpha: 1.006, ETRm: 6.300, Ik: 6.263   (Jassby and Platt 1976) ";""
"2023-03-31 10:05:55.663";"2023-03-31";"10:05:55";"FO";"253";"127";"360";"0";"0.647";"0.0";"-";"-";"127";"360";"0.647"
"2023-03-31 10:06:25.959";"2023-03-31";"10:06:25";"F";"254";"136";"226";"45";"0.398";"7.5";"105";"0.593";"127";"360";"0.647"
"2023-03-31 10:06:56.249";"2023-03-31";"10:06:56";"F";"255";"144";"209";"66";"0.311";"8.6";"101";"0.722";"127";"360";"0.647"
"2023-03-31 10:07:26.545";"2023-03-31";"10:07:26";"F";"256";"157";"206";"90";"0.238";"9.0";"100";"0.748";"127";"360";"0.647"
"2023-03-31 10:07:56.846";"2023-03-31";"10:07:56";"F";"257";"172";"203";"125";"0.153";"8.0";"100";"0.773";"127";"360";"0.647"
"2023-03-31 10:08:27.137";"2023-03-31";"10:08:27";"F";"258";"182";"200";"190";"0.090";"7.2";"99";"0.800";"127";"360";"0.647"
"2023-03-31 10:08:57.439";"2023-03-31";"10:08:57";"F";"259";"192";"198";"285";"0.030";"3.6";"99";"0.818";"127";"360";"0.647"
"2023-03-31 10:09:27.730";"2023-03-31";"10:09:27";"F";"260";"195";"198";"420";"0.015";"2.6";"99";"0.818";"127";"360";"0.647"
"2023-03-31 10:09:58.026";"2023-03-31";"10:09:58";"F";"261";"195";"198";"625";"0.015";"3.9";"99";"0.818";"127";"360";"0.647"
"2023-03-31 10:10:01.271";"2023-03-31";"10:10:01";"SLCE";"";"Light Curve end ";""
"2023-03-31 10:10:30.980";"2023-03-31";"10:10:30";"SLCS";"";"Light Curve start ";"ul126"
"2023-03-31 10:10:30.980";"2023-03-31";"10:10:30";"REG1";"";"#1: alpha: 0.228, ETRm: 19.049, Ik: 83.511   ( beta: 0.036, ETRmPot: 30.201 )   (Platt et al. 1980) ";""
"2023-03-31 10:10:30.980";"2023-03-31";"10:10:30";"REG2";"";"#1: alpha: 0.204, ETRm: 17.333, Ik: 85.056   (Jassby and Platt 1976) ";""
"2023-03-31 10:10:32.720";"2023-03-31";"10:10:32";"FO";"262";"508";"1405";"0";"0.638";"0.0";"-";"-";"508";"1405";"0.638"
"2023-03-31 10:11:03.017";"2023-03-31";"10:11:03";"F";"263";"723";"1316";"45";"0.451";"8.5";"496";"0.068";"508";"1405";"0.638"
"2023-03-31 10:11:33.314";"2023-03-31";"10:11:33";"F";"264";"761";"1252";"66";"0.392";"10.9";"487";"0.122";"508";"1405";"0.638"
"2023-03-31 10:12:03.612";"2023-03-31";"10:12:03";"F";"265";"774";"1202";"90";"0.356";"13.5";"479";"0.169";"508";"1405";"0.638"
"2023-03-31 10:12:33.911";"2023-03-31";"10:12:33";"F";"266";"816";"1163";"125";"0.298";"15.6";"472";"0.208";"508";"1405";"0.638"
"2023-03-31 10:13:04.204";"2023-03-31";"10:13:04";"F";"267";"867";"1124";"190";"0.229";"18.3";"466";"0.250";"508";"1405";"0.638"
"2023-03-31 10:13:34.495";"2023-03-31";"10:13:34";"F";"268";"909";"1082";"285";"0.160";"19.2";"459";"0.299";"508";"1405";"0.638"
"2023-03-31 10:14:04.797";"2023-03-31";"10:14:04";"F";"269";"935";"1038";"420";"0.099";"17.5";"450";"0.354";"508";"1405";"0.638"
"2023-03-31 10:14:35.086";"2023-03-31";"10:14:35";"F";"270";"938";"992";"625";"0.054";"14.2";"442";"0.416";"508";"1405";"0.638"
"2023-03-31 10:14:38.079";"2023-03-31";"10:14:38";"SLCE";"";"Light Curve end ";""
"2023-03-31 10:15:19.520";"2023-03-31";"10:15:19";"SLCS";"";"Light Curve start ";"ul127"
"2023-03-31 10:15:19.520";"2023-03-31";"10:15:19";"REG1";"";"#1: alpha: 0.272, ETRm: 35.907, Ik: 131.773   ( beta: 0.095, ETRmPot: 77.756 )   (Platt et al. 1980) ";""
"2023-03-31 10:15:19.520";"2023-03-31";"10:15:19";"REG2";"";"#1: alpha: 0.239, ETRm: 34.563, Ik: 144.648   (Jassby and Platt 1976) ";""
"2023-03-31 10:15:21.286";"2023-03-31";"10:15:21";"FO";"271";"246";"971";"0";"0.747";"0.0";"-";"-";"246";"971";"0.747"
"2023-03-31 10:15:51.580";"2023-03-31";"10:15:51";"F";"272";"384";"860";"45";"0.553";"10.5";"238";"0.129";"246";"971";"0.747"
"2023-03-31 10:16:21.858";"2023-03-31";"10:16:21";"F";"273";"397";"802";"66";"0.505";"14.0";"234";"0.211";"246";"971";"0.747"
"2023-03-31 10:16:52.172";"2023-03-31";"10:16:52";"F";"274";"391";"761";"90";"0.486";"18.4";"230";"0.276";"246";"971";"0.747"
"2023-03-31 10:17:22.472";"2023-03-31";"10:17:22";"F";"275";"396";"736";"125";"0.462";"24.3";"228";"0.319";"246";"971";"0.747"
"2023-03-31 10:17:52.761";"2023-03-31";"10:17:52";"F";"276";"444";"723";"190";"0.386";"30.8";"226";"0.343";"246";"971";"0.747"
"2023-03-31 10:18:23.062";"2023-03-31";"10:18:23";"F";"277";"506";"710";"285";"0.287";"34.4";"225";"0.368";"246";"971";"0.747"
"2023-03-31 10:18:53.354";"2023-03-31";"10:18:53";"F";"278";"547";"684";"420";"0.200";"35.3";"222";"0.420";"246";"971";"0.747"
"2023-03-31 10:19:23.653";"2023-03-31";"10:19:23";"F";"279";"573";"653";"625";"0.123";"32.3";"219";"0.487";"246";"971";"0.747"
"2023-03-31 10:19:26.285";"2023-03-31";"10:19:26";"SLCE";"";"Light Curve end ";""
"2023-03-31 10:20:01.539";"2023-03-31";"10:20:01";"SLCS";"";"Light Curve start ";"ul128"
"2023-03-31 10:20:01.539";"2023-03-31";"10:20:01";"REG1";"";"#1: alpha: 0.273, ETRm: 26.312, Ik: 96.294   ( beta: 0.118, ETRmPot: 63.155 )   (Platt et al. 1980) ";""
"2023-03-31 10:20:01.539";"2023-03-31";"10:20:01";"REG2";"";"#1: alpha: 0.249, ETRm: 23.623, Ik: 94.769   (Jassby and Platt 1976) ";""
"2023-03-31 10:20:03.245";"2023-03-31";"10:20:03";"FO";"280";"251";"1176";"0";"0.787";"0.0";"-";"-";"251";"1176";"0.787"
"2023-03-31 10:20:33.536";"2023-03-31";"10:20:33";"F";"281";"506";"1036";"45";"0.512";"9.7";"244";"0.135";"251";"1176";"0.787"
"2023-03-31 10:21:03.833";"2023-03-31";"10:21:03";"F";"282";"529";"992";"66";"0.467";"12.9";"241";"0.185";"251";"1176";"0.787"
"2023-03-31 10:21:34.133";"2023-03-31";"10:21:34";"F";"283";"506";"949";"90";"0.467";"17.7";"239";"0.239";"251";"1176";"0.787"
"2023-03-31 10:22:04.431";"2023-03-31";"10:22:04";"F";"284";"535";"908";"125";"0.411";"21.6";"236";"0.295";"251";"1176";"0.787"
"2023-03-31 10:22:34.725";"2023-03-31";"10:22:34";"F";"285";"594";"867";"190";"0.315";"25.1";"233";"0.356";"251";"1176";"0.787"
"2023-03-31 10:23:05.019";"2023-03-31";"10:23:05";"F";"286";"640";"818";"285";"0.218";"26.1";"230";"0.438";"251";"1176";"0.787"
"2023-03-31 10:23:35.316";"2023-03-31";"10:23:35";"F";"287";"667";"771";"420";"0.135";"23.8";"226";"0.525";"251";"1176";"0.787"
"2023-03-31 10:24:05.615";"2023-03-31";"10:24:05";"F";"288";"681";"733";"625";"0.071";"18.6";"222";"0.604";"251";"1176";"0.787"
"2023-03-31 10:24:08.023";"2023-03-31";"10:24:08";"SLCE";"";"Light Curve end ";""
"2023-03-31 10:25:08.439";"2023-03-31";"10:25:08";"SLCS";"";"Light Curve start ";"hm129"
"2023-03-31 10:25:08.439";"2023-03-31";"10:25:08";"REG1";"";"#1: alpha: - , ETRm: - , Ik: -   ( beta: - 0.010, ETRmPot: 17.184 )   (Platt et al. 1980) ";""
"2023-03-31 10:25:08.439";"2023-03-31";"10:25:08";"REG2";"";"#1: alpha: 0.223, ETRm: 21.542, Ik: 96.645   (Jassby and Platt 1976) ";""
"2023-03-31 10:25:10.099";"2023-03-31";"10:25:10";"FO";"289";"118";"334";"0";"0.647";"0.0";"-";"-";"118";"334";"0.647"
"2023-03-31 10:25:40.397";"2023-03-31";"10:25:40";"F";"290";"136";"299";"45";"0.545";"10.3";"113";"0.117";"118";"334";"0.647"
"2023-03-31 10:26:10.697";"2023-03-31";"10:26:10";"F";"291";"140";"272";"66";"0.485";"13.4";"109";"0.228";"118";"334";"0.647"
"2023-03-31 10:26:40.986";"2023-03-31";"10:26:40";"F";"292";"141";"242";"90";"0.417";"15.8";"104";"0.380";"118";"334";"0.647"
"2023-03-31 10:27:11.284";"2023-03-31";"10:27:11";"F";"293";"148";"220";"125";"0.327";"17.2";"100";"0.518";"118";"334";"0.647"
"2023-03-31 10:27:41.582";"2023-03-31";"10:27:41";"F";"294";"154";"204";"190";"0.245";"19.6";"96";"0.637";"118";"334";"0.647"
"2023-03-31 10:28:11.878";"2023-03-31";"10:28:11";"F";"295";"160";"193";"285";"0.171";"20.5";"94";"0.731";"118";"334";"0.647"
"2023-03-31 10:28:42.170";"2023-03-31";"10:28:42";"F";"296";"165";"186";"420";"0.113";"19.9";"92";"0.796";"118";"334";"0.647"
"2023-03-31 10:29:12.472";"2023-03-31";"10:29:12";"F";"297";"168";"186";"625";"0.097";"25.5";"92";"0.796";"118";"334";"0.647"
"2023-03-31 10:29:15.217";"2023-03-31";"10:29:15";"SLCE";"";"Light Curve end ";""
"2023-03-31 10:30:22.154";"2023-03-31";"10:30:22";"SLCS";"";"Light Curve start ";"hm130"
"2023-03-31 10:30:22.154";"2023-03-31";"10:30:22";"REG1";"";"#1: alpha: - , ETRm: - , Ik: -   ( beta: - 0.009, ETRmPot: 19.145 )   (Platt et al. 1980) ";""
"2023-03-31 10:30:22.154";"2023-03-31";"10:30:22";"REG2";"";"#1: alpha: 0.246, ETRm: 22.703, Ik: 92.439   (Jassby and Platt 1976) ";""
"2023-03-31 10:30:23.864";"2023-03-31";"10:30:23";"FO";"298";"109";"308";"0";"0.646";"0.0";"-";"-";"109";"308";"0.646"
"2023-03-31 10:30:54.153";"2023-03-31";"10:30:54";"F";"299";"127";"286";"45";"0.556";"10.5";"106";"0.077";"109";"308";"0.646"
"2023-03-31 10:31:24.450";"2023-03-31";"10:31:24";"F";"300";"127";"281";"66";"0.548";"15.2";"105";"0.096";"109";"308";"0.646"
"2023-03-31 10:31:54.751";"2023-03-31";"10:31:54";"F";"301";"126";"224";"90";"0.438";"16.6";"96";"0.375";"109";"308";"0.646"
"2023-03-31 10:32:25.047";"2023-03-31";"10:32:25";"F";"302";"127";"198";"125";"0.359";"18.8";"91";"0.556";"109";"308";"0.646"
"2023-03-31 10:32:55.344";"2023-03-31";"10:32:55";"F";"303";"131";"178";"190";"0.264";"21.1";"87";"0.730";"109";"308";"0.646"
"2023-03-31 10:33:25.637";"2023-03-31";"10:33:25";"F";"304";"132";"161";"285";"0.180";"21.5";"82";"0.913";"109";"308";"0.646"
"2023-03-31 10:33:55.930";"2023-03-31";"10:33:55";"F";"305";"135";"154";"420";"0.123";"21.7";"81";"1.000";"109";"308";"0.646"
"2023-03-31 10:34:26.223";"2023-03-31";"10:34:26";"F";"306";"137";"152";"625";"0.099";"26.0";"80";"1.026";"109";"308";"0.646"
"2023-03-31 10:34:28.865";"2023-03-31";"10:34:28";"SLCE";"";"Light Curve end ";""
"2023-03-31 10:34:48.047";"2023-03-31";"10:34:48";"SLCS";"";"Light Curve start ";"hm131"
"2023-03-31 10:34:48.047";"2023-03-31";"10:34:48";"REG1";"";"#1: alpha: - , ETRm: - , Ik: -   ( beta: - 0.011, ETRmPot: 20.668 )   (Platt et al. 1980) ";""
"2023-03-31 10:34:48.047";"2023-03-31";"10:34:48";"REG2";"";"#1: alpha: 0.217, ETRm: 25.906, Ik: 119.142   (Jassby and Platt 1976) ";""
"2023-03-31 10:34:49.721";"2023-03-31";"10:34:49";"FO";"307";"115";"311";"0";"0.630";"0.0";"-";"-";"115";"311";"0.630"
"2023-03-31 10:35:20.019";"2023-03-31";"10:35:20";"F";"308";"131";"292";"45";"0.551";"10.4";"112";"0.065";"115";"311";"0.630"
"2023-03-31 10:35:50.313";"2023-03-31";"10:35:50";"F";"309";"136";"289";"66";"0.529";"14.7";"112";"0.076";"115";"311";"0.630"
"2023-03-31 10:36:20.616";"2023-03-31";"10:36:20";"F";"310";"134";"245";"90";"0.453";"17.1";"105";"0.269";"115";"311";"0.630"
"2023-03-31 10:36:50.909";"2023-03-31";"10:36:50";"F";"311";"135";"207";"125";"0.348";"18.3";"97";"0.502";"115";"311";"0.630"
"2023-03-31 10:37:21.208";"2023-03-31";"10:37:21";"F";"312";"137";"190";"190";"0.279";"22.3";"93";"0.637";"115";"311";"0.630"
"2023-03-31 10:37:51.496";"2023-03-31";"10:37:51";"F";"313";"139";"174";"285";"0.201";"24.1";"89";"0.787";"115";"311";"0.630"
"2023-03-31 10:38:21.800";"2023-03-31";"10:38:21";"F";"314";"143";"167";"420";"0.144";"25.4";"87";"0.862";"115";"311";"0.630"
"2023-03-31 10:38:52.086";"2023-03-31";"10:38:52";"F";"315";"144";"162";"625";"0.111";"29.1";"86";"0.920";"115";"311";"0.630"
"2023-03-31 10:38:55.354";"2023-03-31";"10:38:55";"SLCE";"";"Light Curve end ";""
"2023-03-31 10:39:32.295";"2023-03-31";"10:39:32";"SLCS";"";"Light Curve start ";"hm132"
"2023-03-31 10:39:32.295";"2023-03-31";"10:39:32";"REG1";"";"#1: alpha: - , ETRm: - , Ik: -   ( beta: - 0.001, ETRmPot: 32.904 )   (Platt et al. 1980) ";""
"2023-03-31 10:39:32.295";"2023-03-31";"10:39:32";"REG2";"";"#1: alpha: 0.240, ETRm: 32.723, Ik: 136.069   (Jassby and Platt 1976) ";""
"2023-03-31 10:39:33.982";"2023-03-31";"10:39:33";"FO";"316";"116";"332";"0";"0.651";"0.0";"-";"-";"116";"332";"0.651"
"2023-03-31 10:40:04.285";"2023-03-31";"10:40:04";"F";"317";"134";"318";"45";"0.579";"10.9";"114";"0.044";"116";"332";"0.651"
"2023-03-31 10:40:34.581";"2023-03-31";"10:40:34";"F";"318";"133";"314";"66";"0.576";"16.0";"114";"0.057";"116";"332";"0.651"
"2023-03-31 10:41:04.876";"2023-03-31";"10:41:04";"F";"319";"134";"278";"90";"0.518";"19.6";"109";"0.194";"116";"332";"0.651"
"2023-03-31 10:41:35.169";"2023-03-31";"10:41:35";"F";"320";"137";"242";"125";"0.434";"22.8";"103";"0.372";"116";"332";"0.651"
"2023-03-31 10:42:05.459";"2023-03-31";"10:42:05";"F";"321";"141";"215";"190";"0.344";"27.5";"97";"0.544";"116";"332";"0.651"
"2023-03-31 10:42:35.761";"2023-03-31";"10:42:35";"F";"322";"145";"196";"285";"0.260";"31.1";"93";"0.694";"116";"332";"0.651"
"2023-03-31 10:43:06.058";"2023-03-31";"10:43:06";"F";"323";"151";"186";"420";"0.188";"33.2";"91";"0.785";"116";"332";"0.651"
"2023-03-31 10:43:36.353";"2023-03-31";"10:43:36";"F";"324";"157";"180";"625";"0.128";"33.6";"90";"0.844";"116";"332";"0.651"
"2023-03-31 10:43:39.587";"2023-03-31";"10:43:39";"SLCE";"";"Light Curve end ";""
"2023-03-31 10:43:57.454";"2023-03-31";"10:43:57";"SLCS";"";"Light Curve start ";"ul129"
"2023-03-31 10:43:57.454";"2023-03-31";"10:43:57";"REG1";"";"#1: alpha: 0.238, ETRm: 12.558, Ik: 52.727   ( beta: 0.092, ETRmPot: 28.582 )   (Platt et al. 1980) ";""
"2023-03-31 10:43:57.454";"2023-03-31";"10:43:57";"REG2";"";"#1: alpha: 0.298, ETRm: 9.509, Ik: 31.876   (Jassby and Platt 1976) ";""
"2023-03-31 10:43:59.150";"2023-03-31";"10:43:59";"FO";"325";"234";"695";"0";"0.663";"0.0";"-";"-";"234";"695";"0.663"
"2023-03-31 10:44:29.445";"2023-03-31";"10:44:29";"F";"326";"363";"619";"45";"0.414";"7.8";"225";"0.123";"234";"695";"0.663"
"2023-03-31 10:44:59.740";"2023-03-31";"10:44:59";"F";"327";"359";"558";"66";"0.357";"9.9";"216";"0.246";"234";"695";"0.663"
"2023-03-31 10:45:30.031";"2023-03-31";"10:45:30";"F";"328";"350";"506";"90";"0.308";"11.6";"208";"0.374";"234";"695";"0.663"
"2023-03-31 10:46:00.328";"2023-03-31";"10:46:00";"F";"329";"360";"466";"125";"0.227";"11.9";"201";"0.491";"234";"695";"0.663"
"2023-03-31 10:46:30.626";"2023-03-31";"10:46:30";"F";"330";"378";"445";"190";"0.151";"12.0";"197";"0.562";"234";"695";"0.663"
"2023-03-31 10:47:00.923";"2023-03-31";"10:47:00";"F";"331";"399";"437";"285";"0.087";"10.4";"195";"0.590";"234";"695";"0.663"
"2023-03-31 10:47:31.219";"2023-03-31";"10:47:31";"F";"332";"415";"434";"420";"0.044";"7.8";"195";"0.601";"234";"695";"0.663"
"2023-03-31 10:48:01.511";"2023-03-31";"10:48:01";"F";"333";"427";"432";"625";"0.012";"3.2";"194";"0.609";"234";"695";"0.663"
"2023-03-31 10:48:04.456";"2023-03-31";"10:48:04";"SLCE";"";"Light Curve end ";""
"2023-03-31 10:48:22.601";"2023-03-31";"10:48:22";"SLCS";"";"Light Curve start ";"ul130"
"2023-03-31 10:48:22.601";"2023-03-31";"10:48:22";"REG1";"";"#1: alpha: 0.262, ETRm: 27.883, Ik: 106.482   ( beta: 0.064, ETRmPot: 51.503 )   (Platt et al. 1980) ";""
"2023-03-31 10:48:22.601";"2023-03-31";"10:48:22";"REG2";"";"#1: alpha: 0.232, ETRm: 26.083, Ik: 112.577   (Jassby and Platt 1976) ";""
"2023-03-31 10:48:24.310";"2023-03-31";"10:48:24";"FO";"334";"360";"1358";"0";"0.735";"0.0";"-";"-";"360";"1358";"0.735"
"2023-03-31 10:48:54.609";"2023-03-31";"10:48:54";"F";"335";"593";"1246";"45";"0.524";"9.9";"352";"0.090";"360";"1358";"0.735"
"2023-03-31 10:49:24.904";"2023-03-31";"10:49:24";"F";"336";"637";"1196";"66";"0.467";"12.9";"348";"0.135";"360";"1358";"0.735"
"2023-03-31 10:49:55.206";"2023-03-31";"10:49:55";"F";"337";"629";"1159";"90";"0.457";"17.3";"344";"0.172";"360";"1358";"0.735"
"2023-03-31 10:50:25.498";"2023-03-31";"10:50:25";"F";"338";"669";"1120";"125";"0.403";"21.2";"341";"0.213";"360";"1358";"0.735"
"2023-03-31 10:50:55.793";"2023-03-31";"10:50:55";"F";"339";"741";"1080";"190";"0.314";"25.1";"337";"0.257";"360";"1358";"0.735"
"2023-03-31 10:51:26.085";"2023-03-31";"10:51:26";"F";"340";"799";"1037";"285";"0.230";"27.5";"333";"0.310";"360";"1358";"0.735"
"2023-03-31 10:51:56.389";"2023-03-31";"10:51:56";"F";"341";"838";"990";"420";"0.154";"27.2";"328";"0.372";"360";"1358";"0.735"
"2023-03-31 10:52:26.674";"2023-03-31";"10:52:26";"F";"342";"860";"942";"625";"0.087";"22.8";"322";"0.442";"360";"1358";"0.735"
"2023-03-31 10:52:29.239";"2023-03-31";"10:52:29";"SLCE";"";"Light Curve end ";""
"2023-03-31 10:52:58.953";"2023-03-31";"10:52:58";"SLCS";"";"Light Curve start ";"ul131"
"2023-03-31 10:52:58.953";"2023-03-31";"10:52:58";"REG1";"";"#1: alpha: 0.246, ETRm: 28.525, Ik: 115.820   ( beta: 0.089, ETRmPot: 62.632 )   (Platt et al. 1980) ";""
"2023-03-31 10:52:58.953";"2023-03-31";"10:52:58";"REG2";"";"#1: alpha: 0.220, ETRm: 26.767, Ik: 121.772   (Jassby and Platt 1976) ";""
"2023-03-31 10:53:00.671";"2023-03-31";"10:53:00";"FO";"343";"334";"1491";"0";"0.776";"0.0";"-";"-";"334";"1491";"0.776"
"2023-03-31 10:53:30.974";"2023-03-31";"10:53:30";"F";"344";"641";"1284";"45";"0.501";"9.5";"322";"0.161";"334";"1491";"0.776"
"2023-03-31 10:54:01.271";"2023-03-31";"10:54:01";"F";"345";"674";"1238";"66";"0.456";"12.6";"319";"0.204";"334";"1491";"0.776"
"2023-03-31 10:54:31.566";"2023-03-31";"10:54:31";"F";"346";"673";"1205";"90";"0.441";"16.7";"317";"0.237";"334";"1491";"0.776"
"2023-03-31 10:55:01.862";"2023-03-31";"10:55:01";"F";"347";"706";"1165";"125";"0.394";"20.7";"314";"0.280";"334";"1491";"0.776"
"2023-03-31 10:55:32.152";"2023-03-31";"10:55:32";"F";"348";"769";"1119";"190";"0.313";"25.0";"311";"0.332";"334";"1491";"0.776"
"2023-03-31 10:56:02.453";"2023-03-31";"10:56:02";"F";"349";"821";"1073";"285";"0.235";"28.1";"307";"0.390";"334";"1491";"0.776"
"2023-03-31 10:56:32.749";"2023-03-31";"10:56:32";"F";"350";"854";"1016";"420";"0.159";"28.0";"302";"0.468";"334";"1491";"0.776"
"2023-03-31 10:57:03.041";"2023-03-31";"10:57:03";"F";"351";"870";"956";"625";"0.090";"23.6";"297";"0.560";"334";"1491";"0.776"
"2023-03-31 10:57:06.214";"2023-03-31";"10:57:06";"SLCE";"";"Light Curve end ";""
"2023-03-31 10:58:06.261";"2023-03-31";"10:58:06";"SLCS";"";"Light Curve start ";"ul132"
"2023-03-31 10:58:06.261";"2023-03-31";"10:58:06";"REG1";"";"#1: alpha: 0.267, ETRm: 26.108, Ik: 97.903   ( beta: 0.109, ETRmPot: 60.863 )   (Platt et al. 1980) ";""
"2023-03-31 10:58:06.261";"2023-03-31";"10:58:06";"REG2";"";"#1: alpha: 0.242, ETRm: 23.581, Ik: 97.330   (Jassby and Platt 1976) ";""
"2023-03-31 10:58:07.937";"2023-03-31";"10:58:07";"FO";"352";"296";"1294";"0";"0.771";"0.0";"-";"-";"296";"1294";"0.771"
"2023-03-31 10:58:38.232";"2023-03-31";"10:58:38";"F";"353";"556";"1097";"45";"0.493";"9.3";"284";"0.180";"296";"1294";"0.771"
"2023-03-31 10:59:08.520";"2023-03-31";"10:59:08";"F";"354";"558";"1045";"66";"0.466";"12.9";"281";"0.238";"296";"1294";"0.771"
"2023-03-31 10:59:38.816";"2023-03-31";"10:59:38";"F";"355";"545";"1003";"90";"0.457";"17.3";"278";"0.290";"296";"1294";"0.771"
"2023-03-31 11:00:09.113";"2023-03-31";"11:00:09";"F";"356";"580";"971";"125";"0.403";"21.2";"275";"0.333";"296";"1294";"0.771"
"2023-03-31 11:00:39.415";"2023-03-31";"11:00:39";"F";"357";"648";"939";"190";"0.310";"24.7";"272";"0.378";"296";"1294";"0.771"
"2023-03-31 11:01:09.705";"2023-03-31";"11:01:09";"F";"358";"708";"904";"285";"0.217";"26.0";"269";"0.431";"296";"1294";"0.771"
"2023-03-31 11:01:40.005";"2023-03-31";"11:01:40";"F";"359";"734";"849";"420";"0.135";"23.8";"264";"0.524";"296";"1294";"0.771"
"2023-03-31 11:02:10.304";"2023-03-31";"11:02:10";"F";"360";"734";"791";"625";"0.072";"18.9";"258";"0.636";"296";"1294";"0.771"
"2023-03-31 11:02:13.487";"2023-03-31";"11:02:13";"SLCE";"";"Light Curve end ";""
"2023-03-31 11:02:30.002";"2023-03-31";"11:02:30";"SLCS";"";"Light Curve start ";"hm133"
"2023-03-31 11:02:30.002";"2023-03-31";"11:02:30";"REG1";"";"#1: alpha: - , ETRm: - , Ik: -   ( beta: - 0.006, ETRmPot: 17.893 )   (Platt et al. 1980) ";""
"2023-03-31 11:02:30.002";"2023-03-31";"11:02:30";"REG2";"";"#1: alpha: 0.273, ETRm: 20.187, Ik: 74.009   (Jassby and Platt 1976) ";""
"2023-03-31 11:02:31.695";"2023-03-31";"11:02:31";"FO";"361";"86";"305";"0";"0.718";"0.0";"-";"-";"86";"305";"0.718"
"2023-03-31 11:03:01.990";"2023-03-31";"11:03:01";"F";"362";"99";"250";"45";"0.604";"11.4";"81";"0.220";"86";"305";"0.718"
"2023-03-31 11:03:32.293";"2023-03-31";"11:03:32";"F";"363";"104";"222";"66";"0.532";"14.7";"78";"0.374";"86";"305";"0.718"
"2023-03-31 11:04:02.588";"2023-03-31";"11:04:02";"F";"364";"103";"185";"90";"0.443";"16.7";"73";"0.649";"86";"305";"0.718"
"2023-03-31 11:04:32.876";"2023-03-31";"11:04:32";"F";"365";"108";"164";"125";"0.341";"17.9";"69";"0.860";"86";"305";"0.718"
"2023-03-31 11:05:03.180";"2023-03-31";"11:05:03";"F";"366";"113";"149";"190";"0.242";"19.3";"66";"1.047";"86";"305";"0.718"
"2023-03-31 11:05:33.471";"2023-03-31";"11:05:33";"F";"367";"117";"140";"285";"0.164";"19.6";"65";"1.179";"86";"305";"0.718"
"2023-03-31 11:06:03.764";"2023-03-31";"11:06:03";"F";"368";"121";"136";"420";"0.110";"19.4";"64";"1.243";"86";"305";"0.718"
"2023-03-31 11:06:34.067";"2023-03-31";"11:06:34";"F";"369";"126";"138";"625";"0.087";"22.8";"64";"1.210";"86";"305";"0.718"
"2023-03-31 11:06:36.424";"2023-03-31";"11:06:36";"SLCE";"";"Light Curve end ";""
"2023-03-31 11:07:11.562";"2023-03-31";"11:07:11";"SLCS";"";"Light Curve start ";"hm134"
"2023-03-31 11:07:11.562";"2023-03-31";"11:07:11";"REG1";"";"#1: alpha: - , ETRm: - , Ik: -   ( beta: - 0.007, ETRmPot: 25.069 )   (Platt et al. 1980) ";""
"2023-03-31 11:07:11.562";"2023-03-31";"11:07:11";"REG2";"";"#1: alpha: 0.234, ETRm: 27.836, Ik: 119.019   (Jassby and Platt 1976) ";""
"2023-03-31 11:07:13.255";"2023-03-31";"11:07:13";"FO";"370";"119";"356";"0";"0.666";"0.0";"-";"-";"119";"356";"0.666"
"2023-03-31 11:07:43.555";"2023-03-31";"11:07:43";"F";"371";"137";"338";"45";"0.595";"11.2";"117";"0.053";"119";"356";"0.666"
"2023-03-31 11:08:13.854";"2023-03-31";"11:08:13";"F";"372";"142";"319";"66";"0.555";"15.4";"115";"0.116";"119";"356";"0.666"
"2023-03-31 11:08:44.141";"2023-03-31";"11:08:44";"F";"373";"140";"267";"90";"0.476";"18.0";"107";"0.333";"119";"356";"0.666"
"2023-03-31 11:09:14.445";"2023-03-31";"11:09:14";"F";"374";"144";"235";"125";"0.387";"20.3";"102";"0.515";"119";"356";"0.666"
"2023-03-31 11:09:44.736";"2023-03-31";"11:09:44";"F";"375";"150";"215";"190";"0.302";"24.1";"98";"0.656";"119";"356";"0.666"
"2023-03-31 11:10:15.033";"2023-03-31";"11:10:15";"F";"376";"156";"200";"285";"0.220";"26.3";"94";"0.780";"119";"356";"0.666"
"2023-03-31 11:10:45.330";"2023-03-31";"11:10:45";"F";"377";"160";"191";"420";"0.162";"28.6";"92";"0.864";"119";"356";"0.666"
"2023-03-31 11:11:15.621";"2023-03-31";"11:11:15";"F";"378";"166";"187";"625";"0.112";"29.4";"91";"0.904";"119";"356";"0.666"
"2023-03-31 11:11:18.564";"2023-03-31";"11:11:18";"SLCE";"";"Light Curve end ";""
"2023-03-31 11:11:44.718";"2023-03-31";"11:11:44";"SLCS";"";"Light Curve start ";"hm135"
"2023-03-31 11:11:44.718";"2023-03-31";"11:11:44";"REG1";"";"#1: alpha: - , ETRm: - , Ik: -   ( beta: - 0.005, ETRmPot: 23.900 )   (Platt et al. 1980) ";""
"2023-03-31 11:11:44.718";"2023-03-31";"11:11:44";"REG2";"";"#1: alpha: 0.204, ETRm: 25.608, Ik: 125.224   (Jassby and Platt 1976) ";""
"2023-03-31 11:11:46.420";"2023-03-31";"11:11:46";"FO";"379";"126";"334";"0";"0.623";"0.0";"-";"-";"126";"334";"0.623"
"2023-03-31 11:12:16.713";"2023-03-31";"11:12:16";"F";"380";"137";"277";"45";"0.505";"9.5";"117";"0.206";"126";"334";"0.623"
"2023-03-31 11:12:47.014";"2023-03-31";"11:12:47";"F";"381";"140";"275";"66";"0.491";"13.6";"117";"0.215";"126";"334";"0.623"
"2023-03-31 11:13:17.304";"2023-03-31";"11:13:17";"F";"382";"139";"244";"90";"0.430";"16.3";"111";"0.369";"126";"334";"0.623"
"2023-03-31 11:13:47.604";"2023-03-31";"11:13:47";"F";"383";"138";"213";"125";"0.352";"18.5";"104";"0.568";"126";"334";"0.623"
"2023-03-31 11:14:17.900";"2023-03-31";"11:14:17";"F";"384";"140";"191";"190";"0.267";"21.3";"98";"0.749";"126";"334";"0.623"
"2023-03-31 11:14:48.196";"2023-03-31";"11:14:48";"F";"385";"141";"178";"285";"0.208";"24.9";"95";"0.876";"126";"334";"0.623"
"2023-03-31 11:15:18.490";"2023-03-31";"11:15:18";"F";"386";"145";"170";"420";"0.147";"25.9";"92";"0.965";"126";"334";"0.623"
"2023-03-31 11:15:48.790";"2023-03-31";"11:15:48";"F";"387";"149";"166";"625";"0.102";"26.8";"91";"1.012";"126";"334";"0.623"
"2023-03-31 11:15:51.665";"2023-03-31";"11:15:51";"SLCE";"";"Light Curve end ";""
"2023-03-31 11:16:26.413";"2023-03-31";"11:16:26";"SLCS";"";"Light Curve start ";"hm136"
"2023-03-31 11:16:26.413";"2023-03-31";"11:16:26";"REG1";"";"#1: alpha: - , ETRm: - , Ik: -   ( beta: - 0.013, ETRmPot: 26.352 )   (Platt et al. 1980) ";""
"2023-03-31 11:16:26.413";"2023-03-31";"11:16:26";"REG2";"";"#1: alpha: 0.226, ETRm: 32.659, Ik: 144.458   (Jassby and Platt 1976) ";""
"2023-03-31 11:16:28.086";"2023-03-31";"11:16:28";"FO";"388";"107";"319";"0";"0.665";"0.0";"-";"-";"107";"319";"0.665"
"2023-03-31 11:16:58.381";"2023-03-31";"11:16:58";"F";"389";"119";"264";"45";"0.549";"10.4";"100";"0.208";"107";"319";"0.665"
"2023-03-31 11:17:28.677";"2023-03-31";"11:17:28";"F";"390";"120";"269";"66";"0.554";"15.4";"101";"0.186";"107";"319";"0.665"
"2023-03-31 11:17:58.972";"2023-03-31";"11:17:58";"F";"391";"121";"247";"90";"0.510";"19.3";"97";"0.291";"107";"319";"0.665"
"2023-03-31 11:18:29.269";"2023-03-31";"11:18:29";"F";"392";"127";"218";"125";"0.417";"21.9";"93";"0.463";"107";"319";"0.665"
"2023-03-31 11:18:59.559";"2023-03-31";"11:18:59";"F";"393";"130";"195";"190";"0.333";"26.6";"88";"0.636";"107";"319";"0.665"
"2023-03-31 11:19:29.862";"2023-03-31";"11:19:29";"F";"394";"135";"180";"285";"0.250";"29.9";"85";"0.772";"107";"319";"0.665"
"2023-03-31 11:20:00.150";"2023-03-31";"11:20:00";"F";"395";"140";"170";"420";"0.176";"31.0";"83";"0.876";"107";"319";"0.665"
"2023-03-31 11:20:30.452";"2023-03-31";"11:20:30";"F";"396";"144";"167";"625";"0.138";"36.2";"82";"0.910";"107";"319";"0.665"
"2023-03-31 11:20:33.739";"2023-03-31";"11:20:33";"SLCE";"";"Light Curve end ";""
"2023-03-31 11:20:57.457";"2023-03-31";"11:20:57";"SLCS";"";"Light Curve start ";"ul133"
"2023-03-31 11:20:57.457";"2023-03-31";"11:20:57";"REG1";"";"#1: alpha: 0.274, ETRm: 13.526, Ik: 49.441   ( beta: 0.131, ETRmPot: 34.280 )   (Platt et al. 1980) ";""
"2023-03-31 11:20:57.457";"2023-03-31";"11:20:57";"REG2";"";"#1: alpha: 0.449, ETRm: 9.873, Ik: 21.984   (Jassby and Platt 1976) ";""
"2023-03-31 11:20:59.144";"2023-03-31";"11:20:59";"FO";"397";"134";"388";"0";"0.655";"0.0";"-";"-";"134";"388";"0.655"
"2023-03-31 11:21:29.438";"2023-03-31";"11:21:29";"F";"398";"173";"335";"45";"0.484";"9.1";"127";"0.158";"134";"388";"0.655"
"2023-03-31 11:21:59.733";"2023-03-31";"11:21:59";"F";"399";"190";"322";"66";"0.410";"11.4";"125";"0.205";"134";"388";"0.655"
"2023-03-31 11:22:30.030";"2023-03-31";"11:22:30";"F";"400";"206";"310";"90";"0.335";"12.7";"123";"0.252";"134";"388";"0.655"
"2023-03-31 11:23:00.330";"2023-03-31";"11:23:00";"F";"401";"229";"302";"125";"0.242";"12.7";"122";"0.285";"134";"388";"0.655"
"2023-03-31 11:23:30.620";"2023-03-31";"11:23:30";"F";"402";"249";"292";"190";"0.147";"11.7";"120";"0.329";"134";"388";"0.655"
"2023-03-31 11:24:00.923";"2023-03-31";"11:24:00";"F";"403";"260";"288";"285";"0.097";"11.6";"120";"0.347";"134";"388";"0.655"
"2023-03-31 11:24:31.216";"2023-03-31";"11:24:31";"F";"404";"266";"278";"420";"0.043";"7.6";"118";"0.396";"134";"388";"0.655"
"2023-03-31 11:25:01.516";"2023-03-31";"11:25:01";"F";"405";"267";"269";"625";"0.007";"1.8";"116";"0.442";"134";"388";"0.655"
"2023-03-31 11:25:04.009";"2023-03-31";"11:25:04";"SLCE";"";"Light Curve end ";""
"2023-03-31 11:25:37.408";"2023-03-31";"11:25:37";"SLCS";"";"Light Curve start ";"ul134"
"2023-03-31 11:25:37.408";"2023-03-31";"11:25:37";"REG1";"";"#1: alpha: 0.306, ETRm: 23.712, Ik: 77.444   ( beta: 0.021, ETRmPot: 30.703 )   (Platt et al. 1980) ";""
"2023-03-31 11:25:37.408";"2023-03-31";"11:25:37";"REG2";"";"#1: alpha: 0.259, ETRm: 22.304, Ik: 86.197   (Jassby and Platt 1976) ";""
"2023-03-31 11:25:39.104";"2023-03-31";"11:25:39";"FO";"406";"286";"1118";"0";"0.744";"0.0";"-";"-";"286";"1118";"0.744"
"2023-03-31 11:26:09.402";"2023-03-31";"11:26:09";"F";"407";"477";"1074";"45";"0.556";"10.5";"283";"0.041";"286";"1118";"0.744"
"2023-03-31 11:26:39.694";"2023-03-31";"11:26:39";"F";"408";"523";"1051";"66";"0.502";"13.9";"281";"0.064";"286";"1118";"0.744"
"2023-03-31 11:27:09.998";"2023-03-31";"11:27:09";"F";"409";"546";"1033";"90";"0.471";"17.8";"280";"0.082";"286";"1118";"0.744"
"2023-03-31 11:27:40.290";"2023-03-31";"11:27:40";"F";"410";"632";"1024";"125";"0.383";"20.1";"279";"0.092";"286";"1118";"0.744"
"2023-03-31 11:28:10.582";"2023-03-31";"11:28:10";"F";"411";"724";"1006";"190";"0.280";"22.3";"278";"0.111";"286";"1118";"0.744"
"2023-03-31 11:28:40.887";"2023-03-31";"11:28:40";"F";"412";"779";"973";"285";"0.199";"23.8";"275";"0.149";"286";"1118";"0.744"
"2023-03-31 11:29:11.178";"2023-03-31";"11:29:11";"F";"413";"818";"939";"420";"0.129";"22.8";"273";"0.191";"286";"1118";"0.744"
"2023-03-31 11:29:41.475";"2023-03-31";"11:29:41";"F";"414";"854";"923";"625";"0.075";"19.7";"271";"0.211";"286";"1118";"0.744"
"2023-03-31 11:29:44.459";"2023-03-31";"11:29:44";"SLCE";"";"Light Curve end ";""
"2023-03-31 11:30:23.059";"2023-03-31";"11:30:23";"SLCS";"";"Light Curve start ";"ul135"
"2023-03-31 11:30:23.059";"2023-03-31";"11:30:23";"REG1";"";"#1: alpha: 0.272, ETRm: 22.468, Ik: 82.453   ( beta: 0.037, ETRmPot: 34.179 )   (Platt et al. 1980) ";""
"2023-03-31 11:30:23.059";"2023-03-31";"11:30:23";"REG2";"";"#1: alpha: 0.240, ETRm: 20.580, Ik: 85.589   (Jassby and Platt 1976) ";""
"2023-03-31 11:30:24.763";"2023-03-31";"11:30:24";"FO";"415";"364";"1406";"0";"0.741";"0.0";"-";"-";"364";"1406";"0.741"
"2023-03-31 11:30:55.068";"2023-03-31";"11:30:55";"F";"416";"653";"1321";"45";"0.506";"9.6";"358";"0.064";"364";"1406";"0.741"
"2023-03-31 11:31:25.355";"2023-03-31";"11:31:25";"F";"417";"678";"1264";"66";"0.464";"12.9";"354";"0.112";"364";"1406";"0.741"
"2023-03-31 11:31:55.651";"2023-03-31";"11:31:55";"F";"418";"689";"1211";"90";"0.431";"16.3";"349";"0.161";"364";"1406";"0.741"
"2023-03-31 11:32:25.953";"2023-03-31";"11:32:25";"F";"419";"755";"1174";"125";"0.357";"18.7";"346";"0.198";"364";"1406";"0.741"
"2023-03-31 11:32:56.249";"2023-03-31";"11:32:56";"F";"420";"829";"1136";"190";"0.270";"21.5";"343";"0.238";"364";"1406";"0.741"
"2023-03-31 11:33:26.539";"2023-03-31";"11:33:26";"F";"421";"891";"1097";"285";"0.188";"22.5";"339";"0.282";"364";"1406";"0.741"
"2023-03-31 11:33:56.841";"2023-03-31";"11:33:56";"F";"422";"926";"1050";"420";"0.118";"20.8";"335";"0.339";"364";"1406";"0.741"
"2023-03-31 11:34:27.139";"2023-03-31";"11:34:27";"F";"423";"939";"1004";"625";"0.065";"17.1";"330";"0.400";"364";"1406";"0.741"
"2023-03-31 11:34:29.776";"2023-03-31";"11:34:29";"SLCE";"";"Light Curve end ";""
"2023-03-31 11:34:51.581";"2023-03-31";"11:34:51";"SLCS";"";"Light Curve start ";"ul136"
"2023-03-31 11:34:51.581";"2023-03-31";"11:34:51";"REG1";"";"#1: alpha: 0.261, ETRm: 24.537, Ik: 93.940   ( beta: 0.071, ETRmPot: 47.597 )   (Platt et al. 1980) ";""
"2023-03-31 11:34:51.581";"2023-03-31";"11:34:51";"REG2";"";"#1: alpha: 0.235, ETRm: 22.300, Ik: 94.924   (Jassby and Platt 1976) ";""
"2023-03-31 11:34:53.328";"2023-03-31";"11:34:53";"FO";"424";"316";"1426";"0";"0.778";"0.0";"-";"-";"316";"1426";"0.778"
"2023-03-31 11:35:23.631";"2023-03-31";"11:35:23";"F";"425";"592";"1175";"45";"0.496";"9.4";"302";"0.214";"316";"1426";"0.778"
"2023-03-31 11:35:53.924";"2023-03-31";"11:35:53";"F";"426";"615";"1123";"66";"0.452";"12.5";"298";"0.270";"316";"1426";"0.778"
"2023-03-31 11:36:24.221";"2023-03-31";"11:36:24";"F";"427";"611";"1085";"90";"0.437";"16.5";"295";"0.314";"316";"1426";"0.778"
"2023-03-31 11:36:54.510";"2023-03-31";"11:36:54";"F";"428";"644";"1039";"125";"0.380";"20.0";"292";"0.372";"316";"1426";"0.778"
"2023-03-31 11:37:24.810";"2023-03-31";"11:37:24";"F";"429";"696";"987";"190";"0.295";"23.5";"288";"0.445";"316";"1426";"0.778"
"2023-03-31 11:37:55.108";"2023-03-31";"11:37:55";"F";"430";"738";"924";"285";"0.201";"24.1";"282";"0.543";"316";"1426";"0.778"
"2023-03-31 11:38:25.402";"2023-03-31";"11:38:25";"F";"431";"761";"874";"420";"0.129";"22.8";"277";"0.632";"316";"1426";"0.778"
"2023-03-31 11:38:55.694";"2023-03-31";"11:38:55";"F";"432";"771";"828";"625";"0.069";"18.1";"272";"0.722";"316";"1426";"0.778"
"2023-03-31 11:38:58.041";"2023-03-31";"11:38:58";"SLCE";"";"Light Curve end ";""
