"2023-11-16";"12:15:01";"WinControl (rev 1195) report file"
"Datetime";"Date";"Time";"Type";"No.";"1:F";"1:Fm'";"1:PAR";"1:Y (II)";"1:ETR";"1:Fo'";"1:qP";"1:qN";"1:qL";"1:NPQ";"1:Fo";"1:Fm";"1:Fv/Fm"
"";"";"";"D";"";"Device Nr: #1, JUNIOR-PAM-II (CFMG0360A) ";"Acanthophora"
"2023-11-16 07:35:37.442";"2023-11-16";"07:35:37";"SLCS";"";"Light Curve start ";"test1"
"2023-11-16 07:35:37.442";"2023-11-16";"07:35:37";"REG1";"";"#1: alpha: - , ETRm: - , Ik: -   ( beta: - 0.008, ETRmPot: 18.053 )   (Platt et al. 1980) ";""
"2023-11-16 07:35:37.442";"2023-11-16";"07:35:37";"REG2";"";"#1: alpha: 0.190, ETRm: 20.314, Ik: 107.013   (Jassby and Platt 1976) ";""
"2023-11-16 07:35:39.177";"2023-11-16";"07:35:39";"FO";"1";"163";"350";"0";"0.534";"0.0";"-";"-";"-";"-";"-";"163";"350";"0.534"
"2023-11-16 07:36:09.471";"2023-11-16";"07:36:09";"F";"2";"174";"338";"25";"0.485";"5.1";"160";"0.921";"0.048";"0.847";"0.036";"163";"350";"0.534"
"2023-11-16 07:36:39.771";"2023-11-16";"07:36:39";"F";"3";"182";"334";"45";"0.455";"8.6";"159";"0.869";"0.064";"0.759";"0.048";"163";"350";"0.534"
"2023-11-16 07:37:10.065";"2023-11-16";"07:37:10";"F";"4";"185";"319";"66";"0.420";"11.6";"156";"0.822";"0.128";"0.693";"0.097";"163";"350";"0.534"
"2023-11-16 07:37:40.360";"2023-11-16";"07:37:40";"F";"5";"185";"291";"90";"0.364";"13.8";"149";"0.746";"0.241";"0.601";"0.203";"163";"350";"0.534"
"2023-11-16 07:38:10.657";"2023-11-16";"07:38:10";"F";"6";"188";"270";"125";"0.304";"16.0";"143";"0.646";"0.321";"0.491";"0.296";"163";"350";"0.534"
"2023-11-16 07:38:40.951";"2023-11-16";"07:38:40";"F";"7";"191";"249";"190";"0.233";"18.6";"137";"0.518";"0.401";"0.372";"0.406";"163";"350";"0.534"
"2023-11-16 07:39:11.246";"2023-11-16";"07:39:11";"F";"8";"197";"235";"285";"0.162";"19.4";"133";"0.373";"0.455";"0.252";"0.489";"163";"350";"0.534"
"2023-11-16 07:39:41.549";"2023-11-16";"07:39:41";"F";"9";"199";"227";"420";"0.123";"21.7";"130";"0.289";"0.481";"0.189";"0.542";"163";"350";"0.534"
"2023-11-16 07:39:44.791";"2023-11-16";"07:39:44";"SLCE";"";"Light Curve end ";""
"2023-11-16 07:40:43.787";"2023-11-16";"07:40:43";"SLCS";"";"Light Curve start ";"test2"
"2023-11-16 07:40:43.787";"2023-11-16";"07:40:43";"REG1";"";"#1: alpha: - , ETRm: - , Ik: -   ( beta: - 0.008, ETRmPot: 13.542 )   (Platt et al. 1980) ";""
"2023-11-16 07:40:43.787";"2023-11-16";"07:40:43";"REG2";"";"#1: alpha: 0.100, ETRm: 19.089, Ik: 190.801   (Jassby and Platt 1976) ";""
"2023-11-16 07:40:45.535";"2023-11-16";"07:40:45";"FO";"10";"112";"230";"0";"0.513";"0.0";"-";"-";"-";"-";"-";"112";"230";"0.513"
"2023-11-16 07:41:15.837";"2023-11-16";"07:41:15";"F";"11";"149";"210";"66";"0.290";"8.0";"107";"0.592";"0.127";"0.425";"0.095";"112";"230";"0.513"
"2023-11-16 07:41:46.132";"2023-11-16";"07:41:46";"F";"12";"151";"202";"90";"0.252";"9.5";"105";"0.526";"0.178";"0.366";"0.139";"112";"230";"0.513"
"2023-11-16 07:42:16.428";"2023-11-16";"07:42:16";"F";"13";"152";"194";"125";"0.216";"11.3";"103";"0.462";"0.229";"0.313";"0.186";"112";"230";"0.513"
"2023-11-16 07:42:46.723";"2023-11-16";"07:42:46";"F";"14";"157";"188";"190";"0.165";"13.2";"101";"0.356";"0.263";"0.229";"0.223";"112";"230";"0.513"
"2023-11-16 07:43:17.019";"2023-11-16";"07:43:17";"F";"15";"159";"183";"285";"0.131";"15.7";"100";"0.289";"0.297";"0.182";"0.257";"112";"230";"0.513"
"2023-11-16 07:43:47.315";"2023-11-16";"07:43:47";"F";"16";"160";"178";"420";"0.101";"17.8";"98";"0.225";"0.322";"0.138";"0.292";"112";"230";"0.513"
"2023-11-16 07:44:17.604";"2023-11-16";"07:44:17";"F";"17";"161";"173";"625";"0.069";"18.1";"97";"0.158";"0.356";"0.095";"0.329";"112";"230";"0.513"
"2023-11-16 07:44:47.902";"2023-11-16";"07:44:47";"F";"18";"160";"171";"820";"0.064";"22.0";"96";"0.147";"0.364";"0.088";"0.345";"112";"230";"0.513"
"2023-11-16 07:44:50.835";"2023-11-16";"07:44:50";"SLCE";"";"Light Curve end ";""
"2023-11-16 08:03:10.048";"2023-11-16";"08:03:10";"SLCS";"";"Light Curve start ";"Ac01"
"2023-11-16 08:03:10.048";"2023-11-16";"08:03:10";"REG1";"";"#1: alpha: 0.261, ETRm: 30.037, Ik: 115.248   ( beta: 0.014, ETRmPot: 37.297 )   (Platt et al. 1980) ";""
"2023-11-16 08:03:10.048";"2023-11-16";"08:03:10";"REG2";"";"#1: alpha: 0.216, ETRm: 28.846, Ik: 133.830   (Jassby and Platt 1976) ";""
"2023-11-16 08:03:11.751";"2023-11-16";"08:03:11";"FO";"19";"112";"292";"0";"0.616";"0.0";"-";"-";"-";"-";"-";"112";"292";"0.616"
"2023-11-16 08:03:42.050";"2023-11-16";"08:03:42";"F";"20";"132";"259";"66";"0.490";"13.6";"107";"0.836";"0.156";"0.678";"0.127";"112";"292";"0.616"
"2023-11-16 08:04:12.349";"2023-11-16";"08:04:12";"F";"21";"136";"247";"90";"0.449";"17.0";"105";"0.782";"0.211";"0.604";"0.182";"112";"292";"0.616"
"2023-11-16 08:04:42.641";"2023-11-16";"08:04:42";"F";"22";"136";"226";"125";"0.398";"20.9";"101";"0.720";"0.306";"0.535";"0.292";"112";"292";"0.616"
"2023-11-16 08:05:12.936";"2023-11-16";"08:05:12";"F";"23";"140";"204";"190";"0.314";"25.1";"96";"0.593";"0.400";"0.407";"0.431";"112";"292";"0.616"
"2023-11-16 08:05:43.231";"2023-11-16";"08:05:43";"F";"24";"143";"187";"285";"0.235";"28.1";"92";"0.463";"0.472";"0.298";"0.561";"112";"292";"0.616"
"2023-11-16 08:06:13.534";"2023-11-16";"08:06:13";"F";"25";"144";"175";"420";"0.177";"31.2";"89";"0.360";"0.522";"0.223";"0.669";"112";"292";"0.616"
"2023-11-16 08:06:43.830";"2023-11-16";"08:06:43";"F";"26";"149";"167";"625";"0.108";"28.4";"87";"0.225";"0.556";"0.131";"0.749";"112";"292";"0.616"
"2023-11-16 08:07:14.117";"2023-11-16";"08:07:14";"F";"27";"151";"164";"820";"0.079";"27.2";"86";"0.167";"0.567";"0.095";"0.780";"112";"292";"0.616"
"2023-11-16 08:07:16.620";"2023-11-16";"08:07:16";"SLCE";"";"Light Curve end ";""
"2023-11-16 08:07:54.231";"2023-11-16";"08:07:54";"SLCS";"";"Light Curve start ";"Ac02"
"2023-11-16 08:07:54.231";"2023-11-16";"08:07:54";"REG1";"";"#1: alpha: 0.227, ETRm: 27.784, Ik: 122.488   ( beta: 0.028, ETRmPot: 41.139 )   (Platt et al. 1980) ";""
"2023-11-16 08:07:54.231";"2023-11-16";"08:07:54";"REG2";"";"#1: alpha: 0.196, ETRm: 26.032, Ik: 132.818   (Jassby and Platt 1976) ";""
"2023-11-16 08:07:55.916";"2023-11-16";"08:07:55";"FO";"28";"103";"258";"0";"0.601";"0.0";"-";"-";"-";"-";"-";"103";"258";"0.601"
"2023-11-16 08:08:26.209";"2023-11-16";"08:08:26";"F";"29";"132";"225";"66";"0.413";"11.4";"97";"0.727";"0.174";"0.534";"0.147";"103";"258";"0.601"
"2023-11-16 08:08:56.506";"2023-11-16";"08:08:56";"F";"30";"127";"213";"90";"0.404";"15.3";"95";"0.729";"0.239";"0.545";"0.211";"103";"258";"0.601"
"2023-11-16 08:09:26.802";"2023-11-16";"08:09:26";"F";"31";"127";"197";"125";"0.355";"18.6";"92";"0.667";"0.323";"0.483";"0.310";"103";"258";"0.601"
"2023-11-16 08:09:57.102";"2023-11-16";"08:09:57";"F";"32";"127";"183";"190";"0.306";"24.4";"89";"0.596";"0.394";"0.418";"0.410";"103";"258";"0.601"
"2023-11-16 08:10:27.397";"2023-11-16";"08:10:27";"F";"33";"132";"169";"285";"0.219";"26.2";"85";"0.440";"0.458";"0.283";"0.527";"103";"258";"0.601"
"2023-11-16 08:10:57.695";"2023-11-16";"08:10:57";"F";"34";"134";"159";"420";"0.157";"27.7";"82";"0.325";"0.503";"0.199";"0.623";"103";"258";"0.601"
"2023-11-16 08:11:27.987";"2023-11-16";"08:11:27";"F";"35";"137";"152";"625";"0.099";"26.0";"81";"0.211";"0.542";"0.125";"0.697";"103";"258";"0.601"
"2023-11-16 08:11:58.286";"2023-11-16";"08:11:58";"F";"36";"139";"149";"820";"0.067";"23.1";"80";"0.145";"0.555";"0.083";"0.732";"103";"258";"0.601"
"2023-11-16 08:12:01.239";"2023-11-16";"08:12:01";"SLCE";"";"Light Curve end ";""
"2023-11-16 08:14:15.150";"2023-11-16";"08:14:15";"SLCS";"";"Light Curve start ";"Ac03"
"2023-11-16 08:14:15.150";"2023-11-16";"08:14:15";"REG1";"";"#1: alpha: 0.263, ETRm: 30.975, Ik: 117.871   ( beta: 0.008, ETRmPot: 35.657 )   (Platt et al. 1980) ";""
"2023-11-16 08:14:15.150";"2023-11-16";"08:14:15";"REG2";"";"#1: alpha: 0.210, ETRm: 30.272, Ik: 144.083   (Jassby and Platt 1976) ";""
"2023-11-16 08:14:16.864";"2023-11-16";"08:14:16";"FO";"37";"98";"343";"0";"0.714";"0.0";"-";"-";"-";"-";"-";"98";"343";"0.714"
"2023-11-16 08:14:47.160";"2023-11-16";"08:14:47";"F";"38";"145";"273";"66";"0.469";"13.0";"91";"0.703";"0.257";"0.441";"0.256";"98";"343";"0.714"
"2023-11-16 08:15:17.455";"2023-11-16";"08:15:17";"F";"39";"144";"260";"90";"0.446";"16.9";"90";"0.682";"0.306";"0.426";"0.319";"98";"343";"0.714"
"2023-11-16 08:15:47.753";"2023-11-16";"08:15:47";"F";"40";"145";"245";"125";"0.408";"21.4";"88";"0.637";"0.359";"0.387";"0.400";"98";"343";"0.714"
"2023-11-16 08:16:18.049";"2023-11-16";"08:16:18";"F";"41";"152";"224";"190";"0.321";"25.6";"85";"0.518";"0.433";"0.290";"0.531";"98";"343";"0.714"
"2023-11-16 08:16:48.344";"2023-11-16";"08:16:48";"F";"42";"157";"208";"285";"0.245";"29.3";"83";"0.408";"0.490";"0.216";"0.649";"98";"343";"0.714"
"2023-11-16 08:17:18.637";"2023-11-16";"08:17:18";"F";"43";"164";"199";"420";"0.176";"31.0";"81";"0.297";"0.518";"0.147";"0.724";"98";"343";"0.714"
"2023-11-16 08:17:48.940";"2023-11-16";"08:17:48";"F";"44";"169";"191";"625";"0.115";"30.2";"80";"0.198";"0.547";"0.094";"0.796";"98";"343";"0.714"
"2023-11-16 08:18:19.236";"2023-11-16";"08:18:19";"F";"45";"169";"185";"820";"0.086";"29.6";"79";"0.151";"0.567";"0.071";"0.854";"98";"343";"0.714"
"2023-11-16 08:18:22.249";"2023-11-16";"08:18:22";"SLCE";"";"Light Curve end ";""
"2023-11-16 08:20:13.589";"2023-11-16";"08:20:13";"SLCS";"";"Light Curve start ";"Ac04"
"2023-11-16 08:20:13.589";"2023-11-16";"08:20:13";"REG1";"";"#1: alpha: 0.260, ETRm: 31.877, Ik: 122.415   ( beta: 0.029, ETRmPot: 45.642 )   (Platt et al. 1980) ";""
"2023-11-16 08:20:13.589";"2023-11-16";"08:20:13";"REG2";"";"#1: alpha: 0.220, ETRm: 30.137, Ik: 136.764   (Jassby and Platt 1976) ";""
"2023-11-16 08:20:15.318";"2023-11-16";"08:20:15";"FO";"46";"92";"330";"0";"0.721";"0.0";"-";"-";"-";"-";"-";"92";"330";"0.721"
"2023-11-16 08:20:45.615";"2023-11-16";"08:20:45";"F";"47";"146";"281";"66";"0.480";"13.3";"88";"0.699";"0.189";"0.421";"0.174";"92";"330";"0.721"
"2023-11-16 08:21:15.910";"2023-11-16";"08:21:15";"F";"48";"144";"261";"90";"0.448";"16.9";"86";"0.669";"0.265";"0.400";"0.264";"92";"330";"0.721"
"2023-11-16 08:21:46.201";"2023-11-16";"08:21:46";"F";"49";"146";"247";"125";"0.409";"21.5";"84";"0.620";"0.315";"0.357";"0.336";"92";"330";"0.721"
"2023-11-16 08:22:16.503";"2023-11-16";"08:22:16";"F";"50";"152";"229";"190";"0.336";"26.8";"82";"0.524";"0.382";"0.283";"0.441";"92";"330";"0.721"
"2023-11-16 08:22:46.799";"2023-11-16";"08:22:46";"F";"51";"155";"211";"285";"0.265";"31.7";"80";"0.427";"0.450";"0.220";"0.564";"92";"330";"0.721"
"2023-11-16 08:23:17.096";"2023-11-16";"08:23:17";"F";"52";"161";"197";"420";"0.183";"32.3";"77";"0.300";"0.496";"0.143";"0.675";"92";"330";"0.721"
"2023-11-16 08:23:47.387";"2023-11-16";"08:23:47";"F";"53";"168";"188";"625";"0.106";"27.8";"76";"0.179";"0.529";"0.081";"0.755";"92";"330";"0.721"
"2023-11-16 08:24:17.688";"2023-11-16";"08:24:17";"F";"54";"167";"182";"820";"0.082";"28.2";"75";"0.140";"0.550";"0.063";"0.813";"92";"330";"0.721"
"2023-11-16 08:24:20.780";"2023-11-16";"08:24:20";"SLCE";"";"Light Curve end ";""
"2023-11-16 08:26:06.379";"2023-11-16";"08:26:06";"SLCS";"";"Light Curve start ";"Ac05"
"2023-11-16 08:26:06.379";"2023-11-16";"08:26:06";"REG1";"";"#1: alpha: 0.262, ETRm: 31.692, Ik: 120.771   ( beta: 0.003, ETRmPot: 33.851 )   (Platt et al. 1980) ";""
"2023-11-16 08:26:06.379";"2023-11-16";"08:26:06";"REG2";"";"#1: alpha: 0.203, ETRm: 31.299, Ik: 154.317   (Jassby and Platt 1976) ";""
"2023-11-16 08:26:08.068";"2023-11-16";"08:26:08";"FO";"55";"114";"431";"0";"0.735";"0.0";"-";"-";"-";"-";"-";"114";"431";"0.735"
"2023-11-16 08:26:38.361";"2023-11-16";"08:26:38";"F";"56";"201";"396";"66";"0.492";"13.6";"111";"0.684";"0.101";"0.378";"0.088";"114";"431";"0.735"
"2023-11-16 08:27:08.663";"2023-11-16";"08:27:08";"F";"57";"204";"365";"90";"0.441";"16.7";"109";"0.629";"0.192";"0.336";"0.181";"114";"431";"0.735"
"2023-11-16 08:27:38.955";"2023-11-16";"08:27:38";"F";"58";"207";"337";"125";"0.386";"20.3";"106";"0.563";"0.271";"0.288";"0.279";"114";"431";"0.735"
"2023-11-16 08:28:09.256";"2023-11-16";"08:28:09";"F";"59";"212";"314";"190";"0.325";"25.9";"104";"0.486";"0.338";"0.238";"0.373";"114";"431";"0.735"
"2023-11-16 08:28:39.545";"2023-11-16";"08:28:39";"F";"60";"223";"296";"285";"0.247";"29.6";"102";"0.376";"0.388";"0.172";"0.456";"114";"431";"0.735"
"2023-11-16 08:29:09.844";"2023-11-16";"08:29:09";"F";"61";"231";"282";"420";"0.181";"31.9";"100";"0.280";"0.426";"0.121";"0.528";"114";"431";"0.735"
"2023-11-16 08:29:40.143";"2023-11-16";"08:29:40";"F";"62";"239";"270";"625";"0.115";"30.2";"98";"0.180";"0.457";"0.074";"0.596";"114";"431";"0.735"
"2023-11-16 08:30:10.435";"2023-11-16";"08:30:10";"F";"63";"235";"259";"820";"0.093";"32.0";"97";"0.148";"0.489";"0.061";"0.664";"114";"431";"0.735"
"2023-11-16 08:30:12.848";"2023-11-16";"08:30:12";"SLCE";"";"Light Curve end ";""
"2023-11-16 08:31:44.693";"2023-11-16";"08:31:44";"SLCS";"";"Light Curve start ";"Ac06"
"2023-11-16 08:31:44.693";"2023-11-16";"08:31:44";"REG1";"";"#1: alpha: 0.288, ETRm: 34.749, Ik: 120.608   ( beta: 0.040, ETRmPot: 53.020 )   (Platt et al. 1980) ";""
"2023-11-16 08:31:44.693";"2023-11-16";"08:31:44";"REG2";"";"#1: alpha: 0.253, ETRm: 32.232, Ik: 127.373   (Jassby and Platt 1976) ";""
"2023-11-16 08:31:46.425";"2023-11-16";"08:31:46";"FO";"64";"81";"277";"0";"0.708";"0.0";"-";"-";"-";"-";"-";"81";"277";"0.708"
"2023-11-16 08:32:16.716";"2023-11-16";"08:32:16";"F";"65";"120";"259";"66";"0.537";"14.9";"79";"0.772";"0.082";"0.508";"0.069";"81";"277";"0.708"
"2023-11-16 08:32:47.010";"2023-11-16";"08:32:47";"F";"66";"115";"240";"90";"0.521";"19.7";"78";"0.772";"0.173";"0.524";"0.154";"81";"277";"0.708"
"2023-11-16 08:33:17.308";"2023-11-16";"08:33:17";"F";"67";"113";"209";"125";"0.459";"24.1";"74";"0.711";"0.311";"0.466";"0.325";"81";"277";"0.708"
"2023-11-16 08:33:47.607";"2023-11-16";"08:33:47";"F";"68";"115";"182";"190";"0.368";"29.4";"70";"0.598";"0.429";"0.364";"0.522";"81";"277";"0.708"
"2023-11-16 08:34:17.906";"2023-11-16";"08:34:17";"F";"69";"117";"160";"285";"0.269";"32.2";"67";"0.462";"0.526";"0.265";"0.731";"81";"277";"0.708"
"2023-11-16 08:34:48.199";"2023-11-16";"08:34:48";"F";"70";"118";"149";"420";"0.208";"36.7";"65";"0.369";"0.571";"0.203";"0.859";"81";"277";"0.708"
"2023-11-16 08:35:18.492";"2023-11-16";"08:35:18";"F";"71";"121";"137";"625";"0.117";"30.7";"62";"0.213";"0.617";"0.109";"1.022";"81";"277";"0.708"
"2023-11-16 08:35:48.787";"2023-11-16";"08:35:48";"F";"72";"122";"133";"820";"0.083";"28.6";"62";"0.155";"0.638";"0.079";"1.083";"81";"277";"0.708"
"2023-11-16 08:35:51.314";"2023-11-16";"08:35:51";"SLCE";"";"Light Curve end ";""
"2023-11-16 08:37:37.817";"2023-11-16";"08:37:37";"SLCS";"";"Light Curve start ";"Ac07"
"2023-11-16 08:37:37.817";"2023-11-16";"08:37:37";"REG1";"";"#1: alpha: 0.304, ETRm: 39.527, Ik: 130.076   ( beta: 0.028, ETRmPot: 54.330 )   (Platt et al. 1980) ";""
"2023-11-16 08:37:37.817";"2023-11-16";"08:37:37";"REG2";"";"#1: alpha: 0.256, ETRm: 37.848, Ik: 147.805   (Jassby and Platt 1976) ";""
"2023-11-16 08:37:39.577";"2023-11-16";"08:37:39";"FO";"73";"77";"269";"0";"0.714";"0.0";"-";"-";"-";"-";"-";"77";"269";"0.714"
"2023-11-16 08:38:09.870";"2023-11-16";"08:38:09";"F";"74";"101";"229";"66";"0.559";"15.5";"73";"0.821";"0.187";"0.593";"0.175";"77";"269";"0.714"
"2023-11-16 08:38:40.169";"2023-11-16";"08:38:40";"F";"75";"102";"221";"90";"0.538";"20.3";"72";"0.799";"0.224";"0.564";"0.217";"77";"269";"0.714"
"2023-11-16 08:39:10.465";"2023-11-16";"08:39:10";"F";"76";"104";"203";"125";"0.488";"25.6";"70";"0.744";"0.307";"0.501";"0.325";"77";"269";"0.714"
"2023-11-16 08:39:40.755";"2023-11-16";"08:39:40";"F";"77";"106";"182";"190";"0.418";"33.4";"68";"0.667";"0.406";"0.428";"0.478";"77";"269";"0.714"
"2023-11-16 08:40:11.054";"2023-11-16";"08:40:11";"F";"78";"111";"160";"285";"0.306";"36.6";"64";"0.510";"0.500";"0.294";"0.681";"77";"269";"0.714"
"2023-11-16 08:40:41.346";"2023-11-16";"08:40:41";"F";"79";"116";"150";"420";"0.227";"40.0";"63";"0.391";"0.547";"0.212";"0.793";"77";"269";"0.714"
"2023-11-16 08:41:11.641";"2023-11-16";"08:41:11";"F";"80";"121";"141";"625";"0.142";"37.3";"61";"0.250";"0.583";"0.126";"0.908";"77";"269";"0.714"
"2023-11-16 08:41:41.941";"2023-11-16";"08:41:41";"F";"81";"122";"136";"820";"0.103";"35.5";"60";"0.184";"0.604";"0.090";"0.978";"77";"269";"0.714"
"2023-11-16 08:41:44.403";"2023-11-16";"08:41:44";"SLCE";"";"Light Curve end ";""
"2023-11-16 08:42:32.996";"2023-11-16";"08:42:32";"SLCS";"";"Light Curve start ";"Ac08"
"2023-11-16 08:42:32.996";"2023-11-16";"08:42:32";"REG1";"";"#1: alpha: 0.311, ETRm: 33.726, Ik: 108.341   ( beta: 0.014, ETRmPot: 40.582 )   (Platt et al. 1980) ";""
"2023-11-16 08:42:32.996";"2023-11-16";"08:42:32";"REG2";"";"#1: alpha: 0.250, ETRm: 32.600, Ik: 130.405   (Jassby and Platt 1976) ";""
"2023-11-16 08:42:34.734";"2023-11-16";"08:42:34";"FO";"82";"84";"287";"0";"0.707";"0.0";"-";"-";"-";"-";"-";"84";"287";"0.707"
"2023-11-16 08:43:05.021";"2023-11-16";"08:43:05";"F";"83";"117";"262";"66";"0.553";"15.3";"82";"0.806";"0.113";"0.565";"0.095";"84";"287";"0.707"
"2023-11-16 08:43:35.323";"2023-11-16";"08:43:35";"F";"84";"119";"241";"90";"0.506";"19.1";"80";"0.758";"0.207";"0.510";"0.191";"84";"287";"0.707"
"2023-11-16 08:44:05.625";"2023-11-16";"08:44:05";"F";"85";"122";"220";"125";"0.445";"23.4";"77";"0.685";"0.296";"0.432";"0.305";"84";"287";"0.707"
"2023-11-16 08:44:35.920";"2023-11-16";"08:44:35";"F";"86";"124";"199";"190";"0.377";"30.1";"74";"0.600";"0.384";"0.358";"0.442";"84";"287";"0.707"
"2023-11-16 08:45:06.210";"2023-11-16";"08:45:06";"F";"87";"128";"179";"285";"0.285";"34.1";"71";"0.472";"0.468";"0.262";"0.603";"84";"287";"0.707"
"2023-11-16 08:45:36.504";"2023-11-16";"08:45:36";"F";"88";"133";"164";"420";"0.189";"33.3";"69";"0.326";"0.532";"0.169";"0.750";"84";"287";"0.707"
"2023-11-16 08:46:06.806";"2023-11-16";"08:46:06";"F";"89";"138";"156";"625";"0.115";"30.2";"67";"0.202";"0.562";"0.098";"0.840";"84";"287";"0.707"
"2023-11-16 08:46:37.098";"2023-11-16";"08:46:37";"F";"90";"136";"150";"820";"0.093";"32.0";"66";"0.167";"0.586";"0.081";"0.913";"84";"287";"0.707"
"2023-11-16 08:46:40.141";"2023-11-16";"08:46:40";"SLCE";"";"Light Curve end ";""
"2023-11-16 08:49:57.747";"2023-11-16";"08:49:57";"SLCS";"";"Light Curve start ";"Ac09"
"2023-11-16 08:49:57.747";"2023-11-16";"08:49:57";"REG1";"";"#1: alpha: 0.268, ETRm: 32.819, Ik: 122.639   ( beta: 0.038, ETRmPot: 50.283 )   (Platt et al. 1980) ";""
"2023-11-16 08:49:57.747";"2023-11-16";"08:49:57";"REG2";"";"#1: alpha: 0.232, ETRm: 30.616, Ik: 132.152   (Jassby and Platt 1976) ";""
"2023-11-16 08:49:59.473";"2023-11-16";"08:49:59";"FO";"91";"106";"331";"0";"0.680";"0.0";"-";"-";"-";"-";"-";"106";"331";"0.680"
"2023-11-16 08:50:29.773";"2023-11-16";"08:50:29";"F";"92";"142";"281";"66";"0.495";"13.7";"100";"0.768";"0.196";"0.541";"0.178";"106";"331";"0.680"
"2023-11-16 08:51:00.069";"2023-11-16";"08:51:00";"F";"93";"144";"279";"90";"0.484";"18.3";"100";"0.754";"0.204";"0.524";"0.186";"106";"331";"0.680"
"2023-11-16 08:51:30.368";"2023-11-16";"08:51:30";"F";"94";"144";"247";"125";"0.417";"21.9";"96";"0.682";"0.329";"0.455";"0.340";"106";"331";"0.680"
"2023-11-16 08:52:00.658";"2023-11-16";"08:52:00";"F";"95";"145";"222";"190";"0.347";"27.7";"92";"0.592";"0.422";"0.376";"0.491";"106";"331";"0.680"
"2023-11-16 08:52:30.952";"2023-11-16";"08:52:30";"F";"96";"150";"204";"285";"0.265";"31.7";"88";"0.466";"0.484";"0.273";"0.623";"106";"331";"0.680"
"2023-11-16 08:53:01.247";"2023-11-16";"08:53:01";"F";"97";"154";"191";"420";"0.194";"34.2";"86";"0.352";"0.533";"0.197";"0.733";"106";"331";"0.680"
"2023-11-16 08:53:31.544";"2023-11-16";"08:53:31";"F";"98";"159";"178";"625";"0.107";"28.1";"83";"0.200";"0.578";"0.104";"0.860";"106";"331";"0.680"
"2023-11-16 08:54:01.842";"2023-11-16";"08:54:01";"F";"99";"159";"173";"820";"0.081";"27.9";"82";"0.154";"0.596";"0.079";"0.913";"106";"331";"0.680"
"2023-11-16 08:54:04.635";"2023-11-16";"08:54:04";"SLCE";"";"Light Curve end ";""
"2023-11-16 08:54:45.544";"2023-11-16";"08:54:45";"SLCS";"";"Light Curve start ";"Ac10"
"2023-11-16 08:54:45.544";"2023-11-16";"08:54:45";"REG1";"";"#1: alpha: - , ETRm: - , Ik: -   ( beta: - 0.002, ETRmPot: 37.011 )   (Platt et al. 1980) ";""
"2023-11-16 08:54:45.544";"2023-11-16";"08:54:45";"REG2";"";"#1: alpha: 0.206, ETRm: 37.315, Ik: 181.381   (Jassby and Platt 1976) ";""
"2023-11-16 08:54:47.234";"2023-11-16";"08:54:47";"FO";"100";"88";"372";"0";"0.763";"0.0";"-";"-";"-";"-";"-";"88";"372";"0.763"
"2023-11-16 08:55:17.529";"2023-11-16";"08:55:17";"F";"101";"168";"339";"66";"0.504";"14.0";"86";"0.676";"0.109";"0.346";"0.097";"88";"372";"0.763"
"2023-11-16 08:55:47.828";"2023-11-16";"08:55:47";"F";"102";"166";"311";"90";"0.466";"17.6";"84";"0.639";"0.201";"0.323";"0.196";"88";"372";"0.763"
"2023-11-16 08:56:18.120";"2023-11-16";"08:56:18";"F";"103";"172";"294";"125";"0.415";"21.8";"83";"0.578";"0.257";"0.279";"0.265";"88";"372";"0.763"
"2023-11-16 08:56:48.420";"2023-11-16";"08:56:48";"F";"104";"180";"281";"190";"0.359";"28.6";"82";"0.508";"0.299";"0.231";"0.324";"88";"372";"0.763"
"2023-11-16 08:57:18.719";"2023-11-16";"08:57:18";"F";"105";"193";"269";"285";"0.283";"33.9";"81";"0.404";"0.338";"0.170";"0.383";"88";"372";"0.763"
"2023-11-16 08:57:49.014";"2023-11-16";"08:57:49";"F";"106";"202";"256";"420";"0.211";"37.2";"79";"0.305";"0.377";"0.119";"0.453";"88";"372";"0.763"
"2023-11-16 08:58:19.309";"2023-11-16";"08:58:19";"F";"107";"212";"244";"625";"0.131";"34.4";"78";"0.193";"0.415";"0.071";"0.525";"88";"372";"0.763"
"2023-11-16 08:58:49.601";"2023-11-16";"08:58:49";"F";"108";"206";"233";"820";"0.116";"40.0";"77";"0.173";"0.451";"0.065";"0.597";"88";"372";"0.763"
"2023-11-16 08:58:52.178";"2023-11-16";"08:58:52";"SLCE";"";"Light Curve end ";""
"2023-11-16 09:00:05.336";"2023-11-16";"09:00:05";"SLCS";"";"Light Curve start ";"Ac11"
"2023-11-16 09:00:05.336";"2023-11-16";"09:00:05";"REG1";"";"#1: alpha: 0.237, ETRm: 30.917, Ik: 130.262   ( beta: 0.093, ETRmPot: 70.634 )   (Platt et al. 1980) ";""
"2023-11-16 09:00:05.336";"2023-11-16";"09:00:05";"REG2";"";"#1: alpha: 0.224, ETRm: 27.609, Ik: 123.369   (Jassby and Platt 1976) ";""
"2023-11-16 09:00:07.093";"2023-11-16";"09:00:07";"FO";"109";"82";"277";"0";"0.704";"0.0";"-";"-";"-";"-";"-";"82";"277";"0.704"
"2023-11-16 09:00:37.392";"2023-11-16";"09:00:37";"F";"110";"121";"232";"66";"0.478";"13.3";"78";"0.721";"0.210";"0.465";"0.194";"82";"277";"0.704"
"2023-11-16 09:01:07.688";"2023-11-16";"09:01:07";"F";"111";"117";"218";"90";"0.463";"17.5";"76";"0.711";"0.272";"0.462";"0.271";"82";"277";"0.704"
"2023-11-16 09:01:37.982";"2023-11-16";"09:01:37";"F";"112";"123";"202";"125";"0.391";"20.5";"74";"0.617";"0.344";"0.371";"0.371";"82";"277";"0.704"
"2023-11-16 09:02:08.272";"2023-11-16";"09:02:08";"F";"113";"129";"189";"190";"0.317";"25.3";"72";"0.513";"0.400";"0.286";"0.466";"82";"277";"0.704"
"2023-11-16 09:02:38.574";"2023-11-16";"09:02:38";"F";"114";"134";"176";"285";"0.239";"28.6";"70";"0.396";"0.456";"0.207";"0.574";"82";"277";"0.704"
"2023-11-16 09:03:08.873";"2023-11-16";"09:03:08";"F";"115";"137";"167";"420";"0.180";"31.8";"69";"0.306";"0.497";"0.154";"0.659";"82";"277";"0.704"
"2023-11-16 09:03:39.163";"2023-11-16";"09:03:39";"F";"116";"144";"161";"625";"0.106";"27.8";"68";"0.183";"0.523";"0.086";"0.720";"82";"277";"0.704"
"2023-11-16 09:04:09.463";"2023-11-16";"09:04:09";"F";"117";"146";"156";"820";"0.064";"22.0";"67";"0.112";"0.544";"0.051";"0.776";"82";"277";"0.704"
"2023-11-16 09:04:12.205";"2023-11-16";"09:04:12";"SLCE";"";"Light Curve end ";""
"2023-11-16 09:06:00.940";"2023-11-16";"09:06:00";"SLCS";"";"Light Curve start ";"Ac12"
"2023-11-16 09:06:00.940";"2023-11-16";"09:06:00";"REG1";"";"#1: alpha: 0.289, ETRm: 36.936, Ik: 127.833   ( beta: 0.024, ETRmPot: 49.370 )   (Platt et al. 1980) ";""
"2023-11-16 09:06:00.940";"2023-11-16";"09:06:00";"REG2";"";"#1: alpha: 0.240, ETRm: 35.542, Ik: 148.294   (Jassby and Platt 1976) ";""
"2023-11-16 09:06:02.641";"2023-11-16";"09:06:02";"FO";"118";"106";"396";"0";"0.732";"0.0";"-";"-";"-";"-";"-";"106";"396";"0.732"
"2023-11-16 09:06:32.944";"2023-11-16";"09:06:32";"F";"119";"158";"344";"66";"0.541";"15.0";"102";"0.769";"0.166";"0.496";"0.151";"106";"396";"0.732"
"2023-11-16 09:07:03.239";"2023-11-16";"09:07:03";"F";"120";"159";"317";"90";"0.498";"18.8";"99";"0.725";"0.248";"0.451";"0.249";"106";"396";"0.732"
"2023-11-16 09:07:33.533";"2023-11-16";"09:07:33";"F";"121";"162";"296";"125";"0.453";"23.8";"97";"0.673";"0.314";"0.403";"0.338";"106";"396";"0.732"
"2023-11-16 09:08:03.828";"2023-11-16";"09:08:03";"F";"122";"169";"274";"190";"0.383";"30.6";"95";"0.587";"0.383";"0.330";"0.445";"106";"396";"0.732"
"2023-11-16 09:08:34.122";"2023-11-16";"09:08:34";"F";"123";"173";"247";"285";"0.300";"35.9";"91";"0.474";"0.462";"0.249";"0.603";"106";"396";"0.732"
"2023-11-16 09:09:04.424";"2023-11-16";"09:09:04";"F";"124";"181";"230";"420";"0.213";"37.6";"89";"0.348";"0.514";"0.171";"0.722";"106";"396";"0.732"
"2023-11-16 09:09:34.715";"2023-11-16";"09:09:34";"F";"125";"188";"215";"625";"0.126";"33.1";"87";"0.211";"0.559";"0.098";"0.842";"106";"396";"0.732"
"2023-11-16 09:10:05.014";"2023-11-16";"09:10:05";"F";"126";"190";"211";"820";"0.100";"34.4";"86";"0.168";"0.569";"0.076";"0.877";"106";"396";"0.732"
"2023-11-16 09:10:08.192";"2023-11-16";"09:10:08";"SLCE";"";"Light Curve end ";""
"2023-11-16 09:11:31.666";"2023-11-16";"09:11:31";"SLCS";"";"Light Curve start ";"Ac13"
"2023-11-16 09:11:31.666";"2023-11-16";"09:11:31";"REG1";"";"#1: alpha: 0.286, ETRm: 32.547, Ik: 113.676   ( beta: 0.010, ETRmPot: 38.125 )   (Platt et al. 1980) ";""
"2023-11-16 09:11:31.666";"2023-11-16";"09:11:31";"REG2";"";"#1: alpha: 0.227, ETRm: 31.766, Ik: 139.697   (Jassby and Platt 1976) ";""
"2023-11-16 09:11:33.401";"2023-11-16";"09:11:33";"FO";"127";"85";"290";"0";"0.707";"0.0";"-";"-";"-";"-";"-";"85";"290";"0.707"
"2023-11-16 09:12:03.699";"2023-11-16";"09:12:03";"F";"128";"136";"277";"66";"0.509";"14.1";"84";"0.731";"0.059";"0.452";"0.047";"85";"290";"0.707"
"2023-11-16 09:12:33.995";"2023-11-16";"09:12:33";"F";"129";"141";"265";"90";"0.468";"17.7";"83";"0.681";"0.112";"0.401";"0.094";"85";"290";"0.707"
"2023-11-16 09:13:04.287";"2023-11-16";"09:13:04";"F";"130";"145";"248";"125";"0.415";"21.8";"81";"0.617";"0.185";"0.345";"0.169";"85";"290";"0.707"
"2023-11-16 09:13:34.588";"2023-11-16";"09:13:34";"F";"131";"148";"231";"190";"0.359";"28.6";"79";"0.546";"0.259";"0.291";"0.255";"85";"290";"0.707"
"2023-11-16 09:14:04.877";"2023-11-16";"09:14:04";"F";"132";"156";"214";"285";"0.271";"32.4";"77";"0.423";"0.332";"0.209";"0.355";"85";"290";"0.707"
"2023-11-16 09:14:35.171";"2023-11-16";"09:14:35";"F";"133";"164";"201";"420";"0.184";"32.5";"75";"0.294";"0.385";"0.134";"0.443";"85";"290";"0.707"
"2023-11-16 09:15:05.468";"2023-11-16";"09:15:05";"F";"134";"168";"189";"625";"0.111";"29.1";"73";"0.181";"0.434";"0.079";"0.534";"85";"290";"0.707"
"2023-11-16 09:15:35.766";"2023-11-16";"09:15:35";"F";"135";"165";"182";"820";"0.093";"32.0";"72";"0.155";"0.463";"0.068";"0.593";"85";"290";"0.707"
"2023-11-16 09:15:38.719";"2023-11-16";"09:15:38";"SLCE";"";"Light Curve end ";""
"2023-11-16 09:16:50.975";"2023-11-16";"09:16:50";"SLCS";"";"Light Curve start ";"Ac14"
"2023-11-16 09:16:50.975";"2023-11-16";"09:16:50";"REG1";"";"#1: alpha: 0.312, ETRm: 23.318, Ik: 74.704   ( beta: 0.004, ETRmPot: 24.900 )   (Platt et al. 1980) ";""
"2023-11-16 09:16:50.975";"2023-11-16";"09:16:50";"REG2";"";"#1: alpha: 0.234, ETRm: 22.831, Ik: 97.585   (Jassby and Platt 1976) ";""
"2023-11-16 09:16:52.760";"2023-11-16";"09:16:52";"FO";"136";"85";"269";"0";"0.684";"0.0";"-";"-";"-";"-";"-";"85";"269";"0.684"
"2023-11-16 09:17:23.052";"2023-11-16";"09:17:23";"F";"137";"113";"215";"66";"0.474";"13.1";"79";"0.750";"0.261";"0.524";"0.251";"85";"269";"0.684"
"2023-11-16 09:17:53.354";"2023-11-16";"09:17:53";"F";"138";"109";"194";"90";"0.438";"16.6";"76";"0.720";"0.359";"0.502";"0.387";"85";"269";"0.684"
"2023-11-16 09:18:23.644";"2023-11-16";"09:18:23";"F";"139";"109";"173";"125";"0.370";"19.4";"72";"0.634";"0.451";"0.419";"0.555";"85";"269";"0.684"
"2023-11-16 09:18:53.944";"2023-11-16";"09:18:53";"F";"140";"113";"159";"190";"0.289";"23.1";"70";"0.517";"0.516";"0.320";"0.692";"85";"269";"0.684"
"2023-11-16 09:19:24.235";"2023-11-16";"09:19:24";"F";"141";"118";"147";"285";"0.197";"23.6";"67";"0.363";"0.565";"0.206";"0.830";"85";"269";"0.684"
"2023-11-16 09:19:54.528";"2023-11-16";"09:19:54";"F";"142";"124";"142";"420";"0.127";"22.4";"66";"0.237";"0.587";"0.126";"0.894";"85";"269";"0.684"
"2023-11-16 09:20:24.825";"2023-11-16";"09:20:24";"F";"143";"125";"136";"625";"0.081";"21.3";"65";"0.155";"0.614";"0.081";"0.978";"85";"269";"0.684"
"2023-11-16 09:20:55.129";"2023-11-16";"09:20:55";"F";"144";"125";"134";"820";"0.067";"23.1";"64";"0.129";"0.620";"0.066";"1.007";"85";"269";"0.684"
"2023-11-16 09:20:57.847";"2023-11-16";"09:20:57";"SLCE";"";"Light Curve end ";""
"2023-11-16 09:21:16.840";"2023-11-16";"09:21:16";"SLCS";"";"Light Curve start ";"Ac15"
"2023-11-16 09:21:16.840";"2023-11-16";"09:21:16";"REG1";"";"#1: alpha: 0.318, ETRm: 28.209, Ik: 88.799   ( beta: 0.007, ETRmPot: 31.257 )   (Platt et al. 1980) ";""
"2023-11-16 09:21:16.840";"2023-11-16";"09:21:16";"REG2";"";"#1: alpha: 0.247, ETRm: 27.428, Ik: 110.852   (Jassby and Platt 1976) ";""
"2023-11-16 09:21:18.519";"2023-11-16";"09:21:18";"FO";"145";"102";"347";"0";"0.706";"0.0";"-";"-";"-";"-";"-";"102";"347";"0.706"
"2023-11-16 09:21:48.814";"2023-11-16";"09:21:48";"F";"146";"142";"310";"66";"0.542";"15.0";"99";"0.796";"0.139";"0.555";"0.119";"102";"347";"0.706"
"2023-11-16 09:22:19.115";"2023-11-16";"09:22:19";"F";"147";"145";"283";"90";"0.488";"18.4";"96";"0.738";"0.237";"0.489";"0.226";"102";"347";"0.706"
"2023-11-16 09:22:49.407";"2023-11-16";"09:22:49";"F";"148";"150";"256";"125";"0.414";"21.7";"92";"0.646";"0.331";"0.396";"0.355";"102";"347";"0.706"
"2023-11-16 09:23:19.705";"2023-11-16";"09:23:19";"F";"149";"155";"228";"190";"0.320";"25.5";"88";"0.521";"0.429";"0.296";"0.522";"102";"347";"0.706"
"2023-11-16 09:23:50.005";"2023-11-16";"09:23:50";"F";"150";"161";"211";"285";"0.237";"28.4";"86";"0.400";"0.490";"0.214";"0.645";"102";"347";"0.706"
"2023-11-16 09:24:20.293";"2023-11-16";"09:24:20";"F";"151";"167";"200";"420";"0.165";"29.1";"84";"0.284";"0.527";"0.143";"0.735";"102";"347";"0.706"
"2023-11-16 09:24:50.597";"2023-11-16";"09:24:50";"F";"152";"173";"191";"625";"0.094";"24.7";"82";"0.165";"0.555";"0.078";"0.817";"102";"347";"0.706"
"2023-11-16 09:25:20.884";"2023-11-16";"09:25:20";"F";"153";"172";"187";"820";"0.080";"27.6";"82";"0.143";"0.571";"0.068";"0.856";"102";"347";"0.706"
"2023-11-16 09:25:23.277";"2023-11-16";"09:25:23";"SLCE";"";"Light Curve end ";""
"2023-11-16 09:26:58.910";"2023-11-16";"09:26:58";"SLCS";"";"Light Curve start ";"Ac16"
"2023-11-16 09:26:58.910";"2023-11-16";"09:26:58";"REG1";"";"#1: alpha: 0.247, ETRm: 29.136, Ik: 118.011   ( beta: 0.059, ETRmPot: 53.340 )   (Platt et al. 1980) ";""
"2023-11-16 09:26:58.910";"2023-11-16";"09:26:58";"REG2";"";"#1: alpha: 0.228, ETRm: 26.064, Ik: 114.238   (Jassby and Platt 1976) ";""
"2023-11-16 09:27:00.571";"2023-11-16";"09:27:00";"FO";"154";"128";"449";"0";"0.715";"0.0";"-";"-";"-";"-";"-";"128";"449";"0.715"
"2023-11-16 09:27:30.875";"2023-11-16";"09:27:30";"F";"155";"210";"422";"66";"0.502";"13.9";"126";"0.716";"0.078";"0.430";"0.064";"128";"449";"0.715"
"2023-11-16 09:28:01.171";"2023-11-16";"09:28:01";"F";"156";"218";"390";"90";"0.441";"16.7";"123";"0.644";"0.168";"0.363";"0.151";"128";"449";"0.715"
"2023-11-16 09:28:31.463";"2023-11-16";"09:28:31";"F";"157";"226";"367";"125";"0.384";"20.2";"120";"0.571";"0.231";"0.303";"0.223";"128";"449";"0.715"
"2023-11-16 09:29:01.758";"2023-11-16";"09:29:01";"F";"158";"238";"346";"190";"0.312";"24.9";"118";"0.474";"0.290";"0.235";"0.298";"128";"449";"0.715"
"2023-11-16 09:29:32.055";"2023-11-16";"09:29:32";"F";"159";"252";"327";"285";"0.229";"27.4";"116";"0.355";"0.343";"0.163";"0.373";"128";"449";"0.715"
"2023-11-16 09:30:02.348";"2023-11-16";"09:30:02";"F";"160";"261";"316";"420";"0.174";"30.7";"114";"0.272";"0.371";"0.119";"0.421";"128";"449";"0.715"
"2023-11-16 09:30:32.647";"2023-11-16";"09:30:32";"F";"161";"272";"300";"625";"0.093";"24.4";"112";"0.149";"0.414";"0.061";"0.497";"128";"449";"0.715"
"2023-11-16 09:31:02.943";"2023-11-16";"09:31:02";"F";"162";"271";"289";"820";"0.062";"21.4";"111";"0.101";"0.445";"0.041";"0.554";"128";"449";"0.715"
"2023-11-16 09:31:05.931";"2023-11-16";"09:31:05";"SLCE";"";"Light Curve end ";""
"2023-11-16 09:31:47.677";"2023-11-16";"09:31:47";"SLCS";"";"Light Curve start ";"Ac17"
"2023-11-16 09:31:47.677";"2023-11-16";"09:31:47";"REG1";"";"#1: alpha: 0.275, ETRm: 35.112, Ik: 127.671   ( beta: 0.029, ETRmPot: 49.860 )   (Platt et al. 1980) ";""
"2023-11-16 09:31:47.677";"2023-11-16";"09:31:47";"REG2";"";"#1: alpha: 0.234, ETRm: 33.371, Ik: 142.901   (Jassby and Platt 1976) ";""
"2023-11-16 09:31:49.334";"2023-11-16";"09:31:49";"FO";"163";"103";"370";"0";"0.722";"0.0";"-";"-";"-";"-";"-";"103";"370";"0.722"
"2023-11-16 09:32:19.635";"2023-11-16";"09:32:19";"F";"164";"165";"352";"66";"0.531";"14.7";"102";"0.748";"0.064";"0.462";"0.051";"103";"370";"0.722"
"2023-11-16 09:32:49.931";"2023-11-16";"09:32:49";"F";"165";"166";"324";"90";"0.488";"18.4";"99";"0.702";"0.157";"0.419";"0.142";"103";"370";"0.722"
"2023-11-16 09:33:20.223";"2023-11-16";"09:33:20";"F";"166";"170";"299";"125";"0.431";"22.6";"97";"0.639";"0.243";"0.365";"0.237";"103";"370";"0.722"
"2023-11-16 09:33:50.519";"2023-11-16";"09:33:50";"F";"167";"175";"277";"190";"0.368";"29.4";"94";"0.557";"0.315";"0.299";"0.336";"103";"370";"0.722"
"2023-11-16 09:34:20.818";"2023-11-16";"09:34:20";"F";"168";"184";"255";"285";"0.278";"33.3";"92";"0.436";"0.390";"0.218";"0.451";"103";"370";"0.722"
"2023-11-16 09:34:51.115";"2023-11-16";"09:34:51";"F";"169";"192";"241";"420";"0.203";"35.8";"90";"0.325";"0.434";"0.152";"0.535";"103";"370";"0.722"
"2023-11-16 09:35:21.402";"2023-11-16";"09:35:21";"F";"170";"200";"228";"625";"0.123";"32.3";"88";"0.200";"0.476";"0.088";"0.623";"103";"370";"0.722"
"2023-11-16 09:35:51.708";"2023-11-16";"09:35:51";"F";"171";"203";"223";"820";"0.090";"31.0";"87";"0.147";"0.491";"0.063";"0.659";"103";"370";"0.722"
"2023-11-16 09:35:54.810";"2023-11-16";"09:35:54";"SLCE";"";"Light Curve end ";""
"2023-11-16 09:36:15.975";"2023-11-16";"09:36:15";"SLCS";"";"Light Curve start ";"Ac18"
"2023-11-16 09:36:15.975";"2023-11-16";"09:36:15";"REG1";"";"#1: alpha: 0.317, ETRm: 37.800, Ik: 119.197   ( beta: 0.019, ETRmPot: 47.441 )   (Platt et al. 1980) ";""
"2023-11-16 09:36:15.975";"2023-11-16";"09:36:15";"REG2";"";"#1: alpha: 0.260, ETRm: 36.478, Ik: 140.533   (Jassby and Platt 1976) ";""
"2023-11-16 09:36:17.702";"2023-11-16";"09:36:17";"FO";"172";"90";"343";"0";"0.738";"0.0";"-";"-";"-";"-";"-";"90";"343";"0.738"
"2023-11-16 09:36:47.992";"2023-11-16";"09:36:47";"F";"173";"137";"323";"66";"0.576";"16.0";"89";"0.795";"0.075";"0.516";"0.062";"90";"343";"0.738"
"2023-11-16 09:37:18.292";"2023-11-16";"09:37:18";"F";"174";"140";"299";"90";"0.532";"20.1";"87";"0.750";"0.162";"0.466";"0.147";"90";"343";"0.738"
"2023-11-16 09:37:48.584";"2023-11-16";"09:37:48";"F";"175";"143";"278";"125";"0.486";"25.5";"85";"0.699";"0.237";"0.415";"0.234";"90";"343";"0.738"
"2023-11-16 09:38:18.883";"2023-11-16";"09:38:18";"F";"176";"149";"252";"190";"0.409";"32.6";"82";"0.606";"0.328";"0.334";"0.361";"90";"343";"0.738"
"2023-11-16 09:38:49.180";"2023-11-16";"09:38:49";"F";"177";"155";"222";"285";"0.302";"36.1";"79";"0.469";"0.435";"0.239";"0.545";"90";"343";"0.738"
"2023-11-16 09:39:19.473";"2023-11-16";"09:39:19";"F";"178";"160";"205";"420";"0.220";"38.8";"76";"0.349";"0.490";"0.166";"0.673";"90";"343";"0.738"
"2023-11-16 09:39:49.766";"2023-11-16";"09:39:49";"F";"179";"167";"192";"625";"0.130";"34.1";"75";"0.214";"0.538";"0.096";"0.786";"90";"343";"0.738"
"2023-11-16 09:40:20.064";"2023-11-16";"09:40:20";"F";"180";"166";"185";"820";"0.103";"35.5";"74";"0.171";"0.561";"0.076";"0.854";"90";"343";"0.738"
"2023-11-16 09:40:22.707";"2023-11-16";"09:40:22";"SLCE";"";"Light Curve end ";""
"2023-11-16 09:41:38.422";"2023-11-16";"09:41:38";"SLCS";"";"Light Curve start ";"Ac19"
"2023-11-16 09:41:38.422";"2023-11-16";"09:41:38";"REG1";"";"#1: alpha: 0.271, ETRm: 34.274, Ik: 126.681   ( beta: 0.050, ETRmPot: 57.078 )   (Platt et al. 1980) ";""
"2023-11-16 09:41:38.422";"2023-11-16";"09:41:38";"REG2";"";"#1: alpha: 0.241, ETRm: 31.630, Ik: 131.334   (Jassby and Platt 1976) ";""
"2023-11-16 09:41:40.156";"2023-11-16";"09:41:40";"FO";"181";"83";"290";"0";"0.714";"0.0";"-";"-";"-";"-";"-";"83";"290";"0.714"
"2023-11-16 09:42:10.456";"2023-11-16";"09:42:10";"F";"182";"119";"271";"66";"0.561";"15.6";"81";"0.800";"0.082";"0.545";"0.070";"83";"290";"0.714"
"2023-11-16 09:42:40.750";"2023-11-16";"09:42:40";"F";"183";"122";"241";"90";"0.494";"18.7";"78";"0.730";"0.213";"0.467";"0.203";"83";"290";"0.714"
"2023-11-16 09:43:11.042";"2023-11-16";"09:43:11";"F";"184";"122";"212";"125";"0.425";"22.3";"75";"0.657";"0.338";"0.404";"0.368";"83";"290";"0.714"
"2023-11-16 09:43:41.343";"2023-11-16";"09:43:41";"F";"185";"125";"192";"190";"0.349";"27.9";"72";"0.558";"0.420";"0.321";"0.510";"83";"290";"0.714"
"2023-11-16 09:44:11.638";"2023-11-16";"09:44:11";"F";"186";"128";"176";"285";"0.273";"32.7";"70";"0.453";"0.488";"0.248";"0.648";"83";"290";"0.714"
"2023-11-16 09:44:41.934";"2023-11-16";"09:44:41";"F";"187";"131";"164";"420";"0.201";"35.5";"68";"0.344";"0.536";"0.179";"0.768";"83";"290";"0.714"
"2023-11-16 09:45:12.229";"2023-11-16";"09:45:12";"F";"188";"136";"154";"625";"0.117";"30.7";"66";"0.205";"0.575";"0.099";"0.883";"83";"290";"0.714"
"2023-11-16 09:45:42.523";"2023-11-16";"09:45:42";"F";"189";"138";"150";"820";"0.080";"27.6";"66";"0.143";"0.594";"0.068";"0.933";"83";"290";"0.714"
"2023-11-16 09:45:45.286";"2023-11-16";"09:45:45";"SLCE";"";"Light Curve end ";""
"2023-11-16 09:46:31.186";"2023-11-16";"09:46:31";"SLCS";"";"Light Curve start ";"Ac20"
"2023-11-16 09:46:31.186";"2023-11-16";"09:46:31";"REG1";"";"#1: alpha: 0.314, ETRm: 30.402, Ik: 96.876   ( beta: 0.011, ETRmPot: 35.398 )   (Platt et al. 1980) ";""
"2023-11-16 09:46:31.186";"2023-11-16";"09:46:31";"REG2";"";"#1: alpha: 0.251, ETRm: 29.301, Ik: 116.794   (Jassby and Platt 1976) ";""
"2023-11-16 09:46:32.920";"2023-11-16";"09:46:32";"FO";"190";"127";"429";"0";"0.704";"0.0";"-";"-";"-";"-";"-";"127";"429";"0.704"
"2023-11-16 09:47:03.217";"2023-11-16";"09:47:03";"F";"191";"187";"418";"66";"0.553";"15.3";"126";"0.791";"0.033";"0.533";"0.026";"127";"429";"0.704"
"2023-11-16 09:47:33.505";"2023-11-16";"09:47:33";"F";"192";"184";"363";"90";"0.493";"18.6";"121";"0.740";"0.199";"0.487";"0.182";"127";"429";"0.704"
"2023-11-16 09:48:03.809";"2023-11-16";"09:48:03";"F";"193";"184";"322";"125";"0.429";"22.5";"116";"0.670";"0.318";"0.422";"0.332";"127";"429";"0.704"
"2023-11-16 09:48:34.105";"2023-11-16";"09:48:34";"F";"194";"188";"289";"190";"0.349";"27.9";"111";"0.567";"0.411";"0.335";"0.484";"127";"429";"0.704"
"2023-11-16 09:49:04.399";"2023-11-16";"09:49:04";"F";"195";"195";"261";"285";"0.253";"30.3";"107";"0.429";"0.490";"0.235";"0.644";"127";"429";"0.704"
"2023-11-16 09:49:34.694";"2023-11-16";"09:49:34";"F";"196";"201";"242";"420";"0.169";"29.8";"103";"0.295";"0.540";"0.151";"0.773";"127";"429";"0.704"
"2023-11-16 09:50:04.984";"2023-11-16";"09:50:04";"F";"197";"204";"229";"625";"0.109";"28.6";"101";"0.195";"0.576";"0.097";"0.873";"127";"429";"0.704"
"2023-11-16 09:50:35.280";"2023-11-16";"09:50:35";"F";"198";"204";"222";"820";"0.081";"27.9";"100";"0.148";"0.596";"0.073";"0.932";"127";"429";"0.704"
"2023-11-16 09:50:38.048";"2023-11-16";"09:50:38";"SLCE";"";"Light Curve end ";""
"2023-11-16 09:52:27.345";"2023-11-16";"09:52:27";"SLCS";"";"Light Curve start ";"Ac21"
"2023-11-16 09:52:27.345";"2023-11-16";"09:52:27";"REG1";"";"#1: alpha: 0.363, ETRm: 43.015, Ik: 118.440   ( beta: 0.036, ETRmPot: 60.086 )   (Platt et al. 1980) ";""
"2023-11-16 09:52:27.345";"2023-11-16";"09:52:27";"REG2";"";"#1: alpha: 0.307, ETRm: 40.623, Ik: 132.323   (Jassby and Platt 1976) ";""
"2023-11-16 09:52:29.072";"2023-11-16";"09:52:29";"FO";"199";"79";"302";"0";"0.738";"0.0";"-";"-";"-";"-";"-";"79";"302";"0.738"
"2023-11-16 09:52:59.369";"2023-11-16";"09:52:59";"F";"200";"101";"288";"66";"0.649";"18.0";"78";"0.890";"0.058";"0.687";"0.049";"79";"302";"0.738"
"2023-11-16 09:53:29.655";"2023-11-16";"09:53:29";"F";"201";"103";"278";"90";"0.629";"23.8";"77";"0.871";"0.099";"0.651";"0.086";"79";"302";"0.738"
"2023-11-16 09:53:59.953";"2023-11-16";"09:53:59";"F";"202";"107";"243";"125";"0.560";"29.4";"74";"0.805";"0.242";"0.557";"0.243";"79";"302";"0.738"
"2023-11-16 09:54:30.256";"2023-11-16";"09:54:30";"F";"203";"109";"205";"190";"0.468";"37.3";"70";"0.711";"0.395";"0.457";"0.473";"79";"302";"0.738"
"2023-11-16 09:55:00.547";"2023-11-16";"09:55:00";"F";"204";"112";"172";"285";"0.349";"41.8";"66";"0.566";"0.525";"0.334";"0.756";"79";"302";"0.738"
"2023-11-16 09:55:30.848";"2023-11-16";"09:55:30";"F";"205";"114";"152";"420";"0.250";"44.1";"63";"0.427";"0.601";"0.236";"0.987";"79";"302";"0.738"
"2023-11-16 09:56:01.144";"2023-11-16";"09:56:01";"F";"206";"120";"140";"625";"0.143";"37.5";"61";"0.253";"0.646";"0.129";"1.157";"79";"302";"0.738"
"2023-11-16 09:56:31.433";"2023-11-16";"09:56:31";"F";"207";"121";"136";"820";"0.110";"37.9";"60";"0.197";"0.659";"0.098";"1.221";"79";"302";"0.738"
"2023-11-16 09:56:33.835";"2023-11-16";"09:56:33";"SLCE";"";"Light Curve end ";""
"2023-11-16 09:57:20.632";"2023-11-16";"09:57:20";"SLCS";"";"Light Curve start ";"Ac22"
"2023-11-16 09:57:20.632";"2023-11-16";"09:57:20";"REG1";"";"#1: alpha: 0.406, ETRm: 39.826, Ik: 98.192   ( beta: 0.019, ETRmPot: 48.137 )   (Platt et al. 1980) ";""
"2023-11-16 09:57:20.632";"2023-11-16";"09:57:20";"REG2";"";"#1: alpha: 0.326, ETRm: 38.124, Ik: 116.847   (Jassby and Platt 1976) ";""
"2023-11-16 09:57:22.328";"2023-11-16";"09:57:22";"FO";"208";"92";"336";"0";"0.726";"0.0";"-";"-";"-";"-";"-";"92";"336";"0.726"
"2023-11-16 09:57:52.623";"2023-11-16";"09:57:52";"F";"209";"112";"333";"66";"0.664";"18.4";"92";"0.917";"0.012";"0.753";"0.009";"92";"336";"0.726"
"2023-11-16 09:58:22.920";"2023-11-16";"09:58:22";"F";"210";"115";"323";"90";"0.644";"24.3";"91";"0.897";"0.049";"0.710";"0.040";"92";"336";"0.726"
"2023-11-16 09:58:53.217";"2023-11-16";"09:58:53";"F";"211";"119";"277";"125";"0.570";"29.9";"87";"0.832";"0.221";"0.608";"0.213";"92";"336";"0.726"
"2023-11-16 09:59:23.517";"2023-11-16";"09:59:23";"F";"212";"120";"226";"190";"0.469";"37.4";"81";"0.731";"0.406";"0.493";"0.487";"92";"336";"0.726"
"2023-11-16 09:59:53.797";"2023-11-16";"09:59:53";"F";"213";"124";"187";"285";"0.337";"40.3";"76";"0.568";"0.545";"0.348";"0.797";"92";"336";"0.726"
"2023-11-16 10:00:24.107";"2023-11-16";"10:00:24";"F";"214";"127";"163";"420";"0.221";"39.0";"71";"0.391";"0.623";"0.219";"1.061";"92";"336";"0.726"
"2023-11-16 10:00:54.402";"2023-11-16";"10:00:54";"F";"215";"132";"152";"625";"0.132";"34.7";"69";"0.241";"0.660";"0.126";"1.211";"92";"336";"0.726"
"2023-11-16 10:01:24.697";"2023-11-16";"10:01:24";"F";"216";"133";"149";"820";"0.107";"36.9";"68";"0.198";"0.668";"0.101";"1.255";"92";"336";"0.726"
"2023-11-16 10:01:27.950";"2023-11-16";"10:01:27";"SLCE";"";"Light Curve end ";""
"2023-11-16 10:01:52.907";"2023-11-16";"10:01:52";"SLCS";"";"Light Curve start ";"Ac23"
"2023-11-16 10:01:52.907";"2023-11-16";"10:01:52";"REG1";"";"#1: alpha: 0.297, ETRm: 38.854, Ik: 131.005   ( beta: 0.029, ETRmPot: 54.150 )   (Platt et al. 1980) ";""
"2023-11-16 10:01:52.907";"2023-11-16";"10:01:52";"REG2";"";"#1: alpha: 0.250, ETRm: 37.159, Ik: 148.381   (Jassby and Platt 1976) ";""
"2023-11-16 10:01:54.592";"2023-11-16";"10:01:54";"FO";"217";"105";"384";"0";"0.727";"0.0";"-";"-";"-";"-";"-";"105";"384";"0.727"
"2023-11-16 10:02:24.887";"2023-11-16";"10:02:24";"F";"218";"162";"380";"66";"0.574";"15.9";"105";"0.793";"0.014";"0.514";"0.011";"105";"384";"0.727"
"2023-11-16 10:02:55.188";"2023-11-16";"10:02:55";"F";"219";"166";"352";"90";"0.528";"20.0";"102";"0.744";"0.104";"0.457";"0.091";"105";"384";"0.727"
"2023-11-16 10:03:25.481";"2023-11-16";"10:03:25";"F";"220";"171";"325";"125";"0.474";"24.9";"100";"0.684";"0.194";"0.400";"0.182";"105";"384";"0.727"
"2023-11-16 10:03:55.779";"2023-11-16";"10:03:55";"F";"221";"179";"296";"190";"0.395";"31.5";"97";"0.588";"0.287";"0.319";"0.297";"105";"384";"0.727"
"2023-11-16 10:04:26.067";"2023-11-16";"10:04:26";"F";"222";"188";"272";"285";"0.309";"37.0";"94";"0.472";"0.362";"0.236";"0.412";"105";"384";"0.727"
"2023-11-16 10:04:56.369";"2023-11-16";"10:04:56";"F";"223";"196";"252";"420";"0.222";"39.2";"92";"0.350";"0.427";"0.164";"0.524";"105";"384";"0.727"
"2023-11-16 10:05:26.668";"2023-11-16";"10:05:26";"F";"224";"204";"237";"625";"0.139";"36.5";"90";"0.224";"0.473";"0.099";"0.620";"105";"384";"0.727"
"2023-11-16 10:05:56.959";"2023-11-16";"10:05:56";"F";"225";"204";"227";"820";"0.101";"34.8";"88";"0.165";"0.502";"0.071";"0.692";"105";"384";"0.727"
"2023-11-16 10:05:59.836";"2023-11-16";"10:05:59";"SLCE";"";"Light Curve end ";""
"2023-11-16 10:06:15.627";"2023-11-16";"10:06:15";"SLCS";"";"Light Curve start ";"Ac24"
"2023-11-16 10:06:15.627";"2023-11-16";"10:06:15";"REG1";"";"#1: alpha: 0.349, ETRm: 40.081, Ik: 114.907   ( beta: 0.053, ETRmPot: 62.735 )   (Platt et al. 1980) ";""
"2023-11-16 10:06:15.627";"2023-11-16";"10:06:15";"REG2";"";"#1: alpha: 0.301, ETRm: 36.923, Ik: 122.515   (Jassby and Platt 1976) ";""
"2023-11-16 10:06:17.354";"2023-11-16";"10:06:17";"FO";"226";"91";"319";"0";"0.715";"0.0";"-";"-";"-";"-";"-";"91";"319";"0.715"
"2023-11-16 10:06:47.657";"2023-11-16";"10:06:47";"F";"227";"124";"322";"66";"0.615";"17.0";"91";"0.857";"- 0.013";"0.629";"- 0.009";"91";"319";"0.715"
"2023-11-16 10:07:17.945";"2023-11-16";"10:07:17";"F";"228";"127";"314";"90";"0.596";"22.5";"91";"0.839";"0.022";"0.601";"0.016";"91";"319";"0.715"
"2023-11-16 10:07:48.242";"2023-11-16";"10:07:48";"F";"229";"132";"282";"125";"0.532";"27.9";"88";"0.773";"0.149";"0.515";"0.131";"91";"319";"0.715"
"2023-11-16 10:08:18.529";"2023-11-16";"10:08:18";"F";"230";"135";"246";"190";"0.451";"36.0";"84";"0.685";"0.289";"0.426";"0.297";"91";"319";"0.715"
"2023-11-16 10:08:48.835";"2023-11-16";"10:08:48";"F";"231";"140";"211";"285";"0.336";"40.2";"79";"0.538";"0.421";"0.304";"0.512";"91";"319";"0.715"
"2023-11-16 10:09:19.129";"2023-11-16";"10:09:19";"F";"232";"145";"188";"420";"0.229";"40.4";"76";"0.384";"0.509";"0.201";"0.697";"91";"319";"0.715"
"2023-11-16 10:09:49.432";"2023-11-16";"10:09:49";"F";"233";"149";"170";"625";"0.124";"32.6";"73";"0.216";"0.575";"0.106";"0.876";"91";"319";"0.715"
"2023-11-16 10:10:19.723";"2023-11-16";"10:10:19";"F";"234";"150";"166";"820";"0.096";"33.1";"72";"0.170";"0.588";"0.082";"0.922";"91";"319";"0.715"
"2023-11-16 10:10:22.871";"2023-11-16";"10:10:22";"SLCE";"";"Light Curve end ";""
"2023-11-16 10:11:45.972";"2023-11-16";"10:11:45";"SLCS";"";"Light Curve start ";"Ac25"
"2023-11-16 10:11:45.972";"2023-11-16";"10:11:45";"REG1";"";"#1: alpha: 0.314, ETRm: 44.162, Ik: 140.587   ( beta: 0.030, ETRmPot: 61.208 )   (Platt et al. 1980) ";""
"2023-11-16 10:11:45.972";"2023-11-16";"10:11:45";"REG2";"";"#1: alpha: 0.264, ETRm: 42.613, Ik: 161.270   (Jassby and Platt 1976) ";""
"2023-11-16 10:11:47.709";"2023-11-16";"10:11:47";"FO";"235";"103";"382";"0";"0.730";"0.0";"-";"-";"-";"-";"-";"103";"382";"0.730"
"2023-11-16 10:12:18.008";"2023-11-16";"10:12:18";"F";"236";"142";"377";"66";"0.623";"17.3";"103";"0.858";"0.018";"0.622";"0.013";"103";"382";"0.730"
"2023-11-16 10:12:48.300";"2023-11-16";"10:12:48";"F";"237";"149";"348";"90";"0.572";"21.6";"100";"0.802";"0.111";"0.538";"0.098";"103";"382";"0.730"
"2023-11-16 10:13:18.598";"2023-11-16";"10:13:18";"F";"238";"152";"314";"125";"0.516";"27.1";"97";"0.747";"0.222";"0.477";"0.217";"103";"382";"0.730"
"2023-11-16 10:13:48.900";"2023-11-16";"10:13:48";"F";"239";"159";"282";"190";"0.436";"34.8";"94";"0.654";"0.326";"0.387";"0.355";"103";"382";"0.730"
"2023-11-16 10:14:19.196";"2023-11-16";"10:14:19";"F";"240";"167";"251";"285";"0.335";"40.1";"90";"0.522";"0.423";"0.281";"0.522";"103";"382";"0.730"
"2023-11-16 10:14:49.489";"2023-11-16";"10:14:49";"F";"241";"171";"230";"420";"0.257";"45.3";"87";"0.413";"0.487";"0.210";"0.661";"103";"382";"0.730"
"2023-11-16 10:15:19.786";"2023-11-16";"10:15:19";"F";"242";"179";"213";"625";"0.160";"42.0";"85";"0.266";"0.541";"0.126";"0.793";"103";"382";"0.730"
"2023-11-16 10:15:50.076";"2023-11-16";"10:15:50";"F";"243";"179";"203";"820";"0.118";"40.6";"83";"0.200";"0.570";"0.093";"0.882";"103";"382";"0.730"
"2023-11-16 10:15:52.775";"2023-11-16";"10:15:52";"SLCE";"";"Light Curve end ";""
"2023-11-16 10:18:15.048";"2023-11-16";"10:18:15";"SLCS";"";"Light Curve start ";"Ac26"
"2023-11-16 10:18:15.048";"2023-11-16";"10:18:15";"REG1";"";"#1: alpha: 0.313, ETRm: 45.762, Ik: 146.341   ( beta: 0.021, ETRmPot: 58.779 )   (Platt et al. 1980) ";""
"2023-11-16 10:18:15.048";"2023-11-16";"10:18:15";"REG2";"";"#1: alpha: 0.256, ETRm: 44.834, Ik: 175.032   (Jassby and Platt 1976) ";""
"2023-11-16 10:18:16.861";"2023-11-16";"10:18:16";"FO";"244";"108";"387";"0";"0.721";"0.0";"-";"-";"-";"-";"-";"108";"387";"0.721"
"2023-11-16 10:18:47.155";"2023-11-16";"10:18:47";"F";"245";"148";"355";"66";"0.583";"16.2";"105";"0.828";"0.104";"0.587";"0.090";"108";"387";"0.721"
"2023-11-16 10:19:17.447";"2023-11-16";"10:19:17";"F";"246";"148";"338";"90";"0.562";"21.2";"104";"0.812";"0.161";"0.571";"0.145";"108";"387";"0.721"
"2023-11-16 10:19:47.751";"2023-11-16";"10:19:47";"F";"247";"150";"310";"125";"0.516";"27.1";"101";"0.766";"0.251";"0.516";"0.248";"108";"387";"0.721"
"2023-11-16 10:20:18.041";"2023-11-16";"10:20:18";"F";"248";"152";"274";"190";"0.445";"35.5";"97";"0.689";"0.366";"0.440";"0.412";"108";"387";"0.721"
"2023-11-16 10:20:48.338";"2023-11-16";"10:20:48";"F";"249";"160";"245";"285";"0.347";"41.5";"93";"0.559";"0.455";"0.325";"0.580";"108";"387";"0.721"
"2023-11-16 10:21:18.633";"2023-11-16";"10:21:18";"F";"250";"163";"223";"420";"0.269";"47.5";"90";"0.451";"0.523";"0.249";"0.735";"108";"387";"0.721"
"2023-11-16 10:21:48.929";"2023-11-16";"10:21:48";"F";"251";"171";"203";"625";"0.158";"41.5";"86";"0.274";"0.581";"0.138";"0.906";"108";"387";"0.721"
"2023-11-16 10:22:19.226";"2023-11-16";"10:22:19";"F";"252";"172";"198";"820";"0.131";"45.1";"85";"0.230";"0.595";"0.114";"0.955";"108";"387";"0.721"
"2023-11-16 10:22:21.759";"2023-11-16";"10:22:21";"SLCE";"";"Light Curve end ";""
"2023-11-16 10:23:20.910";"2023-11-16";"10:23:20";"SLCS";"";"Light Curve start ";"Ac27"
"2023-11-16 10:23:20.910";"2023-11-16";"10:23:20";"REG1";"";"#1: alpha: 0.367, ETRm: 45.674, Ik: 124.380   ( beta: 0.022, ETRmPot: 57.560 )   (Platt et al. 1980) ";""
"2023-11-16 10:23:20.910";"2023-11-16";"10:23:20";"REG2";"";"#1: alpha: 0.300, ETRm: 44.275, Ik: 147.828   (Jassby and Platt 1976) ";""
"2023-11-16 10:23:22.614";"2023-11-16";"10:23:22";"FO";"253";"82";"307";"0";"0.733";"0.0";"-";"-";"-";"-";"-";"82";"307";"0.733"
"2023-11-16 10:23:52.912";"2023-11-16";"10:23:52";"F";"254";"102";"289";"66";"0.647";"17.9";"81";"0.899";"0.076";"0.714";"0.062";"82";"307";"0.733"
"2023-11-16 10:24:23.206";"2023-11-16";"10:24:23";"F";"255";"104";"284";"90";"0.634";"24.0";"80";"0.882";"0.093";"0.678";"0.081";"82";"307";"0.733"
"2023-11-16 10:24:53.511";"2023-11-16";"10:24:53";"F";"256";"107";"248";"125";"0.569";"29.9";"77";"0.825";"0.240";"0.594";"0.238";"82";"307";"0.733"
"2023-11-16 10:25:23.798";"2023-11-16";"10:25:23";"F";"257";"110";"213";"190";"0.484";"38.6";"73";"0.736";"0.378";"0.488";"0.441";"82";"307";"0.733"
"2023-11-16 10:25:54.098";"2023-11-16";"10:25:54";"F";"258";"115";"181";"285";"0.365";"43.7";"69";"0.589";"0.502";"0.353";"0.696";"82";"307";"0.733"
"2023-11-16 10:26:24.393";"2023-11-16";"10:26:24";"F";"259";"117";"160";"420";"0.269";"47.5";"66";"0.457";"0.582";"0.258";"0.919";"82";"307";"0.733"
"2023-11-16 10:26:54.686";"2023-11-16";"10:26:54";"F";"260";"123";"145";"625";"0.152";"39.9";"63";"0.268";"0.636";"0.137";"1.117";"82";"307";"0.733"
"2023-11-16 10:27:24.988";"2023-11-16";"10:27:24";"F";"261";"123";"141";"820";"0.128";"44.1";"62";"0.228";"0.649";"0.115";"1.177";"82";"307";"0.733"
"2023-11-16 10:27:28.201";"2023-11-16";"10:27:28";"SLCE";"";"Light Curve end ";""
"2023-11-16 10:27:47.589";"2023-11-16";"10:27:47";"SLCS";"";"Light Curve start ";"Ac28"
"2023-11-16 10:27:47.589";"2023-11-16";"10:27:47";"REG1";"";"#1: alpha: 0.310, ETRm: 42.710, Ik: 137.941   ( beta: 0.062, ETRmPot: 73.504 )   (Platt et al. 1980) ";""
"2023-11-16 10:27:47.589";"2023-11-16";"10:27:47";"REG2";"";"#1: alpha: 0.270, ETRm: 40.072, Ik: 148.145   (Jassby and Platt 1976) ";""
"2023-11-16 10:27:49.381";"2023-11-16";"10:27:49";"FO";"262";"81";"287";"0";"0.718";"0.0";"-";"-";"-";"-";"-";"81";"287";"0.718"
"2023-11-16 10:28:19.682";"2023-11-16";"10:28:19";"F";"263";"115";"287";"66";"0.599";"16.6";"81";"0.835";"0.000";"0.588";"0.000";"81";"287";"0.718"
"2023-11-16 10:28:49.972";"2023-11-16";"10:28:49";"F";"264";"118";"274";"90";"0.569";"21.5";"80";"0.804";"0.058";"0.545";"0.047";"81";"287";"0.718"
"2023-11-16 10:29:20.261";"2023-11-16";"10:29:20";"F";"265";"122";"249";"125";"0.510";"26.8";"78";"0.743";"0.170";"0.475";"0.153";"81";"287";"0.718"
"2023-11-16 10:29:50.569";"2023-11-16";"10:29:50";"F";"266";"126";"221";"190";"0.430";"34.3";"75";"0.651";"0.291";"0.388";"0.299";"81";"287";"0.718"
"2023-11-16 10:30:20.867";"2023-11-16";"10:30:20";"F";"267";"132";"200";"285";"0.340";"40.7";"72";"0.531";"0.379";"0.290";"0.435";"81";"287";"0.718"
"2023-11-16 10:30:51.154";"2023-11-16";"10:30:51";"F";"268";"136";"181";"420";"0.249";"43.9";"70";"0.405";"0.461";"0.208";"0.586";"81";"287";"0.718"
"2023-11-16 10:31:21.458";"2023-11-16";"10:31:21";"F";"269";"142";"166";"625";"0.145";"38.1";"67";"0.242";"0.519";"0.114";"0.729";"81";"287";"0.718"
"2023-11-16 10:31:51.753";"2023-11-16";"10:31:51";"F";"270";"143";"160";"820";"0.106";"36.5";"66";"0.181";"0.544";"0.084";"0.794";"81";"287";"0.718"
"2023-11-16 10:31:54.541";"2023-11-16";"10:31:54";"SLCE";"";"Light Curve end ";""
"2023-11-16 10:32:39.212";"2023-11-16";"10:32:39";"SLCS";"";"Light Curve start ";"Ac29"
"2023-11-16 10:32:39.212";"2023-11-16";"10:32:39";"REG1";"";"#1: alpha: 0.304, ETRm: 46.395, Ik: 152.484   ( beta: 0.119, ETRmPot: 106.158 )   (Platt et al. 1980) ";""
"2023-11-16 10:32:39.212";"2023-11-16";"10:32:39";"REG2";"";"#1: alpha: 0.274, ETRm: 43.288, Ik: 158.148   (Jassby and Platt 1976) ";""
"2023-11-16 10:32:40.941";"2023-11-16";"10:32:40";"FO";"271";"83";"300";"0";"0.723";"0.0";"-";"-";"-";"-";"-";"83";"300";"0.723"
"2023-11-16 10:33:11.240";"2023-11-16";"10:33:11";"F";"272";"118";"297";"66";"0.603";"16.7";"83";"0.836";"0.014";"0.588";"0.010";"83";"300";"0.723"
"2023-11-16 10:33:41.534";"2023-11-16";"10:33:41";"F";"273";"119";"283";"90";"0.580";"21.9";"82";"0.816";"0.074";"0.562";"0.060";"83";"300";"0.723"
"2023-11-16 10:34:11.834";"2023-11-16";"10:34:11";"F";"274";"122";"260";"125";"0.531";"27.9";"80";"0.767";"0.171";"0.503";"0.154";"83";"300";"0.723"
"2023-11-16 10:34:42.129";"2023-11-16";"10:34:42";"F";"275";"127";"232";"190";"0.453";"36.1";"77";"0.677";"0.286";"0.410";"0.293";"83";"300";"0.723"
"2023-11-16 10:35:12.427";"2023-11-16";"10:35:12";"F";"276";"132";"207";"285";"0.362";"43.3";"74";"0.564";"0.387";"0.316";"0.449";"83";"300";"0.723"
"2023-11-16 10:35:42.717";"2023-11-16";"10:35:42";"F";"277";"138";"186";"420";"0.258";"45.5";"71";"0.417";"0.470";"0.215";"0.613";"83";"300";"0.723"
"2023-11-16 10:36:13.012";"2023-11-16";"10:36:13";"F";"278";"142";"171";"625";"0.170";"44.6";"69";"0.284";"0.530";"0.138";"0.754";"83";"300";"0.723"
"2023-11-16 10:36:43.305";"2023-11-16";"10:36:43";"F";"279";"146";"164";"820";"0.110";"37.9";"68";"0.188";"0.558";"0.088";"0.829";"83";"300";"0.723"
"2023-11-16 10:36:46.398";"2023-11-16";"10:36:46";"SLCE";"";"Light Curve end ";""
"2023-11-16 10:38:12.628";"2023-11-16";"10:38:12";"SLCS";"";"Light Curve start ";"Ac30"
"2023-11-16 10:38:12.628";"2023-11-16";"10:38:12";"REG1";"";"#1: alpha: 0.370, ETRm: 36.357, Ik: 98.284   ( beta: 0.036, ETRmPot: 50.533 )   (Platt et al. 1980) ";""
"2023-11-16 10:38:12.628";"2023-11-16";"10:38:12";"REG2";"";"#1: alpha: 0.314, ETRm: 33.426, Ik: 106.403   (Jassby and Platt 1976) ";""
"2023-11-16 10:38:14.302";"2023-11-16";"10:38:14";"FO";"280";"108";"366";"0";"0.705";"0.0";"-";"-";"-";"-";"-";"108";"366";"0.705"
"2023-11-16 10:38:44.595";"2023-11-16";"10:38:44";"F";"281";"135";"352";"66";"0.616";"17.1";"107";"0.886";"0.050";"0.702";"0.040";"108";"366";"0.705"
"2023-11-16 10:39:14.889";"2023-11-16";"10:39:14";"F";"282";"134";"334";"90";"0.599";"22.6";"105";"0.873";"0.112";"0.684";"0.096";"108";"366";"0.705"
"2023-11-16 10:39:45.190";"2023-11-16";"10:39:45";"F";"283";"138";"292";"125";"0.527";"27.7";"100";"0.802";"0.256";"0.581";"0.253";"108";"366";"0.705"
"2023-11-16 10:40:15.481";"2023-11-16";"10:40:15";"F";"284";"141";"248";"190";"0.431";"34.4";"95";"0.699";"0.407";"0.471";"0.476";"108";"366";"0.705"
"2023-11-16 10:40:45.777";"2023-11-16";"10:40:45";"F";"285";"147";"212";"285";"0.307";"36.7";"89";"0.528";"0.523";"0.320";"0.726";"108";"366";"0.705"
"2023-11-16 10:41:16.073";"2023-11-16";"10:41:16";"F";"286";"150";"189";"420";"0.206";"36.3";"85";"0.375";"0.597";"0.213";"0.937";"108";"366";"0.705"
"2023-11-16 10:41:46.366";"2023-11-16";"10:41:46";"F";"287";"157";"176";"625";"0.108";"28.4";"82";"0.202";"0.636";"0.106";"1.080";"108";"366";"0.705"
"2023-11-16 10:42:16.657";"2023-11-16";"10:42:16";"F";"288";"156";"171";"820";"0.088";"30.3";"81";"0.167";"0.651";"0.087";"1.140";"108";"366";"0.705"
"2023-11-16 10:42:19.799";"2023-11-16";"10:42:19";"SLCE";"";"Light Curve end ";""
"2023-11-16 10:43:29.723";"2023-11-16";"10:43:29";"SLCS";"";"Light Curve start ";"Ac31"
"2023-11-16 10:43:29.723";"2023-11-16";"10:43:29";"REG1";"";"#1: alpha: 0.375, ETRm: 36.915, Ik: 98.327   ( beta: 0.018, ETRmPot: 44.890 )   (Platt et al. 1980) ";""
"2023-11-16 10:43:29.723";"2023-11-16";"10:43:29";"REG2";"";"#1: alpha: 0.303, ETRm: 35.260, Ik: 116.218   (Jassby and Platt 1976) ";""
"2023-11-16 10:43:31.460";"2023-11-16";"10:43:31";"FO";"289";"108";"369";"0";"0.707";"0.0";"-";"-";"-";"-";"-";"108";"369";"0.707"
"2023-11-16 10:44:01.748";"2023-11-16";"10:44:01";"F";"290";"131";"353";"66";"0.629";"17.4";"107";"0.902";"0.057";"0.737";"0.045";"108";"369";"0.707"
"2023-11-16 10:44:32.048";"2023-11-16";"10:44:32";"F";"291";"134";"330";"90";"0.594";"22.5";"104";"0.867";"0.134";"0.673";"0.118";"108";"369";"0.707"
"2023-11-16 10:45:02.348";"2023-11-16";"10:45:02";"F";"292";"137";"291";"125";"0.529";"27.8";"100";"0.806";"0.268";"0.588";"0.268";"108";"369";"0.707"
"2023-11-16 10:45:32.635";"2023-11-16";"10:45:32";"F";"293";"139";"242";"190";"0.426";"34.0";"94";"0.696";"0.433";"0.471";"0.525";"108";"369";"0.707"
"2023-11-16 10:46:02.940";"2023-11-16";"10:46:02";"F";"294";"142";"207";"285";"0.314";"37.6";"88";"0.546";"0.544";"0.338";"0.783";"108";"369";"0.707"
"2023-11-16 10:46:33.228";"2023-11-16";"10:46:33";"F";"295";"146";"184";"420";"0.207";"36.5";"83";"0.376";"0.613";"0.214";"1.005";"108";"369";"0.707"
"2023-11-16 10:47:03.530";"2023-11-16";"10:47:03";"F";"296";"152";"173";"625";"0.121";"31.8";"81";"0.228";"0.648";"0.122";"1.133";"108";"369";"0.707"
"2023-11-16 10:47:33.822";"2023-11-16";"10:47:33";"F";"297";"154";"171";"820";"0.099";"34.1";"81";"0.189";"0.655";"0.099";"1.158";"108";"369";"0.707"
"2023-11-16 10:47:36.675";"2023-11-16";"10:47:36";"SLCE";"";"Light Curve end ";""
"2023-11-16 10:48:54.783";"2023-11-16";"10:48:54";"SLCS";"";"Light Curve start ";"Ac32"
"2023-11-16 10:48:54.783";"2023-11-16";"10:48:54";"REG1";"";"#1: alpha: 0.309, ETRm: 40.406, Ik: 130.971   ( beta: 0.049, ETRmPot: 64.104 )   (Platt et al. 1980) ";""
"2023-11-16 10:48:54.783";"2023-11-16";"10:48:54";"REG2";"";"#1: alpha: 0.263, ETRm: 38.106, Ik: 144.861   (Jassby and Platt 1976) ";""
"2023-11-16 10:48:56.514";"2023-11-16";"10:48:56";"FO";"298";"94";"316";"0";"0.703";"0.0";"-";"-";"-";"-";"-";"94";"316";"0.703"
"2023-11-16 10:49:26.806";"2023-11-16";"10:49:26";"F";"299";"129";"293";"66";"0.560";"15.5";"92";"0.816";"0.095";"0.582";"0.078";"94";"316";"0.703"
"2023-11-16 10:49:57.103";"2023-11-16";"10:49:57";"F";"300";"128";"282";"90";"0.546";"20.6";"91";"0.806";"0.140";"0.573";"0.121";"94";"316";"0.703"
"2023-11-16 10:50:27.397";"2023-11-16";"10:50:27";"F";"301";"131";"258";"125";"0.492";"25.8";"88";"0.747";"0.234";"0.502";"0.225";"94";"316";"0.703"
"2023-11-16 10:50:57.691";"2023-11-16";"10:50:57";"F";"302";"133";"229";"190";"0.419";"33.4";"84";"0.662";"0.347";"0.418";"0.380";"94";"316";"0.703"
"2023-11-16 10:51:27.994";"2023-11-16";"10:51:27";"F";"303";"136";"205";"285";"0.337";"40.3";"81";"0.556";"0.441";"0.331";"0.541";"94";"316";"0.703"
"2023-11-16 10:51:58.284";"2023-11-16";"10:51:58";"F";"304";"141";"185";"420";"0.238";"42.0";"78";"0.411";"0.518";"0.227";"0.708";"94";"316";"0.703"
"2023-11-16 10:52:28.586";"2023-11-16";"10:52:28";"F";"305";"146";"167";"625";"0.126";"33.1";"74";"0.226";"0.581";"0.115";"0.892";"94";"316";"0.703"
"2023-11-16 10:52:58.869";"2023-11-16";"10:52:58";"F";"306";"145";"162";"820";"0.105";"36.2";"73";"0.191";"0.599";"0.096";"0.951";"94";"316";"0.703"
"2023-11-16 10:53:01.980";"2023-11-16";"10:53:01";"SLCE";"";"Light Curve end ";""
"2023-11-16 10:53:55.205";"2023-11-16";"10:53:55";"SLCS";"";"Light Curve start ";"Ac33"
"2023-11-16 10:53:55.205";"2023-11-16";"10:53:55";"REG1";"";"#1: alpha: 0.335, ETRm: 41.847, Ik: 124.789   ( beta: 0.044, ETRmPot: 62.988 )   (Platt et al. 1980) ";""
"2023-11-16 10:53:55.205";"2023-11-16";"10:53:55";"REG2";"";"#1: alpha: 0.286, ETRm: 39.384, Ik: 137.766   (Jassby and Platt 1976) ";""
"2023-11-16 10:53:56.876";"2023-11-16";"10:53:56";"FO";"307";"92";"326";"0";"0.718";"0.0";"-";"-";"-";"-";"-";"92";"326";"0.718"
"2023-11-16 10:54:27.165";"2023-11-16";"10:54:27";"F";"308";"126";"315";"66";"0.600";"16.6";"91";"0.844";"0.043";"0.610";"0.035";"92";"326";"0.718"
"2023-11-16 10:54:57.458";"2023-11-16";"10:54:57";"F";"309";"127";"303";"90";"0.581";"22.0";"90";"0.826";"0.090";"0.585";"0.076";"92";"326";"0.718"
"2023-11-16 10:55:27.755";"2023-11-16";"10:55:27";"F";"310";"131";"276";"125";"0.525";"27.6";"88";"0.771";"0.197";"0.518";"0.181";"92";"326";"0.718"
"2023-11-16 10:55:58.052";"2023-11-16";"10:55:58";"F";"311";"135";"247";"190";"0.453";"36.1";"84";"0.687";"0.303";"0.427";"0.320";"92";"326";"0.718"
"2023-11-16 10:56:28.348";"2023-11-16";"10:56:28";"F";"312";"142";"218";"285";"0.349";"41.8";"81";"0.555";"0.415";"0.317";"0.495";"92";"326";"0.718"
"2023-11-16 10:56:58.651";"2023-11-16";"10:56:58";"F";"313";"147";"192";"420";"0.234";"41.3";"77";"0.391";"0.509";"0.205";"0.698";"92";"326";"0.718"
"2023-11-16 10:57:28.939";"2023-11-16";"10:57:28";"F";"314";"152";"177";"625";"0.141";"37.0";"74";"0.243";"0.560";"0.118";"0.842";"92";"326";"0.718"
"2023-11-16 10:57:59.236";"2023-11-16";"10:57:59";"F";"315";"153";"171";"820";"0.105";"36.2";"73";"0.184";"0.581";"0.088";"0.906";"92";"326";"0.718"
"2023-11-16 10:58:02.233";"2023-11-16";"10:58:02";"SLCE";"";"Light Curve end ";""
"2023-11-16 10:58:44.596";"2023-11-16";"10:58:44";"SLCS";"";"Light Curve start ";"Ac34"
"2023-11-16 10:58:44.596";"2023-11-16";"10:58:44";"REG1";"";"#1: alpha: 0.313, ETRm: 51.332, Ik: 163.897   ( beta: 0.157, ETRmPot: 133.579 )   (Platt et al. 1980) ";""
"2023-11-16 10:58:44.596";"2023-11-16";"10:58:44";"REG2";"";"#1: alpha: 0.278, ETRm: 48.544, Ik: 174.556   (Jassby and Platt 1976) ";""
"2023-11-16 10:58:46.334";"2023-11-16";"10:58:46";"FO";"316";"101";"348";"0";"0.710";"0.0";"-";"-";"-";"-";"-";"101";"348";"0.710"
"2023-11-16 10:59:16.625";"2023-11-16";"10:59:16";"F";"317";"135";"346";"66";"0.610";"16.9";"101";"0.861";"0.008";"0.644";"0.006";"101";"348";"0.710"
"2023-11-16 10:59:46.924";"2023-11-16";"10:59:46";"F";"318";"136";"341";"90";"0.601";"22.7";"100";"0.851";"0.024";"0.626";"0.021";"101";"348";"0.710"
"2023-11-16 11:00:17.209";"2023-11-16";"11:00:17";"F";"319";"142";"315";"125";"0.549";"28.8";"98";"0.797";"0.121";"0.550";"0.105";"101";"348";"0.710"
"2023-11-16 11:00:47.512";"2023-11-16";"11:00:47";"F";"320";"146";"281";"190";"0.480";"38.3";"94";"0.722";"0.243";"0.465";"0.238";"101";"348";"0.710"
"2023-11-16 11:01:17.811";"2023-11-16";"11:01:17";"F";"321";"148";"246";"285";"0.398";"47.6";"90";"0.628";"0.368";"0.382";"0.415";"101";"348";"0.710"
"2023-11-16 11:01:48.103";"2023-11-16";"11:01:48";"F";"322";"154";"219";"420";"0.297";"52.4";"86";"0.489";"0.462";"0.273";"0.589";"101";"348";"0.710"
"2023-11-16 11:02:18.402";"2023-11-16";"11:02:18";"F";"323";"158";"192";"625";"0.177";"46.5";"82";"0.309";"0.555";"0.160";"0.813";"101";"348";"0.710"
"2023-11-16 11:02:48.700";"2023-11-16";"11:02:48";"F";"324";"160";"184";"820";"0.130";"44.8";"80";"0.231";"0.579";"0.116";"0.891";"101";"348";"0.710"
"2023-11-16 11:02:51.423";"2023-11-16";"11:02:51";"SLCE";"";"Light Curve end ";""
"2023-11-16 11:03:56.010";"2023-11-16";"11:03:56";"SLCS";"";"Light Curve start ";"Ac35"
"2023-11-16 11:03:56.010";"2023-11-16";"11:03:56";"REG1";"";"#1: alpha: 0.341, ETRm: 54.318, Ik: 159.227   ( beta: 0.032, ETRmPot: 74.990 )   (Platt et al. 1980) ";""
"2023-11-16 11:03:56.010";"2023-11-16";"11:03:56";"REG2";"";"#1: alpha: 0.284, ETRm: 53.178, Ik: 187.061   (Jassby and Platt 1976) ";""
"2023-11-16 11:03:57.694";"2023-11-16";"11:03:57";"FO";"325";"71";"272";"0";"0.739";"0.0";"-";"-";"-";"-";"-";"71";"272";"0.739"
"2023-11-16 11:04:27.983";"2023-11-16";"11:04:27";"F";"326";"89";"260";"66";"0.658";"18.2";"70";"0.900";"0.055";"0.708";"0.046";"71";"272";"0.739"
"2023-11-16 11:04:58.282";"2023-11-16";"11:04:58";"F";"327";"89";"246";"90";"0.638";"24.1";"69";"0.887";"0.119";"0.688";"0.106";"71";"272";"0.739"
"2023-11-16 11:05:28.574";"2023-11-16";"11:05:28";"F";"328";"91";"218";"125";"0.583";"30.6";"67";"0.841";"0.249";"0.619";"0.248";"71";"272";"0.739"
"2023-11-16 11:05:58.872";"2023-11-16";"11:05:58";"F";"329";"93";"188";"190";"0.505";"40.3";"64";"0.766";"0.383";"0.527";"0.447";"71";"272";"0.739"
"2023-11-16 11:06:29.172";"2023-11-16";"11:06:29";"F";"330";"97";"163";"285";"0.405";"48.5";"60";"0.641";"0.488";"0.396";"0.669";"71";"272";"0.739"
"2023-11-16 11:06:59.465";"2023-11-16";"11:06:59";"F";"331";"101";"146";"420";"0.308";"54.3";"58";"0.511";"0.562";"0.293";"0.863";"71";"272";"0.739"
"2023-11-16 11:07:29.762";"2023-11-16";"11:07:29";"F";"332";"105";"131";"625";"0.198";"52.0";"55";"0.342";"0.622";"0.179";"1.076";"71";"272";"0.739"
"2023-11-16 11:08:00.054";"2023-11-16";"11:08:00";"F";"333";"106";"125";"820";"0.152";"52.3";"54";"0.268";"0.647";"0.137";"1.176";"71";"272";"0.739"
"2023-11-16 11:08:02.626";"2023-11-16";"11:08:02";"SLCE";"";"Light Curve end ";""
"2023-11-16 11:08:49.088";"2023-11-16";"11:08:49";"SLCS";"";"Light Curve start ";"Ac36"
"2023-11-16 11:08:49.088";"2023-11-16";"11:08:49";"REG1";"";"#1: alpha: 0.342, ETRm: 45.431, Ik: 132.687   ( beta: 0.028, ETRmPot: 60.490 )   (Platt et al. 1980) ";""
"2023-11-16 11:08:49.088";"2023-11-16";"11:08:49";"REG2";"";"#1: alpha: 0.282, ETRm: 43.976, Ik: 155.684   (Jassby and Platt 1976) ";""
"2023-11-16 11:08:50.852";"2023-11-16";"11:08:50";"FO";"334";"84";"320";"0";"0.738";"0.0";"-";"-";"-";"-";"-";"84";"320";"0.738"
"2023-11-16 11:09:21.147";"2023-11-16";"11:09:21";"F";"335";"122";"316";"66";"0.614";"17.0";"84";"0.836";"0.017";"0.576";"0.013";"84";"320";"0.738"
"2023-11-16 11:09:51.447";"2023-11-16";"11:09:51";"F";"336";"126";"310";"90";"0.594";"22.5";"83";"0.811";"0.038";"0.534";"0.032";"84";"320";"0.738"
"2023-11-16 11:10:21.743";"2023-11-16";"11:10:21";"F";"337";"134";"291";"125";"0.540";"28.4";"82";"0.751";"0.114";"0.460";"0.100";"84";"320";"0.738"
"2023-11-16 11:10:52.036";"2023-11-16";"11:10:52";"F";"338";"137";"260";"190";"0.473";"37.7";"79";"0.680";"0.233";"0.392";"0.231";"84";"320";"0.738"
"2023-11-16 11:11:22.330";"2023-11-16";"11:11:22";"F";"339";"146";"231";"285";"0.368";"44.0";"76";"0.548";"0.343";"0.285";"0.385";"84";"320";"0.738"
"2023-11-16 11:11:52.628";"2023-11-16";"11:11:52";"F";"340";"152";"206";"420";"0.262";"46.2";"73";"0.406";"0.436";"0.195";"0.553";"84";"320";"0.738"
"2023-11-16 11:12:22.920";"2023-11-16";"11:12:22";"F";"341";"160";"189";"625";"0.153";"40.2";"71";"0.246";"0.500";"0.109";"0.693";"84";"320";"0.738"
"2023-11-16 11:12:53.216";"2023-11-16";"11:12:53";"F";"342";"159";"182";"820";"0.126";"43.4";"70";"0.205";"0.525";"0.090";"0.758";"84";"320";"0.738"
"2023-11-16 11:12:56.199";"2023-11-16";"11:12:56";"SLCE";"";"Light Curve end ";""
"2023-11-16 11:14:09.701";"2023-11-16";"11:14:09";"SLCS";"";"Light Curve start ";"Ac37"
"2023-11-16 11:14:09.701";"2023-11-16";"11:14:09";"REG1";"";"#1: alpha: 0.357, ETRm: 50.134, Ik: 140.621   ( beta: 0.304, ETRmPot: 179.971 )   (Platt et al. 1980) ";""
"2023-11-16 11:14:09.701";"2023-11-16";"11:14:09";"REG2";"";"#1: alpha: 0.328, ETRm: 45.089, Ik: 137.632   (Jassby and Platt 1976) ";""
"2023-11-16 11:14:11.403";"2023-11-16";"11:14:11";"FO";"343";"100";"359";"0";"0.721";"0.0";"-";"-";"-";"-";"-";"100";"359";"0.721"
"2023-11-16 11:14:41.700";"2023-11-16";"11:14:41";"F";"344";"119";"351";"66";"0.661";"18.3";"99";"0.921";"0.027";"0.766";"0.023";"100";"359";"0.721"
"2023-11-16 11:15:11.998";"2023-11-16";"11:15:11";"F";"345";"121";"350";"90";"0.654";"24.7";"99";"0.912";"0.031";"0.746";"0.026";"100";"359";"0.721"
"2023-11-16 11:15:42.291";"2023-11-16";"11:15:42";"F";"346";"130";"330";"125";"0.606";"31.8";"98";"0.862";"0.104";"0.650";"0.088";"100";"359";"0.721"
"2023-11-16 11:16:12.595";"2023-11-16";"11:16:12";"F";"347";"132";"279";"190";"0.527";"42.1";"93";"0.790";"0.282";"0.557";"0.287";"100";"359";"0.721"
"2023-11-16 11:16:42.885";"2023-11-16";"11:16:42";"F";"348";"137";"231";"285";"0.407";"48.7";"87";"0.653";"0.444";"0.415";"0.554";"100";"359";"0.721"
"2023-11-16 11:17:13.177";"2023-11-16";"11:17:13";"F";"349";"139";"194";"420";"0.284";"50.1";"81";"0.487";"0.564";"0.284";"0.851";"100";"359";"0.721"
"2023-11-16 11:17:43.479";"2023-11-16";"11:17:43";"F";"350";"144";"172";"625";"0.163";"42.8";"77";"0.295";"0.633";"0.158";"1.087";"100";"359";"0.721"
"2023-11-16 11:18:13.775";"2023-11-16";"11:18:13";"F";"351";"148";"166";"820";"0.108";"37.2";"76";"0.200";"0.653";"0.103";"1.163";"100";"359";"0.721"
"2023-11-16 11:18:17.017";"2023-11-16";"11:18:17";"SLCE";"";"Light Curve end ";""
"2023-11-16 11:19:18.131";"2023-11-16";"11:19:18";"SLCS";"";"Light Curve start ";"Ac38"
"2023-11-16 11:19:18.131";"2023-11-16";"11:19:18";"REG1";"";"#1: alpha: 0.392, ETRm: 45.071, Ik: 114.936   ( beta: 0.050, ETRmPot: 67.201 )   (Platt et al. 1980) ";""
"2023-11-16 11:19:18.131";"2023-11-16";"11:19:18";"REG2";"";"#1: alpha: 0.336, ETRm: 41.883, Ik: 124.615   (Jassby and Platt 1976) ";""
"2023-11-16 11:19:19.865";"2023-11-16";"11:19:19";"FO";"352";"102";"372";"0";"0.726";"0.0";"-";"-";"-";"-";"-";"102";"372";"0.726"
"2023-11-16 11:19:50.162";"2023-11-16";"11:19:50";"F";"353";"123";"369";"66";"0.667";"18.5";"102";"0.921";"0.011";"0.764";"0.008";"102";"372";"0.726"
"2023-11-16 11:20:20.458";"2023-11-16";"11:20:20";"F";"354";"125";"367";"90";"0.659";"24.9";"102";"0.913";"0.019";"0.745";"0.014";"102";"372";"0.726"
"2023-11-16 11:20:50.753";"2023-11-16";"11:20:50";"F";"355";"132";"342";"125";"0.614";"32.2";"100";"0.868";"0.104";"0.658";"0.088";"102";"372";"0.726"
"2023-11-16 11:21:21.050";"2023-11-16";"11:21:21";"F";"356";"135";"276";"190";"0.511";"40.8";"93";"0.770";"0.322";"0.530";"0.348";"102";"372";"0.726"
"2023-11-16 11:21:51.341";"2023-11-16";"11:21:51";"F";"357";"137";"218";"285";"0.372";"44.5";"85";"0.609";"0.507";"0.378";"0.706";"102";"372";"0.726"
"2023-11-16 11:22:21.641";"2023-11-16";"11:22:21";"F";"358";"139";"186";"420";"0.253";"44.6";"80";"0.443";"0.607";"0.255";"1.000";"102";"372";"0.726"
"2023-11-16 11:22:51.935";"2023-11-16";"11:22:51";"F";"359";"144";"169";"625";"0.148";"38.9";"77";"0.272";"0.659";"0.145";"1.201";"102";"372";"0.726"
"2023-11-16 11:23:22.234";"2023-11-16";"11:23:22";"F";"360";"147";"165";"820";"0.109";"37.5";"76";"0.202";"0.670";"0.104";"1.255";"102";"372";"0.726"
"2023-11-16 11:23:25.037";"2023-11-16";"11:23:25";"SLCE";"";"Light Curve end ";""
"2023-11-16 11:24:07.980";"2023-11-16";"11:24:07";"SLCS";"";"Light Curve start ";"Ac39"
"2023-11-16 11:24:07.980";"2023-11-16";"11:24:07";"REG1";"";"#1: alpha: 0.349, ETRm: 46.433, Ik: 133.023   ( beta: 0.020, ETRmPot: 58.028 )   (Platt et al. 1980) ";""
"2023-11-16 11:24:07.980";"2023-11-16";"11:24:07";"REG2";"";"#1: alpha: 0.284, ETRm: 45.309, Ik: 159.498   (Jassby and Platt 1976) ";""
"2023-11-16 11:24:09.723";"2023-11-16";"11:24:09";"FO";"361";"110";"387";"0";"0.716";"0.0";"-";"-";"-";"-";"-";"110";"387";"0.716"
"2023-11-16 11:24:40.020";"2023-11-16";"11:24:40";"F";"362";"140";"386";"66";"0.637";"17.7";"110";"0.891";"0.004";"0.700";"0.003";"110";"387";"0.716"
"2023-11-16 11:25:10.321";"2023-11-16";"11:25:10";"F";"363";"144";"374";"90";"0.615";"23.2";"109";"0.868";"0.043";"0.657";"0.035";"110";"387";"0.716"
"2023-11-16 11:25:40.617";"2023-11-16";"11:25:40";"F";"364";"148";"331";"125";"0.553";"29.0";"105";"0.810";"0.184";"0.575";"0.169";"110";"387";"0.716"
"2023-11-16 11:26:10.905";"2023-11-16";"11:26:10";"F";"365";"152";"285";"190";"0.467";"37.3";"100";"0.719";"0.332";"0.473";"0.358";"110";"387";"0.716"
"2023-11-16 11:26:41.204";"2023-11-16";"11:26:41";"F";"366";"156";"249";"285";"0.373";"44.6";"95";"0.604";"0.444";"0.368";"0.554";"110";"387";"0.716"
"2023-11-16 11:27:11.505";"2023-11-16";"11:27:11";"F";"367";"160";"218";"420";"0.266";"46.9";"90";"0.453";"0.538";"0.255";"0.775";"110";"387";"0.716"
"2023-11-16 11:27:41.795";"2023-11-16";"11:27:41";"F";"368";"166";"198";"625";"0.162";"42.5";"87";"0.288";"0.599";"0.151";"0.955";"110";"387";"0.716"
"2023-11-16 11:28:12.092";"2023-11-16";"11:28:12";"F";"369";"166";"191";"820";"0.131";"45.1";"85";"0.236";"0.617";"0.121";"1.026";"110";"387";"0.716"
"2023-11-16 11:28:15.091";"2023-11-16";"11:28:15";"SLCE";"";"Light Curve end ";""
"2023-11-16 11:29:21.545";"2023-11-16";"11:29:21";"SLCS";"";"Light Curve start ";"Ac40"
"2023-11-16 11:29:21.545";"2023-11-16";"11:29:21";"REG1";"";"#1: alpha: 0.299, ETRm: 39.109, Ik: 130.749   ( beta: 0.035, ETRmPot: 57.014 )   (Platt et al. 1980) ";""
"2023-11-16 11:29:21.545";"2023-11-16";"11:29:21";"REG2";"";"#1: alpha: 0.253, ETRm: 37.220, Ik: 146.936   (Jassby and Platt 1976) ";""
"2023-11-16 11:29:23.284";"2023-11-16";"11:29:23";"FO";"370";"106";"374";"0";"0.717";"0.0";"-";"-";"-";"-";"-";"106";"374";"0.717"
"2023-11-16 11:29:53.585";"2023-11-16";"11:29:53";"F";"371";"159";"367";"66";"0.567";"15.7";"105";"0.794";"0.022";"0.524";"0.019";"106";"374";"0.717"
"2023-11-16 11:30:23.875";"2023-11-16";"11:30:23";"F";"372";"164";"348";"90";"0.529";"20.0";"104";"0.754";"0.090";"0.478";"0.075";"106";"374";"0.717"
"2023-11-16 11:30:54.174";"2023-11-16";"11:30:54";"F";"373";"170";"325";"125";"0.477";"25.0";"102";"0.695";"0.168";"0.417";"0.151";"106";"374";"0.717"
"2023-11-16 11:31:24.467";"2023-11-16";"11:31:24";"F";"374";"177";"295";"190";"0.400";"31.9";"99";"0.602";"0.269";"0.337";"0.268";"106";"374";"0.717"
"2023-11-16 11:31:54.760";"2023-11-16";"11:31:54";"F";"375";"183";"269";"285";"0.320";"38.3";"95";"0.494";"0.351";"0.256";"0.390";"106";"374";"0.717"
"2023-11-16 11:32:25.062";"2023-11-16";"11:32:25";"F";"376";"189";"244";"420";"0.225";"39.7";"92";"0.362";"0.433";"0.176";"0.533";"106";"374";"0.717"
"2023-11-16 11:32:55.357";"2023-11-16";"11:32:55";"F";"377";"196";"226";"625";"0.133";"34.9";"89";"0.219";"0.489";"0.099";"0.655";"106";"374";"0.717"
"2023-11-16 11:33:25.648";"2023-11-16";"11:33:25";"F";"378";"194";"216";"820";"0.102";"35.1";"88";"0.172";"0.522";"0.078";"0.731";"106";"374";"0.717"
"2023-11-16 11:33:28.751";"2023-11-16";"11:33:28";"SLCE";"";"Light Curve end ";""
"2023-11-16 11:33:48.925";"2023-11-16";"11:33:48";"SLCS";"";"Light Curve start ";"Ac41"
"2023-11-16 11:33:48.925";"2023-11-16";"11:33:48";"REG1";"";"#1: alpha: 0.312, ETRm: 46.649, Ik: 149.525   ( beta: 0.535, ETRmPot: 278.436 )   (Platt et al. 1980) ";""
"2023-11-16 11:33:48.925";"2023-11-16";"11:33:48";"REG2";"";"#1: alpha: 0.286, ETRm: 42.320, Ik: 147.872   (Jassby and Platt 1976) ";""
"2023-11-16 11:33:50.646";"2023-11-16";"11:33:50";"FO";"379";"116";"379";"0";"0.694";"0.0";"-";"-";"-";"-";"-";"116";"379";"0.694"
"2023-11-16 11:34:20.947";"2023-11-16";"11:34:20";"F";"380";"150";"380";"66";"0.605";"16.8";"116";"0.871";"- 0.004";"0.674";"- 0.003";"116";"379";"0.694"
"2023-11-16 11:34:51.236";"2023-11-16";"11:34:51";"F";"381";"153";"374";"90";"0.591";"22.3";"116";"0.857";"0.019";"0.650";"0.013";"116";"379";"0.694"
"2023-11-16 11:35:21.540";"2023-11-16";"11:35:21";"F";"382";"158";"340";"125";"0.535";"28.1";"112";"0.798";"0.133";"0.566";"0.115";"116";"379";"0.694"
"2023-11-16 11:35:51.827";"2023-11-16";"11:35:51";"F";"383";"161";"300";"190";"0.463";"36.9";"107";"0.720";"0.266";"0.479";"0.263";"116";"379";"0.694"
"2023-11-16 11:36:22.124";"2023-11-16";"11:36:22";"F";"384";"166";"265";"285";"0.374";"44.8";"103";"0.611";"0.384";"0.379";"0.430";"116";"379";"0.694"
"2023-11-16 11:36:52.419";"2023-11-16";"11:36:52";"F";"385";"169";"233";"420";"0.275";"48.5";"97";"0.471";"0.483";"0.270";"0.627";"116";"379";"0.694"
"2023-11-16 11:37:22.717";"2023-11-16";"11:37:22";"F";"386";"178";"209";"625";"0.148";"38.9";"93";"0.267";"0.559";"0.140";"0.813";"116";"379";"0.694"
"2023-11-16 11:37:53.014";"2023-11-16";"11:37:53";"F";"387";"179";"200";"820";"0.105";"36.2";"91";"0.193";"0.586";"0.098";"0.895";"116";"379";"0.694"
"2023-11-16 11:37:55.677";"2023-11-16";"11:37:55";"SLCE";"";"Light Curve end ";""
"2023-11-16 11:38:33.251";"2023-11-16";"11:38:33";"SLCS";"";"Light Curve start ";"Ac42"
"2023-11-16 11:38:33.251";"2023-11-16";"11:38:33";"REG1";"";"#1: alpha: 0.320, ETRm: 38.142, Ik: 119.245   ( beta: 0.010, ETRmPot: 43.863 )   (Platt et al. 1980) ";""
"2023-11-16 11:38:33.251";"2023-11-16";"11:38:33";"REG2";"";"#1: alpha: 0.253, ETRm: 37.433, Ik: 148.203   (Jassby and Platt 1976) ";""
"2023-11-16 11:38:35.011";"2023-11-16";"11:38:35";"FO";"388";"120";"410";"0";"0.707";"0.0";"-";"-";"-";"-";"-";"120";"410";"0.707"
"2023-11-16 11:39:05.308";"2023-11-16";"11:39:05";"F";"389";"167";"407";"66";"0.590";"16.4";"120";"0.836";"0.010";"0.601";"0.007";"120";"410";"0.707"
"2023-11-16 11:39:35.604";"2023-11-16";"11:39:35";"F";"390";"178";"382";"90";"0.534";"20.2";"117";"0.770";"0.086";"0.506";"0.073";"120";"410";"0.707"
"2023-11-16 11:40:05.893";"2023-11-16";"11:40:05";"F";"391";"180";"343";"125";"0.475";"24.9";"114";"0.712";"0.210";"0.451";"0.195";"120";"410";"0.707"
"2023-11-16 11:40:36.198";"2023-11-16";"11:40:36";"F";"392";"185";"307";"190";"0.397";"31.7";"109";"0.616";"0.317";"0.363";"0.336";"120";"410";"0.707"
"2023-11-16 11:41:06.484";"2023-11-16";"11:41:06";"F";"393";"192";"278";"285";"0.309";"37.0";"105";"0.497";"0.403";"0.272";"0.475";"120";"410";"0.707"
"2023-11-16 11:41:36.781";"2023-11-16";"11:41:36";"F";"394";"199";"257";"420";"0.226";"39.9";"102";"0.374";"0.466";"0.192";"0.595";"120";"410";"0.707"
"2023-11-16 11:42:07.080";"2023-11-16";"11:42:07";"F";"395";"208";"238";"625";"0.126";"33.1";"99";"0.216";"0.521";"0.103";"0.723";"120";"410";"0.707"
"2023-11-16 11:42:37.377";"2023-11-16";"11:42:37";"F";"396";"206";"232";"820";"0.112";"38.6";"98";"0.194";"0.538";"0.092";"0.767";"120";"410";"0.707"
"2023-11-16 11:42:40.523";"2023-11-16";"11:42:40";"SLCE";"";"Light Curve end ";""
"2023-11-16 11:43:10.885";"2023-11-16";"11:43:10";"SLCS";"";"Light Curve start ";"Ac43"
"2023-11-16 11:43:10.885";"2023-11-16";"11:43:10";"REG1";"";"#1: alpha: 0.277, ETRm: 30.422, Ik: 110.026   ( beta: 0.011, ETRmPot: 35.862 )   (Platt et al. 1980) ";""
"2023-11-16 11:43:10.885";"2023-11-16";"11:43:10";"REG2";"";"#1: alpha: 0.222, ETRm: 29.518, Ik: 133.174   (Jassby and Platt 1976) ";""
"2023-11-16 11:43:12.573";"2023-11-16";"11:43:12";"FO";"397";"126";"456";"0";"0.724";"0.0";"-";"-";"-";"-";"-";"126";"456";"0.724"
"2023-11-16 11:43:42.872";"2023-11-16";"11:43:42";"F";"398";"198";"418";"66";"0.526";"14.6";"123";"0.746";"0.106";"0.463";"0.091";"126";"456";"0.724"
"2023-11-16 11:44:13.168";"2023-11-16";"11:44:13";"F";"399";"207";"378";"90";"0.452";"17.1";"119";"0.660";"0.215";"0.379";"0.206";"126";"456";"0.724"
"2023-11-16 11:44:43.459";"2023-11-16";"11:44:43";"F";"400";"213";"354";"125";"0.398";"20.9";"117";"0.595";"0.282";"0.327";"0.288";"126";"456";"0.724"
"2023-11-16 11:45:13.759";"2023-11-16";"11:45:13";"F";"401";"226";"335";"190";"0.325";"25.9";"115";"0.495";"0.333";"0.252";"0.361";"126";"456";"0.724"
"2023-11-16 11:45:44.051";"2023-11-16";"11:45:44";"F";"402";"239";"318";"285";"0.248";"29.7";"113";"0.385";"0.379";"0.182";"0.434";"126";"456";"0.724"
"2023-11-16 11:46:14.348";"2023-11-16";"11:46:14";"F";"403";"250";"305";"420";"0.180";"31.8";"111";"0.284";"0.412";"0.126";"0.495";"126";"456";"0.724"
"2023-11-16 11:46:44.643";"2023-11-16";"11:46:44";"F";"404";"261";"291";"625";"0.103";"27.0";"109";"0.165";"0.448";"0.069";"0.567";"126";"456";"0.724"
"2023-11-16 11:47:14.934";"2023-11-16";"11:47:14";"F";"405";"257";"281";"820";"0.085";"29.3";"108";"0.139";"0.476";"0.058";"0.623";"126";"456";"0.724"
"2023-11-16 11:47:18.097";"2023-11-16";"11:47:18";"SLCE";"";"Light Curve end ";""
"2023-11-16 11:47:43.175";"2023-11-16";"11:47:43";"SLCS";"";"Light Curve start ";"Ac44"
"2023-11-16 11:47:43.175";"2023-11-16";"11:47:43";"REG1";"";"#1: alpha: 0.313, ETRm: 37.807, Ik: 120.931   ( beta: 0.015, ETRmPot: 45.830 )   (Platt et al. 1980) ";""
"2023-11-16 11:47:43.175";"2023-11-16";"11:47:43";"REG2";"";"#1: alpha: 0.250, ETRm: 36.894, Ik: 147.636   (Jassby and Platt 1976) ";""
"2023-11-16 11:47:44.837";"2023-11-16";"11:47:44";"FO";"406";"108";"369";"0";"0.707";"0.0";"-";"-";"-";"-";"-";"108";"369";"0.707"
"2023-11-16 11:48:15.134";"2023-11-16";"11:48:15";"F";"407";"160";"359";"66";"0.554";"15.4";"107";"0.790";"0.034";"0.528";"0.028";"108";"369";"0.707"
"2023-11-16 11:48:45.430";"2023-11-16";"11:48:45";"F";"408";"161";"338";"90";"0.524";"19.8";"105";"0.760";"0.107";"0.496";"0.092";"108";"369";"0.707"
"2023-11-16 11:49:15.721";"2023-11-16";"11:49:15";"F";"409";"169";"314";"125";"0.462";"24.3";"103";"0.687";"0.192";"0.419";"0.175";"108";"369";"0.707"
"2023-11-16 11:49:46.020";"2023-11-16";"11:49:46";"F";"410";"171";"286";"190";"0.402";"32.1";"100";"0.618";"0.287";"0.361";"0.290";"108";"369";"0.707"
"2023-11-16 11:50:16.315";"2023-11-16";"11:50:16";"F";"411";"175";"257";"285";"0.319";"38.2";"96";"0.509";"0.383";"0.279";"0.436";"108";"369";"0.707"
"2023-11-16 11:50:46.614";"2023-11-16";"11:50:46";"F";"412";"182";"233";"420";"0.219";"38.6";"92";"0.362";"0.460";"0.183";"0.584";"108";"369";"0.707"
"2023-11-16 11:51:16.909";"2023-11-16";"11:51:16";"F";"413";"188";"214";"625";"0.121";"31.8";"89";"0.208";"0.521";"0.098";"0.724";"108";"369";"0.707"
"2023-11-16 11:51:47.201";"2023-11-16";"11:51:47";"F";"414";"186";"209";"820";"0.110";"37.9";"88";"0.190";"0.536";"0.090";"0.766";"108";"369";"0.707"
"2023-11-16 11:51:49.778";"2023-11-16";"11:51:49";"SLCE";"";"Light Curve end ";""
"2023-11-16 11:52:29.855";"2023-11-16";"11:52:29";"SLCS";"";"Light Curve start ";"Ac45"
"2023-11-16 11:52:29.855";"2023-11-16";"11:52:29";"REG1";"";"#1: alpha: 0.383, ETRm: 47.456, Ik: 123.916   ( beta: 0.051, ETRmPot: 71.450 )   (Platt et al. 1980) ";""
"2023-11-16 11:52:29.855";"2023-11-16";"11:52:29";"REG2";"";"#1: alpha: 0.322, ETRm: 44.771, Ik: 138.909   (Jassby and Platt 1976) ";""
"2023-11-16 11:52:31.592";"2023-11-16";"11:52:31";"FO";"415";"106";"367";"0";"0.711";"0.0";"-";"-";"-";"-";"-";"106";"367";"0.711"
"2023-11-16 11:53:01.891";"2023-11-16";"11:53:01";"F";"416";"126";"365";"66";"0.655";"18.2";"106";"0.923";"0.008";"0.776";"0.005";"106";"367";"0.711"
"2023-11-16 11:53:32.191";"2023-11-16";"11:53:32";"F";"417";"128";"360";"90";"0.644";"24.3";"105";"0.910";"0.023";"0.746";"0.019";"106";"367";"0.711"
"2023-11-16 11:54:02.485";"2023-11-16";"11:54:02";"F";"418";"133";"335";"125";"0.603";"31.7";"103";"0.871";"0.111";"0.675";"0.096";"106";"367";"0.711"
"2023-11-16 11:54:32.784";"2023-11-16";"11:54:32";"F";"419";"137";"284";"190";"0.518";"41.3";"98";"0.790";"0.287";"0.565";"0.292";"106";"367";"0.711"
"2023-11-16 11:55:03.075";"2023-11-16";"11:55:03";"F";"420";"142";"236";"285";"0.398";"47.6";"91";"0.648";"0.444";"0.415";"0.555";"106";"367";"0.711"
"2023-11-16 11:55:33.377";"2023-11-16";"11:55:33";"F";"421";"145";"202";"420";"0.282";"49.7";"86";"0.491";"0.556";"0.291";"0.817";"106";"367";"0.711"
"2023-11-16 11:56:03.665";"2023-11-16";"11:56:03";"F";"422";"154";"179";"625";"0.140";"36.8";"81";"0.255";"0.625";"0.134";"1.050";"106";"367";"0.711"
"2023-11-16 11:56:33.960";"2023-11-16";"11:56:33";"F";"423";"152";"174";"820";"0.126";"43.4";"80";"0.234";"0.640";"0.123";"1.109";"106";"367";"0.711"
"2023-11-16 11:56:36.468";"2023-11-16";"11:56:36";"SLCE";"";"Light Curve end ";""
"2023-11-16 11:57:18.624";"2023-11-16";"11:57:18";"SLCS";"";"Light Curve start ";"Ac46"
"2023-11-16 11:57:18.624";"2023-11-16";"11:57:18";"REG1";"";"#1: alpha: 0.383, ETRm: 39.740, Ik: 103.766   ( beta: 0.060, ETRmPot: 62.722 )   (Platt et al. 1980) ";""
"2023-11-16 11:57:18.624";"2023-11-16";"11:57:18";"REG2";"";"#1: alpha: 0.336, ETRm: 35.775, Ik: 106.596   (Jassby and Platt 1976) ";""
"2023-11-16 11:57:20.356";"2023-11-16";"11:57:20";"FO";"424";"105";"373";"0";"0.718";"0.0";"-";"-";"-";"-";"-";"105";"373";"0.718"
"2023-11-16 11:57:50.650";"2023-11-16";"11:57:50";"F";"425";"123";"369";"66";"0.667";"18.5";"105";"0.932";"0.015";"0.796";"0.011";"105";"373";"0.718"
"2023-11-16 11:58:20.947";"2023-11-16";"11:58:20";"F";"426";"130";"353";"90";"0.632";"23.9";"103";"0.892";"0.067";"0.707";"0.057";"105";"373";"0.718"
"2023-11-16 11:58:51.241";"2023-11-16";"11:58:51";"F";"427";"134";"302";"125";"0.556";"29.2";"98";"0.824";"0.239";"0.603";"0.235";"105";"373";"0.718"
"2023-11-16 11:59:21.546";"2023-11-16";"11:59:21";"F";"428";"138";"259";"190";"0.467";"37.3";"93";"0.729";"0.381";"0.491";"0.440";"105";"373";"0.718"
"2023-11-16 11:59:51.836";"2023-11-16";"11:59:51";"F";"429";"143";"217";"285";"0.341";"40.8";"87";"0.569";"0.515";"0.346";"0.719";"105";"373";"0.718"
"2023-11-16 12:00:22.131";"2023-11-16";"12:00:22";"F";"430";"148";"189";"420";"0.217";"38.3";"82";"0.383";"0.601";"0.212";"0.974";"105";"373";"0.718"
"2023-11-16 12:00:52.430";"2023-11-16";"12:00:52";"F";"431";"154";"175";"625";"0.120";"31.5";"80";"0.221";"0.646";"0.115";"1.131";"105";"373";"0.718"
"2023-11-16 12:01:22.725";"2023-11-16";"12:01:22";"F";"432";"156";"171";"820";"0.088";"30.3";"79";"0.163";"0.657";"0.083";"1.181";"105";"373";"0.718"
"2023-11-16 12:01:26.028";"2023-11-16";"12:01:26";"SLCE";"";"Light Curve end ";""
"2023-11-16 12:02:02.299";"2023-11-16";"12:02:02";"SLCS";"";"Light Curve start ";"Ac47"
"2023-11-16 12:02:02.299";"2023-11-16";"12:02:02";"REG1";"";"#1: alpha: 0.320, ETRm: 42.413, Ik: 132.586   ( beta: 0.045, ETRmPot: 64.832 )   (Platt et al. 1980) ";""
"2023-11-16 12:02:02.299";"2023-11-16";"12:02:02";"REG2";"";"#1: alpha: 0.273, ETRm: 40.186, Ik: 147.099   (Jassby and Platt 1976) ";""
"2023-11-16 12:02:04.021";"2023-11-16";"12:02:04";"FO";"433";"92";"297";"0";"0.690";"0.0";"-";"-";"-";"-";"-";"92";"297";"0.690"
"2023-11-16 12:02:34.311";"2023-11-16";"12:02:34";"F";"434";"119";"290";"66";"0.590";"16.4";"91";"0.859";"0.029";"0.657";"0.024";"92";"297";"0.690"
"2023-11-16 12:03:04.609";"2023-11-16";"12:03:04";"F";"435";"124";"284";"90";"0.563";"21.3";"91";"0.829";"0.059";"0.608";"0.046";"92";"297";"0.690"
"2023-11-16 12:03:34.910";"2023-11-16";"12:03:34";"F";"436";"127";"263";"125";"0.517";"27.1";"88";"0.777";"0.146";"0.538";"0.129";"92";"297";"0.690"
"2023-11-16 12:04:05.205";"2023-11-16";"12:04:05";"F";"437";"132";"235";"190";"0.438";"35.0";"85";"0.687";"0.268";"0.442";"0.264";"92";"297";"0.690"
"2023-11-16 12:04:35.501";"2023-11-16";"12:04:35";"F";"438";"135";"208";"285";"0.351";"42.0";"81";"0.575";"0.380";"0.345";"0.428";"92";"297";"0.690"
"2023-11-16 12:05:05.792";"2023-11-16";"12:05:05";"F";"439";"142";"186";"420";"0.237";"41.8";"78";"0.407";"0.473";"0.224";"0.597";"92";"297";"0.690"
"2023-11-16 12:05:36.094";"2023-11-16";"12:05:36";"F";"440";"145";"170";"625";"0.147";"38.6";"75";"0.263";"0.537";"0.136";"0.747";"92";"297";"0.690"
"2023-11-16 12:06:06.385";"2023-11-16";"12:06:06";"F";"441";"148";"166";"820";"0.108";"37.2";"74";"0.196";"0.551";"0.098";"0.789";"92";"297";"0.690"
"2023-11-16 12:06:09.047";"2023-11-16";"12:06:09";"SLCE";"";"Light Curve end ";""
"2023-11-16 12:06:53.548";"2023-11-16";"12:06:53";"SLCS";"";"Light Curve start ";"Ac48"
"2023-11-16 12:06:53.548";"2023-11-16";"12:06:53";"REG1";"";"#1: alpha: 0.311, ETRm: 46.891, Ik: 150.962   ( beta: 0.035, ETRmPot: 67.423 )   (Platt et al. 1980) ";""
"2023-11-16 12:06:53.548";"2023-11-16";"12:06:53";"REG2";"";"#1: alpha: 0.261, ETRm: 45.542, Ik: 174.761   (Jassby and Platt 1976) ";""
"2023-11-16 12:06:55.281";"2023-11-16";"12:06:55";"FO";"442";"105";"356";"0";"0.705";"0.0";"-";"-";"-";"-";"-";"105";"356";"0.705"
"2023-11-16 12:07:25.579";"2023-11-16";"12:07:25";"F";"443";"141";"349";"66";"0.596";"16.5";"104";"0.849";"0.024";"0.626";"0.020";"105";"356";"0.705"
"2023-11-16 12:07:55.868";"2023-11-16";"12:07:55";"F";"444";"146";"340";"90";"0.571";"21.6";"104";"0.822";"0.060";"0.586";"0.047";"105";"356";"0.705"
"2023-11-16 12:08:26.167";"2023-11-16";"12:08:26";"F";"445";"152";"316";"125";"0.519";"27.2";"101";"0.763";"0.143";"0.507";"0.127";"105";"356";"0.705"
"2023-11-16 12:08:56.464";"2023-11-16";"12:08:56";"F";"446";"156";"282";"190";"0.447";"35.7";"97";"0.681";"0.263";"0.423";"0.262";"105";"356";"0.705"
"2023-11-16 12:09:26.761";"2023-11-16";"12:09:26";"F";"447";"162";"255";"285";"0.365";"43.7";"94";"0.578";"0.359";"0.335";"0.396";"105";"356";"0.705"
"2023-11-16 12:09:57.060";"2023-11-16";"12:09:57";"F";"448";"169";"231";"420";"0.268";"47.3";"91";"0.443";"0.442";"0.239";"0.541";"105";"356";"0.705"
"2023-11-16 12:10:27.356";"2023-11-16";"12:10:27";"F";"449";"176";"211";"625";"0.166";"43.6";"87";"0.282";"0.506";"0.139";"0.687";"105";"356";"0.705"
"2023-11-16 12:10:57.651";"2023-11-16";"12:10:57";"F";"450";"176";"202";"820";"0.129";"44.4";"86";"0.224";"0.538";"0.109";"0.762";"105";"356";"0.705"
"2023-11-16 12:11:00.514";"2023-11-16";"12:11:00";"SLCE";"";"Light Curve end ";""
