"2023-03-10";"11:53:54";"WinControl (rev 1195) report file"
"Datetime";"Date";"Time";"Type";"No.";"1:F";"1:Fm'";"1:PAR";"1:Y (II)";"1:ETR";"1:NPQ";"1:Fo";"1:Fm";"1:Fv/Fm"
"";"";"";"D";"";"Device Nr: #1, JUNIOR-PAM-II (CFMG0360A) ";""
"2023-03-10 08:02:37.733";"2023-03-10";"08:02:37";"SLCS";"";"Light Curve start ";"ul01"
"2023-03-10 08:02:37.733";"2023-03-10";"08:02:37";"REG1";"";"#1: alpha: 0.316, ETRm: 22.586, Ik: 71.545   ( beta: 0.034, ETRmPot: 32.086 )   (Platt et al. 1980) ";""
"2023-03-10 08:02:37.733";"2023-03-10";"08:02:37";"REG2";"";"#1: alpha: 0.303, ETRm: 19.212, Ik: 63.349   (Jassby and Platt 1976) ";""
"2023-03-10 08:02:39.436";"2023-03-10";"08:02:39";"FO";"1";"109";"470";"0";"0.768";"0.0";"-";"109";"470";"0.768"
"2023-03-10 08:03:09.727";"2023-03-10";"08:03:09";"F";"2";"217";"443";"66";"0.510";"14.1";"0.061";"109";"470";"0.768"
"2023-03-10 08:03:40.024";"2023-03-10";"08:03:40";"F";"3";"223";"416";"90";"0.464";"17.5";"0.130";"109";"470";"0.768"
"2023-03-10 08:04:10.323";"2023-03-10";"08:04:10";"F";"4";"248";"392";"125";"0.367";"19.3";"0.199";"109";"470";"0.768"
"2023-03-10 08:04:40.611";"2023-03-10";"08:04:40";"F";"5";"269";"376";"190";"0.285";"22.7";"0.250";"109";"470";"0.768"
"2023-03-10 08:05:10.916";"2023-03-10";"08:05:10";"F";"6";"289";"356";"285";"0.188";"22.5";"0.320";"109";"470";"0.768"
"2023-03-10 08:05:41.211";"2023-03-10";"08:05:41";"F";"7";"300";"340";"420";"0.118";"20.8";"0.382";"109";"470";"0.768"
"2023-03-10 08:06:11.507";"2023-03-10";"08:06:11";"F";"8";"303";"321";"625";"0.056";"14.7";"0.464";"109";"470";"0.768"
"2023-03-10 08:06:41.799";"2023-03-10";"08:06:41";"F";"9";"292";"305";"820";"0.043";"14.8";"0.541";"109";"470";"0.768"
"2023-03-10 08:06:45.134";"2023-03-10";"08:06:45";"SLCE";"";"Light Curve end ";""
"2023-03-10 08:07:12.000";"2023-03-10";"08:07:12";"SLCS";"";"Light Curve start ";"ul02"
"2023-03-10 08:07:12.000";"2023-03-10";"08:07:12";"REG1";"";"#1: alpha: 0.255, ETRm: 18.546, Ik: 72.769   ( beta: 0.081, ETRmPot: 38.489 )   (Platt et al. 1980) ";""
"2023-03-10 08:07:12.000";"2023-03-10";"08:07:12";"REG2";"";"#1: alpha: 0.395, ETRm: 13.996, Ik: 35.449   (Jassby and Platt 1976) ";""
"2023-03-10 08:07:13.792";"2023-03-10";"08:07:13";"FO";"10";"108";"427";"0";"0.747";"0.0";"-";"108";"427";"0.747"
"2023-03-10 08:07:44.088";"2023-03-10";"08:07:44";"F";"11";"198";"369";"66";"0.463";"12.8";"0.157";"108";"427";"0.747"
"2023-03-10 08:08:14.385";"2023-03-10";"08:08:14";"F";"12";"208";"344";"90";"0.395";"14.9";"0.241";"108";"427";"0.747"
"2023-03-10 08:08:44.687";"2023-03-10";"08:08:44";"F";"13";"226";"326";"125";"0.307";"16.1";"0.310";"108";"427";"0.747"
"2023-03-10 08:09:14.983";"2023-03-10";"08:09:14";"F";"14";"246";"312";"190";"0.212";"16.9";"0.369";"108";"427";"0.747"
"2023-03-10 08:09:45.270";"2023-03-10";"08:09:45";"F";"15";"255";"300";"285";"0.150";"18.0";"0.423";"108";"427";"0.747"
"2023-03-10 08:10:15.573";"2023-03-10";"08:10:15";"F";"16";"264";"291";"420";"0.093";"16.4";"0.467";"108";"427";"0.747"
"2023-03-10 08:10:45.863";"2023-03-10";"08:10:45";"F";"17";"268";"278";"625";"0.036";"9.5";"0.536";"108";"427";"0.747"
"2023-03-10 08:11:16.159";"2023-03-10";"08:11:16";"F";"18";"261";"266";"820";"0.019";"6.5";"0.605";"108";"427";"0.747"
"2023-03-10 08:11:18.672";"2023-03-10";"08:11:18";"SLCE";"";"Light Curve end ";""
"2023-03-10 08:11:51.988";"2023-03-10";"08:11:51";"SLCS";"";"Light Curve start ";"ul03"
"2023-03-10 08:11:51.988";"2023-03-10";"08:11:51";"REG1";"";"#1: alpha: 0.285, ETRm: 18.284, Ik: 64.127   ( beta: 0.046, ETRmPot: 29.230 )   (Platt et al. 1980) ";""
"2023-03-10 08:11:51.988";"2023-03-10";"08:11:51";"REG2";"";"#1: alpha: 0.384, ETRm: 14.349, Ik: 37.334   (Jassby and Platt 1976) ";""
"2023-03-10 08:11:53.654";"2023-03-10";"08:11:53";"FO";"19";"83";"406";"0";"0.796";"0.0";"-";"83";"406";"0.796"
"2023-03-10 08:12:23.956";"2023-03-10";"08:12:23";"F";"20";"188";"354";"66";"0.469";"13.0";"0.147";"83";"406";"0.796"
"2023-03-10 08:12:54.248";"2023-03-10";"08:12:54";"F";"21";"198";"329";"90";"0.398";"15.0";"0.234";"83";"406";"0.796"
"2023-03-10 08:13:24.544";"2023-03-10";"08:13:24";"F";"22";"212";"309";"125";"0.314";"16.5";"0.314";"83";"406";"0.796"
"2023-03-10 08:13:54.841";"2023-03-10";"08:13:54";"F";"23";"227";"293";"190";"0.225";"18.0";"0.386";"83";"406";"0.796"
"2023-03-10 08:14:25.136";"2023-03-10";"08:14:25";"F";"24";"239";"278";"285";"0.140";"16.8";"0.460";"83";"406";"0.796"
"2023-03-10 08:14:55.428";"2023-03-10";"08:14:55";"F";"25";"242";"266";"420";"0.090";"15.9";"0.526";"83";"406";"0.796"
"2023-03-10 08:15:25.732";"2023-03-10";"08:15:25";"F";"26";"243";"254";"625";"0.043";"11.3";"0.598";"83";"406";"0.796"
"2023-03-10 08:15:56.028";"2023-03-10";"08:15:56";"F";"27";"235";"240";"820";"0.021";"7.2";"0.692";"83";"406";"0.796"
"2023-03-10 08:15:58.941";"2023-03-10";"08:15:58";"SLCE";"";"Light Curve end ";""
"2023-03-10 08:16:44.182";"2023-03-10";"08:16:44";"SLCS";"";"Light Curve start ";"ul04"
"2023-03-10 08:16:44.182";"2023-03-10";"08:16:44";"REG1";"";"#1: alpha: 0.271, ETRm: 18.254, Ik: 67.383   ( beta: 0.035, ETRmPot: 27.365 )   (Platt et al. 1980) ";""
"2023-03-10 08:16:44.182";"2023-03-10";"08:16:44";"REG2";"";"#1: alpha: 0.301, ETRm: 14.904, Ik: 49.471   (Jassby and Platt 1976) ";""
"2023-03-10 08:16:45.914";"2023-03-10";"08:16:45";"FO";"28";"80";"357";"0";"0.776";"0.0";"-";"80";"357";"0.776"
"2023-03-10 08:17:16.211";"2023-03-10";"08:17:16";"F";"29";"173";"314";"66";"0.449";"12.4";"0.137";"80";"357";"0.776"
"2023-03-10 08:17:46.514";"2023-03-10";"08:17:46";"F";"30";"181";"292";"90";"0.380";"14.4";"0.223";"80";"357";"0.776"
"2023-03-10 08:18:16.803";"2023-03-10";"08:18:16";"F";"31";"192";"281";"125";"0.317";"16.6";"0.270";"80";"357";"0.776"
"2023-03-10 08:18:47.099";"2023-03-10";"08:18:47";"F";"32";"206";"262";"190";"0.214";"17.1";"0.363";"80";"357";"0.776"
"2023-03-10 08:19:17.394";"2023-03-10";"08:19:17";"F";"33";"214";"252";"285";"0.151";"18.1";"0.417";"80";"357";"0.776"
"2023-03-10 08:19:47.693";"2023-03-10";"08:19:47";"F";"34";"219";"243";"420";"0.099";"17.5";"0.469";"80";"357";"0.776"
"2023-03-10 08:20:17.991";"2023-03-10";"08:20:17";"F";"35";"222";"230";"625";"0.035";"9.2";"0.552";"80";"357";"0.776"
"2023-03-10 08:20:48.284";"2023-03-10";"08:20:48";"F";"36";"212";"219";"820";"0.032";"11.0";"0.630";"80";"357";"0.776"
"2023-03-10 08:20:51.461";"2023-03-10";"08:20:51";"SLCE";"";"Light Curve end ";""
"2023-03-10 08:22:12.035";"2023-03-10";"08:22:12";"SLCS";"";"Light Curve start ";"ul05"
"2023-03-10 08:22:12.035";"2023-03-10";"08:22:12";"REG1";"";"#1: alpha: 0.246, ETRm: 15.431, Ik: 62.841   ( beta: 7.726, ETRmPot: 1340.703 )   (Platt et al. 1980) ";""
"2023-03-10 08:22:12.035";"2023-03-10";"08:22:12";"REG2";"";"#1: alpha: 1.524, ETRm: 10.075, Ik: 6.613   (Jassby and Platt 1976) ";""
"2023-03-10 08:22:13.773";"2023-03-10";"08:22:13";"FO";"37";"123";"443";"0";"0.722";"0.0";"-";"123";"443";"0.722"
"2023-03-10 08:22:44.073";"2023-03-10";"08:22:44";"F";"38";"231";"389";"66";"0.406";"11.3";"0.139";"123";"443";"0.722"
"2023-03-10 08:23:14.363";"2023-03-10";"08:23:14";"F";"39";"240";"369";"90";"0.350";"13.2";"0.201";"123";"443";"0.722"
"2023-03-10 08:23:44.659";"2023-03-10";"08:23:44";"F";"40";"259";"354";"125";"0.268";"14.1";"0.251";"123";"443";"0.722"
"2023-03-10 08:24:14.956";"2023-03-10";"08:24:14";"F";"41";"280";"345";"190";"0.188";"15.0";"0.284";"123";"443";"0.722"
"2023-03-10 08:24:45.250";"2023-03-10";"08:24:45";"F";"42";"296";"333";"285";"0.111";"13.3";"0.330";"123";"443";"0.722"
"2023-03-10 08:25:15.549";"2023-03-10";"08:25:15";"F";"43";"303";"323";"420";"0.062";"10.9";"0.372";"123";"443";"0.722"
"2023-03-10 08:25:45.844";"2023-03-10";"08:25:45";"F";"44";"305";"307";"625";"0.007";"1.8";"0.443";"123";"443";"0.722"
"2023-03-10 08:26:16.137";"2023-03-10";"08:26:16";"F";"45";"294";"295";"820";"0.003";"1.0";"0.502";"123";"443";"0.722"
"2023-03-10 08:26:19.382";"2023-03-10";"08:26:19";"SLCE";"";"Light Curve end ";""
"2023-03-10 08:28:05.854";"2023-03-10";"08:28:05";"SLCS";"";"Light Curve start ";"ul06"
"2023-03-10 08:28:05.854";"2023-03-10";"08:28:05";"REG1";"";"#1: alpha: 0.286, ETRm: 10.865, Ik: 37.941   ( beta: 0.151, ETRmPot: 29.031 )   (Platt et al. 1980) ";""
"2023-03-10 08:28:05.854";"2023-03-10";"08:28:05";"REG2";"";"#1: alpha: 0.923, ETRm: 8.317, Ik: 9.012   (Jassby and Platt 1976) ";""
"2023-03-10 08:28:07.524";"2023-03-10";"08:28:07";"FO";"46";"186";"599";"0";"0.689";"0.0";"-";"186";"599";"0.689"
"2023-03-10 08:28:37.819";"2023-03-10";"08:28:37";"F";"47";"316";"501";"66";"0.369";"10.2";"0.196";"186";"599";"0.689"
"2023-03-10 08:29:08.117";"2023-03-10";"08:29:08";"F";"48";"336";"471";"90";"0.287";"10.8";"0.272";"186";"599";"0.689"
"2023-03-10 08:29:38.417";"2023-03-10";"08:29:38";"F";"49";"365";"452";"125";"0.192";"10.1";"0.325";"186";"599";"0.689"
"2023-03-10 08:30:08.705";"2023-03-10";"08:30:08";"F";"50";"387";"437";"190";"0.114";"9.1";"0.371";"186";"599";"0.689"
"2023-03-10 08:30:39.002";"2023-03-10";"08:30:39";"F";"51";"396";"421";"285";"0.059";"7.1";"0.423";"186";"599";"0.689"
"2023-03-10 08:31:09.304";"2023-03-10";"08:31:09";"F";"52";"398";"404";"420";"0.015";"2.6";"0.483";"186";"599";"0.689"
"2023-03-10 08:31:39.599";"2023-03-10";"08:31:39";"F";"53";"389";"385";"625";"-";"-";"-";"186";"599";"0.689"
"2023-03-10 08:32:09.895";"2023-03-10";"08:32:09";"F";"54";"376";"372";"820";"-";"-";"-";"186";"599";"0.689"
"2023-03-10 08:32:12.358";"2023-03-10";"08:32:12";"SLCE";"";"Light Curve end ";""
"2023-03-10 08:32:52.482";"2023-03-10";"08:32:52";"SLCS";"";"Light Curve start ";"ul07"
"2023-03-10 08:32:52.482";"2023-03-10";"08:32:52";"REG1";"";"#1: alpha: 0.250, ETRm: 17.085, Ik: 68.475   ( beta: 3.918, ETRmPot: 752.365 )   (Platt et al. 1980) ";""
"2023-03-10 08:32:52.482";"2023-03-10";"08:32:52";"REG2";"";"#1: alpha: 4.150, ETRm: 11.587, Ik: 2.792   (Jassby and Platt 1976) ";""
"2023-03-10 08:32:54.191";"2023-03-10";"08:32:54";"FO";"55";"92";"322";"0";"0.714";"0.0";"-";"92";"322";"0.714"
"2023-03-10 08:33:24.481";"2023-03-10";"08:33:24";"F";"56";"159";"286";"66";"0.444";"12.3";"0.126";"92";"322";"0.714"
"2023-03-10 08:33:54.783";"2023-03-10";"08:33:54";"F";"57";"169";"269";"90";"0.372";"14.1";"0.197";"92";"322";"0.714"
"2023-03-10 08:34:25.072";"2023-03-10";"08:34:25";"F";"58";"183";"258";"125";"0.291";"15.3";"0.248";"92";"322";"0.714"
"2023-03-10 08:34:55.371";"2023-03-10";"08:34:55";"F";"59";"197";"248";"190";"0.206";"16.4";"0.298";"92";"322";"0.714"
"2023-03-10 08:35:25.668";"2023-03-10";"08:35:25";"F";"60";"206";"238";"285";"0.134";"16.0";"0.353";"92";"322";"0.714"
"2023-03-10 08:35:55.966";"2023-03-10";"08:35:55";"F";"61";"213";"227";"420";"0.062";"10.9";"0.419";"92";"322";"0.714"
"2023-03-10 08:36:26.263";"2023-03-10";"08:36:26";"F";"62";"213";"218";"625";"0.023";"6.0";"0.477";"92";"322";"0.714"
"2023-03-10 08:36:56.554";"2023-03-10";"08:36:56";"F";"63";"206";"207";"820";"0.005";"1.7";"0.556";"92";"322";"0.714"
"2023-03-10 08:36:59.018";"2023-03-10";"08:36:59";"SLCE";"";"Light Curve end ";""
"2023-03-10 08:37:20.096";"2023-03-10";"08:37:20";"SLCS";"";"Light Curve start ";"ul08"
"2023-03-10 08:37:20.096";"2023-03-10";"08:37:20";"REG1";"";"#1: alpha: 0.263, ETRm: 17.274, Ik: 65.799   ( beta: 0.156, ETRmPot: 49.432 )   (Platt et al. 1980) ";""
"2023-03-10 08:37:20.096";"2023-03-10";"08:37:20";"REG2";"";"#1: alpha: 1.149, ETRm: 12.162, Ik: 10.587   (Jassby and Platt 1976) ";""
"2023-03-10 08:37:21.750";"2023-03-10";"08:37:21";"FO";"64";"84";"337";"0";"0.751";"0.0";"-";"84";"337";"0.751"
"2023-03-10 08:37:52.045";"2023-03-10";"08:37:52";"F";"65";"179";"322";"66";"0.444";"12.3";"0.047";"84";"337";"0.751"
"2023-03-10 08:38:22.345";"2023-03-10";"08:38:22";"F";"66";"187";"304";"90";"0.385";"14.6";"0.109";"84";"337";"0.751"
"2023-03-10 08:38:52.642";"2023-03-10";"08:38:52";"F";"67";"202";"288";"125";"0.299";"15.7";"0.170";"84";"337";"0.751"
"2023-03-10 08:39:22.935";"2023-03-10";"08:39:22";"F";"68";"215";"273";"190";"0.212";"16.9";"0.234";"84";"337";"0.751"
"2023-03-10 08:39:53.228";"2023-03-10";"08:39:53";"F";"69";"226";"259";"285";"0.127";"15.2";"0.301";"84";"337";"0.751"
"2023-03-10 08:40:23.523";"2023-03-10";"08:40:23";"F";"70";"229";"247";"420";"0.073";"12.9";"0.364";"84";"337";"0.751"
"2023-03-10 08:40:53.826";"2023-03-10";"08:40:53";"F";"71";"231";"237";"625";"0.025";"6.6";"0.422";"84";"337";"0.751"
"2023-03-10 08:41:24.113";"2023-03-10";"08:41:24";"F";"72";"224";"226";"820";"0.009";"3.1";"0.491";"84";"337";"0.751"
"2023-03-10 08:41:26.997";"2023-03-10";"08:41:26";"SLCE";"";"Light Curve end ";""
"2023-03-10 08:41:49.151";"2023-03-10";"08:41:49";"SLCS";"";"Light Curve start ";"ul09"
"2023-03-10 08:41:49.151";"2023-03-10";"08:41:49";"REG1";"";"#1: alpha: 0.260, ETRm: 14.774, Ik: 56.931   ( beta: 6.545, ETRmPot: 1032.910 )   (Platt et al. 1980) ";""
"2023-03-10 08:41:49.151";"2023-03-10";"08:41:49";"REG2";"";"#1: alpha: 1.298, ETRm: 9.287, Ik: 7.156   (Jassby and Platt 1976) ";""
"2023-03-10 08:41:50.911";"2023-03-10";"08:41:50";"FO";"73";"76";"258";"0";"0.705";"0.0";"-";"76";"258";"0.705"
"2023-03-10 08:42:21.214";"2023-03-10";"08:42:21";"F";"74";"130";"227";"66";"0.427";"11.8";"0.137";"76";"258";"0.705"
"2023-03-10 08:42:51.509";"2023-03-10";"08:42:51";"F";"75";"139";"215";"90";"0.353";"13.3";"0.200";"76";"258";"0.705"
"2023-03-10 08:43:21.799";"2023-03-10";"08:43:21";"F";"76";"151";"207";"125";"0.271";"14.2";"0.246";"76";"258";"0.705"
"2023-03-10 08:43:52.101";"2023-03-10";"08:43:52";"F";"77";"166";"197";"190";"0.157";"12.5";"0.310";"76";"258";"0.705"
"2023-03-10 08:44:22.393";"2023-03-10";"08:44:22";"F";"78";"172";"193";"285";"0.109";"13.0";"0.337";"76";"258";"0.705"
"2023-03-10 08:44:52.688";"2023-03-10";"08:44:52";"F";"79";"175";"185";"420";"0.054";"9.5";"0.395";"76";"258";"0.705"
"2023-03-10 08:45:22.985";"2023-03-10";"08:45:22";"F";"80";"177";"177";"625";"0.000";"0.0";"0.458";"76";"258";"0.705"
"2023-03-10 08:45:53.282";"2023-03-10";"08:45:53";"F";"81";"171";"171";"820";"0.000";"0.0";"0.509";"76";"258";"0.705"
"2023-03-10 08:45:55.645";"2023-03-10";"08:45:55";"SLCE";"";"Light Curve end ";""
"2023-03-10 08:47:11.363";"2023-03-10";"08:47:11";"SLCS";"";"Light Curve start ";"ul10"
"2023-03-10 08:47:11.363";"2023-03-10";"08:47:11";"REG1";"";"#1: alpha: 0.259, ETRm: 16.051, Ik: 61.934   ( beta: 4.769, ETRmPot: 824.650 )   (Platt et al. 1980) ";""
"2023-03-10 08:47:11.363";"2023-03-10";"08:47:11";"REG2";"";"#1: alpha: 1.683, ETRm: 10.562, Ik: 6.275   (Jassby and Platt 1976) ";""
"2023-03-10 08:47:13.070";"2023-03-10";"08:47:13";"FO";"82";"88";"335";"0";"0.737";"0.0";"-";"88";"335";"0.737"
"2023-03-10 08:47:43.365";"2023-03-10";"08:47:43";"F";"83";"158";"288";"66";"0.451";"12.5";"0.163";"88";"335";"0.737"
"2023-03-10 08:48:13.663";"2023-03-10";"08:48:13";"F";"84";"172";"271";"90";"0.365";"13.8";"0.236";"88";"335";"0.737"
"2023-03-10 08:48:43.961";"2023-03-10";"08:48:43";"F";"85";"189";"260";"125";"0.273";"14.3";"0.288";"88";"335";"0.737"
"2023-03-10 08:49:14.256";"2023-03-10";"08:49:14";"F";"86";"202";"250";"190";"0.192";"15.3";"0.340";"88";"335";"0.737"
"2023-03-10 08:49:44.549";"2023-03-10";"08:49:44";"F";"87";"212";"240";"285";"0.117";"14.0";"0.396";"88";"335";"0.737"
"2023-03-10 08:50:14.844";"2023-03-10";"08:50:14";"F";"88";"216";"231";"420";"0.065";"11.5";"0.450";"88";"335";"0.737"
"2023-03-10 08:50:45.137";"2023-03-10";"08:50:45";"F";"89";"218";"218";"625";"0.000";"0.0";"0.537";"88";"335";"0.737"
"2023-03-10 08:51:15.437";"2023-03-10";"08:51:15";"F";"90";"209";"211";"820";"0.009";"3.1";"0.588";"88";"335";"0.737"
"2023-03-10 08:51:18.230";"2023-03-10";"08:51:18";"SLCE";"";"Light Curve end ";""
"2023-03-10 08:51:43.992";"2023-03-10";"08:51:43";"SLCS";"";"Light Curve start ";"ul11"
"2023-03-10 08:51:43.992";"2023-03-10";"08:51:43";"REG1";"";"#1: alpha: 0.256, ETRm: 15.672, Ik: 61.154   ( beta: 7.695, ETRmPot: 1300.335 )   (Platt et al. 1980) ";""
"2023-03-10 08:51:43.992";"2023-03-10";"08:51:43";"REG2";"";"#1: alpha: 1.599, ETRm: 10.212, Ik: 6.387   (Jassby and Platt 1976) ";""
"2023-03-10 08:51:45.731";"2023-03-10";"08:51:45";"FO";"91";"83";"278";"0";"0.701";"0.0";"-";"83";"278";"0.701"
"2023-03-10 08:52:16.034";"2023-03-10";"08:52:16";"F";"92";"140";"245";"66";"0.429";"11.9";"0.135";"83";"278";"0.701"
"2023-03-10 08:52:46.322";"2023-03-10";"08:52:46";"F";"93";"150";"232";"90";"0.353";"13.3";"0.198";"83";"278";"0.701"
"2023-03-10 08:53:16.626";"2023-03-10";"08:53:16";"F";"94";"161";"220";"125";"0.268";"14.1";"0.264";"83";"278";"0.701"
"2023-03-10 08:53:46.921";"2023-03-10";"08:53:46";"F";"95";"174";"215";"190";"0.191";"15.2";"0.293";"83";"278";"0.701"
"2023-03-10 08:54:17.213";"2023-03-10";"08:54:17";"F";"96";"180";"205";"285";"0.122";"14.6";"0.356";"83";"278";"0.701"
"2023-03-10 08:54:47.507";"2023-03-10";"08:54:47";"F";"97";"183";"193";"420";"0.052";"9.2";"0.440";"83";"278";"0.701"
"2023-03-10 08:55:17.808";"2023-03-10";"08:55:17";"F";"98";"182";"183";"625";"0.005";"1.3";"0.519";"83";"278";"0.701"
"2023-03-10 08:55:48.103";"2023-03-10";"08:55:48";"F";"99";"175";"176";"820";"0.006";"2.1";"0.580";"83";"278";"0.701"
"2023-03-10 08:55:50.696";"2023-03-10";"08:55:50";"SLCE";"";"Light Curve end ";""
"2023-03-10 08:56:27.252";"2023-03-10";"08:56:27";"SLCS";"";"Light Curve start ";"ul12"
"2023-03-10 08:56:27.252";"2023-03-10";"08:56:27";"REG1";"";"#1: alpha: 0.267, ETRm: 19.749, Ik: 73.849   ( beta: 0.084, ETRmPot: 40.729 )   (Platt et al. 1980) ";""
"2023-03-10 08:56:27.252";"2023-03-10";"08:56:27";"REG2";"";"#1: alpha: 0.335, ETRm: 15.078, Ik: 44.998   (Jassby and Platt 1976) ";""
"2023-03-10 08:56:28.999";"2023-03-10";"08:56:28";"FO";"100";"72";"238";"0";"0.697";"0.0";"-";"72";"238";"0.697"
"2023-03-10 08:56:59.295";"2023-03-10";"08:56:59";"F";"101";"112";"208";"66";"0.462";"12.8";"0.144";"72";"238";"0.697"
"2023-03-10 08:57:29.584";"2023-03-10";"08:57:29";"F";"102";"118";"197";"90";"0.401";"15.2";"0.208";"72";"238";"0.697"
"2023-03-10 08:57:59.883";"2023-03-10";"08:57:59";"F";"103";"126";"188";"125";"0.330";"17.3";"0.266";"72";"238";"0.697"
"2023-03-10 08:58:30.180";"2023-03-10";"08:58:30";"F";"104";"135";"179";"190";"0.246";"19.6";"0.330";"72";"238";"0.697"
"2023-03-10 08:59:00.477";"2023-03-10";"08:59:00";"F";"105";"144";"171";"285";"0.158";"18.9";"0.392";"72";"238";"0.697"
"2023-03-10 08:59:30.773";"2023-03-10";"08:59:30";"F";"106";"149";"164";"420";"0.091";"16.1";"0.451";"72";"238";"0.697"
"2023-03-10 09:00:01.067";"2023-03-10";"09:00:01";"F";"107";"151";"158";"625";"0.044";"11.6";"0.506";"72";"238";"0.697"
"2023-03-10 09:00:31.368";"2023-03-10";"09:00:31";"F";"108";"147";"150";"820";"0.020";"6.9";"0.587";"72";"238";"0.697"
"2023-03-10 09:00:34.072";"2023-03-10";"09:00:34";"SLCE";"";"Light Curve end ";""
"2023-03-10 09:00:50.507";"2023-03-10";"09:00:50";"SLCS";"";"Light Curve start ";"ul13"
"2023-03-10 09:00:50.507";"2023-03-10";"09:00:50";"REG1";"";"#1: alpha: 0.252, ETRm: 19.455, Ik: 77.330   ( beta: 0.057, ETRmPot: 34.940 )   (Platt et al. 1980) ";""
"2023-03-10 09:00:50.507";"2023-03-10";"09:00:50";"REG2";"";"#1: alpha: 0.305, ETRm: 15.443, Ik: 50.583   (Jassby and Platt 1976) ";""
"2023-03-10 09:00:52.255";"2023-03-10";"09:00:52";"FO";"109";"100";"326";"0";"0.693";"0.0";"-";"100";"326";"0.693"
"2023-03-10 09:01:22.560";"2023-03-10";"09:01:22";"F";"110";"153";"284";"66";"0.461";"12.8";"0.148";"100";"326";"0.693"
"2023-03-10 09:01:52.851";"2023-03-10";"09:01:52";"F";"111";"164";"270";"90";"0.393";"14.9";"0.207";"100";"326";"0.693"
"2023-03-10 09:02:23.152";"2023-03-10";"09:02:23";"F";"112";"180";"263";"125";"0.316";"16.6";"0.240";"100";"326";"0.693"
"2023-03-10 09:02:53.440";"2023-03-10";"09:02:53";"F";"113";"197";"253";"190";"0.221";"17.6";"0.289";"100";"326";"0.693"
"2023-03-10 09:03:23.744";"2023-03-10";"09:03:23";"F";"114";"208";"247";"285";"0.158";"18.9";"0.320";"100";"326";"0.693"
"2023-03-10 09:03:54.033";"2023-03-10";"09:03:54";"F";"115";"217";"243";"420";"0.107";"18.9";"0.342";"100";"326";"0.693"
"2023-03-10 09:04:24.333";"2023-03-10";"09:04:24";"F";"116";"223";"233";"625";"0.043";"11.3";"0.399";"100";"326";"0.693"
"2023-03-10 09:04:54.630";"2023-03-10";"09:04:54";"F";"117";"219";"225";"820";"0.027";"9.3";"0.449";"100";"326";"0.693"
"2023-03-10 09:04:57.182";"2023-03-10";"09:04:57";"SLCE";"";"Light Curve end ";""
"2023-03-10 09:05:40.203";"2023-03-10";"09:05:40";"SLCS";"";"Light Curve start ";"ul14"
"2023-03-10 09:05:40.203";"2023-03-10";"09:05:40";"REG1";"";"#1: alpha: 0.305, ETRm: 21.328, Ik: 69.842   ( beta: 0.030, ETRmPot: 29.641 )   (Platt et al. 1980) ";""
"2023-03-10 09:05:40.203";"2023-03-10";"09:05:40";"REG2";"";"#1: alpha: 0.296, ETRm: 18.188, Ik: 61.474   (Jassby and Platt 1976) ";""
"2023-03-10 09:05:41.918";"2023-03-10";"09:05:41";"FO";"118";"86";"356";"0";"0.758";"0.0";"-";"86";"356";"0.758"
"2023-03-10 09:06:12.217";"2023-03-10";"09:06:12";"F";"119";"151";"304";"66";"0.503";"13.9";"0.171";"86";"356";"0.758"
"2023-03-10 09:06:42.513";"2023-03-10";"09:06:42";"F";"120";"159";"281";"90";"0.434";"16.4";"0.267";"86";"356";"0.758"
"2023-03-10 09:07:12.810";"2023-03-10";"09:07:12";"F";"121";"175";"268";"125";"0.347";"18.2";"0.328";"86";"356";"0.758"
"2023-03-10 09:07:43.104";"2023-03-10";"09:07:43";"F";"122";"190";"260";"190";"0.269";"21.5";"0.369";"86";"356";"0.758"
"2023-03-10 09:08:13.403";"2023-03-10";"09:08:13";"F";"123";"205";"250";"285";"0.180";"21.5";"0.424";"86";"356";"0.758"
"2023-03-10 09:08:43.694";"2023-03-10";"09:08:43";"F";"124";"215";"241";"420";"0.108";"19.1";"0.477";"86";"356";"0.758"
"2023-03-10 09:09:13.992";"2023-03-10";"09:09:13";"F";"125";"220";"233";"625";"0.056";"14.7";"0.528";"86";"356";"0.758"
"2023-03-10 09:09:44.286";"2023-03-10";"09:09:44";"F";"126";"217";"226";"820";"0.040";"13.8";"0.575";"86";"356";"0.758"
"2023-03-10 09:09:46.644";"2023-03-10";"09:09:46";"SLCE";"";"Light Curve end ";""
"2023-03-10 09:09:58.038";"2023-03-10";"09:09:58";"SLCS";"";"Light Curve start ";"ul15"
"2023-03-10 09:09:58.038";"2023-03-10";"09:09:58";"REG1";"";"#1: alpha: 0.289, ETRm: 21.139, Ik: 73.265   ( beta: 0.045, ETRmPot: 33.336 )   (Platt et al. 1980) ";""
"2023-03-10 09:09:58.038";"2023-03-10";"09:09:58";"REG2";"";"#1: alpha: 0.295, ETRm: 17.377, Ik: 58.882   (Jassby and Platt 1976) ";""
"2023-03-10 09:09:59.784";"2023-03-10";"09:09:59";"FO";"127";"122";"468";"0";"0.739";"0.0";"-";"122";"468";"0.739"
"2023-03-10 09:10:30.078";"2023-03-10";"09:10:30";"F";"128";"201";"386";"66";"0.479";"13.3";"0.212";"122";"468";"0.739"
"2023-03-10 09:11:00.375";"2023-03-10";"09:11:00";"F";"129";"209";"364";"90";"0.426";"16.1";"0.286";"122";"468";"0.739"
"2023-03-10 09:11:30.674";"2023-03-10";"09:11:30";"F";"130";"229";"349";"125";"0.344";"18.1";"0.341";"122";"468";"0.739"
"2023-03-10 09:12:00.974";"2023-03-10";"09:12:00";"F";"131";"249";"335";"190";"0.257";"20.5";"0.397";"122";"468";"0.739"
"2023-03-10 09:12:31.265";"2023-03-10";"09:12:31";"F";"132";"263";"324";"285";"0.188";"22.5";"0.444";"122";"468";"0.739"
"2023-03-10 09:13:01.558";"2023-03-10";"09:13:01";"F";"133";"277";"309";"420";"0.104";"18.3";"0.515";"122";"468";"0.739"
"2023-03-10 09:13:31.857";"2023-03-10";"09:13:31";"F";"134";"284";"297";"625";"0.044";"11.6";"0.576";"122";"468";"0.739"
"2023-03-10 09:14:02.149";"2023-03-10";"09:14:02";"F";"135";"279";"290";"820";"0.038";"13.1";"0.614";"122";"468";"0.739"
"2023-03-10 09:14:04.674";"2023-03-10";"09:14:04";"SLCE";"";"Light Curve end ";""
"2023-03-10 09:14:53.476";"2023-03-10";"09:14:53";"SLCS";"";"Light Curve start ";"ul16"
"2023-03-10 09:14:53.476";"2023-03-10";"09:14:53";"REG1";"";"#1: alpha: 0.277, ETRm: 25.992, Ik: 93.793   ( beta: 0.068, ETRmPot: 48.103 )   (Platt et al. 1980) ";""
"2023-03-10 09:14:53.476";"2023-03-10";"09:14:53";"REG2";"";"#1: alpha: 0.265, ETRm: 21.947, Ik: 82.723   (Jassby and Platt 1976) ";""
"2023-03-10 09:14:55.147";"2023-03-10";"09:14:55";"FO";"136";"154";"616";"0";"0.750";"0.0";"-";"154";"616";"0.750"
"2023-03-10 09:15:25.445";"2023-03-10";"09:15:25";"F";"137";"264";"533";"66";"0.505";"14.0";"0.156";"154";"616";"0.750"
"2023-03-10 09:15:55.734";"2023-03-10";"09:15:55";"F";"138";"273";"497";"90";"0.451";"17.0";"0.239";"154";"616";"0.750"
"2023-03-10 09:16:26.038";"2023-03-10";"09:16:26";"F";"139";"289";"471";"125";"0.386";"20.3";"0.308";"154";"616";"0.750"
"2023-03-10 09:16:56.331";"2023-03-10";"09:16:56";"F";"140";"310";"446";"190";"0.305";"24.3";"0.381";"154";"616";"0.750"
"2023-03-10 09:17:26.626";"2023-03-10";"09:17:26";"F";"141";"331";"427";"285";"0.225";"26.9";"0.443";"154";"616";"0.750"
"2023-03-10 09:17:56.921";"2023-03-10";"09:17:56";"F";"142";"348";"405";"420";"0.141";"24.9";"0.521";"154";"616";"0.750"
"2023-03-10 09:18:27.214";"2023-03-10";"09:18:27";"F";"143";"362";"387";"625";"0.065";"17.1";"0.592";"154";"616";"0.750"
"2023-03-10 09:18:57.509";"2023-03-10";"09:18:57";"F";"144";"358";"376";"820";"0.048";"16.5";"0.638";"154";"616";"0.750"
"2023-03-10 09:19:00.322";"2023-03-10";"09:19:00";"SLCE";"";"Light Curve end ";""
"2023-03-10 09:19:32.744";"2023-03-10";"09:19:32";"SLCS";"";"Light Curve start ";"ul17"
"2023-03-10 09:19:32.744";"2023-03-10";"09:19:32";"REG1";"";"#1: alpha: 0.270, ETRm: 29.795, Ik: 110.460   ( beta: 0.026, ETRmPot: 41.469 )   (Platt et al. 1980) ";""
"2023-03-10 09:19:32.744";"2023-03-10";"09:19:32";"REG2";"";"#1: alpha: 0.229, ETRm: 27.845, Ik: 121.460   (Jassby and Platt 1976) ";""
"2023-03-10 09:19:34.511";"2023-03-10";"09:19:34";"FO";"145";"105";"466";"0";"0.775";"0.0";"-";"105";"466";"0.775"
"2023-03-10 09:20:04.800";"2023-03-10";"09:20:04";"F";"146";"199";"403";"66";"0.506";"14.0";"0.156";"105";"466";"0.775"
"2023-03-10 09:20:35.101";"2023-03-10";"09:20:35";"F";"147";"205";"376";"90";"0.455";"17.2";"0.239";"105";"466";"0.775"
"2023-03-10 09:21:05.396";"2023-03-10";"09:21:05";"F";"148";"214";"354";"125";"0.395";"20.7";"0.316";"105";"466";"0.775"
"2023-03-10 09:21:35.695";"2023-03-10";"09:21:35";"F";"149";"227";"339";"190";"0.330";"26.3";"0.375";"105";"466";"0.775"
"2023-03-10 09:22:05.985";"2023-03-10";"09:22:05";"F";"150";"242";"321";"285";"0.246";"29.4";"0.452";"105";"466";"0.775"
"2023-03-10 09:22:36.286";"2023-03-10";"09:22:36";"F";"151";"257";"312";"420";"0.176";"31.0";"0.494";"105";"466";"0.775"
"2023-03-10 09:23:06.578";"2023-03-10";"09:23:06";"F";"152";"271";"299";"625";"0.094";"24.7";"0.559";"105";"466";"0.775"
"2023-03-10 09:23:36.876";"2023-03-10";"09:23:36";"F";"153";"270";"292";"820";"0.075";"25.8";"0.596";"105";"466";"0.775"
"2023-03-10 09:23:40.009";"2023-03-10";"09:23:40";"SLCE";"";"Light Curve end ";""
"2023-03-10 09:24:16.587";"2023-03-10";"09:24:16";"SLCS";"";"Light Curve start ";"ul18"
"2023-03-10 09:24:16.587";"2023-03-10";"09:24:16";"REG1";"";"#1: alpha: 0.287, ETRm: 20.587, Ik: 71.641   ( beta: 5.928, ETRmPot: 1182.230 )   (Platt et al. 1980) ";""
"2023-03-10 09:24:16.587";"2023-03-10";"09:24:16";"REG2";"";"#1: alpha: 0.842, ETRm: 14.113, Ik: 16.760   (Jassby and Platt 1976) ";""
"2023-03-10 09:24:18.266";"2023-03-10";"09:24:18";"FO";"154";"98";"326";"0";"0.699";"0.0";"-";"98";"326";"0.699"
"2023-03-10 09:24:48.562";"2023-03-10";"09:24:48";"F";"155";"144";"289";"66";"0.502";"13.9";"0.128";"98";"326";"0.699"
"2023-03-10 09:25:18.864";"2023-03-10";"09:25:18";"F";"156";"155";"271";"90";"0.428";"16.2";"0.203";"98";"326";"0.699"
"2023-03-10 09:25:49.153";"2023-03-10";"09:25:49";"F";"157";"168";"256";"125";"0.344";"18.1";"0.273";"98";"326";"0.699"
"2023-03-10 09:26:19.457";"2023-03-10";"09:26:19";"F";"158";"185";"250";"190";"0.260";"20.7";"0.304";"98";"326";"0.699"
"2023-03-10 09:26:49.754";"2023-03-10";"09:26:49";"F";"159";"200";"238";"285";"0.160";"19.2";"0.370";"98";"326";"0.699"
"2023-03-10 09:27:20.044";"2023-03-10";"09:27:20";"F";"160";"209";"229";"420";"0.087";"15.3";"0.424";"98";"326";"0.699"
"2023-03-10 09:27:50.338";"2023-03-10";"09:27:50";"F";"161";"215";"219";"625";"0.018";"4.7";"0.489";"98";"326";"0.699"
"2023-03-10 09:28:20.642";"2023-03-10";"09:28:20";"F";"162";"208";"211";"820";"0.014";"4.8";"0.545";"98";"326";"0.699"
"2023-03-10 09:28:23.184";"2023-03-10";"09:28:23";"SLCE";"";"Light Curve end ";""
"2023-03-10 09:29:39.012";"2023-03-10";"09:29:39";"SLCS";"";"Light Curve start ";"ul19"
"2023-03-10 09:29:39.012";"2023-03-10";"09:29:39";"REG1";"";"#1: alpha: 0.283, ETRm: 31.444, Ik: 111.145   ( beta: 0.038, ETRmPot: 47.391 )   (Platt et al. 1980) ";""
"2023-03-10 09:29:39.012";"2023-03-10";"09:29:39";"REG2";"";"#1: alpha: 0.245, ETRm: 28.925, Ik: 117.884   (Jassby and Platt 1976) ";""
"2023-03-10 09:29:40.723";"2023-03-10";"09:29:40";"FO";"163";"127";"533";"0";"0.762";"0.0";"-";"127";"533";"0.762"
"2023-03-10 09:30:11.018";"2023-03-10";"09:30:11";"F";"164";"218";"455";"66";"0.521";"14.4";"0.171";"127";"533";"0.762"
"2023-03-10 09:30:41.322";"2023-03-10";"09:30:41";"F";"165";"217";"422";"90";"0.486";"18.4";"0.263";"127";"533";"0.762"
"2023-03-10 09:31:11.609";"2023-03-10";"09:31:11";"F";"166";"231";"400";"125";"0.423";"22.2";"0.333";"127";"533";"0.762"
"2023-03-10 09:31:41.911";"2023-03-10";"09:31:41";"F";"167";"250";"380";"190";"0.342";"27.3";"0.403";"127";"533";"0.762"
"2023-03-10 09:32:12.202";"2023-03-10";"09:32:12";"F";"168";"269";"366";"285";"0.265";"31.7";"0.456";"127";"533";"0.762"
"2023-03-10 09:32:42.497";"2023-03-10";"09:32:42";"F";"169";"286";"351";"420";"0.185";"32.6";"0.519";"127";"533";"0.762"
"2023-03-10 09:33:12.800";"2023-03-10";"09:33:12";"F";"170";"304";"336";"625";"0.095";"24.9";"0.586";"127";"533";"0.762"
"2023-03-10 09:33:43.092";"2023-03-10";"09:33:43";"F";"171";"302";"327";"820";"0.076";"26.2";"0.630";"127";"533";"0.762"
"2023-03-10 09:33:46.086";"2023-03-10";"09:33:46";"SLCE";"";"Light Curve end ";""
"2023-03-10 09:34:07.892";"2023-03-10";"09:34:07";"SLCS";"";"Light Curve start ";"ul20"
"2023-03-10 09:34:07.892";"2023-03-10";"09:34:07";"REG1";"";"#1: alpha: 0.245, ETRm: 13.542, Ik: 55.306   ( beta: 0.051, ETRmPot: 23.600 )   (Platt et al. 1980) ";""
"2023-03-10 09:34:07.892";"2023-03-10";"09:34:07";"REG2";"";"#1: alpha: 0.792, ETRm: 10.000, Ik: 12.626   (Jassby and Platt 1976) ";""
"2023-03-10 09:34:09.594";"2023-03-10";"09:34:09";"FO";"172";"73";"192";"0";"0.620";"0.0";"-";"73";"192";"0.620"
"2023-03-10 09:34:39.885";"2023-03-10";"09:34:39";"F";"173";"92";"145";"66";"0.366";"10.1";"0.324";"73";"192";"0.620"
"2023-03-10 09:35:10.186";"2023-03-10";"09:35:10";"F";"174";"90";"135";"90";"0.333";"12.6";"0.422";"73";"192";"0.620"
"2023-03-10 09:35:40.480";"2023-03-10";"09:35:40";"F";"175";"97";"127";"125";"0.236";"12.4";"0.512";"73";"192";"0.620"
"2023-03-10 09:36:10.776";"2023-03-10";"09:36:10";"F";"176";"105";"126";"190";"0.167";"13.3";"0.524";"73";"192";"0.620"
"2023-03-10 09:36:41.074";"2023-03-10";"09:36:41";"F";"177";"111";"123";"285";"0.098";"11.7";"0.561";"73";"192";"0.620"
"2023-03-10 09:37:11.362";"2023-03-10";"09:37:11";"F";"178";"113";"120";"420";"0.058";"10.2";"0.600";"73";"192";"0.620"
"2023-03-10 09:37:41.663";"2023-03-10";"09:37:41";"F";"179";"115";"118";"625";"0.025";"6.6";"0.627";"73";"192";"0.620"
"2023-03-10 09:38:11.960";"2023-03-10";"09:38:11";"F";"180";"112";"113";"820";"0.009";"3.1";"0.699";"73";"192";"0.620"
"2023-03-10 09:38:14.603";"2023-03-10";"09:38:14";"SLCE";"";"Light Curve end ";""
"2023-03-10 09:39:00.137";"2023-03-10";"09:39:00";"SLCS";"";"Light Curve start ";"ul21"
"2023-03-10 09:39:00.137";"2023-03-10";"09:39:00";"REG1";"";"#1: alpha: 0.273, ETRm: 25.044, Ik: 91.806   ( beta: 0.063, ETRmPot: 45.280 )   (Platt et al. 1980) ";""
"2023-03-10 09:39:00.137";"2023-03-10";"09:39:00";"REG2";"";"#1: alpha: 0.268, ETRm: 21.038, Ik: 78.400   (Jassby and Platt 1976) ";""
"2023-03-10 09:39:01.851";"2023-03-10";"09:39:01";"FO";"181";"122";"446";"0";"0.726";"0.0";"-";"122";"446";"0.726"
"2023-03-10 09:39:32.142";"2023-03-10";"09:39:32";"F";"182";"201";"402";"66";"0.500";"13.9";"0.109";"122";"446";"0.726"
"2023-03-10 09:40:02.439";"2023-03-10";"09:40:02";"F";"183";"210";"380";"90";"0.447";"16.9";"0.174";"122";"446";"0.726"
"2023-03-10 09:40:32.735";"2023-03-10";"09:40:32";"F";"184";"225";"362";"125";"0.378";"19.8";"0.232";"122";"446";"0.726"
"2023-03-10 09:41:03.031";"2023-03-10";"09:41:03";"F";"185";"243";"344";"190";"0.294";"23.5";"0.297";"122";"446";"0.726"
"2023-03-10 09:41:33.333";"2023-03-10";"09:41:33";"F";"186";"259";"328";"285";"0.210";"25.1";"0.360";"122";"446";"0.726"
"2023-03-10 09:42:03.623";"2023-03-10";"09:42:03";"F";"187";"271";"313";"420";"0.134";"23.6";"0.425";"122";"446";"0.726"
"2023-03-10 09:42:33.924";"2023-03-10";"09:42:33";"F";"188";"281";"302";"625";"0.070";"18.4";"0.477";"122";"446";"0.726"
"2023-03-10 09:43:04.219";"2023-03-10";"09:43:04";"F";"189";"276";"288";"820";"0.042";"14.5";"0.549";"122";"446";"0.726"
"2023-03-10 09:43:07.192";"2023-03-10";"09:43:07";"SLCE";"";"Light Curve end ";""
"2023-03-10 09:43:16.239";"2023-03-10";"09:43:16";"SLCS";"";"Light Curve start ";"ul22"
"2023-03-10 09:43:16.239";"2023-03-10";"09:43:16";"REG1";"";"#1: alpha: 0.295, ETRm: 25.829, Ik: 87.568   ( beta: 0.050, ETRmPot: 41.901 )   (Platt et al. 1980) ";""
"2023-03-10 09:43:16.239";"2023-03-10";"09:43:16";"REG2";"";"#1: alpha: 0.282, ETRm: 22.025, Ik: 78.118   (Jassby and Platt 1976) ";""
"2023-03-10 09:43:17.919";"2023-03-10";"09:43:17";"FO";"190";"106";"467";"0";"0.773";"0.0";"-";"106";"467";"0.773"
"2023-03-10 09:43:48.211";"2023-03-10";"09:43:48";"F";"191";"179";"377";"66";"0.525";"14.6";"0.239";"106";"467";"0.773"
"2023-03-10 09:44:18.502";"2023-03-10";"09:44:18";"F";"192";"185";"348";"90";"0.468";"17.7";"0.342";"106";"467";"0.773"
"2023-03-10 09:44:48.802";"2023-03-10";"09:44:48";"F";"193";"198";"327";"125";"0.394";"20.7";"0.428";"106";"467";"0.773"
"2023-03-10 09:45:19.095";"2023-03-10";"09:45:19";"F";"194";"213";"310";"190";"0.313";"25.0";"0.506";"106";"467";"0.773"
"2023-03-10 09:45:49.393";"2023-03-10";"09:45:49";"F";"195";"232";"294";"285";"0.211";"25.3";"0.588";"106";"467";"0.773"
"2023-03-10 09:46:19.694";"2023-03-10";"09:46:19";"F";"196";"241";"281";"420";"0.142";"25.0";"0.662";"106";"467";"0.773"
"2023-03-10 09:46:49.984";"2023-03-10";"09:46:49";"F";"197";"250";"269";"625";"0.071";"18.6";"0.736";"106";"467";"0.773"
"2023-03-10 09:47:20.280";"2023-03-10";"09:47:20";"F";"198";"246";"258";"820";"0.047";"16.2";"0.810";"106";"467";"0.773"
"2023-03-10 09:47:23.203";"2023-03-10";"09:47:23";"SLCE";"";"Light Curve end ";""
"2023-03-10 09:47:46.956";"2023-03-10";"09:47:46";"SLCS";"";"Light Curve start ";"ul23"
"2023-03-10 09:47:46.956";"2023-03-10";"09:47:46";"REG1";"";"#1: alpha: 0.275, ETRm: 26.458, Ik: 96.066   ( beta: 0.044, ETRmPot: 42.249 )   (Platt et al. 1980) ";""
"2023-03-10 09:47:46.956";"2023-03-10";"09:47:46";"REG2";"";"#1: alpha: 0.254, ETRm: 23.193, Ik: 91.415   (Jassby and Platt 1976) ";""
"2023-03-10 09:47:48.680";"2023-03-10";"09:47:48";"FO";"199";"124";"456";"0";"0.728";"0.0";"-";"124";"456";"0.728"
"2023-03-10 09:48:18.975";"2023-03-10";"09:48:18";"F";"200";"191";"384";"66";"0.503";"13.9";"0.188";"124";"456";"0.728"
"2023-03-10 09:48:49.274";"2023-03-10";"09:48:49";"F";"201";"196";"360";"90";"0.456";"17.2";"0.267";"124";"456";"0.728"
"2023-03-10 09:49:19.567";"2023-03-10";"09:49:19";"F";"202";"210";"343";"125";"0.388";"20.4";"0.329";"124";"456";"0.728"
"2023-03-10 09:49:49.865";"2023-03-10";"09:49:49";"F";"203";"227";"326";"190";"0.304";"24.3";"0.399";"124";"456";"0.728"
"2023-03-10 09:50:20.156";"2023-03-10";"09:50:20";"F";"204";"245";"314";"285";"0.220";"26.3";"0.452";"124";"456";"0.728"
"2023-03-10 09:50:50.454";"2023-03-10";"09:50:50";"F";"205";"255";"301";"420";"0.153";"27.0";"0.515";"124";"456";"0.728"
"2023-03-10 09:51:20.748";"2023-03-10";"09:51:20";"F";"206";"267";"288";"625";"0.073";"19.2";"0.583";"124";"456";"0.728"
"2023-03-10 09:51:51.042";"2023-03-10";"09:51:51";"F";"207";"260";"275";"820";"0.055";"18.9";"0.658";"124";"456";"0.728"
"2023-03-10 09:51:54.005";"2023-03-10";"09:51:54";"SLCE";"";"Light Curve end ";""
"2023-03-10 09:52:11.686";"2023-03-10";"09:52:11";"SLCS";"";"Light Curve start ";"ul24"
"2023-03-10 09:52:11.686";"2023-03-10";"09:52:11";"REG1";"";"#1: alpha: 0.284, ETRm: 18.382, Ik: 64.646   ( beta: 0.062, ETRmPot: 32.667 )   (Platt et al. 1980) ";""
"2023-03-10 09:52:11.686";"2023-03-10";"09:52:11";"REG2";"";"#1: alpha: 0.380, ETRm: 14.053, Ik: 36.956   (Jassby and Platt 1976) ";""
"2023-03-10 09:52:13.443";"2023-03-10";"09:52:13";"FO";"208";"122";"373";"0";"0.673";"0.0";"-";"122";"373";"0.673"
"2023-03-10 09:52:43.738";"2023-03-10";"09:52:43";"F";"209";"173";"317";"66";"0.454";"12.6";"0.177";"122";"373";"0.673"
"2023-03-10 09:53:14.030";"2023-03-10";"09:53:14";"F";"210";"180";"298";"90";"0.396";"15.0";"0.252";"122";"373";"0.673"
"2023-03-10 09:53:44.328";"2023-03-10";"09:53:44";"F";"211";"194";"286";"125";"0.322";"16.9";"0.304";"122";"373";"0.673"
"2023-03-10 09:54:14.622";"2023-03-10";"09:54:14";"F";"212";"210";"272";"190";"0.228";"18.2";"0.371";"122";"373";"0.673"
"2023-03-10 09:54:44.919";"2023-03-10";"09:54:44";"F";"213";"221";"259";"285";"0.147";"17.6";"0.440";"122";"373";"0.673"
"2023-03-10 09:55:15.220";"2023-03-10";"09:55:15";"F";"214";"229";"251";"420";"0.088";"15.5";"0.486";"122";"373";"0.673"
"2023-03-10 09:55:45.513";"2023-03-10";"09:55:45";"F";"215";"233";"239";"625";"0.025";"6.6";"0.561";"122";"373";"0.673"
"2023-03-10 09:56:15.806";"2023-03-10";"09:56:15";"F";"216";"226";"232";"820";"0.026";"9.0";"0.608";"122";"373";"0.673"
"2023-03-10 09:56:18.759";"2023-03-10";"09:56:18";"SLCE";"";"Light Curve end ";""
"2023-03-10 09:56:51.260";"2023-03-10";"09:56:51";"SLCS";"";"Light Curve start ";"ul25"
"2023-03-10 09:56:51.260";"2023-03-10";"09:56:51";"REG1";"";"#1: alpha: 0.263, ETRm: 17.914, Ik: 68.188   ( beta: 5.666, ETRmPot: 1074.494 )   (Platt et al. 1980) ";""
"2023-03-10 09:56:51.260";"2023-03-10";"09:56:51";"REG2";"";"#1: alpha: 1.900, ETRm: 12.149, Ik: 6.396   (Jassby and Platt 1976) ";""
"2023-03-10 09:56:53.007";"2023-03-10";"09:56:53";"FO";"217";"135";"479";"0";"0.718";"0.0";"-";"135";"479";"0.718"
"2023-03-10 09:57:23.298";"2023-03-10";"09:57:23";"F";"218";"229";"407";"66";"0.437";"12.1";"0.177";"135";"479";"0.718"
"2023-03-10 09:57:53.595";"2023-03-10";"09:57:53";"F";"219";"221";"365";"90";"0.395";"14.9";"0.312";"135";"479";"0.718"
"2023-03-10 09:58:23.893";"2023-03-10";"09:58:23";"F";"220";"234";"340";"125";"0.312";"16.4";"0.409";"135";"479";"0.718"
"2023-03-10 09:58:54.185";"2023-03-10";"09:58:54";"F";"221";"253";"324";"190";"0.219";"17.5";"0.478";"135";"479";"0.718"
"2023-03-10 09:59:24.478";"2023-03-10";"09:59:24";"F";"222";"269";"312";"285";"0.138";"16.5";"0.535";"135";"479";"0.718"
"2023-03-10 09:59:54.779";"2023-03-10";"09:59:54";"F";"223";"277";"298";"420";"0.070";"12.3";"0.607";"135";"479";"0.718"
"2023-03-10 10:00:25.072";"2023-03-10";"10:00:25";"F";"224";"278";"282";"625";"0.014";"3.7";"0.699";"135";"479";"0.718"
"2023-03-10 10:00:55.370";"2023-03-10";"10:00:55";"F";"225";"266";"269";"820";"0.011";"3.8";"0.781";"135";"479";"0.718"
"2023-03-10 10:00:58.153";"2023-03-10";"10:00:58";"SLCE";"";"Light Curve end ";""
"2023-03-10 10:01:15.268";"2023-03-10";"10:01:15";"SLCS";"";"Light Curve start ";"ul26"
"2023-03-10 10:01:15.268";"2023-03-10";"10:01:15";"REG1";"";"#1: alpha: 0.263, ETRm: 15.007, Ik: 57.002   ( beta: 6.188, ETRmPot: 979.101 )   (Platt et al. 1980) ";""
"2023-03-10 10:01:15.268";"2023-03-10";"10:01:15";"REG2";"";"#1: alpha: 1.117, ETRm: 10.800, Ik: 9.671   (Jassby and Platt 1976) ";""
"2023-03-10 10:01:16.968";"2023-03-10";"10:01:16";"FO";"226";"111";"377";"0";"0.706";"0.0";"-";"111";"377";"0.706"
"2023-03-10 10:01:47.267";"2023-03-10";"10:01:47";"F";"227";"190";"335";"66";"0.433";"12.0";"0.125";"111";"377";"0.706"
"2023-03-10 10:02:17.560";"2023-03-10";"10:02:17";"F";"228";"204";"315";"90";"0.352";"13.3";"0.197";"111";"377";"0.706"
"2023-03-10 10:02:47.856";"2023-03-10";"10:02:47";"F";"229";"220";"299";"125";"0.264";"13.9";"0.261";"111";"377";"0.706"
"2023-03-10 10:03:18.149";"2023-03-10";"10:03:18";"F";"230";"233";"285";"190";"0.182";"14.5";"0.323";"111";"377";"0.706"
"2023-03-10 10:03:48.445";"2023-03-10";"10:03:48";"F";"231";"243";"270";"285";"0.100";"12.0";"0.396";"111";"377";"0.706"
"2023-03-10 10:04:18.741";"2023-03-10";"10:04:18";"F";"232";"247";"260";"420";"0.050";"8.8";"0.450";"111";"377";"0.706"
"2023-03-10 10:04:49.042";"2023-03-10";"10:04:49";"F";"233";"244";"245";"625";"0.004";"1.1";"0.539";"111";"377";"0.706"
"2023-03-10 10:05:19.333";"2023-03-10";"10:05:19";"F";"234";"236";"235";"820";"-";"-";"-";"111";"377";"0.706"
"2023-03-10 10:05:21.827";"2023-03-10";"10:05:21";"SLCE";"";"Light Curve end ";""
"2023-03-10 10:05:40.566";"2023-03-10";"10:05:40";"SLCS";"";"Light Curve start ";"ul27"
"2023-03-10 10:05:40.566";"2023-03-10";"10:05:40";"REG1";"";"#1: alpha: 0.311, ETRm: 22.419, Ik: 72.045   ( beta: 0.032, ETRmPot: 31.644 )   (Platt et al. 1980) ";""
"2023-03-10 10:05:40.566";"2023-03-10";"10:05:40";"REG2";"";"#1: alpha: 0.295, ETRm: 19.159, Ik: 64.854   (Jassby and Platt 1976) ";""
"2023-03-10 10:05:42.333";"2023-03-10";"10:05:42";"FO";"235";"117";"424";"0";"0.724";"0.0";"-";"117";"424";"0.724"
"2023-03-10 10:06:12.633";"2023-03-10";"10:06:12";"F";"236";"165";"335";"66";"0.507";"14.1";"0.266";"117";"424";"0.724"
"2023-03-10 10:06:42.929";"2023-03-10";"10:06:42";"F";"237";"170";"308";"90";"0.448";"16.9";"0.377";"117";"424";"0.724"
"2023-03-10 10:07:13.221";"2023-03-10";"10:07:13";"F";"238";"187";"296";"125";"0.368";"19.3";"0.432";"117";"424";"0.724"
"2023-03-10 10:07:43.517";"2023-03-10";"10:07:43";"F";"239";"205";"285";"190";"0.281";"22.4";"0.488";"117";"424";"0.724"
"2023-03-10 10:08:13.809";"2023-03-10";"10:08:13";"F";"240";"222";"274";"285";"0.190";"22.7";"0.547";"117";"424";"0.724"
"2023-03-10 10:08:44.109";"2023-03-10";"10:08:44";"F";"241";"234";"265";"420";"0.117";"20.6";"0.600";"117";"424";"0.724"
"2023-03-10 10:09:14.403";"2023-03-10";"10:09:14";"F";"242";"242";"256";"625";"0.055";"14.4";"0.656";"117";"424";"0.724"
"2023-03-10 10:09:44.698";"2023-03-10";"10:09:44";"F";"243";"238";"249";"820";"0.044";"15.2";"0.703";"117";"424";"0.724"
"2023-03-10 10:09:47.570";"2023-03-10";"10:09:47";"SLCE";"";"Light Curve end ";""
"2023-03-10 10:10:17.542";"2023-03-10";"10:10:17";"SLCS";"";"Light Curve start ";"ul28"
"2023-03-10 10:10:17.542";"2023-03-10";"10:10:17";"REG1";"";"#1: alpha: 0.275, ETRm: 18.664, Ik: 67.809   ( beta: 0.003, ETRmPot: 19.971 )   (Platt et al. 1980) ";""
"2023-03-10 10:10:17.542";"2023-03-10";"10:10:17";"REG2";"";"#1: alpha: 0.203, ETRm: 18.241, Ik: 90.014   (Jassby and Platt 1976) ";""
"2023-03-10 10:10:19.298";"2023-03-10";"10:10:19";"FO";"244";"83";"250";"0";"0.668";"0.0";"-";"83";"250";"0.668"
"2023-03-10 10:10:49.589";"2023-03-10";"10:10:49";"F";"245";"115";"193";"66";"0.404";"11.2";"0.295";"83";"250";"0.668"
"2023-03-10 10:11:19.890";"2023-03-10";"10:11:19";"F";"246";"117";"182";"90";"0.357";"13.5";"0.374";"83";"250";"0.668"
"2023-03-10 10:11:50.182";"2023-03-10";"10:11:50";"F";"247";"121";"175";"125";"0.309";"16.2";"0.429";"83";"250";"0.668"
"2023-03-10 10:12:20.479";"2023-03-10";"10:12:20";"F";"248";"125";"165";"190";"0.242";"19.3";"0.515";"83";"250";"0.668"
"2023-03-10 10:12:50.773";"2023-03-10";"10:12:50";"F";"249";"133";"159";"285";"0.164";"19.6";"0.572";"83";"250";"0.668"
"2023-03-10 10:13:21.070";"2023-03-10";"10:13:21";"F";"250";"136";"153";"420";"0.111";"19.6";"0.634";"83";"250";"0.668"
"2023-03-10 10:13:51.369";"2023-03-10";"10:13:51";"F";"251";"140";"146";"625";"0.041";"10.8";"0.712";"83";"250";"0.668"
"2023-03-10 10:14:21.663";"2023-03-10";"10:14:21";"F";"252";"135";"144";"820";"0.063";"21.7";"0.736";"83";"250";"0.668"
"2023-03-10 10:14:24.507";"2023-03-10";"10:14:24";"SLCE";"";"Light Curve end ";""
"2023-03-10 10:16:14.698";"2023-03-10";"10:16:14";"SLCS";"";"Light Curve start ";"ul29"
"2023-03-10 10:16:14.698";"2023-03-10";"10:16:14";"REG1";"";"#1: alpha: 0.250, ETRm: 19.989, Ik: 79.869   ( beta: 0.112, ETRmPot: 48.984 )   (Platt et al. 1980) ";""
"2023-03-10 10:16:14.698";"2023-03-10";"10:16:14";"REG2";"";"#1: alpha: 0.294, ETRm: 15.257, Ik: 51.829   (Jassby and Platt 1976) ";""
"2023-03-10 10:16:16.450";"2023-03-10";"10:16:16";"FO";"253";"125";"437";"0";"0.714";"0.0";"-";"125";"437";"0.714"
"2023-03-10 10:16:46.739";"2023-03-10";"10:16:46";"F";"254";"226";"401";"66";"0.436";"12.1";"0.090";"125";"437";"0.714"
"2023-03-10 10:17:17.042";"2023-03-10";"10:17:17";"F";"255";"222";"368";"90";"0.397";"15.0";"0.188";"125";"437";"0.714"
"2023-03-10 10:17:47.338";"2023-03-10";"10:17:47";"F";"256";"234";"346";"125";"0.324";"17.0";"0.263";"125";"437";"0.714"
"2023-03-10 10:18:17.634";"2023-03-10";"10:18:17";"F";"257";"248";"328";"190";"0.244";"19.5";"0.332";"125";"437";"0.714"
"2023-03-10 10:18:47.927";"2023-03-10";"10:18:47";"F";"258";"260";"310";"285";"0.161";"19.3";"0.410";"125";"437";"0.714"
"2023-03-10 10:19:18.219";"2023-03-10";"10:19:18";"F";"259";"267";"298";"420";"0.104";"18.3";"0.466";"125";"437";"0.714"
"2023-03-10 10:19:48.521";"2023-03-10";"10:19:48";"F";"260";"273";"282";"625";"0.032";"8.4";"0.550";"125";"437";"0.714"
"2023-03-10 10:20:18.814";"2023-03-10";"10:20:18";"F";"261";"263";"270";"820";"0.026";"9.0";"0.619";"125";"437";"0.714"
"2023-03-10 10:20:21.916";"2023-03-10";"10:20:21";"SLCE";"";"Light Curve end ";""
"2023-03-10 10:20:47.320";"2023-03-10";"10:20:47";"SLCS";"";"Light Curve start ";"ul30"
"2023-03-10 10:20:47.320";"2023-03-10";"10:20:47";"REG1";"";"#1: alpha: 0.151, ETRm: 8.985, Ik: 59.414   ( beta: 3.221, ETRmPot: 532.414 )   (Platt et al. 1980) ";""
"2023-03-10 10:20:47.320";"2023-03-10";"10:20:47";"REG2";"";"#1: alpha: 0.600, ETRm: 6.471, Ik: 10.780   (Jassby and Platt 1976) ";""
"2023-03-10 10:20:49.014";"2023-03-10";"10:20:49";"FO";"262";"133";"263";"0";"0.494";"0.0";"-";"133";"263";"0.494"
"2023-03-10 10:21:19.307";"2023-03-10";"10:21:19";"F";"263";"155";"207";"66";"0.251";"7.0";"0.271";"133";"263";"0.494"
"2023-03-10 10:21:49.603";"2023-03-10";"10:21:49";"F";"264";"151";"192";"90";"0.214";"8.1";"0.370";"133";"263";"0.494"
"2023-03-10 10:22:19.897";"2023-03-10";"10:22:19";"F";"265";"163";"193";"125";"0.155";"8.1";"0.363";"133";"263";"0.494"
"2023-03-10 10:22:50.194";"2023-03-10";"10:22:50";"F";"266";"174";"193";"190";"0.098";"7.8";"0.363";"133";"263";"0.494"
"2023-03-10 10:23:20.489";"2023-03-10";"10:23:20";"F";"267";"178";"192";"285";"0.073";"8.7";"0.370";"133";"263";"0.494"
"2023-03-10 10:23:50.784";"2023-03-10";"10:23:50";"F";"268";"183";"189";"420";"0.032";"5.6";"0.392";"133";"263";"0.494"
"2023-03-10 10:24:21.086";"2023-03-10";"10:24:21";"F";"269";"183";"183";"625";"0.000";"0.0";"0.437";"133";"263";"0.494"
"2023-03-10 10:24:51.375";"2023-03-10";"10:24:51";"F";"270";"180";"179";"820";"-";"-";"-";"133";"263";"0.494"
"2023-03-10 10:24:54.639";"2023-03-10";"10:24:54";"SLCE";"";"Light Curve end ";""
"2023-03-10 10:25:18.753";"2023-03-10";"10:25:18";"SLCS";"";"Light Curve start ";"ul31"
"2023-03-10 10:25:18.753";"2023-03-10";"10:25:18";"REG1";"";"#1: alpha: 0.277, ETRm: 17.839, Ik: 64.370   ( beta: 0.118, ETRmPot: 42.529 )   (Platt et al. 1980) ";""
"2023-03-10 10:25:18.753";"2023-03-10";"10:25:18";"REG2";"";"#1: alpha: 1.244, ETRm: 12.787, Ik: 10.275   (Jassby and Platt 1976) ";""
"2023-03-10 10:25:20.473";"2023-03-10";"10:25:20";"FO";"271";"106";"383";"0";"0.723";"0.0";"-";"106";"383";"0.723"
"2023-03-10 10:25:50.765";"2023-03-10";"10:25:50";"F";"272";"172";"327";"66";"0.474";"13.1";"0.171";"106";"383";"0.723"
"2023-03-10 10:26:21.063";"2023-03-10";"10:26:21";"F";"273";"184";"306";"90";"0.399";"15.1";"0.252";"106";"383";"0.723"
"2023-03-10 10:26:51.364";"2023-03-10";"10:26:51";"F";"274";"201";"289";"125";"0.304";"16.0";"0.325";"106";"383";"0.723"
"2023-03-10 10:27:21.657";"2023-03-10";"10:27:21";"F";"275";"218";"277";"190";"0.213";"17.0";"0.383";"106";"383";"0.723"
"2023-03-10 10:27:51.954";"2023-03-10";"10:27:51";"F";"276";"228";"265";"285";"0.140";"16.8";"0.445";"106";"383";"0.723"
"2023-03-10 10:28:22.253";"2023-03-10";"10:28:22";"F";"277";"233";"252";"420";"0.075";"13.2";"0.520";"106";"383";"0.723"
"2023-03-10 10:28:52.545";"2023-03-10";"10:28:52";"F";"278";"235";"241";"625";"0.025";"6.6";"0.589";"106";"383";"0.723"
"2023-03-10 10:29:22.843";"2023-03-10";"10:29:22";"F";"279";"225";"228";"820";"0.013";"4.5";"0.680";"106";"383";"0.723"
"2023-03-10 10:29:26.117";"2023-03-10";"10:29:26";"SLCE";"";"Light Curve end ";""
"2023-03-10 10:29:51.071";"2023-03-10";"10:29:51";"SLCS";"";"Light Curve start ";"ul32"
"2023-03-10 10:29:51.071";"2023-03-10";"10:29:51";"REG1";"";"#1: alpha: 0.291, ETRm: 17.259, Ik: 59.349   ( beta: 0.068, ETRmPot: 31.424 )   (Platt et al. 1980) ";""
"2023-03-10 10:29:51.071";"2023-03-10";"10:29:51";"REG2";"";"#1: alpha: 0.880, ETRm: 12.825, Ik: 14.569   (Jassby and Platt 1976) ";""
"2023-03-10 10:29:52.736";"2023-03-10";"10:29:52";"FO";"280";"118";"424";"0";"0.722";"0.0";"-";"118";"424";"0.722"
"2023-03-10 10:30:23.033";"2023-03-10";"10:30:23";"F";"281";"189";"351";"66";"0.462";"12.8";"0.208";"118";"424";"0.722"
"2023-03-10 10:30:53.327";"2023-03-10";"10:30:53";"F";"282";"199";"329";"90";"0.395";"14.9";"0.289";"118";"424";"0.722"
"2023-03-10 10:31:23.626";"2023-03-10";"10:31:23";"F";"283";"221";"317";"125";"0.303";"15.9";"0.338";"118";"424";"0.722"
"2023-03-10 10:31:53.918";"2023-03-10";"10:31:53";"F";"284";"241";"304";"190";"0.207";"16.5";"0.395";"118";"424";"0.722"
"2023-03-10 10:32:24.219";"2023-03-10";"10:32:24";"F";"285";"254";"295";"285";"0.139";"16.6";"0.437";"118";"424";"0.722"
"2023-03-10 10:32:54.509";"2023-03-10";"10:32:54";"F";"286";"264";"286";"420";"0.077";"13.6";"0.483";"118";"424";"0.722"
"2023-03-10 10:33:24.811";"2023-03-10";"10:33:24";"F";"287";"270";"275";"625";"0.018";"4.7";"0.542";"118";"424";"0.722"
"2023-03-10 10:33:55.102";"2023-03-10";"10:33:55";"F";"288";"264";"270";"820";"0.022";"7.6";"0.570";"118";"424";"0.722"
"2023-03-10 10:33:57.975";"2023-03-10";"10:33:57";"SLCE";"";"Light Curve end ";""
"2023-03-10 10:34:51.823";"2023-03-10";"10:34:51";"SLCS";"";"Light Curve start ";"ul33"
"2023-03-10 10:34:51.823";"2023-03-10";"10:34:51";"REG1";"";"#1: alpha: 0.291, ETRm: 19.186, Ik: 65.855   ( beta: 0.024, ETRmPot: 25.773 )   (Platt et al. 1980) ";""
"2023-03-10 10:34:51.823";"2023-03-10";"10:34:51";"REG2";"";"#1: alpha: 0.269, ETRm: 16.499, Ik: 61.319   (Jassby and Platt 1976) ";""
"2023-03-10 10:34:53.493";"2023-03-10";"10:34:53";"FO";"289";"83";"265";"0";"0.687";"0.0";"-";"83";"265";"0.687"
"2023-03-10 10:35:23.796";"2023-03-10";"10:35:23";"F";"290";"125";"227";"66";"0.449";"12.4";"0.167";"83";"265";"0.687"
"2023-03-10 10:35:54.089";"2023-03-10";"10:35:54";"F";"291";"126";"209";"90";"0.397";"15.0";"0.268";"83";"265";"0.687"
"2023-03-10 10:36:24.388";"2023-03-10";"10:36:24";"F";"292";"134";"197";"125";"0.320";"16.8";"0.345";"83";"265";"0.687"
"2023-03-10 10:36:54.680";"2023-03-10";"10:36:54";"F";"293";"141";"190";"190";"0.258";"20.6";"0.395";"83";"265";"0.687"
"2023-03-10 10:37:24.978";"2023-03-10";"10:37:24";"F";"294";"150";"178";"285";"0.157";"18.8";"0.489";"83";"265";"0.687"
"2023-03-10 10:37:55.267";"2023-03-10";"10:37:55";"F";"295";"154";"170";"420";"0.094";"16.6";"0.559";"83";"265";"0.687"
"2023-03-10 10:38:25.563";"2023-03-10";"10:38:25";"F";"296";"156";"164";"625";"0.049";"12.9";"0.616";"83";"265";"0.687"
"2023-03-10 10:38:55.863";"2023-03-10";"10:38:55";"F";"297";"151";"157";"820";"0.038";"13.1";"0.688";"83";"265";"0.687"
"2023-03-10 10:38:58.359";"2023-03-10";"10:38:58";"SLCE";"";"Light Curve end ";""
"2023-03-10 10:39:16.103";"2023-03-10";"10:39:16";"SLCS";"";"Light Curve start ";"ul34"
"2023-03-10 10:39:16.103";"2023-03-10";"10:39:16";"REG1";"";"#1: alpha: 0.279, ETRm: 23.811, Ik: 85.217   ( beta: 0.026, ETRmPot: 32.653 )   (Platt et al. 1980) ";""
"2023-03-10 10:39:16.103";"2023-03-10";"10:39:16";"REG2";"";"#1: alpha: 0.250, ETRm: 21.267, Ik: 84.989   (Jassby and Platt 1976) ";""
"2023-03-10 10:39:17.858";"2023-03-10";"10:39:17";"FO";"298";"112";"395";"0";"0.716";"0.0";"-";"112";"395";"0.716"
"2023-03-10 10:39:48.160";"2023-03-10";"10:39:48";"F";"299";"169";"335";"66";"0.496";"13.7";"0.179";"112";"395";"0.716"
"2023-03-10 10:40:18.447";"2023-03-10";"10:40:18";"F";"300";"175";"310";"90";"0.435";"16.4";"0.274";"112";"395";"0.716"
"2023-03-10 10:40:48.751";"2023-03-10";"10:40:48";"F";"301";"187";"294";"125";"0.364";"19.1";"0.344";"112";"395";"0.716"
"2023-03-10 10:41:19.040";"2023-03-10";"10:41:19";"F";"302";"199";"276";"190";"0.279";"22.3";"0.431";"112";"395";"0.716"
"2023-03-10 10:41:49.336";"2023-03-10";"10:41:49";"F";"303";"208";"259";"285";"0.197";"23.6";"0.525";"112";"395";"0.716"
"2023-03-10 10:42:19.637";"2023-03-10";"10:42:19";"F";"304";"213";"248";"420";"0.141";"24.9";"0.593";"112";"395";"0.716"
"2023-03-10 10:42:49.927";"2023-03-10";"10:42:49";"F";"305";"218";"233";"625";"0.064";"16.8";"0.695";"112";"395";"0.716"
"2023-03-10 10:43:20.223";"2023-03-10";"10:43:20";"F";"306";"211";"223";"820";"0.054";"18.6";"0.771";"112";"395";"0.716"
"2023-03-10 10:43:22.946";"2023-03-10";"10:43:22";"SLCE";"";"Light Curve end ";""
"2023-03-10 10:43:37.950";"2023-03-10";"10:43:37";"SLCS";"";"Light Curve start ";"ul35"
"2023-03-10 10:43:37.950";"2023-03-10";"10:43:37";"REG1";"";"#1: alpha: - , ETRm: - , Ik: -   ( beta: - 11.538, ETRmPot: - 463.847 )   (Platt et al. 1980) ";""
"2023-03-10 10:43:37.950";"2023-03-10";"10:43:37";"REG2";"";"#1: alpha: 0.200, ETRm: 100.000, Ik: 500.000   (Jassby and Platt 1976) ";""
"2023-03-10 10:43:39.620";"2023-03-10";"10:43:39";"FO";"307";"84";"261";"0";"0.678";"0.0";"-";"84";"261";"0.678"
"2023-03-10 10:44:09.922";"2023-03-10";"10:44:09";"F";"308";"148";"228";"66";"0.351";"9.7";"0.145";"84";"261";"0.678"
"2023-03-10 10:44:40.219";"2023-03-10";"10:44:40";"F";"309";"151";"213";"90";"0.291";"11.0";"0.225";"84";"261";"0.678"
"2023-03-10 10:45:10.508";"2023-03-10";"10:45:10";"F";"310";"161";"202";"125";"0.203";"10.7";"0.292";"84";"261";"0.678"
"2023-03-10 10:45:40.804";"2023-03-10";"10:45:40";"F";"311";"169";"194";"190";"0.129";"10.3";"0.345";"84";"261";"0.678"
"2023-03-10 10:46:11.100";"2023-03-10";"10:46:11";"F";"312";"173";"188";"285";"0.080";"9.6";"0.388";"84";"261";"0.678"
"2023-03-10 10:46:41.403";"2023-03-10";"10:46:41";"F";"313";"172";"178";"420";"0.034";"6.0";"0.466";"84";"261";"0.678"
"2023-03-10 10:47:11.687";"2023-03-10";"10:47:11";"F";"314";"171";"169";"625";"-";"-";"-";"84";"261";"0.678"
"2023-03-10 10:47:41.992";"2023-03-10";"10:47:41";"F";"315";"162";"162";"820";"0.000";"0.0";"0.611";"84";"261";"0.678"
"2023-03-10 10:47:44.704";"2023-03-10";"10:47:44";"SLCE";"";"Light Curve end ";""
"2023-03-10 10:47:56.142";"2023-03-10";"10:47:56";"SLCS";"";"Light Curve start ";"ul36"
"2023-03-10 10:47:56.142";"2023-03-10";"10:47:56";"REG1";"";"#1: alpha: 0.298, ETRm: 26.759, Ik: 89.935   ( beta: 0.038, ETRmPot: 39.969 )   (Platt et al. 1980) ";""
"2023-03-10 10:47:56.142";"2023-03-10";"10:47:56";"REG2";"";"#1: alpha: 0.272, ETRm: 23.532, Ik: 86.654   (Jassby and Platt 1976) ";""
"2023-03-10 10:47:57.888";"2023-03-10";"10:47:57";"FO";"316";"87";"399";"0";"0.782";"0.0";"-";"87";"399";"0.782"
"2023-03-10 10:48:28.186";"2023-03-10";"10:48:28";"F";"317";"169";"359";"66";"0.529";"14.7";"0.111";"87";"399";"0.782"
"2023-03-10 10:48:58.477";"2023-03-10";"10:48:58";"F";"318";"175";"333";"90";"0.474";"17.9";"0.198";"87";"399";"0.782"
"2023-03-10 10:49:28.781";"2023-03-10";"10:49:28";"F";"319";"191";"319";"125";"0.401";"21.1";"0.251";"87";"399";"0.782"
"2023-03-10 10:49:59.073";"2023-03-10";"10:49:59";"F";"320";"207";"304";"190";"0.319";"25.5";"0.313";"87";"399";"0.782"
"2023-03-10 10:50:29.371";"2023-03-10";"10:50:29";"F";"321";"228";"292";"285";"0.219";"26.2";"0.366";"87";"399";"0.782"
"2023-03-10 10:50:59.663";"2023-03-10";"10:50:59";"F";"322";"241";"285";"420";"0.154";"27.2";"0.400";"87";"399";"0.782"
"2023-03-10 10:51:29.958";"2023-03-10";"10:51:29";"F";"323";"252";"272";"625";"0.074";"19.4";"0.467";"87";"399";"0.782"
"2023-03-10 10:52:00.253";"2023-03-10";"10:52:00";"F";"324";"251";"266";"820";"0.056";"19.3";"0.500";"87";"399";"0.782"
"2023-03-10 10:52:03.181";"2023-03-10";"10:52:03";"SLCE";"";"Light Curve end ";""
"2023-03-10 10:52:41.810";"2023-03-10";"10:52:41";"SLCS";"";"Light Curve start ";"ul37"
"2023-03-10 10:52:41.810";"2023-03-10";"10:52:41";"REG1";"";"#1: alpha: 0.288, ETRm: 18.202, Ik: 63.269   ( beta: 0.067, ETRmPot: 33.014 )   (Platt et al. 1980) ";""
"2023-03-10 10:52:41.810";"2023-03-10";"10:52:41";"REG2";"";"#1: alpha: 0.432, ETRm: 13.743, Ik: 31.848   (Jassby and Platt 1976) ";""
"2023-03-10 10:52:43.549";"2023-03-10";"10:52:43";"FO";"325";"120";"399";"0";"0.699";"0.0";"-";"120";"399";"0.699"
"2023-03-10 10:53:13.844";"2023-03-10";"10:53:13";"F";"326";"186";"344";"66";"0.459";"12.7";"0.160";"120";"399";"0.699"
"2023-03-10 10:53:44.141";"2023-03-10";"10:53:44";"F";"327";"194";"324";"90";"0.401";"15.2";"0.231";"120";"399";"0.699"
"2023-03-10 10:54:14.436";"2023-03-10";"10:54:14";"F";"328";"211";"309";"125";"0.317";"16.6";"0.291";"120";"399";"0.699"
"2023-03-10 10:54:44.735";"2023-03-10";"10:54:44";"F";"329";"230";"297";"190";"0.226";"18.0";"0.343";"120";"399";"0.699"
"2023-03-10 10:55:15.033";"2023-03-10";"10:55:15";"F";"330";"243";"285";"285";"0.147";"17.6";"0.400";"120";"399";"0.699"
"2023-03-10 10:55:45.322";"2023-03-10";"10:55:45";"F";"331";"251";"273";"420";"0.081";"14.3";"0.462";"120";"399";"0.699"
"2023-03-10 10:56:15.624";"2023-03-10";"10:56:15";"F";"332";"255";"262";"625";"0.027";"7.1";"0.523";"120";"399";"0.699"
"2023-03-10 10:56:45.919";"2023-03-10";"10:56:45";"F";"333";"250";"256";"820";"0.023";"7.9";"0.559";"120";"399";"0.699"
"2023-03-10 10:56:48.891";"2023-03-10";"10:56:48";"SLCE";"";"Light Curve end ";""
"2023-03-10 10:58:19.419";"2023-03-10";"10:58:19";"SLCS";"";"Light Curve start ";"ul38"
"2023-03-10 10:58:19.419";"2023-03-10";"10:58:19";"REG1";"";"#1: alpha: 0.266, ETRm: 23.262, Ik: 87.519   ( beta: 0.037, ETRmPot: 35.412 )   (Platt et al. 1980) ";""
"2023-03-10 10:58:19.419";"2023-03-10";"10:58:19";"REG2";"";"#1: alpha: 0.245, ETRm: 20.224, Ik: 82.383   (Jassby and Platt 1976) ";""
"2023-03-10 10:58:21.107";"2023-03-10";"10:58:21";"FO";"334";"114";"378";"0";"0.698";"0.0";"-";"114";"378";"0.698"
"2023-03-10 10:58:51.398";"2023-03-10";"10:58:51";"F";"335";"161";"305";"66";"0.472";"13.1";"0.239";"114";"378";"0.698"
"2023-03-10 10:59:21.702";"2023-03-10";"10:59:21";"F";"336";"165";"282";"90";"0.415";"15.7";"0.340";"114";"378";"0.698"
"2023-03-10 10:59:51.991";"2023-03-10";"10:59:51";"F";"337";"175";"271";"125";"0.354";"18.6";"0.395";"114";"378";"0.698"
"2023-03-10 11:00:22.293";"2023-03-10";"11:00:22";"F";"338";"187";"259";"190";"0.278";"22.2";"0.459";"114";"378";"0.698"
"2023-03-10 11:00:52.582";"2023-03-10";"11:00:52";"F";"339";"198";"247";"285";"0.198";"23.7";"0.530";"114";"378";"0.698"
"2023-03-10 11:01:22.885";"2023-03-10";"11:01:22";"F";"340";"210";"240";"420";"0.125";"22.1";"0.575";"114";"378";"0.698"
"2023-03-10 11:01:53.181";"2023-03-10";"11:01:53";"F";"341";"212";"227";"625";"0.066";"17.3";"0.665";"114";"378";"0.698"
"2023-03-10 11:02:23.471";"2023-03-10";"11:02:23";"F";"342";"206";"216";"820";"0.046";"15.8";"0.750";"114";"378";"0.698"
"2023-03-10 11:02:26.365";"2023-03-10";"11:02:26";"SLCE";"";"Light Curve end ";""
"2023-03-10 11:02:42.047";"2023-03-10";"11:02:42";"SLCS";"";"Light Curve start ";"ul39"
"2023-03-10 11:02:42.047";"2023-03-10";"11:02:42";"REG1";"";"#1: alpha: 0.286, ETRm: 19.530, Ik: 68.343   ( beta: 0.331, ETRmPot: 86.673 )   (Platt et al. 1980) ";""
"2023-03-10 11:02:42.047";"2023-03-10";"11:02:42";"REG2";"";"#1: alpha: 1.357, ETRm: 13.575, Ik: 10.005   (Jassby and Platt 1976) ";""
"2023-03-10 11:02:43.872";"2023-03-10";"11:02:43";"FO";"343";"124";"424";"0";"0.708";"0.0";"-";"124";"424";"0.708"
"2023-03-10 11:03:14.167";"2023-03-10";"11:03:14";"F";"344";"186";"371";"66";"0.499";"13.8";"0.143";"124";"424";"0.708"
"2023-03-10 11:03:44.458";"2023-03-10";"11:03:44";"F";"345";"199";"346";"90";"0.425";"16.1";"0.225";"124";"424";"0.708"
"2023-03-10 11:04:14.760";"2023-03-10";"11:04:14";"F";"346";"221";"330";"125";"0.330";"17.3";"0.285";"124";"424";"0.708"
"2023-03-10 11:04:45.049";"2023-03-10";"11:04:45";"F";"347";"242";"316";"190";"0.234";"18.7";"0.342";"124";"424";"0.708"
"2023-03-10 11:05:15.353";"2023-03-10";"11:05:15";"F";"348";"255";"302";"285";"0.156";"18.7";"0.404";"124";"424";"0.708"
"2023-03-10 11:05:45.644";"2023-03-10";"11:05:45";"F";"349";"266";"290";"420";"0.083";"14.6";"0.462";"124";"424";"0.708"
"2023-03-10 11:06:15.945";"2023-03-10";"11:06:15";"F";"350";"267";"270";"625";"0.011";"2.9";"0.570";"124";"424";"0.708"
"2023-03-10 11:06:46.241";"2023-03-10";"11:06:46";"F";"351";"257";"262";"820";"0.019";"6.5";"0.618";"124";"424";"0.708"
"2023-03-10 11:06:48.707";"2023-03-10";"11:06:48";"SLCE";"";"Light Curve end ";""
"2023-03-10 11:07:42.275";"2023-03-10";"11:07:42";"SLCS";"";"Light Curve start ";"ul40"
"2023-03-10 11:07:42.275";"2023-03-10";"11:07:42";"REG1";"";"#1: alpha: 0.280, ETRm: 17.742, Ik: 63.437   ( beta: 3.578, ETRmPot: 640.918 )   (Platt et al. 1980) ";""
"2023-03-10 11:07:42.275";"2023-03-10";"11:07:42";"REG2";"";"#1: alpha: 1.382, ETRm: 11.800, Ik: 8.539   (Jassby and Platt 1976) ";""
"2023-03-10 11:07:44.029";"2023-03-10";"11:07:44";"FO";"352";"136";"514";"0";"0.735";"0.0";"-";"136";"514";"0.735"
"2023-03-10 11:08:14.323";"2023-03-10";"11:08:14";"F";"353";"236";"451";"66";"0.477";"13.2";"0.140";"136";"514";"0.735"
"2023-03-10 11:08:44.621";"2023-03-10";"11:08:44";"F";"354";"251";"424";"90";"0.408";"15.4";"0.212";"136";"514";"0.735"
"2023-03-10 11:09:14.911";"2023-03-10";"11:09:14";"F";"355";"277";"401";"125";"0.309";"16.2";"0.282";"136";"514";"0.735"
"2023-03-10 11:09:45.212";"2023-03-10";"11:09:45";"F";"356";"301";"381";"190";"0.210";"16.8";"0.349";"136";"514";"0.735"
"2023-03-10 11:10:15.509";"2023-03-10";"11:10:15";"F";"357";"317";"366";"285";"0.134";"16.0";"0.404";"136";"514";"0.735"
"2023-03-10 11:10:45.800";"2023-03-10";"11:10:45";"F";"358";"326";"347";"420";"0.061";"10.8";"0.481";"136";"514";"0.735"
"2023-03-10 11:11:16.101";"2023-03-10";"11:11:16";"F";"359";"326";"331";"625";"0.015";"3.9";"0.553";"136";"514";"0.735"
"2023-03-10 11:11:46.396";"2023-03-10";"11:11:46";"F";"360";"312";"314";"820";"0.006";"2.1";"0.637";"136";"514";"0.735"
"2023-03-10 11:11:48.839";"2023-03-10";"11:11:48";"SLCE";"";"Light Curve end ";""
"2023-03-10 11:12:03.767";"2023-03-10";"11:12:03";"SLCS";"";"Light Curve start ";"ul41"
"2023-03-10 11:12:03.767";"2023-03-10";"11:12:03";"REG1";"";"#1: alpha: 0.300, ETRm: 25.936, Ik: 86.492   ( beta: 0.028, ETRmPot: 35.672 )   (Platt et al. 1980) ";""
"2023-03-10 11:12:03.767";"2023-03-10";"11:12:03";"REG2";"";"#1: alpha: 0.261, ETRm: 23.312, Ik: 89.292   (Jassby and Platt 1976) ";""
"2023-03-10 11:12:05.490";"2023-03-10";"11:12:05";"FO";"361";"93";"323";"0";"0.712";"0.0";"-";"93";"323";"0.712"
"2023-03-10 11:12:35.785";"2023-03-10";"11:12:35";"F";"362";"136";"280";"66";"0.514";"14.2";"0.154";"93";"323";"0.712"
"2023-03-10 11:13:06.087";"2023-03-10";"11:13:06";"F";"363";"140";"263";"90";"0.468";"17.7";"0.228";"93";"323";"0.712"
"2023-03-10 11:13:36.384";"2023-03-10";"11:13:36";"F";"364";"151";"248";"125";"0.391";"20.5";"0.302";"93";"323";"0.712"
"2023-03-10 11:14:06.680";"2023-03-10";"11:14:06";"F";"365";"163";"235";"190";"0.306";"24.4";"0.374";"93";"323";"0.712"
"2023-03-10 11:14:36.976";"2023-03-10";"11:14:36";"F";"366";"174";"226";"285";"0.230";"27.5";"0.429";"93";"323";"0.712"
"2023-03-10 11:15:07.268";"2023-03-10";"11:15:07";"F";"367";"185";"216";"420";"0.144";"25.4";"0.495";"93";"323";"0.712"
"2023-03-10 11:15:37.562";"2023-03-10";"11:15:37";"F";"368";"190";"204";"625";"0.069";"18.1";"0.583";"93";"323";"0.712"
"2023-03-10 11:16:07.860";"2023-03-10";"11:16:07";"F";"369";"185";"197";"820";"0.061";"21.0";"0.640";"93";"323";"0.712"
"2023-03-10 11:16:11.113";"2023-03-10";"11:16:11";"SLCE";"";"Light Curve end ";""
"2023-03-10 11:16:24.594";"2023-03-10";"11:16:24";"SLCS";"";"Light Curve start ";"ul42"
"2023-03-10 11:16:24.594";"2023-03-10";"11:16:24";"REG1";"";"#1: alpha: 0.278, ETRm: 20.036, Ik: 72.184   ( beta: 0.048, ETRmPot: 32.698 )   (Platt et al. 1980) ";""
"2023-03-10 11:16:24.594";"2023-03-10";"11:16:24";"REG2";"";"#1: alpha: 0.301, ETRm: 16.182, Ik: 53.847   (Jassby and Platt 1976) ";""
"2023-03-10 11:16:26.260";"2023-03-10";"11:16:26";"FO";"370";"104";"303";"0";"0.657";"0.0";"-";"104";"303";"0.657"
"2023-03-10 11:16:56.559";"2023-03-10";"11:16:56";"F";"371";"140";"263";"66";"0.468";"13.0";"0.152";"104";"303";"0.657"
"2023-03-10 11:17:26.845";"2023-03-10";"11:17:26";"F";"372";"146";"246";"90";"0.407";"15.4";"0.232";"104";"303";"0.657"
"2023-03-10 11:17:57.148";"2023-03-10";"11:17:57";"F";"373";"157";"232";"125";"0.323";"17.0";"0.306";"104";"303";"0.657"
"2023-03-10 11:18:27.442";"2023-03-10";"11:18:27";"F";"374";"168";"225";"190";"0.253";"20.2";"0.347";"104";"303";"0.657"
"2023-03-10 11:18:57.736";"2023-03-10";"11:18:57";"F";"375";"179";"215";"285";"0.167";"20.0";"0.409";"104";"303";"0.657"
"2023-03-10 11:19:28.036";"2023-03-10";"11:19:28";"F";"376";"185";"205";"420";"0.098";"17.3";"0.478";"104";"303";"0.657"
"2023-03-10 11:19:58.331";"2023-03-10";"11:19:58";"F";"377";"189";"198";"625";"0.045";"11.8";"0.530";"104";"303";"0.657"
"2023-03-10 11:20:28.621";"2023-03-10";"11:20:28";"F";"378";"185";"191";"820";"0.031";"10.7";"0.586";"104";"303";"0.657"
"2023-03-10 11:20:31.483";"2023-03-10";"11:20:31";"SLCE";"";"Light Curve end ";""
"2023-03-10 11:20:56.273";"2023-03-10";"11:20:56";"SLCS";"";"Light Curve start ";"ul43"
"2023-03-10 11:20:56.273";"2023-03-10";"11:20:56";"REG1";"";"#1: alpha: 0.304, ETRm: 24.752, Ik: 81.508   ( beta: 0.021, ETRmPot: 31.903 )   (Platt et al. 1980) ";""
"2023-03-10 11:20:56.273";"2023-03-10";"11:20:56";"REG2";"";"#1: alpha: 0.262, ETRm: 22.501, Ik: 85.899   (Jassby and Platt 1976) ";""
"2023-03-10 11:20:58.016";"2023-03-10";"11:20:58";"FO";"379";"115";"379";"0";"0.697";"0.0";"-";"115";"379";"0.697"
"2023-03-10 11:21:28.313";"2023-03-10";"11:21:28";"F";"380";"154";"318";"66";"0.516";"14.3";"0.192";"115";"379";"0.697"
"2023-03-10 11:21:58.618";"2023-03-10";"11:21:58";"F";"381";"159";"294";"90";"0.459";"17.4";"0.289";"115";"379";"0.697"
"2023-03-10 11:22:28.908";"2023-03-10";"11:22:28";"F";"382";"174";"280";"125";"0.379";"19.9";"0.354";"115";"379";"0.697"
"2023-03-10 11:22:59.205";"2023-03-10";"11:22:59";"F";"383";"186";"266";"190";"0.301";"24.0";"0.425";"115";"379";"0.697"
"2023-03-10 11:23:29.500";"2023-03-10";"11:23:29";"F";"384";"202";"255";"285";"0.208";"24.9";"0.486";"115";"379";"0.697"
"2023-03-10 11:23:59.799";"2023-03-10";"11:23:59";"F";"385";"213";"247";"420";"0.138";"24.3";"0.534";"115";"379";"0.697"
"2023-03-10 11:24:30.093";"2023-03-10";"11:24:30";"F";"386";"221";"239";"625";"0.075";"19.7";"0.586";"115";"379";"0.697"
"2023-03-10 11:25:00.391";"2023-03-10";"11:25:00";"F";"387";"217";"230";"820";"0.057";"19.6";"0.648";"115";"379";"0.697"
"2023-03-10 11:25:02.787";"2023-03-10";"11:25:02";"SLCE";"";"Light Curve end ";""
"2023-03-10 11:25:15.568";"2023-03-10";"11:25:15";"SLCS";"";"Light Curve start ";"ul44"
"2023-03-10 11:25:15.568";"2023-03-10";"11:25:15";"REG1";"";"#1: alpha: 0.279, ETRm: 25.311, Ik: 90.785   ( beta: 0.056, ETRmPot: 43.589 )   (Platt et al. 1980) ";""
"2023-03-10 11:25:15.568";"2023-03-10";"11:25:15";"REG2";"";"#1: alpha: 0.261, ETRm: 21.557, Ik: 82.492   (Jassby and Platt 1976) ";""
"2023-03-10 11:25:17.281";"2023-03-10";"11:25:17";"FO";"388";"121";"400";"0";"0.698";"0.0";"-";"121";"400";"0.698"
"2023-03-10 11:25:47.583";"2023-03-10";"11:25:47";"F";"389";"171";"337";"66";"0.493";"13.7";"0.187";"121";"400";"0.698"
"2023-03-10 11:26:17.881";"2023-03-10";"11:26:17";"F";"390";"175";"315";"90";"0.444";"16.8";"0.270";"121";"400";"0.698"
"2023-03-10 11:26:48.171";"2023-03-10";"11:26:48";"F";"391";"185";"298";"125";"0.379";"19.9";"0.342";"121";"400";"0.698"
"2023-03-10 11:27:18.473";"2023-03-10";"11:27:18";"F";"392";"198";"284";"190";"0.303";"24.2";"0.408";"121";"400";"0.698"
"2023-03-10 11:27:48.769";"2023-03-10";"11:27:48";"F";"393";"216";"275";"285";"0.215";"25.7";"0.455";"121";"400";"0.698"
"2023-03-10 11:28:19.066";"2023-03-10";"11:28:19";"F";"394";"228";"267";"420";"0.146";"25.8";"0.498";"121";"400";"0.698"
"2023-03-10 11:28:49.360";"2023-03-10";"11:28:49";"F";"395";"243";"257";"625";"0.054";"14.2";"0.556";"121";"400";"0.698"
"2023-03-10 11:29:19.650";"2023-03-10";"11:29:19";"F";"396";"239";"252";"820";"0.052";"17.9";"0.587";"121";"400";"0.698"
"2023-03-10 11:29:22.133";"2023-03-10";"11:29:22";"SLCE";"";"Light Curve end ";""
"2023-03-10 11:29:49.394";"2023-03-10";"11:29:49";"SLCS";"";"Light Curve start ";"ul45"
"2023-03-10 11:29:49.394";"2023-03-10";"11:29:49";"REG1";"";"#1: alpha: 0.295, ETRm: 22.991, Ik: 77.853   ( beta: 0.067, ETRmPot: 41.260 )   (Platt et al. 1980) ";""
"2023-03-10 11:29:49.394";"2023-03-10";"11:29:49";"REG2";"";"#1: alpha: 0.314, ETRm: 18.472, Ik: 58.886   (Jassby and Platt 1976) ";""
"2023-03-10 11:29:51.149";"2023-03-10";"11:29:51";"FO";"397";"113";"410";"0";"0.724";"0.0";"-";"113";"410";"0.724"
"2023-03-10 11:30:21.447";"2023-03-10";"11:30:21";"F";"398";"170";"346";"66";"0.509";"14.1";"0.185";"113";"410";"0.724"
"2023-03-10 11:30:51.737";"2023-03-10";"11:30:51";"F";"399";"179";"326";"90";"0.451";"17.0";"0.258";"113";"410";"0.724"
"2023-03-10 11:31:22.039";"2023-03-10";"11:31:22";"F";"400";"193";"307";"125";"0.371";"19.5";"0.336";"113";"410";"0.724"
"2023-03-10 11:31:52.336";"2023-03-10";"11:31:52";"F";"401";"208";"290";"190";"0.283";"22.6";"0.414";"113";"410";"0.724"
"2023-03-10 11:32:22.623";"2023-03-10";"11:32:22";"F";"402";"223";"277";"285";"0.195";"23.3";"0.480";"113";"410";"0.724"
"2023-03-10 11:32:52.921";"2023-03-10";"11:32:52";"F";"403";"233";"262";"420";"0.111";"19.6";"0.565";"113";"410";"0.724"
"2023-03-10 11:33:23.221";"2023-03-10";"11:33:23";"F";"404";"239";"253";"625";"0.055";"14.4";"0.621";"113";"410";"0.724"
"2023-03-10 11:33:53.513";"2023-03-10";"11:33:53";"F";"405";"232";"240";"820";"0.033";"11.4";"0.708";"113";"410";"0.724"
"2023-03-10 11:33:55.866";"2023-03-10";"11:33:55";"SLCE";"";"Light Curve end ";""
"2023-03-10 11:34:36.331";"2023-03-10";"11:34:36";"SLCS";"";"Light Curve start ";"ul46"
"2023-03-10 11:34:36.331";"2023-03-10";"11:34:36";"REG1";"";"#1: alpha: 0.307, ETRm: 16.736, Ik: 54.485   ( beta: 0.027, ETRmPot: 22.793 )   (Platt et al. 1980) ";""
"2023-03-10 11:34:36.331";"2023-03-10";"11:34:36";"REG2";"";"#1: alpha: 0.342, ETRm: 13.706, Ik: 40.027   (Jassby and Platt 1976) ";""
"2023-03-10 11:34:38.014";"2023-03-10";"11:34:38";"FO";"406";"113";"346";"0";"0.673";"0.0";"-";"113";"346";"0.673"
"2023-03-10 11:35:08.305";"2023-03-10";"11:35:08";"F";"407";"171";"304";"66";"0.438";"12.1";"0.138";"113";"346";"0.673"
"2023-03-10 11:35:38.606";"2023-03-10";"11:35:38";"F";"408";"176";"283";"90";"0.378";"14.3";"0.223";"113";"346";"0.673"
"2023-03-10 11:36:08.902";"2023-03-10";"11:36:08";"F";"409";"189";"270";"125";"0.300";"15.8";"0.281";"113";"346";"0.673"
"2023-03-10 11:36:39.193";"2023-03-10";"11:36:39";"F";"410";"203";"261";"190";"0.222";"17.7";"0.326";"113";"346";"0.673"
"2023-03-10 11:37:09.487";"2023-03-10";"11:37:09";"F";"411";"216";"250";"285";"0.136";"16.3";"0.384";"113";"346";"0.673"
"2023-03-10 11:37:39.789";"2023-03-10";"11:37:39";"F";"412";"221";"239";"420";"0.075";"13.2";"0.448";"113";"346";"0.673"
"2023-03-10 11:38:10.081";"2023-03-10";"11:38:10";"F";"413";"223";"230";"625";"0.030";"7.9";"0.504";"113";"346";"0.673"
"2023-03-10 11:38:40.381";"2023-03-10";"11:38:40";"F";"414";"215";"222";"820";"0.032";"11.0";"0.559";"113";"346";"0.673"
"2023-03-10 11:38:43.623";"2023-03-10";"11:38:43";"SLCE";"";"Light Curve end ";""
"2023-03-10 11:40:05.039";"2023-03-10";"11:40:05";"SLCS";"";"Light Curve start ";"ul47"
"2023-03-10 11:40:05.039";"2023-03-10";"11:40:05";"REG1";"";"#1: alpha: 0.209, ETRm: 16.131, Ik: 77.215   ( beta: 0.098, ETRmPot: 40.543 )   (Platt et al. 1980) ";""
"2023-03-10 11:40:05.039";"2023-03-10";"11:40:05";"REG2";"";"#1: alpha: 0.280, ETRm: 12.080, Ik: 43.081   (Jassby and Platt 1976) ";""
"2023-03-10 11:40:06.763";"2023-03-10";"11:40:06";"FO";"415";"162";"400";"0";"0.595";"0.0";"-";"162";"400";"0.595"
"2023-03-10 11:40:37.061";"2023-03-10";"11:40:37";"F";"416";"195";"314";"66";"0.379";"10.5";"0.274";"162";"400";"0.595"
"2023-03-10 11:41:07.352";"2023-03-10";"11:41:07";"F";"417";"202";"298";"90";"0.322";"12.2";"0.342";"162";"400";"0.595"
"2023-03-10 11:41:37.654";"2023-03-10";"11:41:37";"F";"418";"216";"292";"125";"0.260";"13.7";"0.370";"162";"400";"0.595"
"2023-03-10 11:42:07.952";"2023-03-10";"11:42:07";"F";"419";"232";"288";"190";"0.194";"15.5";"0.389";"162";"400";"0.595"
"2023-03-10 11:42:38.241";"2023-03-10";"11:42:38";"F";"420";"246";"284";"285";"0.134";"16.0";"0.408";"162";"400";"0.595"
"2023-03-10 11:43:08.543";"2023-03-10";"11:43:08";"F";"421";"257";"279";"420";"0.079";"13.9";"0.434";"162";"400";"0.595"
"2023-03-10 11:43:38.836";"2023-03-10";"11:43:38";"F";"422";"263";"270";"625";"0.026";"6.8";"0.481";"162";"400";"0.595"
"2023-03-10 11:44:09.129";"2023-03-10";"11:44:09";"F";"423";"263";"268";"820";"0.019";"6.5";"0.493";"162";"400";"0.595"
"2023-03-10 11:44:12.042";"2023-03-10";"11:44:12";"SLCE";"";"Light Curve end ";""
"2023-03-10 11:44:28.964";"2023-03-10";"11:44:28";"SLCS";"";"Light Curve start ";"ul48"
"2023-03-10 11:44:28.964";"2023-03-10";"11:44:28";"REG1";"";"#1: alpha: 0.294, ETRm: 23.726, Ik: 80.836   ( beta: 0.033, ETRmPot: 34.170 )   (Platt et al. 1980) ";""
"2023-03-10 11:44:28.964";"2023-03-10";"11:44:28";"REG2";"";"#1: alpha: 0.268, ETRm: 20.656, Ik: 77.007   (Jassby and Platt 1976) ";""
"2023-03-10 11:44:30.626";"2023-03-10";"11:44:30";"FO";"424";"94";"347";"0";"0.729";"0.0";"-";"94";"347";"0.729"
"2023-03-10 11:45:00.929";"2023-03-10";"11:45:00";"F";"425";"144";"285";"66";"0.495";"13.7";"0.218";"94";"347";"0.729"
"2023-03-10 11:45:31.218";"2023-03-10";"11:45:31";"F";"426";"142";"259";"90";"0.452";"17.1";"0.340";"94";"347";"0.729"
"2023-03-10 11:46:01.514";"2023-03-10";"11:46:01";"F";"427";"157";"246";"125";"0.362";"19.0";"0.411";"94";"347";"0.729"
"2023-03-10 11:46:31.816";"2023-03-10";"11:46:31";"F";"428";"165";"236";"190";"0.301";"24.0";"0.470";"94";"347";"0.729"
"2023-03-10 11:47:02.102";"2023-03-10";"11:47:02";"F";"429";"180";"225";"285";"0.200";"23.9";"0.542";"94";"347";"0.729"
"2023-03-10 11:47:32.409";"2023-03-10";"11:47:32";"F";"430";"190";"216";"420";"0.120";"21.2";"0.606";"94";"347";"0.729"
"2023-03-10 11:48:02.705";"2023-03-10";"11:48:02";"F";"431";"194";"209";"625";"0.072";"18.9";"0.660";"94";"347";"0.729"
"2023-03-10 11:48:32.995";"2023-03-10";"11:48:32";"F";"432";"191";"200";"820";"0.045";"15.5";"0.735";"94";"347";"0.729"
"2023-03-10 11:48:35.719";"2023-03-10";"11:48:35";"SLCE";"";"Light Curve end ";""
