"2023-03-17";"12:03:16";"WinControl (rev 1195) report file"
"Datetime";"Date";"Time";"Type";"No.";"1:F";"1:Fm'";"1:PAR";"1:Y (II)";"1:ETR";"1:NPQ";"1:Fo";"1:Fm";"1:Fv/Fm"
"";"";"";"D";"";"Device Nr: #1, JUNIOR-PAM-II (CFMG0360A) ";""
"2023-03-17 07:57:33.909";"2023-03-17";"07:57:33";"SLCS";"";"Light Curve start ";"hm25"
"2023-03-17 07:57:33.909";"2023-03-17";"07:57:33";"REG1";"";"#1: alpha: - , ETRm: - , Ik: -   ( beta: - 0.013, ETRmPot: 16.396 )   (Platt et al. 1980) ";""
"2023-03-17 07:57:33.909";"2023-03-17";"07:57:33";"REG2";"";"#1: alpha: 0.170, ETRm: 23.253, Ik: 136.954   (Jassby and Platt 1976) ";""
"2023-03-17 07:57:35.653";"2023-03-17";"07:57:35";"FO";"2";"88";"249";"0";"0.647";"0.0";"-";"88";"249";"0.647"
"2023-03-17 07:58:05.950";"2023-03-17";"07:58:05";"F";"3";"100";"194";"45";"0.485";"9.2";"0.284";"88";"249";"0.647"
"2023-03-17 07:58:36.243";"2023-03-17";"07:58:36";"F";"4";"106";"182";"66";"0.418";"11.6";"0.368";"88";"249";"0.647"
"2023-03-17 07:59:06.538";"2023-03-17";"07:59:06";"F";"5";"103";"166";"90";"0.380";"14.4";"0.500";"88";"249";"0.647"
"2023-03-17 07:59:36.836";"2023-03-17";"07:59:36";"F";"6";"107";"151";"125";"0.291";"15.3";"0.649";"88";"249";"0.647"
"2023-03-17 08:00:07.129";"2023-03-17";"08:00:07";"F";"7";"110";"144";"190";"0.236";"18.8";"0.729";"88";"249";"0.647"
"2023-03-17 08:00:37.426";"2023-03-17";"08:00:37";"F";"8";"115";"139";"285";"0.173";"20.7";"0.791";"88";"249";"0.647"
"2023-03-17 08:01:07.727";"2023-03-17";"08:01:07";"F";"9";"119";"136";"420";"0.125";"22.1";"0.831";"88";"249";"0.647"
"2023-03-17 08:01:38.020";"2023-03-17";"08:01:38";"F";"10";"122";"136";"625";"0.103";"27.0";"0.831";"88";"249";"0.647"
"2023-03-17 08:01:41.087";"2023-03-17";"08:01:41";"SLCE";"";"Light Curve end ";""
"2023-03-17 08:02:17.574";"2023-03-17";"08:02:17";"SLCS";"";"Light Curve start ";"hm26"
"2023-03-17 08:02:17.574";"2023-03-17";"08:02:17";"REG1";"";"#1: alpha: - , ETRm: - , Ik: -   ( beta: - 0.005, ETRmPot: 12.211 )   (Platt et al. 1980) ";""
"2023-03-17 08:02:17.574";"2023-03-17";"08:02:17";"REG2";"";"#1: alpha: 0.205, ETRm: 14.254, Ik: 69.629   (Jassby and Platt 1976) ";""
"2023-03-17 08:02:19.310";"2023-03-17";"08:02:19";"FO";"11";"91";"275";"0";"0.669";"0.0";"-";"91";"275";"0.669"
"2023-03-17 08:02:49.605";"2023-03-17";"08:02:49";"F";"12";"101";"189";"45";"0.466";"8.8";"0.455";"91";"275";"0.669"
"2023-03-17 08:03:19.905";"2023-03-17";"08:03:19";"F";"13";"106";"174";"66";"0.391";"10.8";"0.580";"91";"275";"0.669"
"2023-03-17 08:03:50.201";"2023-03-17";"08:03:50";"F";"14";"112";"162";"90";"0.309";"11.7";"0.698";"91";"275";"0.669"
"2023-03-17 08:04:20.496";"2023-03-17";"08:04:20";"F";"15";"117";"153";"125";"0.235";"12.3";"0.797";"91";"275";"0.669"
"2023-03-17 08:04:50.792";"2023-03-17";"08:04:50";"F";"16";"121";"147";"190";"0.177";"14.1";"0.871";"91";"275";"0.669"
"2023-03-17 08:05:21.088";"2023-03-17";"08:05:21";"F";"17";"126";"142";"285";"0.113";"13.5";"0.937";"91";"275";"0.669"
"2023-03-17 08:05:51.384";"2023-03-17";"08:05:51";"F";"18";"130";"141";"420";"0.078";"13.8";"0.950";"91";"275";"0.669"
"2023-03-17 08:06:21.676";"2023-03-17";"08:06:21";"F";"19";"133";"142";"625";"0.063";"16.5";"0.937";"91";"275";"0.669"
"2023-03-17 08:06:24.950";"2023-03-17";"08:06:24";"SLCE";"";"Light Curve end ";""
"2023-03-17 08:07:25.609";"2023-03-17";"08:07:25";"SLCS";"";"Light Curve start ";"hm27"
"2023-03-17 08:07:25.609";"2023-03-17";"08:07:25";"REG1";"";"#1: alpha: - , ETRm: - , Ik: -   ( beta: - 0.013, ETRmPot: 14.454 )   (Platt et al. 1980) ";""
"2023-03-17 08:07:25.609";"2023-03-17";"08:07:25";"REG2";"";"#1: alpha: 0.157, ETRm: 21.296, Ik: 135.412   (Jassby and Platt 1976) ";""
"2023-03-17 08:07:27.268";"2023-03-17";"08:07:27";"FO";"20";"97";"242";"0";"0.599";"0.0";"-";"97";"242";"0.599"
"2023-03-17 08:07:57.567";"2023-03-17";"08:07:57";"F";"21";"107";"189";"45";"0.434";"8.2";"0.280";"97";"242";"0.599"
"2023-03-17 08:08:27.862";"2023-03-17";"08:08:27";"F";"22";"110";"183";"66";"0.399";"11.1";"0.322";"97";"242";"0.599"
"2023-03-17 08:08:58.157";"2023-03-17";"08:08:58";"F";"23";"113";"170";"90";"0.335";"12.7";"0.424";"97";"242";"0.599"
"2023-03-17 08:09:28.453";"2023-03-17";"08:09:28";"F";"24";"116";"162";"125";"0.284";"14.9";"0.494";"97";"242";"0.599"
"2023-03-17 08:09:58.753";"2023-03-17";"08:09:58";"F";"25";"121";"154";"190";"0.214";"17.1";"0.571";"97";"242";"0.599"
"2023-03-17 08:10:29.046";"2023-03-17";"08:10:29";"F";"26";"125";"147";"285";"0.150";"18.0";"0.646";"97";"242";"0.599"
"2023-03-17 08:10:59.343";"2023-03-17";"08:10:59";"F";"27";"128";"145";"420";"0.117";"20.6";"0.669";"97";"242";"0.599"
"2023-03-17 08:11:29.633";"2023-03-17";"08:11:29";"F";"28";"132";"146";"625";"0.096";"25.2";"0.658";"97";"242";"0.599"
"2023-03-17 08:11:32.252";"2023-03-17";"08:11:32";"SLCE";"";"Light Curve end ";""
"2023-03-17 08:12:06.921";"2023-03-17";"08:12:06";"SLCS";"";"Light Curve start ";"hm28"
"2023-03-17 08:12:06.921";"2023-03-17";"08:12:06";"REG1";"";"#1: alpha: - , ETRm: - , Ik: -   ( beta: - 0.004, ETRmPot: 12.796 )   (Platt et al. 1980) ";""
"2023-03-17 08:12:06.921";"2023-03-17";"08:12:06";"REG2";"";"#1: alpha: 0.261, ETRm: 14.268, Ik: 54.582   (Jassby and Platt 1976) ";""
"2023-03-17 08:12:08.637";"2023-03-17";"08:12:08";"FO";"29";"100";"275";"0";"0.636";"0.0";"-";"100";"275";"0.636"
"2023-03-17 08:12:38.926";"2023-03-17";"08:12:38";"F";"30";"115";"224";"45";"0.487";"9.2";"0.228";"100";"275";"0.636"
"2023-03-17 08:13:09.222";"2023-03-17";"08:13:09";"F";"31";"116";"206";"66";"0.437";"12.1";"0.335";"100";"275";"0.636"
"2023-03-17 08:13:39.518";"2023-03-17";"08:13:39";"F";"32";"116";"185";"90";"0.373";"14.1";"0.486";"100";"275";"0.636"
"2023-03-17 08:14:09.815";"2023-03-17";"08:14:09";"F";"33";"120";"162";"125";"0.259";"13.6";"0.698";"100";"275";"0.636"
"2023-03-17 08:14:40.112";"2023-03-17";"08:14:40";"F";"34";"123";"148";"190";"0.169";"13.5";"0.858";"100";"275";"0.636"
"2023-03-17 08:15:10.404";"2023-03-17";"08:15:10";"F";"35";"126";"142";"285";"0.113";"13.5";"0.937";"100";"275";"0.636"
"2023-03-17 08:15:40.699";"2023-03-17";"08:15:40";"F";"36";"129";"139";"420";"0.072";"12.7";"0.978";"100";"275";"0.636"
"2023-03-17 08:16:11.001";"2023-03-17";"08:16:11";"F";"37";"130";"139";"625";"0.065";"17.1";"0.978";"100";"275";"0.636"
"2023-03-17 08:16:13.795";"2023-03-17";"08:16:13";"SLCE";"";"Light Curve end ";""
"2023-03-17 08:16:43.057";"2023-03-17";"08:16:43";"SLCS";"";"Light Curve start ";"hm29"
"2023-03-17 08:16:43.057";"2023-03-17";"08:16:43";"REG1";"";"#1: alpha: - , ETRm: - , Ik: -   ( beta: - 0.015, ETRmPot: 14.323 )   (Platt et al. 1980) ";""
"2023-03-17 08:16:43.057";"2023-03-17";"08:16:43";"REG2";"";"#1: alpha: 0.235, ETRm: 21.302, Ik: 90.710   (Jassby and Platt 1976) ";""
"2023-03-17 08:16:44.793";"2023-03-17";"08:16:44";"FO";"38";"90";"250";"0";"0.640";"0.0";"-";"90";"250";"0.640"
"2023-03-17 08:17:15.091";"2023-03-17";"08:17:15";"F";"39";"95";"242";"45";"0.607";"11.5";"0.033";"90";"250";"0.640"
"2023-03-17 08:17:45.386";"2023-03-17";"08:17:45";"F";"40";"101";"214";"66";"0.528";"14.6";"0.168";"90";"250";"0.640"
"2023-03-17 08:18:15.677";"2023-03-17";"08:18:15";"F";"41";"97";"166";"90";"0.416";"15.7";"0.506";"90";"250";"0.640"
"2023-03-17 08:18:45.981";"2023-03-17";"08:18:45";"F";"42";"99";"145";"125";"0.317";"16.6";"0.724";"90";"250";"0.640"
"2023-03-17 08:19:16.276";"2023-03-17";"08:19:16";"F";"43";"102";"131";"190";"0.221";"17.6";"0.908";"90";"250";"0.640"
"2023-03-17 08:19:46.572";"2023-03-17";"08:19:46";"F";"44";"102";"122";"285";"0.164";"19.6";"1.049";"90";"250";"0.640"
"2023-03-17 08:20:16.862";"2023-03-17";"08:20:16";"F";"45";"105";"118";"420";"0.110";"19.4";"1.119";"90";"250";"0.640"
"2023-03-17 08:20:47.166";"2023-03-17";"08:20:47";"F";"46";"107";"120";"625";"0.108";"28.4";"1.083";"90";"250";"0.640"
"2023-03-17 08:20:50.109";"2023-03-17";"08:20:50";"SLCE";"";"Light Curve end ";""
"2023-03-17 08:21:13.320";"2023-03-17";"08:21:13";"SLCS";"";"Light Curve start ";"hm30"
"2023-03-17 08:21:13.320";"2023-03-17";"08:21:13";"REG1";"";"#1: alpha: - , ETRm: - , Ik: -   ( beta: - 0.001, ETRmPot: 17.093 )   (Platt et al. 1980) ";""
"2023-03-17 08:21:13.320";"2023-03-17";"08:21:13";"REG2";"";"#1: alpha: 0.289, ETRm: 17.462, Ik: 60.416   (Jassby and Platt 1976) ";""
"2023-03-17 08:21:15.054";"2023-03-17";"08:21:15";"FO";"47";"78";"242";"0";"0.678";"0.0";"-";"78";"242";"0.678"
"2023-03-17 08:21:45.349";"2023-03-17";"08:21:45";"F";"48";"88";"233";"45";"0.622";"11.8";"0.039";"78";"242";"0.678"
"2023-03-17 08:22:15.644";"2023-03-17";"08:22:15";"F";"49";"90";"181";"66";"0.503";"13.9";"0.337";"78";"242";"0.678"
"2023-03-17 08:22:45.943";"2023-03-17";"08:22:45";"F";"50";"90";"149";"90";"0.396";"15.0";"0.624";"78";"242";"0.678"
"2023-03-17 08:23:16.245";"2023-03-17";"08:23:16";"F";"51";"93";"133";"125";"0.301";"15.8";"0.820";"78";"242";"0.678"
"2023-03-17 08:23:46.539";"2023-03-17";"08:23:46";"F";"52";"93";"121";"190";"0.231";"18.4";"1.000";"78";"242";"0.678"
"2023-03-17 08:24:16.836";"2023-03-17";"08:24:16";"F";"53";"96";"114";"285";"0.158";"18.9";"1.123";"78";"242";"0.678"
"2023-03-17 08:24:47.124";"2023-03-17";"08:24:47";"F";"54";"100";"109";"420";"0.083";"14.6";"1.220";"78";"242";"0.678"
"2023-03-17 08:25:17.428";"2023-03-17";"08:25:17";"F";"55";"102";"110";"625";"0.073";"19.2";"1.200";"78";"242";"0.678"
"2023-03-17 08:25:19.881";"2023-03-17";"08:25:19";"SLCE";"";"Light Curve end ";""
"2023-03-17 08:25:39.940";"2023-03-17";"08:25:39";"SLCS";"";"Light Curve start ";"hm31"
"2023-03-17 08:25:39.940";"2023-03-17";"08:25:39";"REG1";"";"#1: alpha: 0.444, ETRm: 16.696, Ik: 37.574   ( beta: 0.001, ETRmPot: 16.908 )   (Platt et al. 1980) ";""
"2023-03-17 08:25:39.940";"2023-03-17";"08:25:39";"REG2";"";"#1: alpha: 0.307, ETRm: 16.604, Ik: 54.164   (Jassby and Platt 1976) ";""
"2023-03-17 08:25:41.624";"2023-03-17";"08:25:41";"FO";"56";"111";"287";"0";"0.613";"0.0";"-";"111";"287";"0.613"
"2023-03-17 08:26:11.921";"2023-03-17";"08:26:11";"F";"57";"126";"277";"45";"0.545";"10.3";"0.036";"111";"287";"0.613"
"2023-03-17 08:26:42.212";"2023-03-17";"08:26:42";"F";"58";"124";"262";"66";"0.527";"14.6";"0.095";"111";"287";"0.613"
"2023-03-17 08:27:12.511";"2023-03-17";"08:27:12";"F";"59";"122";"212";"90";"0.425";"16.1";"0.354";"111";"287";"0.613"
"2023-03-17 08:27:42.804";"2023-03-17";"08:27:42";"F";"60";"124";"183";"125";"0.322";"16.9";"0.568";"111";"287";"0.613"
"2023-03-17 08:28:13.100";"2023-03-17";"08:28:13";"F";"61";"127";"162";"190";"0.216";"17.2";"0.772";"111";"287";"0.613"
"2023-03-17 08:28:43.397";"2023-03-17";"08:28:43";"F";"62";"133";"153";"285";"0.131";"15.7";"0.876";"111";"287";"0.613"
"2023-03-17 08:29:13.696";"2023-03-17";"08:29:13";"F";"63";"135";"147";"420";"0.082";"14.5";"0.952";"111";"287";"0.613"
"2023-03-17 08:29:43.985";"2023-03-17";"08:29:43";"F";"64";"137";"147";"625";"0.068";"17.9";"0.952";"111";"287";"0.613"
"2023-03-17 08:29:47.123";"2023-03-17";"08:29:47";"SLCE";"";"Light Curve end ";""
"2023-03-17 08:30:16.083";"2023-03-17";"08:30:16";"SLCS";"";"Light Curve start ";"hm32"
"2023-03-17 08:30:16.083";"2023-03-17";"08:30:16";"REG1";"";"#1: alpha: - , ETRm: - , Ik: -   ( beta: - 0.010, ETRmPot: 15.559 )   (Platt et al. 1980) ";""
"2023-03-17 08:30:16.083";"2023-03-17";"08:30:16";"REG2";"";"#1: alpha: 0.195, ETRm: 20.207, Ik: 103.727   (Jassby and Platt 1976) ";""
"2023-03-17 08:30:17.787";"2023-03-17";"08:30:17";"FO";"65";"121";"299";"0";"0.595";"0.0";"-";"121";"299";"0.595"
"2023-03-17 08:30:48.080";"2023-03-17";"08:30:48";"F";"66";"137";"262";"45";"0.477";"9.0";"0.141";"121";"299";"0.595"
"2023-03-17 08:31:18.373";"2023-03-17";"08:31:18";"F";"67";"132";"238";"66";"0.445";"12.3";"0.256";"121";"299";"0.595"
"2023-03-17 08:31:48.671";"2023-03-17";"08:31:48";"F";"68";"134";"215";"90";"0.377";"14.3";"0.391";"121";"299";"0.595"
"2023-03-17 08:32:18.965";"2023-03-17";"08:32:18";"F";"69";"137";"195";"125";"0.297";"15.6";"0.533";"121";"299";"0.595"
"2023-03-17 08:32:49.259";"2023-03-17";"08:32:49";"F";"70";"140";"181";"190";"0.227";"18.1";"0.652";"121";"299";"0.595"
"2023-03-17 08:33:19.557";"2023-03-17";"08:33:19";"F";"71";"144";"170";"285";"0.153";"18.3";"0.759";"121";"299";"0.595"
"2023-03-17 08:33:49.852";"2023-03-17";"08:33:49";"F";"72";"146";"164";"420";"0.110";"19.4";"0.823";"121";"299";"0.595"
"2023-03-17 08:34:20.149";"2023-03-17";"08:34:20";"F";"73";"149";"164";"625";"0.091";"23.9";"0.823";"121";"299";"0.595"
"2023-03-17 08:34:23.232";"2023-03-17";"08:34:23";"SLCE";"";"Light Curve end ";""
"2023-03-17 08:34:58.843";"2023-03-17";"08:34:58";"SLCS";"";"Light Curve start ";"hm33"
"2023-03-17 08:34:58.843";"2023-03-17";"08:34:58";"REG1";"";"#1: alpha: 1.015, ETRm: 11.112, Ik: 10.943   ( beta: 0.000, ETRmPot: 11.156 )   (Platt et al. 1980) ";""
"2023-03-17 08:34:58.843";"2023-03-17";"08:34:58";"REG2";"";"#1: alpha: 0.599, ETRm: 11.048, Ik: 18.449   (Jassby and Platt 1976) ";""
"2023-03-17 08:35:00.544";"2023-03-17";"08:35:00";"FO";"74";"98";"317";"0";"0.691";"0.0";"-";"98";"317";"0.691"
"2023-03-17 08:35:30.833";"2023-03-17";"08:35:30";"F";"75";"110";"253";"45";"0.565";"10.7";"0.253";"98";"317";"0.691"
"2023-03-17 08:36:01.140";"2023-03-17";"08:36:01";"F";"76";"112";"200";"66";"0.440";"12.2";"0.585";"98";"317";"0.691"
"2023-03-17 08:36:31.429";"2023-03-17";"08:36:31";"F";"77";"114";"163";"90";"0.301";"11.4";"0.945";"98";"317";"0.691"
"2023-03-17 08:37:01.716";"2023-03-17";"08:37:01";"F";"78";"116";"147";"125";"0.211";"11.1";"1.156";"98";"317";"0.691"
"2023-03-17 08:37:32.027";"2023-03-17";"08:37:32";"F";"79";"122";"140";"190";"0.129";"10.3";"1.264";"98";"317";"0.691"
"2023-03-17 08:38:02.324";"2023-03-17";"08:38:02";"F";"80";"125";"137";"285";"0.088";"10.5";"1.314";"98";"317";"0.691"
"2023-03-17 08:38:32.612";"2023-03-17";"08:38:32";"F";"81";"128";"136";"420";"0.059";"10.4";"1.331";"98";"317";"0.691"
"2023-03-17 08:39:02.912";"2023-03-17";"08:39:02";"F";"82";"130";"136";"625";"0.044";"11.6";"1.331";"98";"317";"0.691"
"2023-03-17 08:39:05.974";"2023-03-17";"08:39:05";"SLCE";"";"Light Curve end ";""
"2023-03-17 08:39:47.761";"2023-03-17";"08:39:47";"SLCS";"";"Light Curve start ";"hm34"
"2023-03-17 08:39:47.761";"2023-03-17";"08:39:47";"REG1";"";"#1: alpha: - , ETRm: - , Ik: -   ( beta: - 0.010, ETRmPot: 16.451 )   (Platt et al. 1980) ";""
"2023-03-17 08:39:47.761";"2023-03-17";"08:39:47";"REG2";"";"#1: alpha: 0.232, ETRm: 21.066, Ik: 90.636   (Jassby and Platt 1976) ";""
"2023-03-17 08:39:49.508";"2023-03-17";"08:39:49";"FO";"83";"74";"228";"0";"0.675";"0.0";"-";"74";"228";"0.675"
"2023-03-17 08:40:19.804";"2023-03-17";"08:40:19";"F";"84";"82";"203";"45";"0.596";"11.3";"0.123";"74";"228";"0.675"
"2023-03-17 08:40:50.099";"2023-03-17";"08:40:50";"F";"85";"83";"168";"66";"0.506";"14.0";"0.357";"74";"228";"0.675"
"2023-03-17 08:41:20.393";"2023-03-17";"08:41:20";"F";"86";"83";"142";"90";"0.415";"15.7";"0.606";"74";"228";"0.675"
"2023-03-17 08:41:50.685";"2023-03-17";"08:41:50";"F";"87";"86";"125";"125";"0.312";"16.4";"0.824";"74";"228";"0.675"
"2023-03-17 08:42:20.980";"2023-03-17";"08:42:20";"F";"88";"87";"113";"190";"0.230";"18.4";"1.018";"74";"228";"0.675"
"2023-03-17 08:42:51.278";"2023-03-17";"08:42:51";"F";"89";"89";"108";"285";"0.176";"21.1";"1.111";"74";"228";"0.675"
"2023-03-17 08:43:21.579";"2023-03-17";"08:43:21";"F";"90";"94";"106";"420";"0.113";"19.9";"1.151";"74";"228";"0.675"
"2023-03-17 08:43:51.875";"2023-03-17";"08:43:51";"F";"91";"95";"105";"625";"0.095";"24.9";"1.171";"74";"228";"0.675"
"2023-03-17 08:43:54.698";"2023-03-17";"08:43:54";"SLCE";"";"Light Curve end ";""
"2023-03-17 08:44:30.429";"2023-03-17";"08:44:30";"SLCS";"";"Light Curve start ";"hm35"
"2023-03-17 08:44:30.429";"2023-03-17";"08:44:30";"REG1";"";"#1: alpha: - , ETRm: - , Ik: -   ( beta: - 0.013, ETRmPot: 14.830 )   (Platt et al. 1980) ";""
"2023-03-17 08:44:30.429";"2023-03-17";"08:44:30";"REG2";"";"#1: alpha: 0.246, ETRm: 20.479, Ik: 83.411   (Jassby and Platt 1976) ";""
"2023-03-17 08:44:32.165";"2023-03-17";"08:44:32";"FO";"92";"92";"247";"0";"0.628";"0.0";"-";"92";"247";"0.628"
"2023-03-17 08:45:02.459";"2023-03-17";"08:45:02";"F";"93";"109";"248";"45";"0.560";"10.6";"- 0.004";"92";"247";"0.628"
"2023-03-17 08:45:32.757";"2023-03-17";"08:45:32";"F";"94";"109";"223";"66";"0.511";"14.2";"0.108";"92";"247";"0.628"
"2023-03-17 08:46:03.055";"2023-03-17";"08:46:03";"F";"95";"105";"179";"90";"0.413";"15.6";"0.380";"92";"247";"0.628"
"2023-03-17 08:46:33.354";"2023-03-17";"08:46:33";"F";"96";"106";"162";"125";"0.346";"18.2";"0.525";"92";"247";"0.628"
"2023-03-17 08:47:03.641";"2023-03-17";"08:47:03";"F";"97";"112";"146";"190";"0.233";"18.6";"0.692";"92";"247";"0.628"
"2023-03-17 08:47:33.937";"2023-03-17";"08:47:33";"F";"98";"114";"134";"285";"0.149";"17.8";"0.843";"92";"247";"0.628"
"2023-03-17 08:48:04.236";"2023-03-17";"08:48:04";"F";"99";"118";"131";"420";"0.099";"17.5";"0.885";"92";"247";"0.628"
"2023-03-17 08:48:34.535";"2023-03-17";"08:48:34";"F";"100";"119";"133";"625";"0.105";"27.6";"0.857";"92";"247";"0.628"
"2023-03-17 08:48:37.339";"2023-03-17";"08:48:37";"SLCE";"";"Light Curve end ";""
"2023-03-17 08:49:30.118";"2023-03-17";"08:49:30";"SLCS";"";"Light Curve start ";"hm36"
"2023-03-17 08:49:30.118";"2023-03-17";"08:49:30";"REG1";"";"#1: alpha: - , ETRm: - , Ik: -   ( beta: - 0.010, ETRmPot: 13.286 )   (Platt et al. 1980) ";""
"2023-03-17 08:49:30.118";"2023-03-17";"08:49:30";"REG2";"";"#1: alpha: 0.237, ETRm: 17.361, Ik: 73.362   (Jassby and Platt 1976) ";""
"2023-03-17 08:49:31.828";"2023-03-17";"08:49:31";"FO";"101";"91";"247";"0";"0.632";"0.0";"-";"91";"247";"0.632"
"2023-03-17 08:50:02.126";"2023-03-17";"08:50:02";"F";"102";"105";"238";"45";"0.559";"10.6";"0.038";"91";"247";"0.632"
"2023-03-17 08:50:32.413";"2023-03-17";"08:50:32";"F";"103";"104";"192";"66";"0.458";"12.7";"0.286";"91";"247";"0.632"
"2023-03-17 08:51:02.711";"2023-03-17";"08:51:02";"F";"104";"108";"172";"90";"0.372";"14.1";"0.436";"91";"247";"0.632"
"2023-03-17 08:51:33.004";"2023-03-17";"08:51:33";"F";"105";"112";"156";"125";"0.282";"14.8";"0.583";"91";"247";"0.632"
"2023-03-17 08:52:03.304";"2023-03-17";"08:52:03";"F";"106";"115";"143";"190";"0.196";"15.6";"0.727";"91";"247";"0.632"
"2023-03-17 08:52:33.595";"2023-03-17";"08:52:33";"F";"107";"119";"136";"285";"0.125";"15.0";"0.816";"91";"247";"0.632"
"2023-03-17 08:53:03.898";"2023-03-17";"08:53:03";"F";"108";"121";"135";"420";"0.104";"18.3";"0.830";"91";"247";"0.632"
"2023-03-17 08:53:34.189";"2023-03-17";"08:53:34";"F";"109";"125";"136";"625";"0.081";"21.3";"0.816";"91";"247";"0.632"
"2023-03-17 08:53:37.013";"2023-03-17";"08:53:37";"SLCE";"";"Light Curve end ";""
"2023-03-17 08:53:58.595";"2023-03-17";"08:53:58";"SLCS";"";"Light Curve start ";"hm37"
"2023-03-17 08:53:58.595";"2023-03-17";"08:53:58";"REG1";"";"#1: alpha: - , ETRm: - , Ik: -   ( beta: - 0.007, ETRmPot: 10.920 )   (Platt et al. 1980) ";""
"2023-03-17 08:53:58.595";"2023-03-17";"08:53:58";"REG2";"";"#1: alpha: 0.310, ETRm: 13.331, Ik: 42.945   (Jassby and Platt 1976) ";""
"2023-03-17 08:54:00.289";"2023-03-17";"08:54:00";"FO";"110";"91";"277";"0";"0.671";"0.0";"-";"91";"277";"0.671"
"2023-03-17 08:54:30.587";"2023-03-17";"08:54:30";"F";"111";"104";"240";"45";"0.567";"10.7";"0.154";"91";"277";"0.671"
"2023-03-17 08:55:00.876";"2023-03-17";"08:55:00";"F";"112";"104";"180";"66";"0.422";"11.7";"0.539";"91";"277";"0.671"
"2023-03-17 08:55:31.171";"2023-03-17";"08:55:31";"F";"113";"102";"158";"90";"0.354";"13.4";"0.753";"91";"277";"0.671"
"2023-03-17 08:56:01.471";"2023-03-17";"08:56:01";"F";"114";"108";"139";"125";"0.223";"11.7";"0.993";"91";"277";"0.671"
"2023-03-17 08:56:31.766";"2023-03-17";"08:56:31";"F";"115";"111";"130";"190";"0.146";"11.7";"1.131";"91";"277";"0.671"
"2023-03-17 08:57:02.066";"2023-03-17";"08:57:02";"F";"116";"113";"125";"285";"0.096";"11.5";"1.216";"91";"277";"0.671"
"2023-03-17 08:57:32.358";"2023-03-17";"08:57:32";"F";"117";"113";"123";"420";"0.081";"14.3";"1.252";"91";"277";"0.671"
"2023-03-17 08:58:02.659";"2023-03-17";"08:58:02";"F";"118";"116";"124";"625";"0.065";"17.1";"1.234";"91";"277";"0.671"
"2023-03-17 08:58:05.283";"2023-03-17";"08:58:05";"SLCE";"";"Light Curve end ";""
"2023-03-17 08:59:12.672";"2023-03-17";"08:59:12";"SLCS";"";"Light Curve start ";"hm38"
"2023-03-17 08:59:12.672";"2023-03-17";"08:59:12";"REG1";"";"#1: alpha: - , ETRm: - , Ik: -   ( beta: - 0.008, ETRmPot: 15.289 )   (Platt et al. 1980) ";""
"2023-03-17 08:59:12.672";"2023-03-17";"08:59:12";"REG2";"";"#1: alpha: 0.273, ETRm: 18.382, Ik: 67.262   (Jassby and Platt 1976) ";""
"2023-03-17 08:59:14.346";"2023-03-17";"08:59:14";"FO";"119";"76";"226";"0";"0.664";"0.0";"-";"76";"226";"0.664"
"2023-03-17 08:59:44.641";"2023-03-17";"08:59:44";"F";"120";"88";"225";"45";"0.609";"11.5";"0.004";"76";"226";"0.664"
"2023-03-17 09:00:14.941";"2023-03-17";"09:00:14";"F";"121";"93";"186";"66";"0.500";"13.9";"0.215";"76";"226";"0.664"
"2023-03-17 09:00:45.228";"2023-03-17";"09:00:45";"F";"122";"90";"150";"90";"0.400";"15.1";"0.507";"76";"226";"0.664"
"2023-03-17 09:01:15.532";"2023-03-17";"09:01:15";"F";"123";"93";"138";"125";"0.326";"17.1";"0.638";"76";"226";"0.664"
"2023-03-17 09:01:45.825";"2023-03-17";"09:01:45";"F";"124";"95";"124";"190";"0.234";"18.7";"0.823";"76";"226";"0.664"
"2023-03-17 09:02:16.124";"2023-03-17";"09:02:16";"F";"125";"99";"115";"285";"0.139";"16.6";"0.965";"76";"226";"0.664"
"2023-03-17 09:02:46.420";"2023-03-17";"09:02:46";"F";"126";"102";"112";"420";"0.089";"15.7";"1.018";"76";"226";"0.664"
"2023-03-17 09:03:16.708";"2023-03-17";"09:03:16";"F";"127";"103";"113";"625";"0.088";"23.1";"1.000";"76";"226";"0.664"
"2023-03-17 09:03:19.761";"2023-03-17";"09:03:19";"SLCE";"";"Light Curve end ";""
"2023-03-17 09:03:38.776";"2023-03-17";"09:03:38";"SLCS";"";"Light Curve start ";"hm39"
"2023-03-17 09:03:38.776";"2023-03-17";"09:03:38";"REG1";"";"#1: alpha: 0.290, ETRm: 20.720, Ik: 71.527   ( beta: 0.019, ETRmPot: 26.453 )   (Platt et al. 1980) ";""
"2023-03-17 09:03:38.776";"2023-03-17";"09:03:38";"REG2";"";"#1: alpha: 0.245, ETRm: 19.365, Ik: 78.976   (Jassby and Platt 1976) ";""
"2023-03-17 09:03:40.504";"2023-03-17";"09:03:40";"FO";"128";"104";"255";"0";"0.592";"0.0";"-";"104";"255";"0.592"
"2023-03-17 09:04:10.804";"2023-03-17";"09:04:10";"F";"129";"116";"249";"45";"0.534";"10.1";"0.024";"104";"255";"0.592"
"2023-03-17 09:04:41.103";"2023-03-17";"09:04:41";"F";"130";"117";"222";"66";"0.473";"13.1";"0.149";"104";"255";"0.592"
"2023-03-17 09:05:11.401";"2023-03-17";"09:05:11";"F";"131";"114";"195";"90";"0.415";"15.7";"0.308";"104";"255";"0.592"
"2023-03-17 09:05:41.688";"2023-03-17";"09:05:41";"F";"132";"116";"174";"125";"0.333";"17.5";"0.466";"104";"255";"0.592"
"2023-03-17 09:06:11.991";"2023-03-17";"09:06:11";"F";"133";"118";"158";"190";"0.253";"20.2";"0.614";"104";"255";"0.592"
"2023-03-17 09:06:42.283";"2023-03-17";"09:06:42";"F";"134";"120";"146";"285";"0.178";"21.3";"0.747";"104";"255";"0.592"
"2023-03-17 09:07:12.579";"2023-03-17";"09:07:12";"F";"135";"125";"140";"420";"0.107";"18.9";"0.821";"104";"255";"0.592"
"2023-03-17 09:07:42.874";"2023-03-17";"09:07:42";"F";"136";"130";"139";"625";"0.065";"17.1";"0.835";"104";"255";"0.592"
"2023-03-17 09:07:45.917";"2023-03-17";"09:07:45";"SLCE";"";"Light Curve end ";""
"2023-03-17 09:08:16.639";"2023-03-17";"09:08:16";"SLCS";"";"Light Curve start ";"hm40"
"2023-03-17 09:08:16.639";"2023-03-17";"09:08:16";"REG1";"";"#1: alpha: - , ETRm: - , Ik: -   ( beta: - 0.006, ETRmPot: 15.544 )   (Platt et al. 1980) ";""
"2023-03-17 09:08:16.639";"2023-03-17";"09:08:16";"REG2";"";"#1: alpha: 0.225, ETRm: 17.732, Ik: 78.776   (Jassby and Platt 1976) ";""
"2023-03-17 09:08:18.371";"2023-03-17";"09:08:18";"FO";"137";"113";"268";"0";"0.578";"0.0";"-";"113";"268";"0.578"
"2023-03-17 09:08:48.667";"2023-03-17";"09:08:48";"F";"138";"128";"248";"45";"0.484";"9.1";"0.081";"113";"268";"0.578"
"2023-03-17 09:09:18.963";"2023-03-17";"09:09:18";"F";"139";"131";"244";"66";"0.463";"12.8";"0.098";"113";"268";"0.578"
"2023-03-17 09:09:49.255";"2023-03-17";"09:09:49";"F";"140";"129";"211";"90";"0.389";"14.7";"0.270";"113";"268";"0.578"
"2023-03-17 09:10:19.553";"2023-03-17";"09:10:19";"F";"141";"132";"187";"125";"0.294";"15.4";"0.433";"113";"268";"0.578"
"2023-03-17 09:10:49.847";"2023-03-17";"09:10:49";"F";"142";"137";"170";"190";"0.194";"15.5";"0.576";"113";"268";"0.578"
"2023-03-17 09:11:20.148";"2023-03-17";"09:11:20";"F";"143";"137";"162";"285";"0.154";"18.4";"0.654";"113";"268";"0.578"
"2023-03-17 09:11:50.438";"2023-03-17";"09:11:50";"F";"144";"142";"157";"420";"0.096";"16.9";"0.707";"113";"268";"0.578"
"2023-03-17 09:12:20.733";"2023-03-17";"09:12:20";"F";"145";"146";"158";"625";"0.076";"20.0";"0.696";"113";"268";"0.578"
"2023-03-17 09:12:23.287";"2023-03-17";"09:12:23";"SLCE";"";"Light Curve end ";""
"2023-03-17 09:13:01.449";"2023-03-17";"09:13:01";"SLCS";"";"Light Curve start ";"hm41"
"2023-03-17 09:13:01.449";"2023-03-17";"09:13:01";"REG1";"";"#1: alpha: - , ETRm: - , Ik: -   ( beta: - 0.006, ETRmPot: 13.387 )   (Platt et al. 1980) ";""
"2023-03-17 09:13:01.449";"2023-03-17";"09:13:01";"REG2";"";"#1: alpha: 0.259, ETRm: 15.437, Ik: 59.556   (Jassby and Platt 1976) ";""
"2023-03-17 09:13:03.134";"2023-03-17";"09:13:03";"FO";"146";"69";"217";"0";"0.682";"0.0";"-";"69";"217";"0.682"
"2023-03-17 09:13:33.423";"2023-03-17";"09:13:33";"F";"147";"82";"195";"45";"0.579";"10.9";"0.113";"69";"217";"0.682"
"2023-03-17 09:14:03.727";"2023-03-17";"09:14:03";"F";"148";"102";"187";"66";"0.455";"12.6";"0.160";"69";"217";"0.682"
"2023-03-17 09:14:34.020";"2023-03-17";"09:14:34";"F";"149";"100";"154";"90";"0.351";"13.3";"0.409";"69";"217";"0.682"
"2023-03-17 09:15:04.317";"2023-03-17";"09:15:04";"F";"150";"105";"137";"125";"0.234";"12.3";"0.584";"69";"217";"0.682"
"2023-03-17 09:15:34.615";"2023-03-17";"09:15:34";"F";"151";"108";"131";"190";"0.176";"14.0";"0.656";"69";"217";"0.682"
"2023-03-17 09:16:04.907";"2023-03-17";"09:16:04";"F";"152";"111";"129";"285";"0.140";"16.8";"0.682";"69";"217";"0.682"
"2023-03-17 09:16:35.206";"2023-03-17";"09:16:35";"F";"153";"114";"126";"420";"0.095";"16.8";"0.722";"69";"217";"0.682"
"2023-03-17 09:17:05.498";"2023-03-17";"09:17:05";"F";"154";"118";"126";"625";"0.063";"16.5";"0.722";"69";"217";"0.682"
"2023-03-17 09:17:08.231";"2023-03-17";"09:17:08";"SLCE";"";"Light Curve end ";""
"2023-03-17 09:17:36.703";"2023-03-17";"09:17:36";"SLCS";"";"Light Curve start ";"hm42"
"2023-03-17 09:17:36.703";"2023-03-17";"09:17:36";"REG1";"";"#1: alpha: - , ETRm: - , Ik: -   ( beta: - 0.013, ETRmPot: 10.829 )   (Platt et al. 1980) ";""
"2023-03-17 09:17:36.703";"2023-03-17";"09:17:36";"REG2";"";"#1: alpha: 0.172, ETRm: 17.421, Ik: 101.463   (Jassby and Platt 1976) ";""
"2023-03-17 09:17:38.397";"2023-03-17";"09:17:38";"FO";"155";"85";"248";"0";"0.657";"0.0";"-";"85";"248";"0.657"
"2023-03-17 09:18:08.686";"2023-03-17";"09:18:08";"F";"156";"94";"197";"45";"0.523";"9.9";"0.259";"85";"248";"0.657"
"2023-03-17 09:18:38.985";"2023-03-17";"09:18:38";"F";"157";"96";"158";"66";"0.392";"10.9";"0.570";"85";"248";"0.657"
"2023-03-17 09:19:09.282";"2023-03-17";"09:19:09";"F";"158";"98";"143";"90";"0.315";"11.9";"0.734";"85";"248";"0.657"
"2023-03-17 09:19:39.574";"2023-03-17";"09:19:39";"F";"159";"101";"133";"125";"0.241";"12.7";"0.865";"85";"248";"0.657"
"2023-03-17 09:20:09.869";"2023-03-17";"09:20:09";"F";"160";"105";"128";"190";"0.180";"14.4";"0.938";"85";"248";"0.657"
"2023-03-17 09:20:40.165";"2023-03-17";"09:20:40";"F";"161";"109";"125";"285";"0.128";"15.3";"0.984";"85";"248";"0.657"
"2023-03-17 09:21:10.463";"2023-03-17";"09:21:10";"F";"162";"111";"122";"420";"0.090";"15.9";"1.033";"85";"248";"0.657"
"2023-03-17 09:21:40.760";"2023-03-17";"09:21:40";"F";"163";"113";"124";"625";"0.089";"23.4";"1.000";"85";"248";"0.657"
"2023-03-17 09:21:43.573";"2023-03-17";"09:21:43";"SLCE";"";"Light Curve end ";""
"2023-03-17 09:22:19.532";"2023-03-17";"09:22:19";"SLCS";"";"Light Curve start ";"hm43"
"2023-03-17 09:22:19.532";"2023-03-17";"09:22:19";"REG1";"";"#1: alpha: - , ETRm: - , Ik: -   ( beta: - 0.010, ETRmPot: 13.689 )   (Platt et al. 1980) ";""
"2023-03-17 09:22:19.532";"2023-03-17";"09:22:19";"REG2";"";"#1: alpha: 0.272, ETRm: 17.541, Ik: 64.478   (Jassby and Platt 1976) ";""
"2023-03-17 09:22:21.253";"2023-03-17";"09:22:21";"FO";"164";"78";"215";"0";"0.637";"0.0";"-";"78";"215";"0.637"
"2023-03-17 09:22:51.547";"2023-03-17";"09:22:51";"F";"165";"86";"205";"45";"0.580";"11.0";"0.049";"78";"215";"0.637"
"2023-03-17 09:23:21.851";"2023-03-17";"09:23:21";"F";"166";"85";"173";"66";"0.509";"14.1";"0.243";"78";"215";"0.637"
"2023-03-17 09:23:52.142";"2023-03-17";"09:23:52";"F";"167";"87";"146";"90";"0.404";"15.3";"0.473";"78";"215";"0.637"
"2023-03-17 09:24:22.442";"2023-03-17";"09:24:22";"F";"168";"89";"125";"125";"0.288";"15.1";"0.720";"78";"215";"0.637"
"2023-03-17 09:24:52.739";"2023-03-17";"09:24:52";"F";"169";"93";"114";"190";"0.184";"14.7";"0.886";"78";"215";"0.637"
"2023-03-17 09:25:23.033";"2023-03-17";"09:25:23";"F";"170";"94";"109";"285";"0.138";"16.5";"0.972";"78";"215";"0.637"
"2023-03-17 09:25:53.326";"2023-03-17";"09:25:53";"F";"171";"96";"107";"420";"0.103";"18.2";"1.009";"78";"215";"0.637"
"2023-03-17 09:26:23.625";"2023-03-17";"09:26:23";"F";"172";"99";"108";"625";"0.083";"21.8";"0.991";"78";"215";"0.637"
"2023-03-17 09:26:26.348";"2023-03-17";"09:26:26";"SLCE";"";"Light Curve end ";""
"2023-03-17 09:26:57.764";"2023-03-17";"09:26:57";"SLCS";"";"Light Curve start ";"hm44"
"2023-03-17 09:26:57.764";"2023-03-17";"09:26:57";"REG1";"";"#1: alpha: - , ETRm: - , Ik: -   ( beta: - 0.013, ETRmPot: 25.858 )   (Platt et al. 1980) ";""
"2023-03-17 09:26:57.764";"2023-03-17";"09:26:57";"REG2";"";"#1: alpha: 0.187, ETRm: 32.874, Ik: 175.524   (Jassby and Platt 1976) ";""
"2023-03-17 09:26:59.514";"2023-03-17";"09:26:59";"FO";"173";"95";"230";"0";"0.587";"0.0";"-";"95";"230";"0.587"
"2023-03-17 09:27:29.818";"2023-03-17";"09:27:29";"F";"174";"107";"248";"45";"0.569";"10.8";"- 0.073";"95";"230";"0.587"
"2023-03-17 09:28:00.107";"2023-03-17";"09:28:00";"F";"175";"111";"218";"66";"0.491";"13.6";"0.055";"95";"230";"0.587"
"2023-03-17 09:28:30.409";"2023-03-17";"09:28:30";"F";"176";"112";"194";"90";"0.423";"16.0";"0.186";"95";"230";"0.587"
"2023-03-17 09:29:00.699";"2023-03-17";"09:29:00";"F";"177";"115";"181";"125";"0.365";"19.2";"0.271";"95";"230";"0.587"
"2023-03-17 09:29:30.992";"2023-03-17";"09:29:30";"F";"178";"118";"171";"190";"0.310";"24.7";"0.345";"95";"230";"0.587"
"2023-03-17 09:30:01.290";"2023-03-17";"09:30:01";"F";"179";"123";"162";"285";"0.241";"28.8";"0.420";"95";"230";"0.587"
"2023-03-17 09:30:31.584";"2023-03-17";"09:30:31";"F";"180";"129";"157";"420";"0.178";"31.4";"0.465";"95";"230";"0.587"
"2023-03-17 09:31:01.882";"2023-03-17";"09:31:01";"F";"181";"135";"156";"625";"0.135";"35.4";"0.474";"95";"230";"0.587"
"2023-03-17 09:31:04.836";"2023-03-17";"09:31:04";"SLCE";"";"Light Curve end ";""
"2023-03-17 09:32:09.685";"2023-03-17";"09:32:09";"SLCS";"";"Light Curve start ";"hm45"
"2023-03-17 09:32:09.685";"2023-03-17";"09:32:09";"REG1";"";"#1: alpha: 0.334, ETRm: 12.367, Ik: 37.060   ( beta: 0.005, ETRmPot: 13.354 )   (Platt et al. 1980) ";""
"2023-03-17 09:32:09.685";"2023-03-17";"09:32:09";"REG2";"";"#1: alpha: 0.285, ETRm: 11.655, Ik: 40.955   (Jassby and Platt 1976) ";""
"2023-03-17 09:32:11.370";"2023-03-17";"09:32:11";"FO";"182";"143";"391";"0";"0.634";"0.0";"-";"143";"391";"0.634"
"2023-03-17 09:32:41.674";"2023-03-17";"09:32:41";"F";"183";"161";"325";"45";"0.505";"9.5";"0.203";"143";"391";"0.634"
"2023-03-17 09:33:11.965";"2023-03-17";"09:33:11";"F";"184";"160";"260";"66";"0.385";"10.7";"0.504";"143";"391";"0.634"
"2023-03-17 09:33:42.258";"2023-03-17";"09:33:42";"F";"185";"164";"231";"90";"0.290";"11.0";"0.693";"143";"391";"0.634"
"2023-03-17 09:34:12.559";"2023-03-17";"09:34:12";"F";"186";"170";"215";"125";"0.209";"11.0";"0.819";"143";"391";"0.634"
"2023-03-17 09:34:42.849";"2023-03-17";"09:34:42";"F";"187";"173";"205";"190";"0.156";"12.4";"0.907";"143";"391";"0.634"
"2023-03-17 09:35:13.147";"2023-03-17";"09:35:13";"F";"188";"177";"198";"285";"0.106";"12.7";"0.975";"143";"391";"0.634"
"2023-03-17 09:35:43.442";"2023-03-17";"09:35:43";"F";"189";"179";"193";"420";"0.073";"12.9";"1.026";"143";"391";"0.634"
"2023-03-17 09:36:13.739";"2023-03-17";"09:36:13";"F";"190";"185";"192";"625";"0.036";"9.5";"1.036";"143";"391";"0.634"
"2023-03-17 09:36:16.722";"2023-03-17";"09:36:16";"SLCE";"";"Light Curve end ";""
"2023-03-17 09:37:11.209";"2023-03-17";"09:37:11";"SLCS";"";"Light Curve start ";"hm46"
"2023-03-17 09:37:11.209";"2023-03-17";"09:37:11";"REG1";"";"#1: alpha: 0.546, ETRm: 13.131, Ik: 24.052   ( beta: 0.001, ETRmPot: 13.316 )   (Platt et al. 1980) ";""
"2023-03-17 09:37:11.209";"2023-03-17";"09:37:11";"REG2";"";"#1: alpha: 0.368, ETRm: 12.983, Ik: 35.237   (Jassby and Platt 1976) ";""
"2023-03-17 09:37:13.037";"2023-03-17";"09:37:13";"FO";"191";"105";"302";"0";"0.652";"0.0";"-";"105";"302";"0.652"
"2023-03-17 09:37:43.330";"2023-03-17";"09:37:43";"F";"192";"117";"276";"45";"0.576";"10.9";"0.094";"105";"302";"0.652"
"2023-03-17 09:38:13.623";"2023-03-17";"09:38:13";"F";"193";"117";"216";"66";"0.458";"12.7";"0.398";"105";"302";"0.652"
"2023-03-17 09:38:43.919";"2023-03-17";"09:38:43";"F";"194";"119";"182";"90";"0.346";"13.1";"0.659";"105";"302";"0.652"
"2023-03-17 09:39:14.217";"2023-03-17";"09:39:14";"F";"195";"120";"160";"125";"0.250";"13.1";"0.888";"105";"302";"0.652"
"2023-03-17 09:39:44.514";"2023-03-17";"09:39:44";"F";"196";"126";"150";"190";"0.160";"12.8";"1.013";"105";"302";"0.652"
"2023-03-17 09:40:14.811";"2023-03-17";"09:40:14";"F";"197";"129";"145";"285";"0.110";"13.2";"1.083";"105";"302";"0.652"
"2023-03-17 09:40:45.109";"2023-03-17";"09:40:45";"F";"198";"130";"140";"420";"0.071";"12.5";"1.157";"105";"302";"0.652"
"2023-03-17 09:41:15.400";"2023-03-17";"09:41:15";"F";"199";"135";"142";"625";"0.049";"12.9";"1.127";"105";"302";"0.652"
"2023-03-17 09:41:18.107";"2023-03-17";"09:41:18";"SLCE";"";"Light Curve end ";""
"2023-03-17 09:42:16.247";"2023-03-17";"09:42:16";"SLCS";"";"Light Curve start ";"hm47"
"2023-03-17 09:42:16.247";"2023-03-17";"09:42:16";"REG1";"";"#1: alpha: 0.315, ETRm: 25.749, Ik: 81.780   ( beta: 0.035, ETRmPot: 36.959 )   (Platt et al. 1980) ";""
"2023-03-17 09:42:16.247";"2023-03-17";"09:42:16";"REG2";"";"#1: alpha: 0.270, ETRm: 23.918, Ik: 88.568   (Jassby and Platt 1976) ";""
"2023-03-17 09:42:17.987";"2023-03-17";"09:42:17";"FO";"200";"104";"229";"0";"0.546";"0.0";"-";"104";"229";"0.546"
"2023-03-17 09:42:48.292";"2023-03-17";"09:42:48";"F";"201";"119";"265";"45";"0.551";"10.4";"- 0.136";"104";"229";"0.546"
"2023-03-17 09:43:18.581";"2023-03-17";"09:43:18";"F";"202";"120";"259";"66";"0.537";"14.9";"- 0.116";"104";"229";"0.546"
"2023-03-17 09:43:48.878";"2023-03-17";"09:43:48";"F";"203";"117";"229";"90";"0.489";"18.5";"0.000";"104";"229";"0.546"
"2023-03-17 09:44:19.179";"2023-03-17";"09:44:19";"F";"204";"118";"200";"125";"0.410";"21.5";"0.145";"104";"229";"0.546"
"2023-03-17 09:44:49.473";"2023-03-17";"09:44:49";"F";"205";"119";"175";"190";"0.320";"25.5";"0.309";"104";"229";"0.546"
"2023-03-17 09:45:19.769";"2023-03-17";"09:45:19";"F";"206";"122";"155";"285";"0.213";"25.5";"0.477";"104";"229";"0.546"
"2023-03-17 09:45:50.065";"2023-03-17";"09:45:50";"F";"207";"124";"143";"420";"0.133";"23.5";"0.601";"104";"229";"0.546"
"2023-03-17 09:46:20.363";"2023-03-17";"09:46:20";"F";"208";"128";"139";"625";"0.079";"20.7";"0.647";"104";"229";"0.546"
"2023-03-17 09:46:23.297";"2023-03-17";"09:46:23";"SLCE";"";"Light Curve end ";""
"2023-03-17 09:46:40.596";"2023-03-17";"09:46:40";"SLCS";"";"Light Curve start ";"hm48"
"2023-03-17 09:46:40.596";"2023-03-17";"09:46:40";"REG1";"";"#1: alpha: - , ETRm: - , Ik: -   ( beta: - 0.012, ETRmPot: 13.814 )   (Platt et al. 1980) ";""
"2023-03-17 09:46:40.596";"2023-03-17";"09:46:40";"REG2";"";"#1: alpha: 0.263, ETRm: 18.764, Ik: 71.296   (Jassby and Platt 1976) ";""
"2023-03-17 09:46:42.358";"2023-03-17";"09:46:42";"FO";"209";"83";"204";"0";"0.593";"0.0";"-";"83";"204";"0.593"
"2023-03-17 09:47:12.651";"2023-03-17";"09:47:12";"F";"210";"96";"221";"45";"0.566";"10.7";"- 0.077";"83";"204";"0.593"
"2023-03-17 09:47:42.944";"2023-03-17";"09:47:42";"F";"211";"98";"208";"66";"0.529";"14.7";"- 0.019";"83";"204";"0.593"
"2023-03-17 09:48:13.240";"2023-03-17";"09:48:13";"F";"212";"95";"165";"90";"0.424";"16.0";"0.236";"83";"204";"0.593"
"2023-03-17 09:48:43.535";"2023-03-17";"09:48:43";"F";"213";"98";"139";"125";"0.295";"15.5";"0.468";"83";"204";"0.593"
"2023-03-17 09:49:13.835";"2023-03-17";"09:49:13";"F";"214";"99";"125";"190";"0.208";"16.6";"0.632";"83";"204";"0.593"
"2023-03-17 09:49:44.133";"2023-03-17";"09:49:44";"F";"215";"102";"118";"285";"0.136";"16.3";"0.729";"83";"204";"0.593"
"2023-03-17 09:50:14.423";"2023-03-17";"09:50:14";"F";"216";"104";"116";"420";"0.103";"18.2";"0.759";"83";"204";"0.593"
"2023-03-17 09:50:44.726";"2023-03-17";"09:50:44";"F";"217";"105";"116";"625";"0.095";"24.9";"0.759";"83";"204";"0.593"
"2023-03-17 09:50:47.524";"2023-03-17";"09:50:47";"SLCE";"";"Light Curve end ";""
"2023-03-17 09:52:01.362";"2023-03-17";"09:52:01";"SLCS";"";"Light Curve start ";"hm01"
"2023-03-17 09:52:01.362";"2023-03-17";"09:52:01";"REG1";"";"#1: alpha: - , ETRm: - , Ik: -   ( beta: - 0.011, ETRmPot: 18.069 )   (Platt et al. 1980) ";""
"2023-03-17 09:52:01.362";"2023-03-17";"09:52:01";"REG2";"";"#1: alpha: 0.233, ETRm: 23.265, Ik: 99.829   (Jassby and Platt 1976) ";""
"2023-03-17 09:52:03.108";"2023-03-17";"09:52:03";"FO";"218";"121";"353";"0";"0.657";"0.0";"-";"121";"353";"0.657"
"2023-03-17 09:52:33.412";"2023-03-17";"09:52:33";"F";"219";"131";"344";"45";"0.619";"11.7";"0.026";"121";"353";"0.657"
"2023-03-17 09:53:03.706";"2023-03-17";"09:53:03";"F";"220";"133";"285";"66";"0.533";"14.8";"0.239";"121";"353";"0.657"
"2023-03-17 09:53:33.996";"2023-03-17";"09:53:33";"F";"221";"136";"243";"90";"0.440";"16.6";"0.453";"121";"353";"0.657"
"2023-03-17 09:54:04.294";"2023-03-17";"09:54:04";"F";"222";"142";"215";"125";"0.340";"17.9";"0.642";"121";"353";"0.657"
"2023-03-17 09:54:34.596";"2023-03-17";"09:54:34";"F";"223";"149";"195";"190";"0.236";"18.8";"0.810";"121";"353";"0.657"
"2023-03-17 09:55:04.882";"2023-03-17";"09:55:04";"F";"224";"154";"189";"285";"0.185";"22.1";"0.868";"121";"353";"0.657"
"2023-03-17 09:55:35.184";"2023-03-17";"09:55:35";"F";"225";"158";"184";"420";"0.141";"24.9";"0.918";"121";"353";"0.657"
"2023-03-17 09:56:05.480";"2023-03-17";"09:56:05";"F";"226";"164";"182";"625";"0.099";"26.0";"0.940";"121";"353";"0.657"
"2023-03-17 09:56:08.108";"2023-03-17";"09:56:08";"SLCE";"";"Light Curve end ";""
"2023-03-17 09:56:33.333";"2023-03-17";"09:56:33";"SLCS";"";"Light Curve start ";"hm02"
"2023-03-17 09:56:33.333";"2023-03-17";"09:56:33";"REG1";"";"#1: alpha: 0.488, ETRm: 23.563, Ik: 48.243   ( beta: 0.004, ETRmPot: 24.671 )   (Platt et al. 1980) ";""
"2023-03-17 09:56:33.333";"2023-03-17";"09:56:33";"REG2";"";"#1: alpha: 0.358, ETRm: 23.171, Ik: 64.807   (Jassby and Platt 1976) ";""
"2023-03-17 09:56:35.071";"2023-03-17";"09:56:35";"FO";"227";"82";"278";"0";"0.705";"0.0";"-";"82";"278";"0.705"
"2023-03-17 09:57:05.371";"2023-03-17";"09:57:05";"F";"228";"87";"268";"45";"0.675";"12.8";"0.037";"82";"278";"0.705"
"2023-03-17 09:57:35.670";"2023-03-17";"09:57:35";"F";"229";"93";"266";"66";"0.650";"18.0";"0.045";"82";"278";"0.705"
"2023-03-17 09:58:05.958";"2023-03-17";"09:58:05";"F";"230";"92";"212";"90";"0.566";"21.4";"0.311";"82";"278";"0.705"
"2023-03-17 09:58:36.255";"2023-03-17";"09:58:36";"F";"231";"94";"167";"125";"0.437";"22.9";"0.665";"82";"278";"0.705"
"2023-03-17 09:59:06.554";"2023-03-17";"09:59:06";"F";"232";"98";"140";"190";"0.300";"23.9";"0.986";"82";"278";"0.705"
"2023-03-17 09:59:36.854";"2023-03-17";"09:59:36";"F";"233";"103";"128";"285";"0.195";"23.3";"1.172";"82";"278";"0.705"
"2023-03-17 10:00:07.143";"2023-03-17";"10:00:07";"F";"234";"107";"121";"420";"0.116";"20.5";"1.298";"82";"278";"0.705"
"2023-03-17 10:00:37.444";"2023-03-17";"10:00:37";"F";"235";"110";"121";"625";"0.091";"23.9";"1.298";"82";"278";"0.705"
"2023-03-17 10:00:40.760";"2023-03-17";"10:00:40";"SLCE";"";"Light Curve end ";""
"2023-03-17 10:02:46.429";"2023-03-17";"10:02:46";"SLCS";"";"Light Curve start ";"hm03"
"2023-03-17 10:02:46.429";"2023-03-17";"10:02:46";"REG1";"";"#1: alpha: - , ETRm: - , Ik: -   ( beta: - 0.018, ETRmPot: 16.198 )   (Platt et al. 1980) ";""
"2023-03-17 10:02:46.429";"2023-03-17";"10:02:46";"REG2";"";"#1: alpha: 0.151, ETRm: 27.429, Ik: 181.295   (Jassby and Platt 1976) ";""
"2023-03-17 10:02:48.125";"2023-03-17";"10:02:48";"FO";"236";"74";"140";"0";"0.471";"0.0";"-";"74";"140";"0.471"
"2023-03-17 10:03:18.416";"2023-03-17";"10:03:18";"F";"237";"86";"143";"45";"0.399";"7.5";"- 0.021";"74";"140";"0.471"
"2023-03-17 10:03:48.718";"2023-03-17";"10:03:48";"F";"238";"89";"149";"66";"0.403";"11.2";"- 0.060";"74";"140";"0.471"
"2023-03-17 10:04:19.010";"2023-03-17";"10:04:19";"F";"239";"87";"142";"90";"0.387";"14.6";"- 0.014";"74";"140";"0.471"
"2023-03-17 10:04:49.308";"2023-03-17";"10:04:49";"F";"240";"85";"124";"125";"0.315";"16.5";"0.129";"74";"140";"0.471"
"2023-03-17 10:05:19.606";"2023-03-17";"10:05:19";"F";"241";"83";"111";"190";"0.252";"20.1";"0.261";"74";"140";"0.471"
"2023-03-17 10:05:49.896";"2023-03-17";"10:05:49";"F";"242";"84";"103";"285";"0.184";"22.0";"0.359";"74";"140";"0.471"
"2023-03-17 10:06:20.191";"2023-03-17";"10:06:20";"F";"243";"84";"97";"420";"0.134";"23.6";"0.443";"74";"140";"0.471"
"2023-03-17 10:06:50.494";"2023-03-17";"10:06:50";"F";"244";"84";"96";"625";"0.125";"32.8";"0.458";"74";"140";"0.471"
"2023-03-17 10:06:53.377";"2023-03-17";"10:06:53";"SLCE";"";"Light Curve end ";""
"2023-03-17 10:08:44.905";"2023-03-17";"10:08:44";"SLCS";"";"Light Curve start ";"hm04"
"2023-03-17 10:08:44.905";"2023-03-17";"10:08:44";"REG1";"";"#1: alpha: - , ETRm: - , Ik: -   ( beta: - 0.001, ETRmPot: 30.262 )   (Platt et al. 1980) ";""
"2023-03-17 10:08:44.905";"2023-03-17";"10:08:44";"REG2";"";"#1: alpha: 0.246, ETRm: 30.005, Ik: 122.087   (Jassby and Platt 1976) ";""
"2023-03-17 10:08:46.574";"2023-03-17";"10:08:46";"FO";"245";"75";"217";"0";"0.654";"0.0";"-";"75";"217";"0.654"
"2023-03-17 10:09:16.874";"2023-03-17";"10:09:16";"F";"246";"82";"216";"45";"0.620";"11.7";"0.005";"75";"217";"0.654"
"2023-03-17 10:09:47.165";"2023-03-17";"10:09:47";"F";"247";"87";"208";"66";"0.582";"16.1";"0.043";"75";"217";"0.654"
"2023-03-17 10:10:17.464";"2023-03-17";"10:10:17";"F";"248";"84";"169";"90";"0.503";"19.0";"0.284";"75";"217";"0.654"
"2023-03-17 10:10:47.756";"2023-03-17";"10:10:47";"F";"249";"86";"147";"125";"0.415";"21.8";"0.476";"75";"217";"0.654"
"2023-03-17 10:11:18.055";"2023-03-17";"10:11:18";"F";"250";"90";"133";"190";"0.323";"25.8";"0.632";"75";"217";"0.654"
"2023-03-17 10:11:48.345";"2023-03-17";"10:11:48";"F";"251";"92";"122";"285";"0.246";"29.4";"0.779";"75";"217";"0.654"
"2023-03-17 10:12:18.647";"2023-03-17";"10:12:18";"F";"252";"94";"114";"420";"0.175";"30.9";"0.904";"75";"217";"0.654"
"2023-03-17 10:12:48.943";"2023-03-17";"10:12:48";"F";"253";"99";"112";"625";"0.116";"30.5";"0.938";"75";"217";"0.654"
"2023-03-17 10:12:51.907";"2023-03-17";"10:12:51";"SLCE";"";"Light Curve end ";""
"2023-03-17 10:13:37.177";"2023-03-17";"10:13:37";"SLCS";"";"Light Curve start ";"hm05"
"2023-03-17 10:13:37.177";"2023-03-17";"10:13:37";"REG1";"";"#1: alpha: - , ETRm: - , Ik: -   ( beta: - 0.010, ETRmPot: 24.772 )   (Platt et al. 1980) ";""
"2023-03-17 10:13:37.177";"2023-03-17";"10:13:37";"REG2";"";"#1: alpha: 0.216, ETRm: 29.554, Ik: 136.971   (Jassby and Platt 1976) ";""
"2023-03-17 10:13:38.835";"2023-03-17";"10:13:38";"FO";"254";"110";"297";"0";"0.630";"0.0";"-";"110";"297";"0.630"
"2023-03-17 10:14:09.131";"2023-03-17";"10:14:09";"F";"255";"125";"295";"45";"0.576";"10.9";"0.007";"110";"297";"0.630"
"2023-03-17 10:14:39.429";"2023-03-17";"10:14:39";"F";"256";"129";"289";"66";"0.554";"15.4";"0.028";"110";"297";"0.630"
"2023-03-17 10:15:09.726";"2023-03-17";"10:15:09";"F";"257";"129";"243";"90";"0.469";"17.7";"0.222";"110";"297";"0.630"
"2023-03-17 10:15:40.013";"2023-03-17";"10:15:40";"F";"258";"132";"209";"125";"0.368";"19.3";"0.421";"110";"297";"0.630"
"2023-03-17 10:16:10.312";"2023-03-17";"10:16:10";"F";"259";"133";"191";"190";"0.304";"24.3";"0.555";"110";"297";"0.630"
"2023-03-17 10:16:40.607";"2023-03-17";"10:16:40";"F";"260";"137";"178";"285";"0.230";"27.5";"0.669";"110";"297";"0.630"
"2023-03-17 10:17:10.907";"2023-03-17";"10:17:10";"F";"261";"140";"168";"420";"0.167";"29.5";"0.768";"110";"297";"0.630"
"2023-03-17 10:17:41.203";"2023-03-17";"10:17:41";"F";"262";"145";"165";"625";"0.121";"31.8";"0.800";"110";"297";"0.630"
"2023-03-17 10:17:44.206";"2023-03-17";"10:17:44";"SLCE";"";"Light Curve end ";""
"2023-03-17 10:18:19.322";"2023-03-17";"10:18:19";"SLCS";"";"Light Curve start ";"hm06"
"2023-03-17 10:18:19.322";"2023-03-17";"10:18:19";"REG1";"";"#1: alpha: - , ETRm: - , Ik: -   ( beta: - 0.007, ETRmPot: 21.450 )   (Platt et al. 1980) ";""
"2023-03-17 10:18:19.322";"2023-03-17";"10:18:19";"REG2";"";"#1: alpha: 0.261, ETRm: 24.402, Ik: 93.604   (Jassby and Platt 1976) ";""
"2023-03-17 10:18:20.999";"2023-03-17";"10:18:20";"FO";"263";"72";"192";"0";"0.625";"0.0";"-";"72";"192";"0.625"
"2023-03-17 10:18:51.291";"2023-03-17";"10:18:51";"F";"264";"79";"185";"45";"0.573";"10.8";"0.038";"72";"192";"0.625"
"2023-03-17 10:19:21.584";"2023-03-17";"10:19:21";"F";"265";"79";"183";"66";"0.568";"15.7";"0.049";"72";"192";"0.625"
"2023-03-17 10:19:51.881";"2023-03-17";"10:19:51";"F";"266";"77";"151";"90";"0.490";"18.5";"0.272";"72";"192";"0.625"
"2023-03-17 10:20:22.178";"2023-03-17";"10:20:22";"F";"267";"80";"129";"125";"0.380";"20.0";"0.488";"72";"192";"0.625"
"2023-03-17 10:20:52.476";"2023-03-17";"10:20:52";"F";"268";"81";"114";"190";"0.289";"23.1";"0.684";"72";"192";"0.625"
"2023-03-17 10:21:22.771";"2023-03-17";"10:21:22";"F";"269";"81";"101";"285";"0.198";"23.7";"0.901";"72";"192";"0.625"
"2023-03-17 10:21:53.065";"2023-03-17";"10:21:53";"F";"270";"82";"94";"420";"0.128";"22.6";"1.043";"72";"192";"0.625"
"2023-03-17 10:22:23.367";"2023-03-17";"10:22:23";"F";"271";"85";"95";"625";"0.105";"27.6";"1.021";"72";"192";"0.625"
"2023-03-17 10:22:26.581";"2023-03-17";"10:22:26";"SLCE";"";"Light Curve end ";""
"2023-03-17 10:22:54.336";"2023-03-17";"10:22:54";"SLCS";"";"Light Curve start ";"hm07"
"2023-03-17 10:22:54.336";"2023-03-17";"10:22:54";"REG1";"";"#1: alpha: - , ETRm: - , Ik: -   ( beta: - 0.016, ETRmPot: 30.419 )   (Platt et al. 1980) ";""
"2023-03-17 10:22:54.336";"2023-03-17";"10:22:54";"REG2";"";"#1: alpha: 0.217, ETRm: 38.611, Ik: 177.971   (Jassby and Platt 1976) ";""
"2023-03-17 10:22:56.057";"2023-03-17";"10:22:56";"FO";"272";"85";"213";"0";"0.601";"0.0";"-";"85";"213";"0.601"
"2023-03-17 10:23:26.359";"2023-03-17";"10:23:26";"F";"273";"95";"205";"45";"0.537";"10.1";"0.039";"85";"213";"0.601"
"2023-03-17 10:23:56.642";"2023-03-17";"10:23:56";"F";"274";"92";"202";"66";"0.545";"15.1";"0.054";"85";"213";"0.601"
"2023-03-17 10:24:26.950";"2023-03-17";"10:24:26";"F";"275";"93";"188";"90";"0.505";"19.1";"0.133";"85";"213";"0.601"
"2023-03-17 10:24:57.245";"2023-03-17";"10:24:57";"F";"276";"96";"171";"125";"0.439";"23.0";"0.246";"85";"213";"0.601"
"2023-03-17 10:25:27.539";"2023-03-17";"10:25:27";"F";"277";"98";"156";"190";"0.372";"29.7";"0.365";"85";"213";"0.601"
"2023-03-17 10:25:57.829";"2023-03-17";"10:25:57";"F";"278";"100";"140";"285";"0.286";"34.2";"0.521";"85";"213";"0.601"
"2023-03-17 10:26:28.127";"2023-03-17";"10:26:28";"F";"279";"105";"131";"420";"0.198";"34.9";"0.626";"85";"213";"0.601"
"2023-03-17 10:26:58.421";"2023-03-17";"10:26:58";"F";"280";"109";"130";"625";"0.162";"42.5";"0.638";"85";"213";"0.601"
"2023-03-17 10:27:01.444";"2023-03-17";"10:27:01";"SLCE";"";"Light Curve end ";""
"2023-03-17 10:27:39.847";"2023-03-17";"10:27:39";"SLCS";"";"Light Curve start ";"hm08"
"2023-03-17 10:27:39.847";"2023-03-17";"10:27:39";"REG1";"";"#1: alpha: 0.319, ETRm: 29.814, Ik: 93.325   ( beta: 0.031, ETRmPot: 41.270 )   (Platt et al. 1980) ";""
"2023-03-17 10:27:39.847";"2023-03-17";"10:27:39";"REG2";"";"#1: alpha: 0.272, ETRm: 28.317, Ik: 104.218   (Jassby and Platt 1976) ";""
"2023-03-17 10:27:41.616";"2023-03-17";"10:27:41";"FO";"281";"116";"340";"0";"0.659";"0.0";"-";"116";"340";"0.659"
"2023-03-17 10:28:11.912";"2023-03-17";"10:28:11";"F";"282";"134";"320";"45";"0.581";"11.0";"0.063";"116";"340";"0.659"
"2023-03-17 10:28:42.209";"2023-03-17";"10:28:42";"F";"283";"132";"321";"66";"0.589";"16.3";"0.059";"116";"340";"0.659"
"2023-03-17 10:29:12.503";"2023-03-17";"10:29:12";"F";"284";"134";"287";"90";"0.533";"20.1";"0.185";"116";"340";"0.659"
"2023-03-17 10:29:42.801";"2023-03-17";"10:29:42";"F";"285";"134";"236";"125";"0.432";"22.7";"0.441";"116";"340";"0.659"
"2023-03-17 10:30:13.099";"2023-03-17";"10:30:13";"F";"286";"136";"207";"190";"0.343";"27.4";"0.643";"116";"340";"0.659"
"2023-03-17 10:30:43.397";"2023-03-17";"10:30:43";"F";"287";"141";"188";"285";"0.250";"29.9";"0.809";"116";"340";"0.659"
"2023-03-17 10:31:13.692";"2023-03-17";"10:31:13";"F";"288";"142";"170";"420";"0.165";"29.1";"1.000";"116";"340";"0.659"
"2023-03-17 10:31:43.990";"2023-03-17";"10:31:43";"F";"289";"147";"163";"625";"0.098";"25.7";"1.086";"116";"340";"0.659"
"2023-03-17 10:31:47.274";"2023-03-17";"10:31:47";"SLCE";"";"Light Curve end ";""
"2023-03-17 10:32:18.619";"2023-03-17";"10:32:18";"SLCS";"";"Light Curve start ";"hm09"
"2023-03-17 10:32:18.619";"2023-03-17";"10:32:18";"REG1";"";"#1: alpha: - , ETRm: - , Ik: -   ( beta: - 0.004, ETRmPot: 21.440 )   (Platt et al. 1980) ";""
"2023-03-17 10:32:18.619";"2023-03-17";"10:32:18";"REG2";"";"#1: alpha: 0.301, ETRm: 22.874, Ik: 76.093   (Jassby and Platt 1976) ";""
"2023-03-17 10:32:20.277";"2023-03-17";"10:32:20";"FO";"290";"100";"307";"0";"0.674";"0.0";"-";"100";"307";"0.674"
"2023-03-17 10:32:50.580";"2023-03-17";"10:32:50";"F";"291";"109";"296";"45";"0.632";"11.9";"0.037";"100";"307";"0.674"
"2023-03-17 10:33:20.877";"2023-03-17";"10:33:20";"F";"292";"112";"278";"66";"0.597";"16.5";"0.104";"100";"307";"0.674"
"2023-03-17 10:33:51.170";"2023-03-17";"10:33:51";"F";"293";"106";"214";"90";"0.505";"19.1";"0.435";"100";"307";"0.674"
"2023-03-17 10:34:21.462";"2023-03-17";"10:34:21";"F";"294";"108";"179";"125";"0.397";"20.8";"0.715";"100";"307";"0.674"
"2023-03-17 10:34:51.763";"2023-03-17";"10:34:51";"F";"295";"112";"153";"190";"0.268";"21.4";"1.007";"100";"307";"0.674"
"2023-03-17 10:35:22.061";"2023-03-17";"10:35:22";"F";"296";"114";"142";"285";"0.197";"23.6";"1.162";"100";"307";"0.674"
"2023-03-17 10:35:52.350";"2023-03-17";"10:35:52";"F";"297";"119";"135";"420";"0.119";"21.0";"1.274";"100";"307";"0.674"
"2023-03-17 10:36:22.645";"2023-03-17";"10:36:22";"F";"298";"122";"135";"625";"0.096";"25.2";"1.274";"100";"307";"0.674"
"2023-03-17 10:36:25.878";"2023-03-17";"10:36:25";"SLCE";"";"Light Curve end ";""
"2023-03-17 10:36:53.236";"2023-03-17";"10:36:53";"SLCS";"";"Light Curve start ";"hm10"
"2023-03-17 10:36:53.236";"2023-03-17";"10:36:53";"REG1";"";"#1: alpha: - , ETRm: - , Ik: -   ( beta: - 0.006, ETRmPot: 16.944 )   (Platt et al. 1980) ";""
"2023-03-17 10:36:53.236";"2023-03-17";"10:36:53";"REG2";"";"#1: alpha: 0.319, ETRm: 18.928, Ik: 59.388   (Jassby and Platt 1976) ";""
"2023-03-17 10:36:54.940";"2023-03-17";"10:36:54";"FO";"299";"116";"325";"0";"0.643";"0.0";"-";"116";"325";"0.643"
"2023-03-17 10:37:25.238";"2023-03-17";"10:37:25";"F";"300";"123";"324";"45";"0.620";"11.7";"0.003";"116";"325";"0.643"
"2023-03-17 10:37:55.538";"2023-03-17";"10:37:55";"F";"301";"124";"287";"66";"0.568";"15.7";"0.132";"116";"325";"0.643"
"2023-03-17 10:38:25.835";"2023-03-17";"10:38:25";"F";"302";"124";"232";"90";"0.466";"17.6";"0.401";"116";"325";"0.643"
"2023-03-17 10:38:56.126";"2023-03-17";"10:38:56";"F";"303";"129";"194";"125";"0.335";"17.6";"0.675";"116";"325";"0.643"
"2023-03-17 10:39:26.421";"2023-03-17";"10:39:26";"F";"304";"133";"172";"190";"0.227";"18.1";"0.890";"116";"325";"0.643"
"2023-03-17 10:39:56.722";"2023-03-17";"10:39:56";"F";"305";"137";"160";"285";"0.144";"17.2";"1.031";"116";"325";"0.643"
"2023-03-17 10:40:27.018";"2023-03-17";"10:40:27";"F";"306";"141";"158";"420";"0.108";"19.1";"1.057";"116";"325";"0.643"
"2023-03-17 10:40:57.307";"2023-03-17";"10:40:57";"F";"307";"145";"158";"625";"0.082";"21.5";"1.057";"116";"325";"0.643"
"2023-03-17 10:40:59.836";"2023-03-17";"10:40:59";"SLCE";"";"Light Curve end ";""
"2023-03-17 10:41:31.177";"2023-03-17";"10:41:31";"SLCS";"";"Light Curve start ";"hm11"
"2023-03-17 10:41:31.177";"2023-03-17";"10:41:31";"REG1";"";"#1: alpha: - , ETRm: - , Ik: -   ( beta: - 0.007, ETRmPot: 19.259 )   (Platt et al. 1980) ";""
"2023-03-17 10:41:31.177";"2023-03-17";"10:41:31";"REG2";"";"#1: alpha: 0.155, ETRm: 22.679, Ik: 146.473   (Jassby and Platt 1976) ";""
"2023-03-17 10:41:32.901";"2023-03-17";"10:41:32";"FO";"308";"92";"182";"0";"0.495";"0.0";"-";"92";"182";"0.495"
"2023-03-17 10:42:03.206";"2023-03-17";"10:42:03";"F";"309";"130";"213";"45";"0.390";"7.4";"- 0.146";"92";"182";"0.495"
"2023-03-17 10:42:33.496";"2023-03-17";"10:42:33";"F";"310";"146";"235";"66";"0.379";"10.5";"- 0.226";"92";"182";"0.495"
"2023-03-17 10:43:03.791";"2023-03-17";"10:43:03";"F";"311";"150";"233";"90";"0.356";"13.5";"- 0.219";"92";"182";"0.495"
"2023-03-17 10:43:34.090";"2023-03-17";"10:43:34";"F";"312";"155";"219";"125";"0.292";"15.3";"- 0.169";"92";"182";"0.495"
"2023-03-17 10:44:04.383";"2023-03-17";"10:44:04";"F";"313";"155";"199";"190";"0.221";"17.6";"- 0.085";"92";"182";"0.495"
"2023-03-17 10:44:34.676";"2023-03-17";"10:44:34";"F";"314";"154";"186";"285";"0.172";"20.6";"- 0.022";"92";"182";"0.495"
"2023-03-17 10:45:04.972";"2023-03-17";"10:45:04";"F";"315";"154";"177";"420";"0.130";"22.9";"0.028";"92";"182";"0.495"
"2023-03-17 10:45:35.274";"2023-03-17";"10:45:35";"F";"316";"157";"173";"625";"0.092";"24.2";"0.052";"92";"182";"0.495"
"2023-03-17 10:45:38.233";"2023-03-17";"10:45:38";"SLCE";"";"Light Curve end ";""
"2023-03-17 10:45:56.927";"2023-03-17";"10:45:56";"SLCS";"";"Light Curve start ";"hm12"
"2023-03-17 10:45:56.927";"2023-03-17";"10:45:56";"REG1";"";"#1: alpha: - , ETRm: - , Ik: -   ( beta: - 0.016, ETRmPot: 25.548 )   (Platt et al. 1980) ";""
"2023-03-17 10:45:56.927";"2023-03-17";"10:45:56";"REG2";"";"#1: alpha: 0.206, ETRm: 34.119, Ik: 165.831   (Jassby and Platt 1976) ";""
"2023-03-17 10:45:58.666";"2023-03-17";"10:45:58";"FO";"317";"87";"208";"0";"0.582";"0.0";"-";"87";"208";"0.582"
"2023-03-17 10:46:28.968";"2023-03-17";"10:46:28";"F";"318";"93";"211";"45";"0.559";"10.6";"- 0.014";"87";"208";"0.582"
"2023-03-17 10:46:59.258";"2023-03-17";"10:46:59";"F";"319";"98";"214";"66";"0.542";"15.0";"- 0.028";"87";"208";"0.582"
"2023-03-17 10:47:29.559";"2023-03-17";"10:47:29";"F";"320";"97";"183";"90";"0.470";"17.8";"0.137";"87";"208";"0.582"
"2023-03-17 10:47:59.854";"2023-03-17";"10:47:59";"F";"321";"99";"166";"125";"0.404";"21.2";"0.253";"87";"208";"0.582"
"2023-03-17 10:48:30.151";"2023-03-17";"10:48:30";"F";"322";"99";"146";"190";"0.322";"25.7";"0.425";"87";"208";"0.582"
"2023-03-17 10:49:00.442";"2023-03-17";"10:49:00";"F";"323";"100";"134";"285";"0.254";"30.4";"0.552";"87";"208";"0.582"
"2023-03-17 10:49:30.745";"2023-03-17";"10:49:30";"F";"324";"104";"127";"420";"0.181";"31.9";"0.638";"87";"208";"0.582"
"2023-03-17 10:50:01.033";"2023-03-17";"10:50:01";"F";"325";"107";"125";"625";"0.144";"37.8";"0.664";"87";"208";"0.582"
"2023-03-17 10:50:04.020";"2023-03-17";"10:50:04";"SLCE";"";"Light Curve end ";""
"2023-03-17 10:51:03.740";"2023-03-17";"10:51:03";"SLCS";"";"Light Curve start ";"hm13"
"2023-03-17 10:51:03.740";"2023-03-17";"10:51:03";"REG1";"";"#1: alpha: 0.306, ETRm: 31.475, Ik: 102.792   ( beta: 0.018, ETRmPot: 39.440 )   (Platt et al. 1980) ";""
"2023-03-17 10:51:03.740";"2023-03-17";"10:51:03";"REG2";"";"#1: alpha: 0.252, ETRm: 30.633, Ik: 121.577   (Jassby and Platt 1976) ";""
"2023-03-17 10:51:05.426";"2023-03-17";"10:51:05";"FO";"326";"146";"405";"0";"0.640";"0.0";"-";"146";"405";"0.640"
"2023-03-17 10:51:35.723";"2023-03-17";"10:51:35";"F";"327";"161";"392";"45";"0.589";"11.1";"0.033";"146";"405";"0.640"
"2023-03-17 10:52:06.023";"2023-03-17";"10:52:06";"F";"328";"166";"391";"66";"0.575";"15.9";"0.036";"146";"405";"0.640"
"2023-03-17 10:52:36.316";"2023-03-17";"10:52:36";"F";"329";"167";"350";"90";"0.523";"19.8";"0.157";"146";"405";"0.640"
"2023-03-17 10:53:06.612";"2023-03-17";"10:53:06";"F";"330";"170";"296";"125";"0.426";"22.4";"0.368";"146";"405";"0.640"
"2023-03-17 10:53:36.908";"2023-03-17";"10:53:36";"F";"331";"174";"264";"190";"0.341";"27.2";"0.534";"146";"405";"0.640"
"2023-03-17 10:54:07.203";"2023-03-17";"10:54:07";"F";"332";"177";"240";"285";"0.263";"31.5";"0.688";"146";"405";"0.640"
"2023-03-17 10:54:37.497";"2023-03-17";"10:54:37";"F";"333";"185";"225";"420";"0.178";"31.4";"0.800";"146";"405";"0.640"
"2023-03-17 10:55:07.796";"2023-03-17";"10:55:07";"F";"334";"190";"214";"625";"0.112";"29.4";"0.893";"146";"405";"0.640"
"2023-03-17 10:55:10.250";"2023-03-17";"10:55:10";"SLCE";"";"Light Curve end ";""
"2023-03-17 10:55:53.376";"2023-03-17";"10:55:53";"SLCS";"";"Light Curve start ";"hm14"
"2023-03-17 10:55:53.376";"2023-03-17";"10:55:53";"REG1";"";"#1: alpha: 0.286, ETRm: 36.950, Ik: 129.108   ( beta: 0.001, ETRmPot: 37.909 )   (Platt et al. 1980) ";""
"2023-03-17 10:55:53.376";"2023-03-17";"10:55:53";"REG2";"";"#1: alpha: 0.224, ETRm: 36.044, Ik: 161.169   (Jassby and Platt 1976) ";""
"2023-03-17 10:55:55.089";"2023-03-17";"10:55:55";"FO";"335";"105";"277";"0";"0.621";"0.0";"-";"105";"277";"0.621"
"2023-03-17 10:56:25.382";"2023-03-17";"10:56:25";"F";"336";"112";"262";"45";"0.573";"10.8";"0.057";"105";"277";"0.621"
"2023-03-17 10:56:55.683";"2023-03-17";"10:56:55";"F";"337";"117";"263";"66";"0.555";"15.4";"0.053";"105";"277";"0.621"
"2023-03-17 10:57:25.973";"2023-03-17";"10:57:25";"F";"338";"118";"236";"90";"0.500";"18.9";"0.174";"105";"277";"0.621"
"2023-03-17 10:57:56.266";"2023-03-17";"10:57:56";"F";"339";"118";"207";"125";"0.430";"22.6";"0.338";"105";"277";"0.621"
"2023-03-17 10:58:26.562";"2023-03-17";"10:58:26";"F";"340";"120";"186";"190";"0.355";"28.3";"0.489";"105";"277";"0.621"
"2023-03-17 10:58:56.863";"2023-03-17";"10:58:56";"F";"341";"121";"168";"285";"0.280";"33.5";"0.649";"105";"277";"0.621"
"2023-03-17 10:59:27.164";"2023-03-17";"10:59:27";"F";"342";"125";"157";"420";"0.204";"36.0";"0.764";"105";"277";"0.621"
"2023-03-17 10:59:57.457";"2023-03-17";"10:59:57";"F";"343";"129";"150";"625";"0.140";"36.8";"0.847";"105";"277";"0.621"
"2023-03-17 11:00:00.400";"2023-03-17";"11:00:00";"SLCE";"";"Light Curve end ";""
"2023-03-17 11:00:57.833";"2023-03-17";"11:00:57";"SLCS";"";"Light Curve start ";"hm15"
"2023-03-17 11:00:57.833";"2023-03-17";"11:00:57";"REG1";"";"#1: alpha: 0.294, ETRm: 35.522, Ik: 120.711   ( beta: 0.027, ETRmPot: 48.732 )   (Platt et al. 1980) ";""
"2023-03-17 11:00:57.833";"2023-03-17";"11:00:57";"REG2";"";"#1: alpha: 0.247, ETRm: 34.703, Ik: 140.757   (Jassby and Platt 1976) ";""
"2023-03-17 11:00:59.550";"2023-03-17";"11:00:59";"FO";"344";"105";"238";"0";"0.559";"0.0";"-";"105";"238";"0.559"
"2023-03-17 11:01:29.841";"2023-03-17";"11:01:29";"F";"345";"115";"251";"45";"0.542";"10.2";"- 0.052";"105";"238";"0.559"
"2023-03-17 11:02:00.141";"2023-03-17";"11:02:00";"F";"346";"119";"259";"66";"0.541";"15.0";"- 0.081";"105";"238";"0.559"
"2023-03-17 11:02:30.432";"2023-03-17";"11:02:30";"F";"347";"118";"255";"90";"0.537";"20.3";"- 0.067";"105";"238";"0.559"
"2023-03-17 11:03:00.725";"2023-03-17";"11:03:00";"F";"348";"121";"227";"125";"0.467";"24.5";"0.048";"105";"238";"0.559"
"2023-03-17 11:03:31.022";"2023-03-17";"11:03:31";"F";"349";"120";"193";"190";"0.378";"30.2";"0.233";"105";"238";"0.559"
"2023-03-17 11:04:01.325";"2023-03-17";"11:04:01";"F";"350";"124";"172";"285";"0.279";"33.4";"0.384";"105";"238";"0.559"
"2023-03-17 11:04:31.618";"2023-03-17";"11:04:31";"F";"351";"126";"158";"420";"0.203";"35.8";"0.506";"105";"238";"0.559"
"2023-03-17 11:05:01.909";"2023-03-17";"11:05:01";"F";"352";"130";"149";"625";"0.128";"33.6";"0.597";"105";"238";"0.559"
"2023-03-17 11:05:04.884";"2023-03-17";"11:05:04";"SLCE";"";"Light Curve end ";""
"2023-03-17 11:05:48.916";"2023-03-17";"11:05:48";"SLCS";"";"Light Curve start ";"hm16"
"2023-03-17 11:05:48.916";"2023-03-17";"11:05:48";"REG1";"";"#1: alpha: 0.300, ETRm: 37.519, Ik: 124.870   ( beta: 0.073, ETRmPot: 69.362 )   (Platt et al. 1980) ";""
"2023-03-17 11:05:48.916";"2023-03-17";"11:05:48";"REG2";"";"#1: alpha: 0.262, ETRm: 36.054, Ik: 137.787   (Jassby and Platt 1976) ";""
"2023-03-17 11:05:50.606";"2023-03-17";"11:05:50";"FO";"353";"128";"341";"0";"0.625";"0.0";"-";"128";"341";"0.625"
"2023-03-17 11:06:20.897";"2023-03-17";"11:06:20";"F";"354";"140";"337";"45";"0.585";"11.1";"0.012";"128";"341";"0.625"
"2023-03-17 11:06:51.199";"2023-03-17";"11:06:51";"F";"355";"142";"340";"66";"0.582";"16.1";"0.003";"128";"341";"0.625"
"2023-03-17 11:07:21.491";"2023-03-17";"11:07:21";"F";"356";"144";"333";"90";"0.568";"21.5";"0.024";"128";"341";"0.625"
"2023-03-17 11:07:51.791";"2023-03-17";"11:07:51";"F";"357";"145";"277";"125";"0.477";"25.0";"0.231";"128";"341";"0.625"
"2023-03-17 11:08:22.083";"2023-03-17";"11:08:22";"F";"358";"144";"236";"190";"0.390";"31.1";"0.445";"128";"341";"0.625"
"2023-03-17 11:08:52.385";"2023-03-17";"11:08:52";"F";"359";"148";"215";"285";"0.312";"37.3";"0.586";"128";"341";"0.625"
"2023-03-17 11:09:22.678";"2023-03-17";"11:09:22";"F";"360";"151";"191";"420";"0.209";"36.9";"0.785";"128";"341";"0.625"
"2023-03-17 11:09:52.972";"2023-03-17";"11:09:52";"F";"361";"157";"180";"625";"0.128";"33.6";"0.894";"128";"341";"0.625"
"2023-03-17 11:09:56.245";"2023-03-17";"11:09:56";"SLCE";"";"Light Curve end ";""
"2023-03-17 11:11:25.959";"2023-03-17";"11:11:25";"SLCS";"";"Light Curve start ";"hm17"
"2023-03-17 11:11:25.959";"2023-03-17";"11:11:25";"REG1";"";"#1: alpha: - , ETRm: - , Ik: -   ( beta: - 0.005, ETRmPot: 20.812 )   (Platt et al. 1980) ";""
"2023-03-17 11:11:25.959";"2023-03-17";"11:11:25";"REG2";"";"#1: alpha: 0.299, ETRm: 22.711, Ik: 75.907   (Jassby and Platt 1976) ";""
"2023-03-17 11:11:27.763";"2023-03-17";"11:11:27";"FO";"362";"70";"235";"0";"0.702";"0.0";"-";"70";"235";"0.702"
"2023-03-17 11:11:58.049";"2023-03-17";"11:11:58";"F";"363";"75";"230";"45";"0.674";"12.7";"0.022";"70";"235";"0.702"
"2023-03-17 11:12:28.348";"2023-03-17";"11:12:28";"F";"364";"82";"201";"66";"0.592";"16.4";"0.169";"70";"235";"0.702"
"2023-03-17 11:12:58.649";"2023-03-17";"11:12:58";"F";"365";"80";"154";"90";"0.481";"18.2";"0.526";"70";"235";"0.702"
"2023-03-17 11:13:28.940";"2023-03-17";"11:13:28";"F";"366";"82";"135";"125";"0.393";"20.6";"0.741";"70";"235";"0.702"
"2023-03-17 11:13:59.244";"2023-03-17";"11:13:59";"F";"367";"87";"117";"190";"0.256";"20.4";"1.009";"70";"235";"0.702"
"2023-03-17 11:14:29.534";"2023-03-17";"11:14:29";"F";"368";"88";"109";"285";"0.193";"23.1";"1.156";"70";"235";"0.702"
"2023-03-17 11:14:59.829";"2023-03-17";"11:14:59";"F";"369";"94";"108";"420";"0.130";"22.9";"1.176";"70";"235";"0.702"
"2023-03-17 11:15:30.132";"2023-03-17";"11:15:30";"F";"370";"97";"107";"625";"0.093";"24.4";"1.196";"70";"235";"0.702"
"2023-03-17 11:15:32.460";"2023-03-17";"11:15:32";"SLCE";"";"Light Curve end ";""
"2023-03-17 11:17:59.695";"2023-03-17";"11:17:59";"SLCS";"";"Light Curve start ";"hm18"
"2023-03-17 11:17:59.695";"2023-03-17";"11:17:59";"REG1";"";"#1: alpha: - , ETRm: - , Ik: -   ( beta: - 0.002, ETRmPot: 9.660 )   (Platt et al. 1980) ";""
"2023-03-17 11:17:59.695";"2023-03-17";"11:17:59";"REG2";"";"#1: alpha: 0.415, ETRm: 10.294, Ik: 24.821   (Jassby and Platt 1976) ";""
"2023-03-17 11:18:01.408";"2023-03-17";"11:18:01";"FO";"371";"103";"248";"0";"0.585";"0.0";"-";"103";"248";"0.585"
"2023-03-17 11:18:31.699";"2023-03-17";"11:18:31";"F";"372";"132";"270";"45";"0.511";"9.7";"- 0.081";"103";"248";"0.585"
"2023-03-17 11:19:01.987";"2023-03-17";"11:19:01";"F";"373";"152";"240";"66";"0.367";"10.2";"0.033";"103";"248";"0.585"
"2023-03-17 11:19:32.295";"2023-03-17";"11:19:32";"F";"374";"155";"221";"90";"0.299";"11.3";"0.122";"103";"248";"0.585"
"2023-03-17 11:20:02.591";"2023-03-17";"11:20:02";"F";"375";"162";"203";"125";"0.202";"10.6";"0.222";"103";"248";"0.585"
"2023-03-17 11:20:32.890";"2023-03-17";"11:20:32";"F";"376";"167";"191";"190";"0.126";"10.1";"0.298";"103";"248";"0.585"
"2023-03-17 11:21:03.181";"2023-03-17";"11:21:03";"F";"377";"171";"183";"285";"0.066";"7.9";"0.355";"103";"248";"0.585"
"2023-03-17 11:21:33.473";"2023-03-17";"11:21:33";"F";"378";"171";"180";"420";"0.050";"8.8";"0.378";"103";"248";"0.585"
"2023-03-17 11:22:03.776";"2023-03-17";"11:22:03";"F";"379";"172";"181";"625";"0.050";"13.1";"0.370";"103";"248";"0.585"
"2023-03-17 11:22:06.359";"2023-03-17";"11:22:06";"SLCE";"";"Light Curve end ";""
"2023-03-17 11:22:36.654";"2023-03-17";"11:22:36";"SLCS";"";"Light Curve start ";"hm19"
"2023-03-17 11:22:36.654";"2023-03-17";"11:22:36";"REG1";"";"#1: alpha: 0.338, ETRm: 34.825, Ik: 103.162   ( beta: 0.028, ETRmPot: 46.505 )   (Platt et al. 1980) ";""
"2023-03-17 11:22:36.654";"2023-03-17";"11:22:36";"REG2";"";"#1: alpha: 0.282, ETRm: 33.644, Ik: 119.101   (Jassby and Platt 1976) ";""
"2023-03-17 11:22:38.367";"2023-03-17";"11:22:38";"FO";"380";"101";"285";"0";"0.646";"0.0";"-";"101";"285";"0.646"
"2023-03-17 11:23:08.666";"2023-03-17";"11:23:08";"F";"381";"106";"283";"45";"0.625";"11.8";"0.007";"101";"285";"0.646"
"2023-03-17 11:23:38.963";"2023-03-17";"11:23:38";"F";"382";"107";"279";"66";"0.616";"17.1";"0.022";"101";"285";"0.646"
"2023-03-17 11:24:09.259";"2023-03-17";"11:24:09";"F";"383";"110";"264";"90";"0.583";"22.0";"0.080";"101";"285";"0.646"
"2023-03-17 11:24:39.554";"2023-03-17";"11:24:39";"F";"384";"114";"225";"125";"0.493";"25.9";"0.267";"101";"285";"0.646"
"2023-03-17 11:25:09.852";"2023-03-17";"11:25:09";"F";"385";"116";"187";"190";"0.380";"30.3";"0.524";"101";"285";"0.646"
"2023-03-17 11:25:40.146";"2023-03-17";"11:25:40";"F";"386";"117";"165";"285";"0.291";"34.8";"0.727";"101";"285";"0.646"
"2023-03-17 11:26:10.439";"2023-03-17";"11:26:10";"F";"387";"120";"149";"420";"0.195";"34.4";"0.913";"101";"285";"0.646"
"2023-03-17 11:26:40.735";"2023-03-17";"11:26:40";"F";"388";"123";"140";"625";"0.121";"31.8";"1.036";"101";"285";"0.646"
"2023-03-17 11:26:43.508";"2023-03-17";"11:26:43";"SLCE";"";"Light Curve end ";""
"2023-03-17 11:27:26.741";"2023-03-17";"11:27:26";"SLCS";"";"Light Curve start ";"hm20"
"2023-03-17 11:27:26.741";"2023-03-17";"11:27:26";"REG1";"";"#1: alpha: 0.323, ETRm: 29.717, Ik: 91.988   ( beta: 0.005, ETRmPot: 32.313 )   (Platt et al. 1980) ";""
"2023-03-17 11:27:26.741";"2023-03-17";"11:27:26";"REG2";"";"#1: alpha: 0.254, ETRm: 29.222, Ik: 115.133   (Jassby and Platt 1976) ";""
"2023-03-17 11:27:28.425";"2023-03-17";"11:27:28";"FO";"389";"101";"265";"0";"0.619";"0.0";"-";"101";"265";"0.619"
"2023-03-17 11:27:58.724";"2023-03-17";"11:27:58";"F";"390";"116";"271";"45";"0.572";"10.8";"- 0.022";"101";"265";"0.619"
"2023-03-17 11:28:29.021";"2023-03-17";"11:28:29";"F";"391";"118";"274";"66";"0.569";"15.8";"- 0.033";"101";"265";"0.619"
"2023-03-17 11:28:59.315";"2023-03-17";"11:28:59";"F";"392";"118";"241";"90";"0.510";"19.3";"0.100";"101";"265";"0.619"
"2023-03-17 11:29:29.611";"2023-03-17";"11:29:29";"F";"393";"118";"208";"125";"0.433";"22.7";"0.274";"101";"265";"0.619"
"2023-03-17 11:29:59.912";"2023-03-17";"11:29:59";"F";"394";"121";"182";"190";"0.335";"26.7";"0.456";"101";"265";"0.619"
"2023-03-17 11:30:30.203";"2023-03-17";"11:30:30";"F";"395";"123";"161";"285";"0.236";"28.2";"0.646";"101";"265";"0.619"
"2023-03-17 11:31:00.498";"2023-03-17";"11:31:00";"F";"396";"124";"150";"420";"0.173";"30.5";"0.767";"101";"265";"0.619"
"2023-03-17 11:31:30.800";"2023-03-17";"11:31:30";"F";"397";"130";"146";"625";"0.110";"28.9";"0.815";"101";"265";"0.619"
"2023-03-17 11:31:33.354";"2023-03-17";"11:31:33";"SLCE";"";"Light Curve end ";""
"2023-03-17 11:31:59.783";"2023-03-17";"11:31:59";"SLCS";"";"Light Curve start ";"hm21"
"2023-03-17 11:31:59.783";"2023-03-17";"11:31:59";"REG1";"";"#1: alpha: - , ETRm: - , Ik: -   ( beta: - 0.003, ETRmPot: 20.307 )   (Platt et al. 1980) ";""
"2023-03-17 11:31:59.783";"2023-03-17";"11:31:59";"REG2";"";"#1: alpha: 0.272, ETRm: 21.135, Ik: 77.627   (Jassby and Platt 1976) ";""
"2023-03-17 11:32:01.488";"2023-03-17";"11:32:01";"FO";"398";"94";"277";"0";"0.661";"0.0";"-";"94";"277";"0.661"
"2023-03-17 11:32:31.786";"2023-03-17";"11:32:31";"F";"399";"106";"270";"45";"0.607";"11.5";"0.026";"94";"277";"0.661"
"2023-03-17 11:33:02.084";"2023-03-17";"11:33:02";"F";"400";"112";"256";"66";"0.563";"15.6";"0.082";"94";"277";"0.661"
"2023-03-17 11:33:32.375";"2023-03-17";"11:33:32";"F";"401";"108";"195";"90";"0.446";"16.9";"0.421";"94";"277";"0.661"
"2023-03-17 11:34:02.677";"2023-03-17";"11:34:02";"F";"402";"111";"166";"125";"0.331";"17.4";"0.669";"94";"277";"0.661"
"2023-03-17 11:34:32.967";"2023-03-17";"11:34:32";"F";"403";"112";"153";"190";"0.268";"21.4";"0.810";"94";"277";"0.661"
"2023-03-17 11:35:03.265";"2023-03-17";"11:35:03";"F";"404";"114";"138";"285";"0.174";"20.8";"1.007";"94";"277";"0.661"
"2023-03-17 11:35:33.559";"2023-03-17";"11:35:33";"F";"405";"116";"132";"420";"0.121";"21.3";"1.098";"94";"277";"0.661"
"2023-03-17 11:36:03.862";"2023-03-17";"11:36:03";"F";"406";"120";"131";"625";"0.084";"22.1";"1.115";"94";"277";"0.661"
"2023-03-17 11:36:06.425";"2023-03-17";"11:36:06";"SLCE";"";"Light Curve end ";""
"2023-03-17 11:37:10.986";"2023-03-17";"11:37:10";"SLCS";"";"Light Curve start ";"hm22"
"2023-03-17 11:37:10.986";"2023-03-17";"11:37:10";"REG1";"";"#1: alpha: 0.398, ETRm: 24.501, Ik: 61.554   ( beta: 0.000, ETRmPot: 24.652 )   (Platt et al. 1980) ";""
"2023-03-17 11:37:10.986";"2023-03-17";"11:37:10";"REG2";"";"#1: alpha: 0.290, ETRm: 24.289, Ik: 83.779   (Jassby and Platt 1976) ";""
"2023-03-17 11:37:12.744";"2023-03-17";"11:37:12";"FO";"407";"113";"306";"0";"0.631";"0.0";"-";"113";"306";"0.631"
"2023-03-17 11:37:43.049";"2023-03-17";"11:37:43";"F";"408";"126";"289";"45";"0.564";"10.7";"0.059";"113";"306";"0.631"
"2023-03-17 11:38:13.338";"2023-03-17";"11:38:13";"F";"409";"127";"289";"66";"0.561";"15.6";"0.059";"113";"306";"0.631"
"2023-03-17 11:38:43.641";"2023-03-17";"11:38:43";"F";"410";"130";"286";"90";"0.545";"20.6";"0.070";"113";"306";"0.631"
"2023-03-17 11:39:13.933";"2023-03-17";"11:39:13";"F";"411";"133";"229";"125";"0.419";"22.0";"0.336";"113";"306";"0.631"
"2023-03-17 11:39:44.226";"2023-03-17";"11:39:44";"F";"412";"131";"190";"190";"0.311";"24.8";"0.611";"113";"306";"0.631"
"2023-03-17 11:40:14.521";"2023-03-17";"11:40:14";"F";"413";"133";"166";"285";"0.199";"23.8";"0.843";"113";"306";"0.631"
"2023-03-17 11:40:44.823";"2023-03-17";"11:40:44";"F";"414";"135";"154";"420";"0.123";"21.7";"0.987";"113";"306";"0.631"
"2023-03-17 11:41:15.113";"2023-03-17";"11:41:15";"F";"415";"137";"152";"625";"0.099";"26.0";"1.013";"113";"306";"0.631"
"2023-03-17 11:41:17.886";"2023-03-17";"11:41:17";"SLCE";"";"Light Curve end ";""
"2023-03-17 11:43:44.879";"2023-03-17";"11:43:44";"SLCS";"";"Light Curve start ";"hm23"
"2023-03-17 11:43:44.879";"2023-03-17";"11:43:44";"REG1";"";"#1: alpha: 0.324, ETRm: 41.173, Ik: 127.044   ( beta: 0.007, ETRmPot: 45.590 )   (Platt et al. 1980) ";""
"2023-03-17 11:43:44.879";"2023-03-17";"11:43:44";"REG2";"";"#1: alpha: 0.259, ETRm: 40.525, Ik: 156.371   (Jassby and Platt 1976) ";""
"2023-03-17 11:43:46.596";"2023-03-17";"11:43:46";"FO";"416";"85";"232";"0";"0.634";"0.0";"-";"85";"232";"0.634"
"2023-03-17 11:44:16.894";"2023-03-17";"11:44:16";"F";"417";"90";"227";"45";"0.604";"11.4";"0.022";"85";"232";"0.634"
"2023-03-17 11:44:47.182";"2023-03-17";"11:44:47";"F";"418";"90";"225";"66";"0.600";"16.6";"0.031";"85";"232";"0.634"
"2023-03-17 11:45:17.479";"2023-03-17";"11:45:17";"F";"419";"92";"215";"90";"0.572";"21.6";"0.079";"85";"232";"0.634"
"2023-03-17 11:45:47.780";"2023-03-17";"11:45:47";"F";"420";"94";"196";"125";"0.520";"27.3";"0.184";"85";"232";"0.634"
"2023-03-17 11:46:18.069";"2023-03-17";"11:46:18";"F";"421";"97";"165";"190";"0.412";"32.9";"0.406";"85";"232";"0.634"
"2023-03-17 11:46:48.367";"2023-03-17";"11:46:48";"F";"422";"98";"142";"285";"0.310";"37.1";"0.634";"85";"232";"0.634"
"2023-03-17 11:47:18.671";"2023-03-17";"11:47:18";"F";"423";"99";"129";"420";"0.233";"41.1";"0.798";"85";"232";"0.634"
"2023-03-17 11:47:48.966";"2023-03-17";"11:47:48";"F";"424";"103";"122";"625";"0.156";"41.0";"0.902";"85";"232";"0.634"
"2023-03-17 11:47:51.620";"2023-03-17";"11:47:51";"SLCE";"";"Light Curve end ";""
"2023-03-17 11:48:29.535";"2023-03-17";"11:48:29";"SLCS";"";"Light Curve start ";"hm24"
"2023-03-17 11:48:29.535";"2023-03-17";"11:48:29";"REG1";"";"#1: alpha: 0.280, ETRm: 36.838, Ik: 131.410   ( beta: 0.007, ETRmPot: 41.500 )   (Platt et al. 1980) ";""
"2023-03-17 11:48:29.535";"2023-03-17";"11:48:29";"REG2";"";"#1: alpha: 0.225, ETRm: 36.310, Ik: 161.613   (Jassby and Platt 1976) ";""
"2023-03-17 11:48:31.255";"2023-03-17";"11:48:31";"FO";"425";"70";"169";"0";"0.586";"0.0";"-";"70";"169";"0.586"
"2023-03-17 11:49:01.551";"2023-03-17";"11:49:01";"F";"426";"79";"168";"45";"0.530";"10.0";"0.006";"70";"169";"0.586"
"2023-03-17 11:49:31.853";"2023-03-17";"11:49:31";"F";"427";"77";"172";"66";"0.552";"15.3";"- 0.017";"70";"169";"0.586"
"2023-03-17 11:50:02.144";"2023-03-17";"11:50:02";"F";"428";"79";"164";"90";"0.518";"19.6";"0.030";"70";"169";"0.586"
"2023-03-17 11:50:32.442";"2023-03-17";"11:50:32";"F";"429";"81";"144";"125";"0.438";"23.0";"0.174";"70";"169";"0.586"
"2023-03-17 11:51:02.736";"2023-03-17";"11:51:02";"F";"430";"82";"127";"190";"0.354";"28.2";"0.331";"70";"169";"0.586"
"2023-03-17 11:51:33.033";"2023-03-17";"11:51:33";"F";"431";"82";"114";"285";"0.281";"33.6";"0.482";"70";"169";"0.586"
"2023-03-17 11:52:03.326";"2023-03-17";"11:52:03";"F";"432";"83";"105";"420";"0.210";"37.0";"0.610";"70";"169";"0.586"
"2023-03-17 11:52:33.623";"2023-03-17";"11:52:33";"F";"433";"87";"101";"625";"0.139";"36.5";"0.673";"70";"169";"0.586"
"2023-03-17 11:52:36.797";"2023-03-17";"11:52:36";"SLCE";"";"Light Curve end ";""
