"2023-04-03";"11:38:26";"WinControl (rev 1195) report file"
"Datetime";"Date";"Time";"Type";"No.";"1:F";"1:Fm'";"1:PAR";"1:Y (II)";"1:ETR";"1:Fo'";"1:NPQ";"1:Fo";"1:Fm";"1:Fv/Fm"
"";"";"";"D";"";"Device Nr: #1, JUNIOR-PAM-II (CFMG0360A) ";""
"2023-04-03 07:57:20.899";"2023-04-03";"07:57:20";"SLCS";"";"Light Curve start ";"hm201"
"2023-04-03 07:57:20.899";"2023-04-03";"07:57:20";"REG1";"";"#1: alpha: 0.358, ETRm: 17.891, Ik: 49.973   ( beta: 0.003, ETRmPot: 18.846 )   (Platt et al. 1980) ";""
"2023-04-03 07:57:20.899";"2023-04-03";"07:57:20";"REG2";"";"#1: alpha: 0.283, ETRm: 17.318, Ik: 61.110   (Jassby and Platt 1976) ";""
"2023-04-03 07:57:22.641";"2023-04-03";"07:57:22";"FO";"1";"79";"224";"0";"0.647";"0.0";"-";"-";"79";"224";"0.647"
"2023-04-03 07:57:52.941";"2023-04-03";"07:57:52";"F";"2";"84";"216";"45";"0.611";"11.5";"78";"0.037";"79";"224";"0.647"
"2023-04-03 07:58:23.233";"2023-04-03";"07:58:23";"F";"3";"87";"173";"66";"0.497";"13.8";"72";"0.295";"79";"224";"0.647"
"2023-04-03 07:58:53.529";"2023-04-03";"07:58:53";"F";"4";"88";"147";"90";"0.401";"15.2";"67";"0.524";"79";"224";"0.647"
"2023-04-03 07:59:23.826";"2023-04-03";"07:59:23";"F";"5";"91";"129";"125";"0.295";"15.5";"63";"0.736";"79";"224";"0.647"
"2023-04-03 07:59:54.125";"2023-04-03";"07:59:54";"F";"6";"94";"117";"190";"0.197";"15.7";"60";"0.915";"79";"224";"0.647"
"2023-04-03 08:00:24.419";"2023-04-03";"08:00:24";"F";"7";"96";"113";"285";"0.150";"18.0";"59";"0.982";"79";"224";"0.647"
"2023-04-03 08:00:54.715";"2023-04-03";"08:00:54";"F";"8";"97";"111";"420";"0.126";"22.2";"58";"1.018";"79";"224";"0.647"
"2023-04-03 08:01:25.006";"2023-04-03";"08:01:25";"F";"9";"103";"109";"625";"0.055";"14.4";"58";"1.055";"79";"224";"0.647"
"2023-04-03 08:01:27.414";"2023-04-03";"08:01:27";"SLCE";"";"Light Curve end ";""
"2023-04-03 08:02:01.010";"2023-04-03";"08:02:01";"SLCS";"";"Light Curve start ";"hm202"
"2023-04-03 08:02:01.010";"2023-04-03";"08:02:01";"REG1";"";"#1: alpha: - , ETRm: - , Ik: -   ( beta: - 0.013, ETRmPot: 15.521 )   (Platt et al. 1980) ";""
"2023-04-03 08:02:01.010";"2023-04-03";"08:02:01";"REG2";"";"#1: alpha: 0.217, ETRm: 21.819, Ik: 100.748   (Jassby and Platt 1976) ";""
"2023-04-03 08:02:02.703";"2023-04-03";"08:02:02";"FO";"10";"90";"283";"0";"0.682";"0.0";"-";"-";"90";"283";"0.682"
"2023-04-03 08:02:33.003";"2023-04-03";"08:02:33";"F";"11";"106";"251";"45";"0.578";"10.9";"86";"0.127";"90";"283";"0.682"
"2023-04-03 08:03:03.299";"2023-04-03";"08:03:03";"F";"12";"106";"200";"66";"0.470";"13.0";"80";"0.415";"90";"283";"0.682"
"2023-04-03 08:03:33.592";"2023-04-03";"08:03:33";"F";"13";"105";"181";"90";"0.420";"15.9";"76";"0.564";"90";"283";"0.682"
"2023-04-03 08:04:03.891";"2023-04-03";"08:04:03";"F";"14";"108";"160";"125";"0.325";"17.1";"72";"0.769";"90";"283";"0.682"
"2023-04-03 08:04:34.183";"2023-04-03";"08:04:34";"F";"15";"113";"146";"190";"0.226";"18.0";"69";"0.938";"90";"283";"0.682"
"2023-04-03 08:05:04.481";"2023-04-03";"08:05:04";"F";"16";"115";"139";"285";"0.173";"20.7";"68";"1.036";"90";"283";"0.682"
"2023-04-03 08:05:34.777";"2023-04-03";"08:05:34";"F";"17";"118";"133";"420";"0.113";"19.9";"66";"1.128";"90";"283";"0.682"
"2023-04-03 08:06:05.066";"2023-04-03";"08:06:05";"F";"18";"120";"134";"625";"0.104";"27.3";"66";"1.112";"90";"283";"0.682"
"2023-04-03 08:06:07.694";"2023-04-03";"08:06:07";"SLCE";"";"Light Curve end ";""
"2023-04-03 08:06:39.182";"2023-04-03";"08:06:39";"SLCS";"";"Light Curve start ";"hm203"
"2023-04-03 08:06:39.182";"2023-04-03";"08:06:39";"REG1";"";"#1: alpha: 0.323, ETRm: 27.542, Ik: 85.267   ( beta: 0.008, ETRmPot: 30.852 )   (Platt et al. 1980) ";""
"2023-04-03 08:06:39.182";"2023-04-03";"08:06:39";"REG2";"";"#1: alpha: 0.255, ETRm: 26.993, Ik: 106.037   (Jassby and Platt 1976) ";""
"2023-04-03 08:06:40.870";"2023-04-03";"08:06:40";"FO";"19";"86";"275";"0";"0.687";"0.0";"-";"-";"86";"275";"0.687"
"2023-04-03 08:07:11.165";"2023-04-03";"08:07:11";"F";"20";"100";"255";"45";"0.608";"11.5";"84";"0.078";"86";"275";"0.687"
"2023-04-03 08:07:41.455";"2023-04-03";"08:07:41";"F";"21";"101";"226";"66";"0.553";"15.3";"81";"0.217";"86";"275";"0.687"
"2023-04-03 08:08:11.752";"2023-04-03";"08:08:11";"F";"22";"99";"195";"90";"0.492";"18.6";"76";"0.410";"86";"275";"0.687"
"2023-04-03 08:08:42.047";"2023-04-03";"08:08:42";"F";"23";"103";"171";"125";"0.398";"20.9";"72";"0.608";"86";"275";"0.687"
"2023-04-03 08:09:12.349";"2023-04-03";"08:09:12";"F";"24";"103";"153";"190";"0.327";"26.1";"69";"0.797";"86";"275";"0.687"
"2023-04-03 08:09:42.642";"2023-04-03";"08:09:42";"F";"25";"108";"140";"285";"0.229";"27.4";"66";"0.964";"86";"275";"0.687"
"2023-04-03 08:10:12.934";"2023-04-03";"08:10:12";"F";"26";"111";"131";"420";"0.153";"27.0";"64";"1.099";"86";"275";"0.687"
"2023-04-03 08:10:43.230";"2023-04-03";"08:10:43";"F";"27";"116";"129";"625";"0.101";"26.5";"64";"1.132";"86";"275";"0.687"
"2023-04-03 08:10:46.308";"2023-04-03";"08:10:46";"SLCE";"";"Light Curve end ";""
"2023-04-03 08:11:22.638";"2023-04-03";"08:11:22";"SLCS";"";"Light Curve start ";"hm204"
"2023-04-03 08:11:22.638";"2023-04-03";"08:11:22";"REG1";"";"#1: alpha: 0.417, ETRm: 18.316, Ik: 43.923   ( beta: 0.003, ETRmPot: 19.034 )   (Platt et al. 1980) ";""
"2023-04-03 08:11:22.638";"2023-04-03";"08:11:22";"REG2";"";"#1: alpha: 0.307, ETRm: 17.968, Ik: 58.521   (Jassby and Platt 1976) ";""
"2023-04-03 08:11:24.327";"2023-04-03";"08:11:24";"FO";"28";"107";"337";"0";"0.682";"0.0";"-";"-";"107";"337";"0.682"
"2023-04-03 08:11:54.623";"2023-04-03";"08:11:54";"F";"29";"119";"295";"45";"0.597";"11.3";"102";"0.142";"107";"337";"0.682"
"2023-04-03 08:12:24.916";"2023-04-03";"08:12:24";"F";"30";"119";"258";"66";"0.539";"14.9";"98";"0.306";"107";"337";"0.682"
"2023-04-03 08:12:55.213";"2023-04-03";"08:12:55";"F";"31";"120";"212";"90";"0.434";"16.4";"90";"0.590";"107";"337";"0.682"
"2023-04-03 08:13:25.506";"2023-04-03";"08:13:25";"F";"32";"124";"186";"125";"0.333";"17.5";"85";"0.812";"107";"337";"0.682"
"2023-04-03 08:13:55.807";"2023-04-03";"08:13:55";"F";"33";"128";"165";"190";"0.224";"17.9";"80";"1.042";"107";"337";"0.682"
"2023-04-03 08:14:26.100";"2023-04-03";"08:14:26";"F";"34";"131";"155";"285";"0.155";"18.6";"78";"1.174";"107";"337";"0.682"
"2023-04-03 08:14:56.400";"2023-04-03";"08:14:56";"F";"35";"135";"150";"420";"0.100";"17.6";"77";"1.247";"107";"337";"0.682"
"2023-04-03 08:15:26.698";"2023-04-03";"08:15:26";"F";"36";"139";"149";"625";"0.067";"17.6";"76";"1.262";"107";"337";"0.682"
"2023-04-03 08:15:29.431";"2023-04-03";"08:15:29";"SLCE";"";"Light Curve end ";""
"2023-04-03 08:15:58.251";"2023-04-03";"08:15:58";"SLCS";"";"Light Curve start ";"ul201"
"2023-04-03 08:15:58.251";"2023-04-03";"08:15:58";"REG1";"";"#1: alpha: 0.292, ETRm: 32.496, Ik: 111.442   ( beta: 0.043, ETRmPot: 50.572 )   (Platt et al. 1980) ";""
"2023-04-03 08:15:58.251";"2023-04-03";"08:15:58";"REG2";"";"#1: alpha: 0.251, ETRm: 31.110, Ik: 123.951   (Jassby and Platt 1976) ";""
"2023-04-03 08:15:59.984";"2023-04-03";"08:15:59";"FO";"37";"122";"615";"0";"0.802";"0.0";"-";"-";"122";"615";"0.802"
"2023-04-03 08:16:30.283";"2023-04-03";"08:16:30";"F";"38";"212";"529";"45";"0.599";"11.3";"118";"0.163";"122";"615";"0.802"
"2023-04-03 08:17:00.583";"2023-04-03";"08:17:00";"F";"39";"226";"494";"66";"0.543";"15.1";"116";"0.245";"122";"615";"0.802"
"2023-04-03 08:17:30.878";"2023-04-03";"08:17:30";"F";"40";"232";"470";"90";"0.506";"19.1";"115";"0.309";"122";"615";"0.802"
"2023-04-03 08:18:01.176";"2023-04-03";"08:18:01";"F";"41";"248";"446";"125";"0.444";"23.3";"113";"0.379";"122";"615";"0.802"
"2023-04-03 08:18:31.464";"2023-04-03";"08:18:31";"F";"42";"274";"427";"190";"0.358";"28.6";"112";"0.440";"122";"615";"0.802"
"2023-04-03 08:19:01.764";"2023-04-03";"08:19:01";"F";"43";"304";"412";"285";"0.262";"31.4";"111";"0.493";"122";"615";"0.802"
"2023-04-03 08:19:32.061";"2023-04-03";"08:19:32";"F";"44";"328";"403";"420";"0.186";"32.8";"110";"0.526";"122";"615";"0.802"
"2023-04-03 08:20:02.356";"2023-04-03";"08:20:02";"F";"45";"350";"393";"625";"0.109";"28.6";"110";"0.565";"122";"615";"0.802"
"2023-04-03 08:20:04.950";"2023-04-03";"08:20:04";"SLCE";"";"Light Curve end ";""
"2023-04-03 08:20:44.391";"2023-04-03";"08:20:44";"SLCS";"";"Light Curve start ";"ul202"
"2023-04-03 08:20:44.391";"2023-04-03";"08:20:44";"REG1";"";"#1: alpha: 0.283, ETRm: 25.919, Ik: 91.650   ( beta: 0.023, ETRmPot: 34.621 )   (Platt et al. 1980) ";""
"2023-04-03 08:20:44.391";"2023-04-03";"08:20:44";"REG2";"";"#1: alpha: 0.238, ETRm: 24.731, Ik: 103.947   (Jassby and Platt 1976) ";""
"2023-04-03 08:20:46.046";"2023-04-03";"08:20:46";"FO";"46";"190";"877";"0";"0.783";"0.0";"-";"-";"190";"877";"0.783"
"2023-04-03 08:21:16.342";"2023-04-03";"08:21:16";"F";"47";"314";"676";"45";"0.536";"10.1";"179";"0.297";"190";"877";"0.783"
"2023-04-03 08:21:46.644";"2023-04-03";"08:21:46";"F";"48";"316";"631";"66";"0.499";"13.8";"175";"0.390";"190";"877";"0.783"
"2023-04-03 08:22:16.942";"2023-04-03";"08:22:16";"F";"49";"329";"603";"90";"0.454";"17.2";"173";"0.454";"190";"877";"0.783"
"2023-04-03 08:22:47.235";"2023-04-03";"08:22:47";"F";"50";"354";"578";"125";"0.388";"20.4";"171";"0.517";"190";"877";"0.783"
"2023-04-03 08:23:17.530";"2023-04-03";"08:23:17";"F";"51";"390";"559";"190";"0.302";"24.1";"169";"0.569";"190";"877";"0.783"
"2023-04-03 08:23:47.821";"2023-04-03";"08:23:47";"F";"52";"425";"540";"285";"0.213";"25.5";"167";"0.624";"190";"877";"0.783"
"2023-04-03 08:24:18.120";"2023-04-03";"08:24:18";"F";"53";"454";"531";"420";"0.145";"25.6";"166";"0.652";"190";"877";"0.783"
"2023-04-03 08:24:48.415";"2023-04-03";"08:24:48";"F";"54";"478";"523";"625";"0.086";"22.6";"166";"0.677";"190";"877";"0.783"
"2023-04-03 08:24:50.858";"2023-04-03";"08:24:50";"SLCE";"";"Light Curve end ";""
"2023-04-03 08:25:10.069";"2023-04-03";"08:25:10";"SLCS";"";"Light Curve start ";"ul203"
"2023-04-03 08:25:10.069";"2023-04-03";"08:25:10";"REG1";"";"#1: alpha: 0.271, ETRm: 37.319, Ik: 137.559   ( beta: 0.121, ETRmPot: 91.297 )   (Platt et al. 1980) ";""
"2023-04-03 08:25:10.069";"2023-04-03";"08:25:10";"REG2";"";"#1: alpha: 0.239, ETRm: 35.979, Ik: 150.394   (Jassby and Platt 1976) ";""
"2023-04-03 08:25:11.813";"2023-04-03";"08:25:11";"FO";"55";"171";"831";"0";"0.794";"0.0";"-";"-";"171";"831";"0.794"
"2023-04-03 08:25:42.105";"2023-04-03";"08:25:42";"F";"56";"305";"739";"45";"0.587";"11.1";"167";"0.124";"171";"831";"0.794"
"2023-04-03 08:26:12.410";"2023-04-03";"08:26:12";"F";"57";"323";"689";"66";"0.531";"14.7";"164";"0.206";"171";"831";"0.794"
"2023-04-03 08:26:42.698";"2023-04-03";"08:26:42";"F";"58";"329";"659";"90";"0.501";"18.9";"162";"0.261";"171";"831";"0.794"
"2023-04-03 08:27:12.996";"2023-04-03";"08:27:12";"F";"59";"345";"635";"125";"0.457";"24.0";"161";"0.309";"171";"831";"0.794"
"2023-04-03 08:27:43.288";"2023-04-03";"08:27:43";"F";"60";"379";"614";"190";"0.383";"30.6";"159";"0.353";"171";"831";"0.794"
"2023-04-03 08:28:13.587";"2023-04-03";"08:28:13";"F";"61";"419";"598";"285";"0.299";"35.8";"158";"0.390";"171";"831";"0.794"
"2023-04-03 08:28:43.883";"2023-04-03";"08:28:43";"F";"62";"463";"587";"420";"0.211";"37.2";"158";"0.416";"171";"831";"0.794"
"2023-04-03 08:29:14.179";"2023-04-03";"08:29:14";"F";"63";"504";"578";"625";"0.128";"33.6";"157";"0.438";"171";"831";"0.794"
"2023-04-03 08:29:16.516";"2023-04-03";"08:29:16";"SLCE";"";"Light Curve end ";""
"2023-04-03 08:29:41.775";"2023-04-03";"08:29:41";"SLCS";"";"Light Curve start ";"ul204"
"2023-04-03 08:29:41.775";"2023-04-03";"08:29:41";"REG1";"";"#1: alpha: 0.269, ETRm: 30.790, Ik: 114.389   ( beta: 0.064, ETRmPot: 56.397 )   (Platt et al. 1980) ";""
"2023-04-03 08:29:41.775";"2023-04-03";"08:29:41";"REG2";"";"#1: alpha: 0.236, ETRm: 29.182, Ik: 123.486   (Jassby and Platt 1976) ";""
"2023-04-03 08:29:43.476";"2023-04-03";"08:29:43";"FO";"64";"210";"977";"0";"0.785";"0.0";"-";"-";"210";"977";"0.785"
"2023-04-03 08:30:13.769";"2023-04-03";"08:30:13";"F";"65";"372";"818";"45";"0.545";"10.3";"202";"0.194";"210";"977";"0.785"
"2023-04-03 08:30:44.064";"2023-04-03";"08:30:44";"F";"66";"384";"779";"66";"0.507";"14.1";"199";"0.254";"210";"977";"0.785"
"2023-04-03 08:31:14.364";"2023-04-03";"08:31:14";"F";"67";"397";"755";"90";"0.474";"17.9";"198";"0.294";"210";"977";"0.785"
"2023-04-03 08:31:44.656";"2023-04-03";"08:31:44";"F";"68";"427";"737";"125";"0.421";"22.1";"196";"0.326";"210";"977";"0.785"
"2023-04-03 08:32:14.958";"2023-04-03";"08:32:14";"F";"69";"477";"721";"190";"0.338";"27.0";"195";"0.355";"210";"977";"0.785"
"2023-04-03 08:32:45.246";"2023-04-03";"08:32:45";"F";"70";"530";"709";"285";"0.252";"30.2";"194";"0.378";"210";"977";"0.785"
"2023-04-03 08:33:15.548";"2023-04-03";"08:33:15";"F";"71";"575";"695";"420";"0.173";"30.5";"193";"0.406";"210";"977";"0.785"
"2023-04-03 08:33:45.848";"2023-04-03";"08:33:45";"F";"72";"618";"687";"625";"0.100";"26.3";"193";"0.422";"210";"977";"0.785"
"2023-04-03 08:33:48.602";"2023-04-03";"08:33:48";"SLCE";"";"Light Curve end ";""
"2023-04-03 08:34:05.744";"2023-04-03";"08:34:05";"SLCS";"";"Light Curve start ";"hm205"
"2023-04-03 08:34:05.744";"2023-04-03";"08:34:05";"REG1";"";"#1: alpha: - , ETRm: - , Ik: -   ( beta: - 0.002, ETRmPot: 26.667 )   (Platt et al. 1980) ";""
"2023-04-03 08:34:05.744";"2023-04-03";"08:34:05";"REG2";"";"#1: alpha: 0.223, ETRm: 27.000, Ik: 120.900   (Jassby and Platt 1976) ";""
"2023-04-03 08:34:07.445";"2023-04-03";"08:34:07";"FO";"73";"115";"371";"0";"0.690";"0.0";"-";"-";"115";"371";"0.690"
"2023-04-03 08:34:37.739";"2023-04-03";"08:34:37";"F";"74";"134";"302";"45";"0.556";"10.5";"107";"0.228";"115";"371";"0.690"
"2023-04-03 08:35:08.030";"2023-04-03";"08:35:08";"F";"75";"132";"281";"66";"0.530";"14.7";"105";"0.320";"115";"371";"0.690"
"2023-04-03 08:35:38.329";"2023-04-03";"08:35:38";"F";"76";"134";"242";"90";"0.446";"16.9";"99";"0.533";"115";"371";"0.690"
"2023-04-03 08:36:08.621";"2023-04-03";"08:36:08";"F";"77";"135";"218";"125";"0.381";"20.0";"94";"0.702";"115";"371";"0.690"
"2023-04-03 08:36:38.923";"2023-04-03";"08:36:38";"F";"78";"141";"200";"190";"0.295";"23.5";"91";"0.855";"115";"371";"0.690"
"2023-04-03 08:37:09.217";"2023-04-03";"08:37:09";"F";"79";"145";"185";"285";"0.216";"25.9";"88";"1.005";"115";"371";"0.690"
"2023-04-03 08:37:39.507";"2023-04-03";"08:37:39";"F";"80";"148";"176";"420";"0.159";"28.0";"86";"1.108";"115";"371";"0.690"
"2023-04-03 08:38:09.810";"2023-04-03";"08:38:09";"F";"81";"154";"172";"625";"0.105";"27.6";"85";"1.157";"115";"371";"0.690"
"2023-04-03 08:38:12.295";"2023-04-03";"08:38:12";"SLCE";"";"Light Curve end ";""
"2023-04-03 08:38:25.895";"2023-04-03";"08:38:25";"SLCS";"";"Light Curve start ";"hm206"
"2023-04-03 08:38:25.895";"2023-04-03";"08:38:25";"REG1";"";"#1: alpha: - , ETRm: - , Ik: -   ( beta: - 0.012, ETRmPot: 28.409 )   (Platt et al. 1980) ";""
"2023-04-03 08:38:25.895";"2023-04-03";"08:38:25";"REG2";"";"#1: alpha: 0.241, ETRm: 34.030, Ik: 141.475   (Jassby and Platt 1976) ";""
"2023-04-03 08:38:27.592";"2023-04-03";"08:38:27";"FO";"82";"106";"322";"0";"0.671";"0.0";"-";"-";"106";"322";"0.671"
"2023-04-03 08:38:57.897";"2023-04-03";"08:38:57";"F";"83";"115";"294";"45";"0.609";"11.5";"103";"0.095";"106";"322";"0.671"
"2023-04-03 08:39:28.199";"2023-04-03";"08:39:28";"F";"84";"118";"292";"66";"0.596";"16.5";"103";"0.103";"106";"322";"0.671"
"2023-04-03 08:39:58.491";"2023-04-03";"08:39:58";"F";"85";"118";"255";"90";"0.537";"20.3";"98";"0.263";"106";"322";"0.671"
"2023-04-03 08:40:28.785";"2023-04-03";"08:40:28";"F";"86";"120";"212";"125";"0.434";"22.8";"91";"0.519";"106";"322";"0.671"
"2023-04-03 08:40:59.080";"2023-04-03";"08:40:59";"F";"87";"123";"188";"190";"0.346";"27.6";"86";"0.713";"106";"322";"0.671"
"2023-04-03 08:41:29.377";"2023-04-03";"08:41:29";"F";"88";"126";"171";"285";"0.263";"31.5";"82";"0.883";"106";"322";"0.671"
"2023-04-03 08:41:59.676";"2023-04-03";"08:41:59";"F";"89";"130";"160";"420";"0.188";"33.2";"80";"1.013";"106";"322";"0.671"
"2023-04-03 08:42:29.975";"2023-04-03";"08:42:29";"F";"90";"134";"156";"625";"0.141";"37.0";"79";"1.064";"106";"322";"0.671"
"2023-04-03 08:42:32.863";"2023-04-03";"08:42:32";"SLCE";"";"Light Curve end ";""
"2023-04-03 08:42:46.000";"2023-04-03";"08:42:46";"SLCS";"";"Light Curve start ";"hm207"
"2023-04-03 08:42:46.000";"2023-04-03";"08:42:46";"REG1";"";"#1: alpha: - , ETRm: - , Ik: -   ( beta: - 0.005, ETRmPot: 22.705 )   (Platt et al. 1980) ";""
"2023-04-03 08:42:46.000";"2023-04-03";"08:42:46";"REG2";"";"#1: alpha: 0.253, ETRm: 24.628, Ik: 97.407   (Jassby and Platt 1976) ";""
"2023-04-03 08:42:47.673";"2023-04-03";"08:42:47";"FO";"91";"113";"345";"0";"0.672";"0.0";"-";"-";"113";"345";"0.672"
"2023-04-03 08:43:17.967";"2023-04-03";"08:43:17";"F";"92";"124";"295";"45";"0.580";"11.0";"107";"0.169";"113";"345";"0.672"
"2023-04-03 08:43:48.257";"2023-04-03";"08:43:48";"F";"93";"123";"273";"66";"0.549";"15.2";"104";"0.264";"113";"345";"0.672"
"2023-04-03 08:44:18.560";"2023-04-03";"08:44:18";"F";"94";"126";"238";"90";"0.471";"17.8";"98";"0.450";"113";"345";"0.672"
"2023-04-03 08:44:48.850";"2023-04-03";"08:44:48";"F";"95";"126";"206";"125";"0.388";"20.4";"93";"0.675";"113";"345";"0.672"
"2023-04-03 08:45:19.151";"2023-04-03";"08:45:19";"F";"96";"129";"181";"190";"0.287";"22.9";"87";"0.906";"113";"345";"0.672"
"2023-04-03 08:45:49.447";"2023-04-03";"08:45:49";"F";"97";"133";"166";"285";"0.199";"23.8";"84";"1.078";"113";"345";"0.672"
"2023-04-03 08:46:19.743";"2023-04-03";"08:46:19";"F";"98";"137";"159";"420";"0.138";"24.3";"82";"1.170";"113";"345";"0.672"
"2023-04-03 08:46:50.039";"2023-04-03";"08:46:50";"F";"99";"142";"158";"625";"0.101";"26.5";"81";"1.184";"113";"345";"0.672"
"2023-04-03 08:46:52.916";"2023-04-03";"08:46:52";"SLCE";"";"Light Curve end ";""
"2023-04-03 08:47:04.473";"2023-04-03";"08:47:04";"SLCS";"";"Light Curve start ";"hm208"
"2023-04-03 08:47:04.473";"2023-04-03";"08:47:04";"REG1";"";"#1: alpha: - , ETRm: - , Ik: -   ( beta: - 0.012, ETRmPot: 15.898 )   (Platt et al. 1980) ";""
"2023-04-03 08:47:04.473";"2023-04-03";"08:47:04";"REG2";"";"#1: alpha: 0.248, ETRm: 20.983, Ik: 84.604   (Jassby and Platt 1976) ";""
"2023-04-03 08:47:06.233";"2023-04-03";"08:47:06";"FO";"100";"116";"334";"0";"0.653";"0.0";"-";"-";"116";"334";"0.653"
"2023-04-03 08:47:36.530";"2023-04-03";"08:47:36";"F";"101";"126";"310";"45";"0.594";"11.2";"113";"0.077";"116";"334";"0.653"
"2023-04-03 08:48:06.825";"2023-04-03";"08:48:06";"F";"102";"127";"267";"66";"0.524";"14.5";"107";"0.251";"116";"334";"0.653"
"2023-04-03 08:48:37.116";"2023-04-03";"08:48:37";"F";"103";"126";"224";"90";"0.438";"16.6";"99";"0.491";"116";"334";"0.653"
"2023-04-03 08:49:07.414";"2023-04-03";"08:49:07";"F";"104";"131";"193";"125";"0.321";"16.9";"93";"0.731";"116";"334";"0.653"
"2023-04-03 08:49:37.717";"2023-04-03";"08:49:37";"F";"105";"134";"174";"190";"0.230";"18.4";"88";"0.920";"116";"334";"0.653"
"2023-04-03 08:50:08.010";"2023-04-03";"08:50:08";"F";"106";"140";"167";"285";"0.162";"19.4";"86";"1.000";"116";"334";"0.653"
"2023-04-03 08:50:38.306";"2023-04-03";"08:50:38";"F";"107";"143";"162";"420";"0.117";"20.6";"85";"1.062";"116";"334";"0.653"
"2023-04-03 08:51:08.599";"2023-04-03";"08:51:08";"F";"108";"147";"163";"625";"0.098";"25.7";"85";"1.049";"116";"334";"0.653"
"2023-04-03 08:51:11.532";"2023-04-03";"08:51:11";"SLCE";"";"Light Curve end ";""
"2023-04-03 08:51:33.206";"2023-04-03";"08:51:33";"SLCS";"";"Light Curve start ";"ul205"
"2023-04-03 08:51:33.206";"2023-04-03";"08:51:33";"REG1";"";"#1: alpha: 0.283, ETRm: 36.481, Ik: 128.811   ( beta: 0.092, ETRmPot: 76.335 )   (Platt et al. 1980) ";""
"2023-04-03 08:51:33.206";"2023-04-03";"08:51:33";"REG2";"";"#1: alpha: 0.248, ETRm: 35.045, Ik: 141.290   (Jassby and Platt 1976) ";""
"2023-04-03 08:51:34.901";"2023-04-03";"08:51:34";"FO";"109";"188";"974";"0";"0.807";"0.0";"-";"-";"188";"974";"0.807"
"2023-04-03 08:52:05.192";"2023-04-03";"08:52:05";"F";"110";"358";"860";"45";"0.584";"11.0";"183";"0.133";"188";"974";"0.807"
"2023-04-03 08:52:35.489";"2023-04-03";"08:52:35";"F";"111";"381";"814";"66";"0.532";"14.7";"181";"0.197";"188";"974";"0.807"
"2023-04-03 08:53:05.781";"2023-04-03";"08:53:05";"F";"112";"390";"787";"90";"0.504";"19.1";"180";"0.238";"188";"974";"0.807"
"2023-04-03 08:53:36.077";"2023-04-03";"08:53:36";"F";"113";"403";"757";"125";"0.468";"24.6";"178";"0.287";"188";"974";"0.807"
"2023-04-03 08:54:06.375";"2023-04-03";"08:54:06";"F";"114";"439";"727";"190";"0.396";"31.6";"176";"0.340";"188";"974";"0.807"
"2023-04-03 08:54:36.672";"2023-04-03";"08:54:36";"F";"115";"494";"700";"285";"0.294";"35.2";"175";"0.391";"188";"974";"0.807"
"2023-04-03 08:55:06.972";"2023-04-03";"08:55:06";"F";"116";"537";"674";"420";"0.203";"35.8";"173";"0.445";"188";"974";"0.807"
"2023-04-03 08:55:37.262";"2023-04-03";"08:55:37";"F";"117";"567";"647";"625";"0.124";"32.6";"171";"0.505";"188";"974";"0.807"
"2023-04-03 08:55:39.815";"2023-04-03";"08:55:39";"SLCE";"";"Light Curve end ";""
"2023-04-03 08:55:57.923";"2023-04-03";"08:55:57";"SLCS";"";"Light Curve start ";"ul206"
"2023-04-03 08:55:57.923";"2023-04-03";"08:55:57";"REG1";"";"#1: alpha: 0.271, ETRm: 36.977, Ik: 136.387   ( beta: 4.798, ETRmPot: 1828.858 )   (Platt et al. 1980) ";""
"2023-04-03 08:55:57.923";"2023-04-03";"08:55:57";"REG2";"";"#1: alpha: 0.242, ETRm: 35.162, Ik: 145.060   (Jassby and Platt 1976) ";""
"2023-04-03 08:55:59.664";"2023-04-03";"08:55:59";"FO";"118";"166";"848";"0";"0.804";"0.0";"-";"-";"166";"848";"0.804"
"2023-04-03 08:56:29.959";"2023-04-03";"08:56:29";"F";"119";"360";"757";"45";"0.524";"9.9";"162";"0.120";"166";"848";"0.804"
"2023-04-03 08:57:00.251";"2023-04-03";"08:57:00";"F";"120";"362";"717";"66";"0.495";"13.7";"160";"0.183";"166";"848";"0.804"
"2023-04-03 08:57:30.551";"2023-04-03";"08:57:30";"F";"121";"343";"681";"90";"0.496";"18.7";"158";"0.245";"166";"848";"0.804"
"2023-04-03 08:58:00.845";"2023-04-03";"08:58:00";"F";"122";"343";"650";"125";"0.472";"24.8";"157";"0.305";"166";"848";"0.804"
"2023-04-03 08:58:31.143";"2023-04-03";"08:58:31";"F";"123";"379";"631";"190";"0.399";"31.8";"156";"0.344";"166";"848";"0.804"
"2023-04-03 08:59:01.440";"2023-04-03";"08:59:01";"F";"124";"434";"621";"285";"0.301";"36.0";"155";"0.366";"166";"848";"0.804"
"2023-04-03 08:59:31.727";"2023-04-03";"08:59:31";"F";"125";"482";"608";"420";"0.207";"36.5";"154";"0.395";"166";"848";"0.804"
"2023-04-03 09:00:02.025";"2023-04-03";"09:00:02";"F";"126";"516";"586";"625";"0.119";"31.2";"153";"0.447";"166";"848";"0.804"
"2023-04-03 09:00:05.089";"2023-04-03";"09:00:05";"SLCE";"";"Light Curve end ";""
"2023-04-03 09:00:34.585";"2023-04-03";"09:00:34";"SLCS";"";"Light Curve start ";"ul207"
"2023-04-03 09:00:34.585";"2023-04-03";"09:00:34";"REG1";"";"#1: alpha: 0.282, ETRm: 34.984, Ik: 124.012   ( beta: 0.064, ETRmPot: 62.794 )   (Platt et al. 1980) ";""
"2023-04-03 09:00:34.585";"2023-04-03";"09:00:34";"REG2";"";"#1: alpha: 0.244, ETRm: 33.681, Ik: 137.789   (Jassby and Platt 1976) ";""
"2023-04-03 09:00:36.321";"2023-04-03";"09:00:36";"FO";"127";"187";"900";"0";"0.792";"0.0";"-";"-";"187";"900";"0.792"
"2023-04-03 09:01:06.613";"2023-04-03";"09:01:06";"F";"128";"337";"794";"45";"0.576";"10.9";"182";"0.134";"187";"900";"0.792"
"2023-04-03 09:01:36.916";"2023-04-03";"09:01:36";"F";"129";"359";"753";"66";"0.523";"14.5";"180";"0.195";"187";"900";"0.792"
"2023-04-03 09:02:07.207";"2023-04-03";"09:02:07";"F";"130";"362";"727";"90";"0.502";"19.0";"178";"0.238";"187";"900";"0.792"
"2023-04-03 09:02:37.507";"2023-04-03";"09:02:37";"F";"131";"380";"701";"125";"0.458";"24.0";"177";"0.284";"187";"900";"0.792"
"2023-04-03 09:03:07.798";"2023-04-03";"09:03:07";"F";"132";"417";"672";"190";"0.379";"30.2";"175";"0.339";"187";"900";"0.792"
"2023-04-03 09:03:38.094";"2023-04-03";"09:03:38";"F";"133";"464";"648";"285";"0.284";"34.0";"173";"0.389";"187";"900";"0.792"
"2023-04-03 09:04:08.395";"2023-04-03";"09:04:08";"F";"134";"503";"625";"420";"0.195";"34.4";"171";"0.440";"187";"900";"0.792"
"2023-04-03 09:04:38.687";"2023-04-03";"09:04:38";"F";"135";"529";"601";"625";"0.120";"31.5";"169";"0.498";"187";"900";"0.792"
"2023-04-03 09:04:41.599";"2023-04-03";"09:04:41";"SLCE";"";"Light Curve end ";""
"2023-04-03 09:04:54.461";"2023-04-03";"09:04:54";"SLCS";"";"Light Curve start ";"ul208"
"2023-04-03 09:04:54.461";"2023-04-03";"09:04:54";"REG1";"";"#1: alpha: 0.283, ETRm: 37.486, Ik: 132.385   ( beta: 0.085, ETRmPot: 75.536 )   (Platt et al. 1980) ";""
"2023-04-03 09:04:54.461";"2023-04-03";"09:04:54";"REG2";"";"#1: alpha: 0.247, ETRm: 36.206, Ik: 146.510   (Jassby and Platt 1976) ";""
"2023-04-03 09:04:56.186";"2023-04-03";"09:04:56";"FO";"136";"163";"828";"0";"0.803";"0.0";"-";"-";"163";"828";"0.803"
"2023-04-03 09:05:26.483";"2023-04-03";"09:05:26";"F";"137";"341";"770";"45";"0.557";"10.5";"161";"0.075";"163";"828";"0.803"
"2023-04-03 09:05:56.776";"2023-04-03";"09:05:56";"F";"138";"342";"732";"66";"0.533";"14.8";"159";"0.131";"163";"828";"0.803"
"2023-04-03 09:06:27.075";"2023-04-03";"09:06:27";"F";"139";"335";"701";"90";"0.522";"19.7";"157";"0.181";"163";"828";"0.803"
"2023-04-03 09:06:57.371";"2023-04-03";"09:06:57";"F";"140";"356";"680";"125";"0.476";"25.0";"156";"0.218";"163";"828";"0.803"
"2023-04-03 09:07:27.665";"2023-04-03";"09:07:27";"F";"141";"402";"665";"190";"0.395";"31.5";"155";"0.245";"163";"828";"0.803"
"2023-04-03 09:07:57.960";"2023-04-03";"09:07:57";"F";"142";"455";"652";"285";"0.302";"36.1";"155";"0.270";"163";"828";"0.803"
"2023-04-03 09:08:28.260";"2023-04-03";"09:08:28";"F";"143";"502";"635";"420";"0.209";"36.9";"154";"0.304";"163";"828";"0.803"
"2023-04-03 09:08:58.551";"2023-04-03";"09:08:58";"F";"144";"536";"616";"625";"0.130";"34.1";"153";"0.344";"163";"828";"0.803"
"2023-04-03 09:09:01.651";"2023-04-03";"09:09:01";"SLCE";"";"Light Curve end ";""
"2023-04-03 09:09:57.400";"2023-04-03";"09:09:57";"SLCS";"";"Light Curve start ";"hm209"
"2023-04-03 09:09:57.400";"2023-04-03";"09:09:57";"REG1";"";"#1: alpha: - , ETRm: - , Ik: -   ( beta: - 0.003, ETRmPot: 19.422 )   (Platt et al. 1980) ";""
"2023-04-03 09:09:57.400";"2023-04-03";"09:09:57";"REG2";"";"#1: alpha: 0.191, ETRm: 20.324, Ik: 106.157   (Jassby and Platt 1976) ";""
"2023-04-03 09:09:59.146";"2023-04-03";"09:09:59";"FO";"145";"140";"384";"0";"0.635";"0.0";"-";"-";"140";"384";"0.635"
"2023-04-03 09:10:29.443";"2023-04-03";"09:10:29";"F";"146";"153";"280";"45";"0.454";"8.6";"123";"0.371";"140";"384";"0.635"
"2023-04-03 09:10:59.734";"2023-04-03";"09:10:59";"F";"147";"157";"278";"66";"0.435";"12.1";"123";"0.381";"140";"384";"0.635"
"2023-04-03 09:11:30.032";"2023-04-03";"09:11:30";"F";"148";"158";"249";"90";"0.365";"13.8";"117";"0.542";"140";"384";"0.635"
"2023-04-03 09:12:00.326";"2023-04-03";"09:12:00";"F";"149";"161";"232";"125";"0.306";"16.1";"113";"0.655";"140";"384";"0.635"
"2023-04-03 09:12:30.630";"2023-04-03";"09:12:30";"F";"150";"167";"216";"190";"0.227";"18.1";"109";"0.778";"140";"384";"0.635"
"2023-04-03 09:13:00.921";"2023-04-03";"09:13:00";"F";"151";"171";"207";"285";"0.174";"20.8";"107";"0.855";"140";"384";"0.635"
"2023-04-03 09:13:31.216";"2023-04-03";"09:13:31";"F";"152";"176";"198";"420";"0.111";"19.6";"104";"0.939";"140";"384";"0.635"
"2023-04-03 09:14:01.512";"2023-04-03";"09:14:01";"F";"153";"180";"196";"625";"0.082";"21.5";"104";"0.959";"140";"384";"0.635"
"2023-04-03 09:14:04.606";"2023-04-03";"09:14:04";"SLCE";"";"Light Curve end ";""
"2023-04-03 09:14:58.743";"2023-04-03";"09:14:58";"SLCS";"";"Light Curve start ";"hm210"
"2023-04-03 09:14:58.743";"2023-04-03";"09:14:58";"REG1";"";"#1: alpha: - , ETRm: - , Ik: -   ( beta: - 0.002, ETRmPot: 20.063 )   (Platt et al. 1980) ";""
"2023-04-03 09:14:58.743";"2023-04-03";"09:14:58";"REG2";"";"#1: alpha: 0.255, ETRm: 20.662, Ik: 80.901   (Jassby and Platt 1976) ";""
"2023-04-03 09:15:00.502";"2023-04-03";"09:15:00";"FO";"154";"114";"307";"0";"0.629";"0.0";"-";"-";"114";"307";"0.629"
"2023-04-03 09:15:30.805";"2023-04-03";"09:15:30";"F";"155";"120";"281";"45";"0.573";"10.8";"110";"0.093";"114";"307";"0.629"
"2023-04-03 09:16:01.096";"2023-04-03";"09:16:01";"F";"156";"125";"260";"66";"0.519";"14.4";"107";"0.181";"114";"307";"0.629"
"2023-04-03 09:16:31.395";"2023-04-03";"09:16:31";"F";"157";"121";"217";"90";"0.442";"16.7";"99";"0.415";"114";"307";"0.629"
"2023-04-03 09:17:01.685";"2023-04-03";"09:17:01";"F";"158";"124";"186";"125";"0.333";"17.5";"92";"0.651";"114";"307";"0.629"
"2023-04-03 09:17:31.982";"2023-04-03";"09:17:31";"F";"159";"125";"166";"190";"0.247";"19.7";"87";"0.849";"114";"307";"0.629"
"2023-04-03 09:18:02.276";"2023-04-03";"09:18:02";"F";"160";"129";"156";"285";"0.173";"20.7";"84";"0.968";"114";"307";"0.629"
"2023-04-03 09:18:32.574";"2023-04-03";"09:18:32";"F";"161";"132";"150";"420";"0.120";"21.2";"82";"1.047";"114";"307";"0.629"
"2023-04-03 09:19:02.869";"2023-04-03";"09:19:02";"F";"162";"137";"149";"625";"0.081";"21.3";"82";"1.060";"114";"307";"0.629"
"2023-04-03 09:19:05.302";"2023-04-03";"09:19:05";"SLCE";"";"Light Curve end ";""
"2023-04-03 09:19:20.256";"2023-04-03";"09:19:20";"SLCS";"";"Light Curve start ";"hm211"
"2023-04-03 09:19:20.256";"2023-04-03";"09:19:20";"REG1";"";"#1: alpha: - , ETRm: - , Ik: -   ( beta: - 0.001, ETRmPot: 26.634 )   (Platt et al. 1980) ";""
"2023-04-03 09:19:20.256";"2023-04-03";"09:19:20";"REG2";"";"#1: alpha: 0.280, ETRm: 26.623, Ik: 95.143   (Jassby and Platt 1976) ";""
"2023-04-03 09:19:21.964";"2023-04-03";"09:19:21";"FO";"163";"110";"322";"0";"0.658";"0.0";"-";"-";"110";"322";"0.658"
"2023-04-03 09:19:52.267";"2023-04-03";"09:19:52";"F";"164";"119";"304";"45";"0.609";"11.5";"108";"0.059";"110";"322";"0.658"
"2023-04-03 09:20:22.559";"2023-04-03";"09:20:22";"F";"165";"122";"303";"66";"0.597";"16.5";"108";"0.063";"110";"322";"0.658"
"2023-04-03 09:20:52.851";"2023-04-03";"09:20:52";"F";"166";"119";"258";"90";"0.539";"20.4";"101";"0.248";"110";"322";"0.658"
"2023-04-03 09:21:23.151";"2023-04-03";"09:21:23";"F";"167";"123";"213";"125";"0.423";"22.2";"94";"0.512";"110";"322";"0.658"
"2023-04-03 09:21:53.452";"2023-04-03";"09:21:53";"F";"168";"127";"183";"190";"0.306";"24.4";"87";"0.760";"110";"322";"0.658"
"2023-04-03 09:22:23.744";"2023-04-03";"09:22:23";"F";"169";"130";"166";"285";"0.217";"26.0";"83";"0.940";"110";"322";"0.658"
"2023-04-03 09:22:54.039";"2023-04-03";"09:22:54";"F";"170";"133";"158";"420";"0.158";"27.9";"81";"1.038";"110";"322";"0.658"
"2023-04-03 09:23:24.340";"2023-04-03";"09:23:24";"F";"171";"139";"155";"625";"0.103";"27.0";"80";"1.077";"110";"322";"0.658"
"2023-04-03 09:23:27.022";"2023-04-03";"09:23:27";"SLCE";"";"Light Curve end ";""
"2023-04-03 09:23:59.940";"2023-04-03";"09:23:59";"SLCS";"";"Light Curve start ";"hm212"
"2023-04-03 09:23:59.940";"2023-04-03";"09:23:59";"REG1";"";"#1: alpha: - , ETRm: - , Ik: -   ( beta: - 0.010, ETRmPot: 15.121 )   (Platt et al. 1980) ";""
"2023-04-03 09:23:59.940";"2023-04-03";"09:23:59";"REG2";"";"#1: alpha: 0.224, ETRm: 19.548, Ik: 87.146   (Jassby and Platt 1976) ";""
"2023-04-03 09:24:01.631";"2023-04-03";"09:24:01";"FO";"172";"80";"233";"0";"0.657";"0.0";"-";"-";"80";"233";"0.657"
"2023-04-03 09:24:31.925";"2023-04-03";"09:24:31";"F";"173";"88";"194";"45";"0.546";"10.3";"75";"0.201";"80";"233";"0.657"
"2023-04-03 09:25:02.216";"2023-04-03";"09:25:02";"F";"174";"87";"168";"66";"0.482";"13.4";"71";"0.387";"80";"233";"0.657"
"2023-04-03 09:25:32.514";"2023-04-03";"09:25:32";"F";"175";"88";"145";"90";"0.393";"14.9";"66";"0.607";"80";"233";"0.657"
"2023-04-03 09:26:02.813";"2023-04-03";"09:26:02";"F";"176";"89";"128";"125";"0.305";"16.0";"62";"0.820";"80";"233";"0.657"
"2023-04-03 09:26:33.104";"2023-04-03";"09:26:33";"F";"177";"94";"118";"190";"0.203";"16.2";"60";"0.975";"80";"233";"0.657"
"2023-04-03 09:27:03.407";"2023-04-03";"09:27:03";"F";"178";"93";"113";"285";"0.177";"21.2";"59";"1.062";"80";"233";"0.657"
"2023-04-03 09:27:33.705";"2023-04-03";"09:27:33";"F";"179";"98";"108";"420";"0.093";"16.4";"57";"1.157";"80";"233";"0.657"
"2023-04-03 09:28:03.993";"2023-04-03";"09:28:03";"F";"180";"99";"109";"625";"0.092";"24.2";"58";"1.138";"80";"233";"0.657"
"2023-04-03 09:28:06.626";"2023-04-03";"09:28:06";"SLCE";"";"Light Curve end ";""
"2023-04-03 09:28:24.001";"2023-04-03";"09:28:24";"SLCS";"";"Light Curve start ";"ul209"
"2023-04-03 09:28:24.001";"2023-04-03";"09:28:24";"REG1";"";"#1: alpha: 0.278, ETRm: 32.016, Ik: 115.164   ( beta: 0.102, ETRmPot: 71.025 )   (Platt et al. 1980) ";""
"2023-04-03 09:28:24.001";"2023-04-03";"09:28:24";"REG2";"";"#1: alpha: 0.249, ETRm: 29.979, Ik: 120.570   (Jassby and Platt 1976) ";""
"2023-04-03 09:28:25.695";"2023-04-03";"09:28:25";"FO";"181";"151";"749";"0";"0.798";"0.0";"-";"-";"151";"749";"0.798"
"2023-04-03 09:28:55.985";"2023-04-03";"09:28:55";"F";"182";"268";"643";"45";"0.583";"11.0";"146";"0.165";"151";"749";"0.798"
"2023-04-03 09:29:26.288";"2023-04-03";"09:29:26";"F";"183";"282";"601";"66";"0.531";"14.7";"144";"0.246";"151";"749";"0.798"
"2023-04-03 09:29:56.581";"2023-04-03";"09:29:56";"F";"184";"295";"582";"90";"0.493";"18.6";"143";"0.287";"151";"749";"0.798"
"2023-04-03 09:30:26.879";"2023-04-03";"09:30:26";"F";"185";"316";"559";"125";"0.435";"22.8";"141";"0.340";"151";"749";"0.798"
"2023-04-03 09:30:57.172";"2023-04-03";"09:30:57";"F";"186";"350";"541";"190";"0.353";"28.2";"140";"0.384";"151";"749";"0.798"
"2023-04-03 09:31:27.472";"2023-04-03";"09:31:27";"F";"187";"389";"529";"285";"0.265";"31.7";"139";"0.416";"151";"749";"0.798"
"2023-04-03 09:31:57.765";"2023-04-03";"09:31:57";"F";"188";"424";"516";"420";"0.178";"31.4";"138";"0.452";"151";"749";"0.798"
"2023-04-03 09:32:28.059";"2023-04-03";"09:32:28";"F";"189";"457";"508";"625";"0.100";"26.3";"138";"0.474";"151";"749";"0.798"
"2023-04-03 09:32:31.197";"2023-04-03";"09:32:31";"SLCE";"";"Light Curve end ";""
"2023-04-03 09:32:57.050";"2023-04-03";"09:32:57";"SLCS";"";"Light Curve start ";"ul210"
"2023-04-03 09:32:57.050";"2023-04-03";"09:32:57";"REG1";"";"#1: alpha: 0.296, ETRm: 32.440, Ik: 109.466   ( beta: 0.074, ETRmPot: 60.643 )   (Platt et al. 1980) ";""
"2023-04-03 09:32:57.050";"2023-04-03";"09:32:57";"REG2";"";"#1: alpha: 0.261, ETRm: 30.481, Ik: 116.609   (Jassby and Platt 1976) ";""
"2023-04-03 09:32:58.757";"2023-04-03";"09:32:58";"FO";"190";"166";"745";"0";"0.777";"0.0";"-";"-";"166";"745";"0.777"
"2023-04-03 09:33:29.052";"2023-04-03";"09:33:29";"F";"191";"263";"647";"45";"0.594";"11.2";"161";"0.151";"166";"745";"0.777"
"2023-04-03 09:33:59.345";"2023-04-03";"09:33:59";"F";"192";"278";"618";"66";"0.550";"15.2";"159";"0.206";"166";"745";"0.777"
"2023-04-03 09:34:29.647";"2023-04-03";"09:34:29";"F";"193";"286";"594";"90";"0.519";"19.6";"157";"0.254";"166";"745";"0.777"
"2023-04-03 09:34:59.941";"2023-04-03";"09:34:59";"F";"194";"310";"568";"125";"0.454";"23.8";"155";"0.312";"166";"745";"0.777"
"2023-04-03 09:35:30.224";"2023-04-03";"09:35:30";"F";"195";"348";"547";"190";"0.364";"29.0";"154";"0.362";"166";"745";"0.777"
"2023-04-03 09:36:00.534";"2023-04-03";"09:36:00";"F";"196";"387";"531";"285";"0.271";"32.4";"152";"0.403";"166";"745";"0.777"
"2023-04-03 09:36:30.827";"2023-04-03";"09:36:30";"F";"197";"420";"511";"420";"0.178";"31.4";"151";"0.458";"166";"745";"0.777"
"2023-04-03 09:37:01.127";"2023-04-03";"09:37:01";"F";"198";"444";"495";"625";"0.103";"27.0";"149";"0.505";"166";"745";"0.777"
"2023-04-03 09:37:04.112";"2023-04-03";"09:37:04";"SLCE";"";"Light Curve end ";""
"2023-04-03 09:37:24.110";"2023-04-03";"09:37:24";"SLCS";"";"Light Curve start ";"ul211"
"2023-04-03 09:37:24.110";"2023-04-03";"09:37:24";"REG1";"";"#1: alpha: 0.281, ETRm: 35.119, Ik: 124.951   ( beta: 4.415, ETRmPot: 1547.015 )   (Platt et al. 1980) ";""
"2023-04-03 09:37:24.110";"2023-04-03";"09:37:24";"REG2";"";"#1: alpha: 0.258, ETRm: 32.543, Ik: 126.013   (Jassby and Platt 1976) ";""
"2023-04-03 09:37:25.818";"2023-04-03";"09:37:25";"FO";"199";"142";"596";"0";"0.762";"0.0";"-";"-";"142";"596";"0.762"
"2023-04-03 09:37:56.116";"2023-04-03";"09:37:56";"F";"200";"218";"527";"45";"0.586";"11.1";"138";"0.131";"142";"596";"0.762"
"2023-04-03 09:38:26.412";"2023-04-03";"09:38:26";"F";"201";"234";"508";"66";"0.539";"14.9";"136";"0.173";"142";"596";"0.762"
"2023-04-03 09:38:56.704";"2023-04-03";"09:38:56";"F";"202";"237";"488";"90";"0.514";"19.4";"135";"0.221";"142";"596";"0.762"
"2023-04-03 09:39:27.002";"2023-04-03";"09:39:27";"F";"203";"246";"464";"125";"0.470";"24.7";"133";"0.284";"142";"596";"0.762"
"2023-04-03 09:39:57.301";"2023-04-03";"09:39:57";"F";"204";"274";"444";"190";"0.383";"30.6";"131";"0.342";"142";"596";"0.762"
"2023-04-03 09:40:27.594";"2023-04-03";"09:40:27";"F";"205";"304";"426";"285";"0.286";"34.2";"130";"0.399";"142";"596";"0.762"
"2023-04-03 09:40:57.893";"2023-04-03";"09:40:57";"F";"206";"332";"413";"420";"0.196";"34.6";"128";"0.443";"142";"596";"0.762"
"2023-04-03 09:41:28.188";"2023-04-03";"09:41:28";"F";"207";"355";"397";"625";"0.106";"27.8";"127";"0.501";"142";"596";"0.762"
"2023-04-03 09:41:31.441";"2023-04-03";"09:41:31";"SLCE";"";"Light Curve end ";""
"2023-04-03 09:42:14.549";"2023-04-03";"09:42:14";"SLCS";"";"Light Curve start ";"ul212"
"2023-04-03 09:42:14.549";"2023-04-03";"09:42:14";"REG1";"";"#1: alpha: 0.272, ETRm: 30.671, Ik: 112.678   ( beta: 0.060, ETRmPot: 54.579 )   (Platt et al. 1980) ";""
"2023-04-03 09:42:14.549";"2023-04-03";"09:42:14";"REG2";"";"#1: alpha: 0.238, ETRm: 29.089, Ik: 122.302   (Jassby and Platt 1976) ";""
"2023-04-03 09:42:16.276";"2023-04-03";"09:42:16";"FO";"208";"187";"893";"0";"0.791";"0.0";"-";"-";"187";"893";"0.791"
"2023-04-03 09:42:46.577";"2023-04-03";"09:42:46";"F";"209";"350";"799";"45";"0.562";"10.6";"183";"0.118";"187";"893";"0.791"
"2023-04-03 09:43:16.871";"2023-04-03";"09:43:16";"F";"210";"373";"750";"66";"0.503";"13.9";"180";"0.191";"187";"893";"0.791"
"2023-04-03 09:43:47.167";"2023-04-03";"09:43:47";"F";"211";"377";"717";"90";"0.474";"17.9";"178";"0.245";"187";"893";"0.791"
"2023-04-03 09:44:17.459";"2023-04-03";"09:44:17";"F";"212";"398";"688";"125";"0.422";"22.2";"176";"0.298";"187";"893";"0.791"
"2023-04-03 09:44:47.756";"2023-04-03";"09:44:47";"F";"213";"435";"659";"190";"0.340";"27.1";"174";"0.355";"187";"893";"0.791"
"2023-04-03 09:45:18.055";"2023-04-03";"09:45:18";"F";"214";"475";"637";"285";"0.254";"30.4";"172";"0.402";"187";"893";"0.791"
"2023-04-03 09:45:48.352";"2023-04-03";"09:45:48";"F";"215";"512";"617";"420";"0.170";"30.0";"171";"0.447";"187";"893";"0.791"
"2023-04-03 09:46:18.646";"2023-04-03";"09:46:18";"F";"216";"532";"591";"625";"0.100";"26.3";"169";"0.511";"187";"893";"0.791"
"2023-04-03 09:46:21.440";"2023-04-03";"09:46:21";"SLCE";"";"Light Curve end ";""
"2023-04-03 09:46:46.163";"2023-04-03";"09:46:46";"SLCS";"";"Light Curve start ";"hm213"
"2023-04-03 09:46:46.163";"2023-04-03";"09:46:46";"REG1";"";"#1: alpha: 0.264, ETRm: 27.692, Ik: 104.957   ( beta: 0.003, ETRmPot: 29.299 )   (Platt et al. 1980) ";""
"2023-04-03 09:46:46.163";"2023-04-03";"09:46:46";"REG2";"";"#1: alpha: 0.205, ETRm: 27.299, Ik: 133.146   (Jassby and Platt 1976) ";""
"2023-04-03 09:46:47.846";"2023-04-03";"09:46:47";"FO";"217";"121";"324";"0";"0.627";"0.0";"-";"-";"121";"324";"0.627"
"2023-04-03 09:47:18.140";"2023-04-03";"09:47:18";"F";"218";"138";"277";"45";"0.502";"9.5";"114";"0.170";"121";"324";"0.627"
"2023-04-03 09:47:48.437";"2023-04-03";"09:47:48";"F";"219";"138";"272";"66";"0.493";"13.7";"113";"0.191";"121";"324";"0.627"
"2023-04-03 09:48:18.730";"2023-04-03";"09:48:18";"F";"220";"141";"247";"90";"0.429";"16.2";"108";"0.312";"121";"324";"0.627"
"2023-04-03 09:48:49.024";"2023-04-03";"09:48:49";"F";"221";"146";"226";"125";"0.354";"18.6";"104";"0.434";"121";"324";"0.627"
"2023-04-03 09:49:19.319";"2023-04-03";"09:49:19";"F";"222";"147";"210";"190";"0.300";"23.9";"101";"0.543";"121";"324";"0.627"
"2023-04-03 09:49:49.614";"2023-04-03";"09:49:49";"F";"223";"151";"195";"285";"0.226";"27.1";"97";"0.662";"121";"324";"0.627"
"2023-04-03 09:50:19.916";"2023-04-03";"09:50:19";"F";"224";"156";"184";"420";"0.152";"26.8";"94";"0.761";"121";"324";"0.627"
"2023-04-03 09:50:50.212";"2023-04-03";"09:50:50";"F";"225";"160";"179";"625";"0.106";"27.8";"93";"0.810";"121";"324";"0.627"
"2023-04-03 09:50:53.507";"2023-04-03";"09:50:53";"SLCE";"";"Light Curve end ";""
"2023-04-03 09:51:09.550";"2023-04-03";"09:51:09";"SLCS";"";"Light Curve start ";"hm214"
"2023-04-03 09:51:09.550";"2023-04-03";"09:51:09";"REG1";"";"#1: alpha: - , ETRm: - , Ik: -   ( beta: - 0.016, ETRmPot: 31.523 )   (Platt et al. 1980) ";""
"2023-04-03 09:51:09.550";"2023-04-03";"09:51:09";"REG2";"";"#1: alpha: 0.206, ETRm: 40.212, Ik: 195.109   (Jassby and Platt 1976) ";""
"2023-04-03 09:51:11.310";"2023-04-03";"09:51:11";"FO";"226";"92";"262";"0";"0.649";"0.0";"-";"-";"92";"262";"0.649"
"2023-04-03 09:51:41.602";"2023-04-03";"09:51:41";"F";"227";"109";"244";"45";"0.553";"10.5";"90";"0.074";"92";"262";"0.649"
"2023-04-03 09:52:11.898";"2023-04-03";"09:52:11";"F";"228";"114";"253";"66";"0.549";"15.2";"91";"0.036";"92";"262";"0.649"
"2023-04-03 09:52:42.190";"2023-04-03";"09:52:42";"F";"229";"111";"227";"90";"0.511";"19.3";"87";"0.154";"92";"262";"0.649"
"2023-04-03 09:53:12.493";"2023-04-03";"09:53:12";"F";"230";"113";"197";"125";"0.426";"22.4";"82";"0.330";"92";"262";"0.649"
"2023-04-03 09:53:42.788";"2023-04-03";"09:53:42";"F";"231";"115";"178";"190";"0.354";"28.2";"79";"0.472";"92";"262";"0.649"
"2023-04-03 09:54:13.077";"2023-04-03";"09:54:13";"F";"232";"117";"163";"285";"0.282";"33.8";"76";"0.607";"92";"262";"0.649"
"2023-04-03 09:54:43.377";"2023-04-03";"09:54:43";"F";"233";"119";"152";"420";"0.217";"38.3";"73";"0.724";"92";"262";"0.649"
"2023-04-03 09:55:13.671";"2023-04-03";"09:55:13";"F";"234";"123";"147";"625";"0.163";"42.8";"72";"0.782";"92";"262";"0.649"
"2023-04-03 09:55:16.164";"2023-04-03";"09:55:16";"SLCE";"";"Light Curve end ";""
"2023-04-03 09:55:30.477";"2023-04-03";"09:55:30";"SLCS";"";"Light Curve start ";"hm215"
"2023-04-03 09:55:30.477";"2023-04-03";"09:55:30";"REG1";"";"#1: alpha: - , ETRm: - , Ik: -   ( beta: - 0.017, ETRmPot: 32.488 )   (Platt et al. 1980) ";""
"2023-04-03 09:55:30.477";"2023-04-03";"09:55:30";"REG2";"";"#1: alpha: 0.203, ETRm: 41.902, Ik: 206.445   (Jassby and Platt 1976) ";""
"2023-04-03 09:55:32.169";"2023-04-03";"09:55:32";"FO";"235";"99";"258";"0";"0.616";"0.0";"-";"-";"99";"258";"0.616"
"2023-04-03 09:56:02.470";"2023-04-03";"09:56:02";"F";"236";"107";"242";"45";"0.558";"10.5";"97";"0.066";"99";"258";"0.616"
"2023-04-03 09:56:32.763";"2023-04-03";"09:56:32";"F";"237";"108";"236";"66";"0.542";"15.0";"96";"0.093";"99";"258";"0.616"
"2023-04-03 09:57:03.059";"2023-04-03";"09:57:03";"F";"238";"109";"209";"90";"0.478";"18.1";"91";"0.234";"99";"258";"0.616"
"2023-04-03 09:57:33.358";"2023-04-03";"09:57:33";"F";"239";"109";"194";"125";"0.438";"23.0";"88";"0.330";"99";"258";"0.616"
"2023-04-03 09:58:03.649";"2023-04-03";"09:58:03";"F";"240";"111";"176";"190";"0.369";"29.4";"84";"0.466";"99";"258";"0.616"
"2023-04-03 09:58:33.947";"2023-04-03";"09:58:33";"F";"241";"115";"161";"285";"0.286";"34.2";"80";"0.602";"99";"258";"0.616"
"2023-04-03 09:59:04.238";"2023-04-03";"09:59:04";"F";"242";"119";"153";"420";"0.222";"39.2";"78";"0.686";"99";"258";"0.616"
"2023-04-03 09:59:34.536";"2023-04-03";"09:59:34";"F";"243";"122";"147";"625";"0.170";"44.6";"77";"0.755";"99";"258";"0.616"
"2023-04-03 09:59:37.438";"2023-04-03";"09:59:37";"SLCE";"";"Light Curve end ";""
"2023-04-03 10:00:05.896";"2023-04-03";"10:00:05";"SLCS";"";"Light Curve start ";"hm216"
"2023-04-03 10:00:05.896";"2023-04-03";"10:00:05";"REG1";"";"#1: alpha: - , ETRm: - , Ik: -   ( beta: - 0.017, ETRmPot: 36.857 )   (Platt et al. 1980) ";""
"2023-04-03 10:00:05.896";"2023-04-03";"10:00:05";"REG2";"";"#1: alpha: 0.212, ETRm: 46.007, Ik: 217.442   (Jassby and Platt 1976) ";""
"2023-04-03 10:00:07.629";"2023-04-03";"10:00:07";"FO";"244";"82";"222";"0";"0.631";"0.0";"-";"-";"82";"222";"0.631"
"2023-04-03 10:00:37.927";"2023-04-03";"10:00:37";"F";"245";"93";"210";"45";"0.557";"10.5";"80";"0.057";"82";"222";"0.631"
"2023-04-03 10:01:08.224";"2023-04-03";"10:01:08";"F";"246";"94";"206";"66";"0.544";"15.1";"80";"0.078";"82";"222";"0.631"
"2023-04-03 10:01:38.524";"2023-04-03";"10:01:38";"F";"247";"94";"195";"90";"0.518";"19.6";"78";"0.138";"82";"222";"0.631"
"2023-04-03 10:02:08.821";"2023-04-03";"10:02:08";"F";"248";"96";"173";"125";"0.445";"23.4";"74";"0.283";"82";"222";"0.631"
"2023-04-03 10:02:39.113";"2023-04-03";"10:02:39";"F";"249";"95";"159";"190";"0.403";"32.2";"72";"0.396";"82";"222";"0.631"
"2023-04-03 10:03:09.404";"2023-04-03";"10:03:09";"F";"250";"100";"146";"285";"0.315";"37.7";"69";"0.521";"82";"222";"0.631"
"2023-04-03 10:03:39.703";"2023-04-03";"10:03:39";"F";"251";"103";"135";"420";"0.237";"41.8";"66";"0.644";"82";"222";"0.631"
"2023-04-03 10:04:10.001";"2023-04-03";"10:04:10";"F";"252";"105";"129";"625";"0.186";"48.8";"65";"0.721";"82";"222";"0.631"
"2023-04-03 10:04:12.775";"2023-04-03";"10:04:12";"SLCE";"";"Light Curve end ";""
"2023-04-03 10:04:35.097";"2023-04-03";"10:04:35";"SLCS";"";"Light Curve start ";"ul213"
"2023-04-03 10:04:35.097";"2023-04-03";"10:04:35";"REG1";"";"#1: alpha: 0.262, ETRm: 32.256, Ik: 123.218   ( beta: 0.123, ETRmPot: 81.091 )   (Platt et al. 1980) ";""
"2023-04-03 10:04:35.097";"2023-04-03";"10:04:35";"REG2";"";"#1: alpha: 0.235, ETRm: 30.401, Ik: 129.397   (Jassby and Platt 1976) ";""
"2023-04-03 10:04:36.799";"2023-04-03";"10:04:36";"FO";"253";"174";"752";"0";"0.769";"0.0";"-";"-";"174";"752";"0.769"
"2023-04-03 10:05:07.097";"2023-04-03";"10:05:07";"F";"254";"295";"650";"45";"0.546";"10.3";"168";"0.157";"174";"752";"0.769"
"2023-04-03 10:05:37.384";"2023-04-03";"10:05:37";"F";"255";"304";"611";"66";"0.502";"13.9";"165";"0.231";"174";"752";"0.769"
"2023-04-03 10:06:07.680";"2023-04-03";"10:06:07";"F";"256";"304";"586";"90";"0.481";"18.2";"163";"0.283";"174";"752";"0.769"
"2023-04-03 10:06:37.976";"2023-04-03";"10:06:37";"F";"257";"323";"561";"125";"0.424";"22.3";"161";"0.340";"174";"752";"0.769"
"2023-04-03 10:07:08.272";"2023-04-03";"10:07:08";"F";"258";"352";"541";"190";"0.349";"27.9";"160";"0.390";"174";"752";"0.769"
"2023-04-03 10:07:38.571";"2023-04-03";"10:07:38";"F";"259";"389";"524";"285";"0.258";"30.9";"158";"0.435";"174";"752";"0.769"
"2023-04-03 10:08:08.866";"2023-04-03";"10:08:08";"F";"260";"420";"515";"420";"0.184";"32.5";"157";"0.460";"174";"752";"0.769"
"2023-04-03 10:08:39.161";"2023-04-03";"10:08:39";"F";"261";"452";"504";"625";"0.103";"27.0";"156";"0.492";"174";"752";"0.769"
"2023-04-03 10:08:41.844";"2023-04-03";"10:08:41";"SLCE";"";"Light Curve end ";""
"2023-04-03 10:09:04.122";"2023-04-03";"10:09:04";"SLCS";"";"Light Curve start ";"ul214"
"2023-04-03 10:09:04.122";"2023-04-03";"10:09:04";"REG1";"";"#1: alpha: 0.296, ETRm: 33.540, Ik: 113.234   ( beta: 0.037, ETRmPot: 49.831 )   (Platt et al. 1980) ";""
"2023-04-03 10:09:04.122";"2023-04-03";"10:09:04";"REG2";"";"#1: alpha: 0.251, ETRm: 32.378, Ik: 128.753   (Jassby and Platt 1976) ";""
"2023-04-03 10:09:05.864";"2023-04-03";"10:09:05";"FO";"262";"182";"839";"0";"0.783";"0.0";"-";"-";"182";"839";"0.783"
"2023-04-03 10:09:36.157";"2023-04-03";"10:09:36";"F";"263";"307";"745";"45";"0.588";"11.1";"177";"0.126";"182";"839";"0.783"
"2023-04-03 10:10:06.447";"2023-04-03";"10:10:06";"F";"264";"323";"715";"66";"0.548";"15.2";"175";"0.173";"182";"839";"0.783"
"2023-04-03 10:10:36.745";"2023-04-03";"10:10:36";"F";"265";"337";"695";"90";"0.515";"19.5";"174";"0.207";"182";"839";"0.783"
"2023-04-03 10:11:07.048";"2023-04-03";"10:11:07";"F";"266";"372";"679";"125";"0.452";"23.7";"173";"0.236";"182";"839";"0.783"
"2023-04-03 10:11:37.336";"2023-04-03";"10:11:37";"F";"267";"419";"663";"190";"0.368";"29.4";"172";"0.265";"182";"839";"0.783"
"2023-04-03 10:12:07.633";"2023-04-03";"10:12:07";"F";"268";"471";"651";"285";"0.276";"33.0";"171";"0.289";"182";"839";"0.783"
"2023-04-03 10:12:37.929";"2023-04-03";"10:12:37";"F";"269";"516";"635";"420";"0.187";"33.0";"170";"0.321";"182";"839";"0.783"
"2023-04-03 10:13:08.231";"2023-04-03";"10:13:08";"F";"270";"556";"629";"625";"0.116";"30.5";"170";"0.334";"182";"839";"0.783"
"2023-04-03 10:13:10.964";"2023-04-03";"10:13:10";"SLCE";"";"Light Curve end ";""
"2023-04-03 10:13:39.839";"2023-04-03";"10:13:39";"SLCS";"";"Light Curve start ";"ul215"
"2023-04-03 10:13:39.839";"2023-04-03";"10:13:39";"REG1";"";"#1: alpha: 0.267, ETRm: 42.103, Ik: 157.970   ( beta: 7.923, ETRmPot: 3459.451 )   (Platt et al. 1980) ";""
"2023-04-03 10:13:39.839";"2023-04-03";"10:13:39";"REG2";"";"#1: alpha: 0.236, ETRm: 41.094, Ik: 173.792   (Jassby and Platt 1976) ";""
"2023-04-03 10:13:41.525";"2023-04-03";"10:13:41";"FO";"271";"173";"604";"0";"0.714";"0.0";"-";"-";"173";"604";"0.714"
"2023-04-03 10:14:11.822";"2023-04-03";"10:14:11";"F";"272";"229";"528";"45";"0.566";"10.7";"166";"0.144";"173";"604";"0.714"
"2023-04-03 10:14:42.112";"2023-04-03";"10:14:42";"F";"273";"233";"497";"66";"0.531";"14.7";"163";"0.215";"173";"604";"0.714"
"2023-04-03 10:15:12.408";"2023-04-03";"10:15:12";"F";"274";"235";"478";"90";"0.508";"19.2";"161";"0.264";"173";"604";"0.714"
"2023-04-03 10:15:42.700";"2023-04-03";"10:15:42";"F";"275";"240";"456";"125";"0.474";"24.9";"158";"0.325";"173";"604";"0.714"
"2023-04-03 10:16:13.002";"2023-04-03";"10:16:13";"F";"276";"257";"435";"190";"0.409";"32.6";"156";"0.389";"173";"604";"0.714"
"2023-04-03 10:16:43.292";"2023-04-03";"10:16:43";"F";"277";"282";"420";"285";"0.329";"39.4";"154";"0.438";"173";"604";"0.714"
"2023-04-03 10:17:13.590";"2023-04-03";"10:17:13";"F";"278";"311";"409";"420";"0.240";"42.3";"152";"0.477";"173";"604";"0.714"
"2023-04-03 10:17:43.889";"2023-04-03";"10:17:43";"F";"279";"342";"401";"625";"0.147";"38.6";"151";"0.506";"173";"604";"0.714"
"2023-04-03 10:17:47.117";"2023-04-03";"10:17:47";"SLCE";"";"Light Curve end ";""
"2023-04-03 10:18:10.832";"2023-04-03";"10:18:10";"SLCS";"";"Light Curve start ";"ul216"
"2023-04-03 10:18:10.832";"2023-04-03";"10:18:10";"REG1";"";"#1: alpha: 0.298, ETRm: 33.800, Ik: 113.592   ( beta: 0.062, ETRmPot: 58.923 )   (Platt et al. 1980) ";""
"2023-04-03 10:18:10.832";"2023-04-03";"10:18:10";"REG2";"";"#1: alpha: 0.259, ETRm: 32.182, Ik: 124.472   (Jassby and Platt 1976) ";""
"2023-04-03 10:18:12.588";"2023-04-03";"10:18:12";"FO";"280";"131";"572";"0";"0.771";"0.0";"-";"-";"131";"572";"0.771"
"2023-04-03 10:18:42.880";"2023-04-03";"10:18:42";"F";"281";"208";"525";"45";"0.604";"11.4";"128";"0.090";"131";"572";"0.771"
"2023-04-03 10:19:13.181";"2023-04-03";"10:19:13";"F";"282";"225";"498";"66";"0.548";"15.2";"127";"0.149";"131";"572";"0.771"
"2023-04-03 10:19:43.476";"2023-04-03";"10:19:43";"F";"283";"231";"479";"90";"0.518";"19.6";"125";"0.194";"131";"572";"0.771"
"2023-04-03 10:20:13.770";"2023-04-03";"10:20:13";"F";"284";"250";"463";"125";"0.460";"24.2";"124";"0.235";"131";"572";"0.771"
"2023-04-03 10:20:44.065";"2023-04-03";"10:20:44";"F";"285";"281";"450";"190";"0.376";"30.0";"123";"0.271";"131";"572";"0.771"
"2023-04-03 10:21:14.363";"2023-04-03";"10:21:14";"F";"286";"315";"438";"285";"0.281";"33.6";"122";"0.306";"131";"572";"0.771"
"2023-04-03 10:21:44.654";"2023-04-03";"10:21:44";"F";"287";"345";"424";"420";"0.186";"32.8";"121";"0.349";"131";"572";"0.771"
"2023-04-03 10:22:14.951";"2023-04-03";"10:22:14";"F";"288";"365";"411";"625";"0.112";"29.4";"120";"0.392";"131";"572";"0.771"
"2023-04-03 10:22:18.123";"2023-04-03";"10:22:18";"SLCE";"";"Light Curve end ";""
"2023-04-03 10:22:45.095";"2023-04-03";"10:22:45";"SLCS";"";"Light Curve start ";"hm217"
"2023-04-03 10:22:45.095";"2023-04-03";"10:22:45";"REG1";"";"#1: alpha: - , ETRm: - , Ik: -   ( beta: - 0.002, ETRmPot: 37.838 )   (Platt et al. 1980) ";""
"2023-04-03 10:22:45.095";"2023-04-03";"10:22:45";"REG2";"";"#1: alpha: 0.192, ETRm: 37.440, Ik: 195.331   (Jassby and Platt 1976) ";""
"2023-04-03 10:22:46.845";"2023-04-03";"10:22:46";"FO";"289";"86";"235";"0";"0.634";"0.0";"-";"-";"86";"235";"0.634"
"2023-04-03 10:23:17.148";"2023-04-03";"10:23:17";"F";"290";"94";"194";"45";"0.515";"9.7";"80";"0.211";"86";"235";"0.634"
"2023-04-03 10:23:47.443";"2023-04-03";"10:23:47";"F";"291";"97";"187";"66";"0.481";"13.3";"79";"0.257";"86";"235";"0.634"
"2023-04-03 10:24:17.735";"2023-04-03";"10:24:17";"F";"292";"95";"175";"90";"0.457";"17.3";"76";"0.343";"86";"235";"0.634"
"2023-04-03 10:24:48.035";"2023-04-03";"10:24:48";"F";"293";"96";"161";"125";"0.404";"21.2";"74";"0.460";"86";"235";"0.634"
"2023-04-03 10:25:18.327";"2023-04-03";"10:25:18";"F";"294";"99";"148";"190";"0.331";"26.4";"71";"0.588";"86";"235";"0.634"
"2023-04-03 10:25:48.623";"2023-04-03";"10:25:48";"F";"295";"101";"138";"285";"0.268";"32.1";"68";"0.703";"86";"235";"0.634"
"2023-04-03 10:26:18.918";"2023-04-03";"10:26:18";"F";"296";"102";"129";"420";"0.209";"36.9";"66";"0.822";"86";"235";"0.634"
"2023-04-03 10:26:49.219";"2023-04-03";"10:26:49";"F";"297";"105";"123";"625";"0.146";"38.3";"65";"0.911";"86";"235";"0.634"
"2023-04-03 10:26:52.064";"2023-04-03";"10:26:52";"SLCE";"";"Light Curve end ";""
"2023-04-03 10:27:04.092";"2023-04-03";"10:27:04";"SLCS";"";"Light Curve start ";"hm218"
"2023-04-03 10:27:04.092";"2023-04-03";"10:27:04";"REG1";"";"#1: alpha: - , ETRm: - , Ik: -   ( beta: - 0.008, ETRmPot: 35.115 )   (Platt et al. 1980) ";""
"2023-04-03 10:27:04.092";"2023-04-03";"10:27:04";"REG2";"";"#1: alpha: 0.219, ETRm: 38.407, Ik: 175.209   (Jassby and Platt 1976) ";""
"2023-04-03 10:27:05.812";"2023-04-03";"10:27:05";"FO";"298";"111";"281";"0";"0.605";"0.0";"-";"-";"111";"281";"0.605"
"2023-04-03 10:27:36.109";"2023-04-03";"10:27:36";"F";"299";"128";"275";"45";"0.535";"10.1";"110";"0.022";"111";"281";"0.605"
"2023-04-03 10:28:06.407";"2023-04-03";"10:28:06";"F";"300";"130";"282";"66";"0.539";"14.9";"111";"- 0.004";"111";"281";"0.605"
"2023-04-03 10:28:36.701";"2023-04-03";"10:28:36";"F";"301";"129";"266";"90";"0.515";"19.5";"109";"0.056";"111";"281";"0.605"
"2023-04-03 10:29:06.994";"2023-04-03";"10:29:06";"F";"302";"131";"233";"125";"0.438";"23.0";"103";"0.206";"111";"281";"0.605"
"2023-04-03 10:29:37.291";"2023-04-03";"10:29:37";"F";"303";"135";"216";"190";"0.375";"29.9";"99";"0.301";"111";"281";"0.605"
"2023-04-03 10:30:07.585";"2023-04-03";"10:30:07";"F";"304";"142";"197";"285";"0.279";"33.4";"95";"0.426";"111";"281";"0.605"
"2023-04-03 10:30:37.878";"2023-04-03";"10:30:37";"F";"305";"145";"184";"420";"0.212";"37.4";"92";"0.527";"111";"281";"0.605"
"2023-04-03 10:31:08.182";"2023-04-03";"10:31:08";"F";"306";"148";"175";"625";"0.154";"40.4";"90";"0.606";"111";"281";"0.605"
"2023-04-03 10:31:10.895";"2023-04-03";"10:31:10";"SLCE";"";"Light Curve end ";""
"2023-04-03 10:31:43.608";"2023-04-03";"10:31:43";"SLCS";"";"Light Curve start ";"hm219"
"2023-04-03 10:31:43.608";"2023-04-03";"10:31:43";"REG1";"";"#1: alpha: - , ETRm: - , Ik: -   ( beta: - 0.009, ETRmPot: 35.250 )   (Platt et al. 1980) ";""
"2023-04-03 10:31:43.608";"2023-04-03";"10:31:43";"REG2";"";"#1: alpha: 0.217, ETRm: 39.264, Ik: 180.833   (Jassby and Platt 1976) ";""
"2023-04-03 10:31:45.373";"2023-04-03";"10:31:45";"FO";"307";"102";"295";"0";"0.654";"0.0";"-";"-";"102";"295";"0.654"
"2023-04-03 10:32:15.666";"2023-04-03";"10:32:15";"F";"308";"120";"276";"45";"0.565";"10.7";"100";"0.069";"102";"295";"0.654"
"2023-04-03 10:32:45.968";"2023-04-03";"10:32:45";"F";"309";"123";"272";"66";"0.548";"15.2";"99";"0.085";"102";"295";"0.654"
"2023-04-03 10:33:16.264";"2023-04-03";"10:33:16";"F";"310";"120";"241";"90";"0.502";"19.0";"95";"0.224";"102";"295";"0.654"
"2023-04-03 10:33:46.554";"2023-04-03";"10:33:46";"F";"311";"121";"216";"125";"0.440";"23.1";"91";"0.366";"102";"295";"0.654"
"2023-04-03 10:34:16.849";"2023-04-03";"10:34:16";"F";"312";"124";"198";"190";"0.374";"29.8";"87";"0.490";"102";"295";"0.654"
"2023-04-03 10:34:47.153";"2023-04-03";"10:34:47";"F";"313";"130";"181";"285";"0.282";"33.8";"84";"0.630";"102";"295";"0.654"
"2023-04-03 10:35:17.444";"2023-04-03";"10:35:17";"F";"314";"130";"166";"420";"0.217";"38.3";"80";"0.777";"102";"295";"0.654"
"2023-04-03 10:35:47.741";"2023-04-03";"10:35:47";"F";"315";"134";"159";"625";"0.157";"41.2";"79";"0.855";"102";"295";"0.654"
"2023-04-03 10:35:50.855";"2023-04-03";"10:35:50";"SLCE";"";"Light Curve end ";""
"2023-04-03 10:36:17.898";"2023-04-03";"10:36:17";"SLCS";"";"Light Curve start ";"hm220"
"2023-04-03 10:36:17.898";"2023-04-03";"10:36:17";"REG1";"";"#1: alpha: - , ETRm: - , Ik: -   ( beta: - 0.009, ETRmPot: 42.411 )   (Platt et al. 1980) ";""
"2023-04-03 10:36:17.898";"2023-04-03";"10:36:17";"REG2";"";"#1: alpha: 0.203, ETRm: 45.979, Ik: 226.787   (Jassby and Platt 1976) ";""
"2023-04-03 10:36:19.632";"2023-04-03";"10:36:19";"FO";"316";"107";"292";"0";"0.634";"0.0";"-";"-";"107";"292";"0.634"
"2023-04-03 10:36:49.931";"2023-04-03";"10:36:49";"F";"317";"120";"278";"45";"0.568";"10.7";"105";"0.050";"107";"292";"0.634"
"2023-04-03 10:37:20.226";"2023-04-03";"10:37:20";"F";"318";"123";"268";"66";"0.541";"15.0";"104";"0.090";"107";"292";"0.634"
"2023-04-03 10:37:50.520";"2023-04-03";"10:37:50";"F";"319";"124";"242";"90";"0.488";"18.4";"99";"0.207";"107";"292";"0.634"
"2023-04-03 10:38:20.822";"2023-04-03";"10:38:20";"F";"320";"125";"223";"125";"0.439";"23.0";"96";"0.309";"107";"292";"0.634"
"2023-04-03 10:38:51.114";"2023-04-03";"10:38:51";"F";"321";"129";"207";"190";"0.377";"30.1";"93";"0.411";"107";"292";"0.634"
"2023-04-03 10:39:21.414";"2023-04-03";"10:39:21";"F";"322";"133";"194";"285";"0.314";"37.6";"90";"0.505";"107";"292";"0.634"
"2023-04-03 10:39:51.712";"2023-04-03";"10:39:51";"F";"323";"136";"180";"420";"0.244";"43.0";"87";"0.622";"107";"292";"0.634"
"2023-04-03 10:40:22.000";"2023-04-03";"10:40:22";"F";"324";"141";"172";"625";"0.180";"47.3";"85";"0.698";"107";"292";"0.634"
"2023-04-03 10:40:24.594";"2023-04-03";"10:40:24";"SLCE";"";"Light Curve end ";""
"2023-04-03 10:41:21.231";"2023-04-03";"10:41:21";"SLCS";"";"Light Curve start ";"ul217"
"2023-04-03 10:41:21.231";"2023-04-03";"10:41:21";"REG1";"";"#1: alpha: 0.282, ETRm: 31.766, Ik: 112.608   ( beta: 0.041, ETRmPot: 49.053 )   (Platt et al. 1980) ";""
"2023-04-03 10:41:21.231";"2023-04-03";"10:41:21";"REG2";"";"#1: alpha: 0.241, ETRm: 30.522, Ik: 126.481   (Jassby and Platt 1976) ";""
"2023-04-03 10:41:22.897";"2023-04-03";"10:41:22";"FO";"325";"226";"1076";"0";"0.790";"0.0";"-";"-";"226";"1076";"0.790"
"2023-04-03 10:41:53.191";"2023-04-03";"10:41:53";"F";"326";"416";"972";"45";"0.572";"10.8";"221";"0.107";"226";"1076";"0.790"
"2023-04-03 10:42:23.491";"2023-04-03";"10:42:23";"F";"327";"438";"921";"66";"0.524";"14.5";"218";"0.168";"226";"1076";"0.790"
"2023-04-03 10:42:53.785";"2023-04-03";"10:42:53";"F";"328";"455";"888";"90";"0.488";"18.4";"216";"0.212";"226";"1076";"0.790"
"2023-04-03 10:43:24.082";"2023-04-03";"10:43:24";"F";"329";"490";"859";"125";"0.430";"22.6";"215";"0.253";"226";"1076";"0.790"
"2023-04-03 10:43:54.374";"2023-04-03";"10:43:54";"F";"330";"542";"837";"190";"0.352";"28.1";"213";"0.286";"226";"1076";"0.790"
"2023-04-03 10:44:24.671";"2023-04-03";"10:44:24";"F";"331";"600";"811";"285";"0.260";"31.1";"211";"0.327";"226";"1076";"0.790"
"2023-04-03 10:44:54.962";"2023-04-03";"10:44:54";"F";"332";"645";"785";"420";"0.178";"31.4";"210";"0.371";"226";"1076";"0.790"
"2023-04-03 10:45:25.264";"2023-04-03";"10:45:25";"F";"333";"676";"758";"625";"0.108";"28.4";"208";"0.420";"226";"1076";"0.790"
"2023-04-03 10:45:28.343";"2023-04-03";"10:45:28";"SLCE";"";"Light Curve end ";""
"2023-04-03 10:45:47.199";"2023-04-03";"10:45:47";"SLCS";"";"Light Curve start ";"ul218"
"2023-04-03 10:45:47.199";"2023-04-03";"10:45:47";"REG1";"";"#1: alpha: 0.279, ETRm: 35.042, Ik: 125.547   ( beta: 0.067, ETRmPot: 64.599 )   (Platt et al. 1980) ";""
"2023-04-03 10:45:47.199";"2023-04-03";"10:45:47";"REG2";"";"#1: alpha: 0.243, ETRm: 33.726, Ik: 139.017   (Jassby and Platt 1976) ";""
"2023-04-03 10:45:48.860";"2023-04-03";"10:45:48";"FO";"334";"214";"1049";"0";"0.796";"0.0";"-";"-";"214";"1049";"0.796"
"2023-04-03 10:46:19.152";"2023-04-03";"10:46:19";"F";"335";"399";"924";"45";"0.568";"10.7";"208";"0.135";"214";"1049";"0.796"
"2023-04-03 10:46:49.448";"2023-04-03";"10:46:49";"F";"336";"426";"897";"66";"0.525";"14.6";"207";"0.169";"214";"1049";"0.796"
"2023-04-03 10:47:19.743";"2023-04-03";"10:47:19";"F";"337";"435";"879";"90";"0.505";"19.1";"206";"0.193";"214";"1049";"0.796"
"2023-04-03 10:47:50.037";"2023-04-03";"10:47:50";"F";"338";"473";"866";"125";"0.454";"23.8";"205";"0.211";"214";"1049";"0.796"
"2023-04-03 10:48:20.334";"2023-04-03";"10:48:20";"F";"339";"536";"856";"190";"0.374";"29.8";"205";"0.225";"214";"1049";"0.796"
"2023-04-03 10:48:50.631";"2023-04-03";"10:48:50";"F";"340";"605";"846";"285";"0.285";"34.1";"204";"0.240";"214";"1049";"0.796"
"2023-04-03 10:49:20.931";"2023-04-03";"10:49:20";"F";"341";"666";"828";"420";"0.196";"34.6";"203";"0.267";"214";"1049";"0.796"
"2023-04-03 10:49:51.222";"2023-04-03";"10:49:51";"F";"342";"711";"808";"625";"0.120";"31.5";"202";"0.298";"214";"1049";"0.796"
"2023-04-03 10:49:53.636";"2023-04-03";"10:49:53";"SLCE";"";"Light Curve end ";""
"2023-04-03 10:50:11.733";"2023-04-03";"10:50:11";"SLCS";"";"Light Curve start ";"ul219"
"2023-04-03 10:50:11.733";"2023-04-03";"10:50:11";"REG1";"";"#1: alpha: 0.270, ETRm: 31.821, Ik: 117.645   ( beta: 0.060, ETRmPot: 56.731 )   (Platt et al. 1980) ";""
"2023-04-03 10:50:11.733";"2023-04-03";"10:50:11";"REG2";"";"#1: alpha: 0.236, ETRm: 30.371, Ik: 128.803   (Jassby and Platt 1976) ";""
"2023-04-03 10:50:13.422";"2023-04-03";"10:50:13";"FO";"343";"248";"1191";"0";"0.792";"0.0";"-";"-";"248";"1191";"0.792"
"2023-04-03 10:50:43.722";"2023-04-03";"10:50:43";"F";"344";"434";"993";"45";"0.563";"10.6";"238";"0.199";"248";"1191";"0.792"
"2023-04-03 10:51:14.014";"2023-04-03";"10:51:14";"F";"345";"455";"939";"66";"0.515";"14.3";"235";"0.268";"248";"1191";"0.792"
"2023-04-03 10:51:44.311";"2023-04-03";"10:51:44";"F";"346";"480";"910";"90";"0.473";"17.9";"233";"0.309";"248";"1191";"0.792"
"2023-04-03 10:52:14.609";"2023-04-03";"10:52:14";"F";"347";"509";"885";"125";"0.425";"22.3";"231";"0.346";"248";"1191";"0.792"
"2023-04-03 10:52:44.903";"2023-04-03";"10:52:44";"F";"348";"560";"858";"190";"0.347";"27.7";"229";"0.388";"248";"1191";"0.792"
"2023-04-03 10:53:15.196";"2023-04-03";"10:53:15";"F";"349";"618";"835";"285";"0.260";"31.1";"228";"0.426";"248";"1191";"0.792"
"2023-04-03 10:53:45.496";"2023-04-03";"10:53:45";"F";"350";"666";"811";"420";"0.179";"31.6";"226";"0.469";"248";"1191";"0.792"
"2023-04-03 10:54:15.789";"2023-04-03";"10:54:15";"F";"351";"702";"785";"625";"0.106";"27.8";"224";"0.517";"248";"1191";"0.792"
"2023-04-03 10:54:18.817";"2023-04-03";"10:54:18";"SLCE";"";"Light Curve end ";""
"2023-04-03 10:54:35.837";"2023-04-03";"10:54:35";"SLCS";"";"Light Curve start ";"ul220"
"2023-04-03 10:54:35.837";"2023-04-03";"10:54:35";"REG1";"";"#1: alpha: 0.286, ETRm: 31.396, Ik: 109.744   ( beta: 0.057, ETRmPot: 53.996 )   (Platt et al. 1980) ";""
"2023-04-03 10:54:35.837";"2023-04-03";"10:54:35";"REG2";"";"#1: alpha: 0.250, ETRm: 29.732, Ik: 119.061   (Jassby and Platt 1976) ";""
"2023-04-03 10:54:37.585";"2023-04-03";"10:54:37";"FO";"352";"222";"1072";"0";"0.793";"0.0";"-";"-";"222";"1072";"0.793"
"2023-04-03 10:55:07.883";"2023-04-03";"10:55:07";"F";"353";"440";"988";"45";"0.555";"10.5";"218";"0.085";"222";"1072";"0.793"
"2023-04-03 10:55:38.180";"2023-04-03";"10:55:38";"F";"354";"442";"932";"66";"0.526";"14.6";"215";"0.150";"222";"1072";"0.793"
"2023-04-03 10:56:08.472";"2023-04-03";"10:56:08";"F";"355";"442";"891";"90";"0.504";"19.1";"213";"0.203";"222";"1072";"0.793"
"2023-04-03 10:56:38.772";"2023-04-03";"10:56:38";"F";"356";"477";"850";"125";"0.439";"23.0";"211";"0.261";"222";"1072";"0.793"
"2023-04-03 10:57:09.046";"2023-04-03";"10:57:09";"F";"357";"531";"816";"190";"0.349";"27.9";"208";"0.314";"222";"1072";"0.793"
"2023-04-03 10:57:39.361";"2023-04-03";"10:57:39";"F";"358";"582";"787";"285";"0.260";"31.1";"207";"0.362";"222";"1072";"0.793"
"2023-04-03 10:58:09.657";"2023-04-03";"10:58:09";"F";"359";"622";"753";"420";"0.174";"30.7";"204";"0.424";"222";"1072";"0.793"
"2023-04-03 10:58:39.952";"2023-04-03";"10:58:39";"F";"360";"644";"717";"625";"0.102";"26.8";"201";"0.495";"222";"1072";"0.793"
"2023-04-03 10:58:42.520";"2023-04-03";"10:58:42";"SLCE";"";"Light Curve end ";""
"2023-04-03 10:59:39.194";"2023-04-03";"10:59:39";"SLCS";"";"Light Curve start ";"hm221"
"2023-04-03 10:59:39.194";"2023-04-03";"10:59:39";"REG1";"";"#1: alpha: - , ETRm: - , Ik: -   ( beta: - 0.010, ETRmPot: 28.739 )   (Platt et al. 1980) ";""
"2023-04-03 10:59:39.194";"2023-04-03";"10:59:39";"REG2";"";"#1: alpha: 0.218, ETRm: 33.698, Ik: 154.694   (Jassby and Platt 1976) ";""
"2023-04-03 10:59:40.940";"2023-04-03";"10:59:40";"FO";"361";"84";"245";"0";"0.657";"0.0";"-";"-";"84";"245";"0.657"
"2023-04-03 11:00:11.243";"2023-04-03";"11:00:11";"F";"362";"95";"224";"45";"0.576";"10.9";"81";"0.094";"84";"245";"0.657"
"2023-04-03 11:00:41.539";"2023-04-03";"11:00:41";"F";"363";"94";"219";"66";"0.571";"15.8";"81";"0.119";"84";"245";"0.657"
"2023-04-03 11:01:11.828";"2023-04-03";"11:01:11";"F";"364";"92";"178";"90";"0.483";"18.3";"74";"0.376";"84";"245";"0.657"
"2023-04-03 11:01:42.125";"2023-04-03";"11:01:42";"F";"365";"92";"155";"125";"0.406";"21.3";"70";"0.581";"84";"245";"0.657"
"2023-04-03 11:02:12.428";"2023-04-03";"11:02:12";"F";"366";"93";"137";"190";"0.321";"25.6";"66";"0.788";"84";"245";"0.657"
"2023-04-03 11:02:42.717";"2023-04-03";"11:02:42";"F";"367";"94";"130";"285";"0.277";"33.2";"64";"0.885";"84";"245";"0.657"
"2023-04-03 11:03:13.020";"2023-04-03";"11:03:13";"F";"368";"98";"119";"420";"0.176";"31.0";"62";"1.059";"84";"245";"0.657"
"2023-04-03 11:03:43.311";"2023-04-03";"11:03:43";"F";"369";"99";"115";"625";"0.139";"36.5";"61";"1.130";"84";"245";"0.657"
"2023-04-03 11:03:45.834";"2023-04-03";"11:03:45";"SLCE";"";"Light Curve end ";""
"2023-04-03 11:04:03.595";"2023-04-03";"11:04:03";"SLCS";"";"Light Curve start ";"hm222"
"2023-04-03 11:04:03.595";"2023-04-03";"11:04:03";"REG1";"";"#1: alpha: 0.288, ETRm: 50.333, Ik: 174.863   ( beta: 8.950, ETRmPot: 4322.334 )   (Platt et al. 1980) ";""
"2023-04-03 11:04:03.595";"2023-04-03";"11:04:03";"REG2";"";"#1: alpha: 0.253, ETRm: 49.948, Ik: 197.607   (Jassby and Platt 1976) ";""
"2023-04-03 11:04:05.310";"2023-04-03";"11:04:05";"FO";"370";"84";"253";"0";"0.668";"0.0";"-";"-";"84";"253";"0.668"
"2023-04-03 11:04:35.607";"2023-04-03";"11:04:35";"F";"371";"94";"234";"45";"0.598";"11.3";"82";"0.081";"84";"253";"0.668"
"2023-04-03 11:05:05.905";"2023-04-03";"11:05:05";"F";"372";"94";"225";"66";"0.582";"16.1";"81";"0.124";"84";"253";"0.668"
"2023-04-03 11:05:36.201";"2023-04-03";"11:05:36";"F";"373";"93";"218";"90";"0.573";"21.7";"80";"0.161";"84";"253";"0.668"
"2023-04-03 11:06:06.492";"2023-04-03";"11:06:06";"F";"374";"97";"202";"125";"0.520";"27.3";"78";"0.252";"84";"253";"0.668"
"2023-04-03 11:06:36.792";"2023-04-03";"11:06:36";"F";"375";"97";"179";"190";"0.458";"36.5";"74";"0.413";"84";"253";"0.668"
"2023-04-03 11:07:07.083";"2023-04-03";"11:07:07";"F";"376";"100";"161";"285";"0.379";"45.4";"71";"0.571";"84";"253";"0.668"
"2023-04-03 11:07:37.379";"2023-04-03";"11:07:37";"F";"377";"102";"143";"420";"0.287";"50.6";"67";"0.769";"84";"253";"0.668"
"2023-04-03 11:08:07.676";"2023-04-03";"11:08:07";"F";"378";"108";"132";"625";"0.182";"47.8";"64";"0.917";"84";"253";"0.668"
"2023-04-03 11:08:10.904";"2023-04-03";"11:08:10";"SLCE";"";"Light Curve end ";""
"2023-04-03 11:08:28.751";"2023-04-03";"11:08:28";"SLCS";"";"Light Curve start ";"hm223"
"2023-04-03 11:08:28.751";"2023-04-03";"11:08:28";"REG1";"";"#1: alpha: 0.271, ETRm: 54.879, Ik: 202.684   ( beta: 0.101, ETRmPot: 122.353 )   (Platt et al. 1980) ";""
"2023-04-03 11:08:28.751";"2023-04-03";"11:08:28";"REG2";"";"#1: alpha: 0.233, ETRm: 55.114, Ik: 236.619   (Jassby and Platt 1976) ";""
"2023-04-03 11:08:30.473";"2023-04-03";"11:08:30";"FO";"379";"124";"352";"0";"0.648";"0.0";"-";"-";"124";"352";"0.648"
"2023-04-03 11:09:00.767";"2023-04-03";"11:09:00";"F";"380";"145";"335";"45";"0.567";"10.7";"122";"0.051";"124";"352";"0.648"
"2023-04-03 11:09:31.068";"2023-04-03";"11:09:31";"F";"381";"148";"333";"66";"0.556";"15.4";"122";"0.057";"124";"352";"0.648"
"2023-04-03 11:10:01.359";"2023-04-03";"11:10:01";"F";"382";"145";"327";"90";"0.557";"21.1";"121";"0.076";"124";"352";"0.648"
"2023-04-03 11:10:31.656";"2023-04-03";"11:10:31";"F";"383";"150";"303";"125";"0.505";"26.5";"117";"0.162";"124";"352";"0.648"
"2023-04-03 11:11:01.946";"2023-04-03";"11:11:01";"F";"384";"155";"282";"190";"0.450";"35.9";"114";"0.248";"124";"352";"0.648"
"2023-04-03 11:11:32.252";"2023-04-03";"11:11:32";"F";"385";"160";"259";"285";"0.382";"45.7";"110";"0.359";"124";"352";"0.648"
"2023-04-03 11:12:02.546";"2023-04-03";"11:12:02";"F";"386";"165";"234";"420";"0.295";"52.0";"105";"0.504";"124";"352";"0.648"
"2023-04-03 11:12:32.844";"2023-04-03";"11:12:32";"F";"387";"170";"215";"625";"0.209";"54.9";"101";"0.637";"124";"352";"0.648"
"2023-04-03 11:12:35.807";"2023-04-03";"11:12:35";"SLCE";"";"Light Curve end ";""
"2023-04-03 11:13:05.443";"2023-04-03";"11:13:05";"SLCS";"";"Light Curve start ";"hm224"
"2023-04-03 11:13:05.443";"2023-04-03";"11:13:05";"REG1";"";"#1: alpha: - , ETRm: - , Ik: -   ( beta: - 0.002, ETRmPot: 39.550 )   (Platt et al. 1980) ";""
"2023-04-03 11:13:05.443";"2023-04-03";"11:13:05";"REG2";"";"#1: alpha: 0.261, ETRm: 39.660, Ik: 151.983   (Jassby and Platt 1976) ";""
"2023-04-03 11:13:07.134";"2023-04-03";"11:13:07";"FO";"388";"89";"273";"0";"0.674";"0.0";"-";"-";"89";"273";"0.674"
"2023-04-03 11:13:37.425";"2023-04-03";"11:13:37";"F";"389";"97";"257";"45";"0.623";"11.8";"87";"0.062";"89";"273";"0.674"
"2023-04-03 11:14:07.724";"2023-04-03";"11:14:07";"F";"390";"97";"258";"66";"0.624";"17.3";"87";"0.058";"89";"273";"0.674"
"2023-04-03 11:14:38.022";"2023-04-03";"11:14:38";"F";"391";"100";"239";"90";"0.582";"22.0";"85";"0.142";"89";"273";"0.674"
"2023-04-03 11:15:08.323";"2023-04-03";"11:15:08";"F";"392";"100";"190";"125";"0.474";"24.9";"78";"0.437";"89";"273";"0.674"
"2023-04-03 11:15:38.614";"2023-04-03";"11:15:38";"F";"393";"100";"171";"190";"0.415";"33.1";"75";"0.596";"89";"273";"0.674"
"2023-04-03 11:16:08.910";"2023-04-03";"11:16:08";"F";"394";"103";"154";"285";"0.331";"39.6";"71";"0.773";"89";"273";"0.674"
"2023-04-03 11:16:39.203";"2023-04-03";"11:16:39";"F";"395";"109";"137";"420";"0.204";"36.0";"67";"0.993";"89";"273";"0.674"
"2023-04-03 11:17:09.500";"2023-04-03";"11:17:09";"F";"396";"110";"131";"625";"0.160";"42.0";"66";"1.084";"89";"273";"0.674"
"2023-04-03 11:17:12.163";"2023-04-03";"11:17:12";"SLCE";"";"Light Curve end ";""
"2023-04-03 11:17:41.927";"2023-04-03";"11:17:41";"SLCS";"";"Light Curve start ";"ul221"
"2023-04-03 11:17:41.927";"2023-04-03";"11:17:41";"REG1";"";"#1: alpha: 0.265, ETRm: 41.670, Ik: 156.985   ( beta: 6.944, ETRmPot: 3019.718 )   (Platt et al. 1980) ";""
"2023-04-03 11:17:41.927";"2023-04-03";"11:17:41";"REG2";"";"#1: alpha: 0.233, ETRm: 40.803, Ik: 174.989   (Jassby and Platt 1976) ";""
"2023-04-03 11:17:43.694";"2023-04-03";"11:17:43";"FO";"397";"145";"658";"0";"0.780";"0.0";"-";"-";"145";"658";"0.780"
"2023-04-03 11:18:13.988";"2023-04-03";"11:18:13";"F";"398";"270";"575";"45";"0.530";"10.0";"141";"0.144";"145";"658";"0.780"
"2023-04-03 11:18:44.290";"2023-04-03";"11:18:44";"F";"399";"272";"538";"66";"0.494";"13.7";"138";"0.223";"145";"658";"0.780"
"2023-04-03 11:19:14.581";"2023-04-03";"11:19:14";"F";"400";"258";"509";"90";"0.493";"18.6";"136";"0.293";"145";"658";"0.780"
"2023-04-03 11:19:44.877";"2023-04-03";"11:19:44";"F";"401";"254";"482";"125";"0.473";"24.8";"134";"0.365";"145";"658";"0.780"
"2023-04-03 11:20:15.175";"2023-04-03";"11:20:15";"F";"402";"266";"455";"190";"0.415";"33.1";"132";"0.446";"145";"658";"0.780"
"2023-04-03 11:20:45.469";"2023-04-03";"11:20:45";"F";"403";"291";"435";"285";"0.331";"39.6";"130";"0.513";"145";"658";"0.780"
"2023-04-03 11:21:15.767";"2023-04-03";"11:21:15";"F";"404";"322";"422";"420";"0.237";"41.8";"129";"0.559";"145";"658";"0.780"
"2023-04-03 11:21:46.059";"2023-04-03";"11:21:46";"F";"405";"351";"410";"625";"0.144";"37.8";"128";"0.605";"145";"658";"0.780"
"2023-04-03 11:21:48.824";"2023-04-03";"11:21:48";"SLCE";"";"Light Curve end ";""
"2023-04-03 11:22:13.013";"2023-04-03";"11:22:13";"SLCS";"";"Light Curve start ";"ul222"
"2023-04-03 11:22:13.013";"2023-04-03";"11:22:13";"REG1";"";"#1: alpha: 0.252, ETRm: 41.451, Ik: 164.236   ( beta: 0.087, ETRmPot: 89.307 )   (Platt et al. 1980) ";""
"2023-04-03 11:22:13.013";"2023-04-03";"11:22:13";"REG2";"";"#1: alpha: 0.218, ETRm: 41.026, Ik: 187.771   (Jassby and Platt 1976) ";""
"2023-04-03 11:22:14.761";"2023-04-03";"11:22:14";"FO";"406";"230";"1114";"0";"0.794";"0.0";"-";"-";"230";"1114";"0.794"
"2023-04-03 11:22:45.057";"2023-04-03";"11:22:45";"F";"407";"467";"984";"45";"0.525";"9.9";"224";"0.132";"230";"1114";"0.794"
"2023-04-03 11:23:15.355";"2023-04-03";"11:23:15";"F";"408";"483";"943";"66";"0.488";"13.5";"222";"0.181";"230";"1114";"0.794"
"2023-04-03 11:23:45.647";"2023-04-03";"11:23:45";"F";"409";"475";"914";"90";"0.480";"18.1";"220";"0.219";"230";"1114";"0.794"
"2023-04-03 11:24:15.938";"2023-04-03";"11:24:15";"F";"410";"482";"885";"125";"0.455";"23.9";"218";"0.259";"230";"1114";"0.794"
"2023-04-03 11:24:46.238";"2023-04-03";"11:24:46";"F";"411";"517";"852";"190";"0.393";"31.4";"216";"0.308";"230";"1114";"0.794"
"2023-04-03 11:25:16.536";"2023-04-03";"11:25:16";"F";"412";"562";"820";"285";"0.315";"37.7";"214";"0.359";"230";"1114";"0.794"
"2023-04-03 11:25:46.828";"2023-04-03";"11:25:46";"F";"413";"602";"781";"420";"0.229";"40.4";"211";"0.426";"230";"1114";"0.794"
"2023-04-03 11:26:17.123";"2023-04-03";"11:26:17";"F";"414";"634";"749";"625";"0.154";"40.4";"209";"0.487";"230";"1114";"0.794"
"2023-04-03 11:26:20.368";"2023-04-03";"11:26:20";"SLCE";"";"Light Curve end ";""
"2023-04-03 11:26:35.937";"2023-04-03";"11:26:35";"SLCS";"";"Light Curve start ";"ul223"
"2023-04-03 11:26:35.937";"2023-04-03";"11:26:35";"REG1";"";"#1: alpha: 0.263, ETRm: 28.086, Ik: 106.627   ( beta: 0.068, ETRmPot: 53.119 )   (Platt et al. 1980) ";""
"2023-04-03 11:26:35.937";"2023-04-03";"11:26:35";"REG2";"";"#1: alpha: 0.234, ETRm: 26.206, Ik: 111.956   (Jassby and Platt 1976) ";""
"2023-04-03 11:26:37.622";"2023-04-03";"11:26:37";"FO";"415";"194";"880";"0";"0.780";"0.0";"-";"-";"194";"880";"0.780"
"2023-04-03 11:27:07.923";"2023-04-03";"11:27:07";"F";"416";"313";"674";"45";"0.536";"10.1";"182";"0.306";"194";"880";"0.780"
"2023-04-03 11:27:38.201";"2023-04-03";"11:27:38";"F";"417";"325";"632";"66";"0.486";"13.5";"179";"0.392";"194";"880";"0.780"
"2023-04-03 11:28:08.508";"2023-04-03";"11:28:08";"F";"418";"334";"615";"90";"0.457";"17.3";"177";"0.431";"194";"880";"0.780"
"2023-04-03 11:28:38.810";"2023-04-03";"11:28:38";"F";"419";"359";"596";"125";"0.398";"20.9";"176";"0.477";"194";"880";"0.780"
"2023-04-03 11:29:09.098";"2023-04-03";"11:29:09";"F";"420";"400";"585";"190";"0.316";"25.2";"175";"0.504";"194";"880";"0.780"
"2023-04-03 11:29:39.394";"2023-04-03";"11:29:39";"F";"421";"444";"580";"285";"0.234";"28.0";"174";"0.517";"194";"880";"0.780"
"2023-04-03 11:30:09.698";"2023-04-03";"11:30:09";"F";"422";"489";"579";"420";"0.155";"27.3";"174";"0.520";"194";"880";"0.780"
"2023-04-03 11:30:39.994";"2023-04-03";"11:30:39";"F";"423";"525";"575";"625";"0.087";"22.8";"174";"0.530";"194";"880";"0.780"
"2023-04-03 11:30:42.958";"2023-04-03";"11:30:42";"SLCE";"";"Light Curve end ";""
"2023-04-03 11:30:51.495";"2023-04-03";"11:30:51";"SLCS";"";"Light Curve start ";"ul224"
"2023-04-03 11:30:51.495";"2023-04-03";"11:30:51";"REG1";"";"#1: alpha: 0.277, ETRm: 25.832, Ik: 93.261   ( beta: 0.054, ETRmPot: 44.059 )   (Platt et al. 1980) ";""
"2023-04-03 11:30:51.495";"2023-04-03";"11:30:51";"REG2";"";"#1: alpha: 0.246, ETRm: 23.768, Ik: 96.572   (Jassby and Platt 1976) ";""
"2023-04-03 11:30:53.190";"2023-04-03";"11:30:53";"FO";"424";"197";"907";"0";"0.783";"0.0";"-";"-";"197";"907";"0.783"
"2023-04-03 11:31:23.488";"2023-04-03";"11:31:23";"F";"425";"342";"742";"45";"0.539";"10.2";"188";"0.222";"197";"907";"0.783"
"2023-04-03 11:31:53.775";"2023-04-03";"11:31:53";"F";"426";"352";"698";"66";"0.496";"13.7";"185";"0.299";"197";"907";"0.783"
"2023-04-03 11:32:24.080";"2023-04-03";"11:32:24";"F";"427";"363";"669";"90";"0.457";"17.3";"183";"0.356";"197";"907";"0.783"
"2023-04-03 11:32:54.367";"2023-04-03";"11:32:54";"F";"428";"394";"645";"125";"0.389";"20.4";"181";"0.406";"197";"907";"0.783"
"2023-04-03 11:33:24.668";"2023-04-03";"11:33:24";"F";"429";"436";"627";"190";"0.305";"24.3";"180";"0.447";"197";"907";"0.783"
"2023-04-03 11:33:54.962";"2023-04-03";"11:33:54";"F";"430";"476";"607";"285";"0.216";"25.9";"178";"0.494";"197";"907";"0.783"
"2023-04-03 11:34:25.256";"2023-04-03";"11:34:25";"F";"431";"505";"586";"420";"0.138";"24.3";"176";"0.548";"197";"907";"0.783"
"2023-04-03 11:34:55.552";"2023-04-03";"11:34:55";"F";"432";"524";"567";"625";"0.076";"20.0";"174";"0.600";"197";"907";"0.783"
"2023-04-03 11:34:58.347";"2023-04-03";"11:34:58";"SLCE";"";"Light Curve end ";""
