"2023-04-14";"11:46:34";"WinControl (rev 1195) report file"
"Datetime";"Date";"Time";"Type";"No.";"1:F";"1:Fm'";"1:PAR";"1:Y (II)";"1:ETR";"1:Fo'";"1:NPQ";"1:Fo";"1:Fm";"1:Fv/Fm"
"";"";"";"D";"";"Device Nr: #1, JUNIOR-PAM-II (CFMG0360A) ";""
"2023-04-14 07:55:25.603";"2023-04-14";"07:55:25";"SLCS";"";"Light Curve start ";"hm237"
"2023-04-14 07:55:25.603";"2023-04-14";"07:55:25";"REG1";"";"#1: alpha: - , ETRm: - , Ik: -   ( beta: - 0.004, ETRmPot: 15.672 )   (Platt et al. 1980) ";""
"2023-04-14 07:55:25.603";"2023-04-14";"07:55:25";"REG2";"";"#1: alpha: 0.292, ETRm: 17.008, Ik: 58.249   (Jassby and Platt 1976) ";""
"2023-04-14 07:55:27.368";"2023-04-14";"07:55:27";"FO";"1";"101";"283";"0";"0.643";"0.0";"-";"-";"101";"283";"0.643"
"2023-04-14 07:55:57.670";"2023-04-14";"07:55:57";"F";"2";"110";"278";"45";"0.604";"11.4";"100";"0.018";"101";"283";"0.643"
"2023-04-14 07:56:27.963";"2023-04-14";"07:56:27";"F";"3";"113";"230";"66";"0.509";"14.1";"93";"0.230";"101";"283";"0.643"
"2023-04-14 07:56:58.261";"2023-04-14";"07:56:58";"F";"4";"115";"189";"90";"0.392";"14.8";"86";"0.497";"101";"283";"0.643"
"2023-04-14 07:57:28.557";"2023-04-14";"07:57:28";"F";"5";"117";"167";"125";"0.299";"15.7";"81";"0.695";"101";"283";"0.643"
"2023-04-14 07:57:58.849";"2023-04-14";"07:57:58";"F";"6";"122";"156";"190";"0.218";"17.4";"78";"0.814";"101";"283";"0.643"
"2023-04-14 07:58:29.152";"2023-04-14";"07:58:29";"F";"7";"126";"145";"285";"0.131";"15.7";"75";"0.952";"101";"283";"0.643"
"2023-04-14 07:58:59.441";"2023-04-14";"07:58:59";"F";"8";"129";"143";"420";"0.098";"17.3";"75";"0.979";"101";"283";"0.643"
"2023-04-14 07:59:29.736";"2023-04-14";"07:59:29";"F";"9";"131";"141";"625";"0.071";"18.6";"74";"1.007";"101";"283";"0.643"
"2023-04-14 07:59:32.931";"2023-04-14";"07:59:32";"SLCE";"";"Light Curve end ";""
"2023-04-14 08:01:04.332";"2023-04-14";"08:01:04";"SLCS";"";"Light Curve start ";"hm238"
"2023-04-14 08:01:04.332";"2023-04-14";"08:01:04";"REG1";"";"#1: alpha: 0.322, ETRm: 21.113, Ik: 65.508   ( beta: 0.011, ETRmPot: 24.483 )   (Platt et al. 1980) ";""
"2023-04-14 08:01:04.332";"2023-04-14";"08:01:04";"REG2";"";"#1: alpha: 0.261, ETRm: 20.162, Ik: 77.123   (Jassby and Platt 1976) ";""
"2023-04-14 08:01:06.029";"2023-04-14";"08:01:06";"FO";"10";"101";"268";"0";"0.623";"0.0";"-";"-";"101";"268";"0.623"
"2023-04-14 08:01:36.327";"2023-04-14";"08:01:36";"F";"11";"120";"259";"45";"0.537";"10.1";"100";"0.035";"101";"268";"0.623"
"2023-04-14 08:02:06.614";"2023-04-14";"08:02:06";"F";"12";"118";"251";"66";"0.530";"14.7";"98";"0.068";"101";"268";"0.623"
"2023-04-14 08:02:36.911";"2023-04-14";"08:02:36";"F";"13";"121";"216";"90";"0.440";"16.6";"93";"0.241";"101";"268";"0.623"
"2023-04-14 08:03:07.207";"2023-04-14";"08:03:07";"F";"14";"125";"190";"125";"0.342";"18.0";"87";"0.411";"101";"268";"0.623"
"2023-04-14 08:03:37.506";"2023-04-14";"08:03:37";"F";"15";"130";"174";"190";"0.253";"20.2";"84";"0.540";"101";"268";"0.623"
"2023-04-14 08:04:07.804";"2023-04-14";"08:04:07";"F";"16";"134";"165";"285";"0.188";"22.5";"82";"0.624";"101";"268";"0.623"
"2023-04-14 08:04:38.095";"2023-04-14";"08:04:38";"F";"17";"140";"157";"420";"0.108";"19.1";"80";"0.707";"101";"268";"0.623"
"2023-04-14 08:05:08.392";"2023-04-14";"08:05:08";"F";"18";"142";"153";"625";"0.072";"18.9";"79";"0.752";"101";"268";"0.623"
"2023-04-14 08:05:10.956";"2023-04-14";"08:05:10";"SLCE";"";"Light Curve end ";""
"2023-04-14 08:05:41.927";"2023-04-14";"08:05:41";"SLCS";"";"Light Curve start ";"hm239"
"2023-04-14 08:05:41.927";"2023-04-14";"08:05:41";"REG1";"";"#1: alpha: 0.252, ETRm: 22.635, Ik: 89.878   ( beta: 0.002, ETRmPot: 23.653 )   (Platt et al. 1980) ";""
"2023-04-14 08:05:41.927";"2023-04-14";"08:05:41";"REG2";"";"#1: alpha: 0.194, ETRm: 22.299, Ik: 115.074   (Jassby and Platt 1976) ";""
"2023-04-14 08:05:43.584";"2023-04-14";"08:05:43";"FO";"19";"120";"323";"0";"0.628";"0.0";"-";"-";"120";"323";"0.628"
"2023-04-14 08:06:13.881";"2023-04-14";"08:06:13";"F";"20";"141";"275";"45";"0.487";"9.2";"113";"0.175";"120";"323";"0.628"
"2023-04-14 08:06:44.181";"2023-04-14";"08:06:44";"F";"21";"144";"260";"66";"0.446";"12.4";"110";"0.242";"120";"323";"0.628"
"2023-04-14 08:07:14.472";"2023-04-14";"08:07:14";"F";"22";"144";"234";"90";"0.385";"14.6";"105";"0.380";"120";"323";"0.628"
"2023-04-14 08:07:44.770";"2023-04-14";"08:07:44";"F";"23";"150";"218";"125";"0.312";"16.4";"102";"0.482";"120";"323";"0.628"
"2023-04-14 08:08:15.071";"2023-04-14";"08:08:15";"F";"24";"156";"208";"190";"0.250";"20.0";"100";"0.553";"120";"323";"0.628"
"2023-04-14 08:08:45.364";"2023-04-14";"08:08:45";"F";"25";"162";"199";"285";"0.186";"22.3";"97";"0.623";"120";"323";"0.628"
"2023-04-14 08:09:15.660";"2023-04-14";"08:09:15";"F";"26";"167";"192";"420";"0.130";"22.9";"96";"0.682";"120";"323";"0.628"
"2023-04-14 08:09:45.954";"2023-04-14";"08:09:45";"F";"27";"173";"189";"625";"0.085";"22.3";"95";"0.709";"120";"323";"0.628"
"2023-04-14 08:09:48.948";"2023-04-14";"08:09:48";"SLCE";"";"Light Curve end ";""
"2023-04-14 08:11:54.360";"2023-04-14";"08:11:54";"SLCS";"";"Light Curve start ";"hm240"
"2023-04-14 08:11:54.360";"2023-04-14";"08:11:54";"REG1";"";"#1: alpha: - , ETRm: - , Ik: -   ( beta: - 0.001, ETRmPot: 21.876 )   (Platt et al. 1980) ";""
"2023-04-14 08:11:54.360";"2023-04-14";"08:11:54";"REG2";"";"#1: alpha: 0.261, ETRm: 22.059, Ik: 84.375   (Jassby and Platt 1976) ";""
"2023-04-14 08:11:56.142";"2023-04-14";"08:11:56";"FO";"28";"83";"229";"0";"0.638";"0.0";"-";"-";"83";"229";"0.638"
"2023-04-14 08:12:26.429";"2023-04-14";"08:12:26";"F";"29";"90";"212";"45";"0.575";"10.9";"81";"0.080";"83";"229";"0.638"
"2023-04-14 08:12:56.725";"2023-04-14";"08:12:56";"F";"30";"94";"204";"66";"0.539";"14.9";"79";"0.123";"83";"229";"0.638"
"2023-04-14 08:13:27.030";"2023-04-14";"08:13:27";"F";"31";"92";"170";"90";"0.459";"17.4";"74";"0.347";"83";"229";"0.638"
"2023-04-14 08:13:57.318";"2023-04-14";"08:13:57";"F";"32";"94";"146";"125";"0.356";"18.7";"69";"0.568";"83";"229";"0.638"
"2023-04-14 08:14:27.614";"2023-04-14";"08:14:27";"F";"33";"96";"133";"190";"0.278";"22.2";"66";"0.722";"83";"229";"0.638"
"2023-04-14 08:14:57.912";"2023-04-14";"08:14:57";"F";"34";"99";"121";"285";"0.182";"21.8";"63";"0.893";"83";"229";"0.638"
"2023-04-14 08:15:28.205";"2023-04-14";"08:15:28";"F";"35";"102";"116";"420";"0.121";"21.3";"61";"0.974";"83";"229";"0.638"
"2023-04-14 08:15:58.508";"2023-04-14";"08:15:58";"F";"36";"104";"114";"625";"0.088";"23.1";"61";"1.009";"83";"229";"0.638"
"2023-04-14 08:16:01.501";"2023-04-14";"08:16:01";"SLCE";"";"Light Curve end ";""
"2023-04-14 08:16:19.741";"2023-04-14";"08:16:19";"SLCS";"";"Light Curve start ";"ul237"
"2023-04-14 08:16:19.741";"2023-04-14";"08:16:19";"REG1";"";"#1: alpha: 0.246, ETRm: 15.885, Ik: 64.571   ( beta: 0.020, ETRmPot: 21.172 )   (Platt et al. 1980) ";""
"2023-04-14 08:16:19.741";"2023-04-14";"08:16:19";"REG2";"";"#1: alpha: 0.220, ETRm: 14.373, Ik: 65.183   (Jassby and Platt 1976) ";""
"2023-04-14 08:16:21.402";"2023-04-14";"08:16:21";"FO";"37";"118";"375";"0";"0.685";"0.0";"-";"-";"118";"375";"0.685"
"2023-04-14 08:16:51.701";"2023-04-14";"08:16:51";"F";"38";"146";"266";"45";"0.451";"8.5";"105";"0.410";"118";"375";"0.685"
"2023-04-14 08:17:21.989";"2023-04-14";"08:17:21";"F";"39";"156";"255";"66";"0.388";"10.8";"103";"0.471";"118";"375";"0.685"
"2023-04-14 08:17:52.284";"2023-04-14";"08:17:52";"F";"40";"168";"255";"90";"0.341";"12.9";"103";"0.471";"118";"375";"0.685"
"2023-04-14 08:18:22.582";"2023-04-14";"08:18:22";"F";"41";"183";"249";"125";"0.265";"13.9";"102";"0.506";"118";"375";"0.685"
"2023-04-14 08:18:52.885";"2023-04-14";"08:18:52";"F";"42";"197";"244";"190";"0.193";"15.4";"101";"0.537";"118";"375";"0.685"
"2023-04-14 08:19:23.172";"2023-04-14";"08:19:23";"F";"43";"208";"239";"285";"0.130";"15.6";"100";"0.569";"118";"375";"0.685"
"2023-04-14 08:19:53.469";"2023-04-14";"08:19:53";"F";"44";"216";"236";"420";"0.085";"15.0";"100";"0.589";"118";"375";"0.685"
"2023-04-14 08:20:23.770";"2023-04-14";"08:20:23";"F";"45";"221";"231";"625";"0.043";"11.3";"99";"0.623";"118";"375";"0.685"
"2023-04-14 08:20:26.121";"2023-04-14";"08:20:26";"SLCE";"";"Light Curve end ";""
"2023-04-14 08:21:02.241";"2023-04-14";"08:21:02";"SLCS";"";"Light Curve start ";"ul238"
"2023-04-14 08:21:02.241";"2023-04-14";"08:21:02";"REG1";"";"#1: alpha: 0.254, ETRm: 18.681, Ik: 73.409   ( beta: 0.043, ETRmPot: 30.191 )   (Platt et al. 1980) ";""
"2023-04-14 08:21:02.241";"2023-04-14";"08:21:02";"REG2";"";"#1: alpha: 0.232, ETRm: 16.531, Ik: 71.401   (Jassby and Platt 1976) ";""
"2023-04-14 08:21:04.059";"2023-04-14";"08:21:04";"FO";"46";"415";"1366";"0";"0.696";"0.0";"-";"-";"415";"1366";"0.696"
"2023-04-14 08:21:34.357";"2023-04-14";"08:21:34";"F";"47";"628";"1215";"45";"0.483";"9.1";"400";"0.124";"415";"1366";"0.696"
"2023-04-14 08:22:04.651";"2023-04-14";"08:22:04";"F";"48";"689";"1171";"66";"0.412";"11.4";"395";"0.167";"415";"1366";"0.696"
"2023-04-14 08:22:34.948";"2023-04-14";"08:22:34";"F";"49";"722";"1150";"90";"0.372";"14.1";"393";"0.188";"415";"1366";"0.696"
"2023-04-14 08:23:05.249";"2023-04-14";"08:23:05";"F";"50";"778";"1134";"125";"0.314";"16.5";"391";"0.205";"415";"1366";"0.696"
"2023-04-14 08:23:35.541";"2023-04-14";"08:23:35";"F";"51";"857";"1120";"190";"0.235";"18.8";"389";"0.220";"415";"1366";"0.696"
"2023-04-14 08:24:05.842";"2023-04-14";"08:24:05";"F";"52";"926";"1093";"285";"0.153";"18.3";"386";"0.250";"415";"1366";"0.696"
"2023-04-14 08:24:36.133";"2023-04-14";"08:24:36";"F";"53";"965";"1061";"420";"0.090";"15.9";"382";"0.287";"415";"1366";"0.696"
"2023-04-14 08:25:06.426";"2023-04-14";"08:25:06";"F";"54";"973";"1022";"625";"0.048";"12.6";"376";"0.337";"415";"1366";"0.696"
"2023-04-14 08:25:09.270";"2023-04-14";"08:25:09";"SLCE";"";"Light Curve end ";""
"2023-04-14 08:25:33.521";"2023-04-14";"08:25:33";"SLCS";"";"Light Curve start ";"ul239"
"2023-04-14 08:25:33.521";"2023-04-14";"08:25:33";"REG1";"";"#1: alpha: 0.233, ETRm: 26.361, Ik: 112.975   ( beta: 0.981, ETRmPot: 336.322 )   (Platt et al. 1980) ";""
"2023-04-14 08:25:33.521";"2023-04-14";"08:25:33";"REG2";"";"#1: alpha: 0.215, ETRm: 23.893, Ik: 111.026   (Jassby and Platt 1976) ";""
"2023-04-14 08:25:35.223";"2023-04-14";"08:25:35";"FO";"55";"284";"1229";"0";"0.769";"0.0";"-";"-";"284";"1229";"0.769"
"2023-04-14 08:26:05.523";"2023-04-14";"08:26:05";"F";"56";"502";"966";"45";"0.480";"9.1";"267";"0.272";"284";"1229";"0.769"
"2023-04-14 08:26:35.819";"2023-04-14";"08:26:35";"F";"57";"515";"912";"66";"0.435";"12.1";"263";"0.348";"284";"1229";"0.769"
"2023-04-14 08:27:06.113";"2023-04-14";"08:27:06";"F";"58";"524";"876";"90";"0.402";"15.2";"260";"0.403";"284";"1229";"0.769"
"2023-04-14 08:27:36.411";"2023-04-14";"08:27:36";"F";"59";"531";"841";"125";"0.369";"19.4";"257";"0.461";"284";"1229";"0.769"
"2023-04-14 08:28:06.706";"2023-04-14";"08:28:06";"F";"60";"553";"799";"190";"0.308";"24.6";"253";"0.538";"284";"1229";"0.769"
"2023-04-14 08:28:37.005";"2023-04-14";"08:28:37";"F";"61";"590";"757";"285";"0.221";"26.5";"248";"0.624";"284";"1229";"0.769"
"2023-04-14 08:29:07.300";"2023-04-14";"08:29:07";"F";"62";"614";"712";"420";"0.138";"24.3";"243";"0.726";"284";"1229";"0.769"
"2023-04-14 08:29:37.596";"2023-04-14";"08:29:37";"F";"63";"622";"672";"625";"0.074";"19.4";"238";"0.829";"284";"1229";"0.769"
"2023-04-14 08:29:40.799";"2023-04-14";"08:29:40";"SLCE";"";"Light Curve end ";""
"2023-04-14 08:29:56.269";"2023-04-14";"08:29:56";"SLCS";"";"Light Curve start ";"ul240"
"2023-04-14 08:29:56.269";"2023-04-14";"08:29:56";"REG1";"";"#1: alpha: 0.270, ETRm: 19.960, Ik: 73.967   ( beta: 0.057, ETRmPot: 35.010 )   (Platt et al. 1980) ";""
"2023-04-14 08:29:56.269";"2023-04-14";"08:29:56";"REG2";"";"#1: alpha: 0.251, ETRm: 17.391, Ik: 69.285   (Jassby and Platt 1976) ";""
"2023-04-14 08:29:57.993";"2023-04-14";"08:29:57";"FO";"64";"264";"1138";"0";"0.768";"0.0";"-";"-";"264";"1138";"0.768"
"2023-04-14 08:30:28.289";"2023-04-14";"08:30:28";"F";"65";"461";"941";"45";"0.510";"9.6";"252";"0.209";"264";"1138";"0.768"
"2023-04-14 08:30:58.584";"2023-04-14";"08:30:58";"F";"66";"498";"897";"66";"0.445";"12.3";"249";"0.269";"264";"1138";"0.768"
"2023-04-14 08:31:28.882";"2023-04-14";"08:31:28";"F";"67";"529";"880";"90";"0.399";"15.1";"247";"0.293";"264";"1138";"0.768"
"2023-04-14 08:31:59.174";"2023-04-14";"08:31:59";"F";"68";"571";"863";"125";"0.338";"17.7";"246";"0.319";"264";"1138";"0.768"
"2023-04-14 08:32:29.470";"2023-04-14";"08:32:29";"F";"69";"637";"850";"190";"0.251";"20.0";"245";"0.339";"264";"1138";"0.768"
"2023-04-14 08:32:59.769";"2023-04-14";"08:32:59";"F";"70";"690";"823";"285";"0.162";"19.4";"242";"0.383";"264";"1138";"0.768"
"2023-04-14 08:33:30.060";"2023-04-14";"08:33:30";"F";"71";"703";"777";"420";"0.095";"16.8";"238";"0.465";"264";"1138";"0.768"
"2023-04-14 08:34:00.351";"2023-04-14";"08:34:00";"F";"72";"691";"726";"625";"0.048";"12.6";"233";"0.567";"264";"1138";"0.768"
"2023-04-14 08:34:03.214";"2023-04-14";"08:34:03";"SLCE";"";"Light Curve end ";""
"2023-04-14 08:34:48.265";"2023-04-14";"08:34:48";"SLCS";"";"Light Curve start ";"hm241"
"2023-04-14 08:34:48.265";"2023-04-14";"08:34:48";"REG1";"";"#1: alpha: - , ETRm: - , Ik: -   ( beta: - 0.010, ETRmPot: 7.141 )   (Platt et al. 1980) ";""
"2023-04-14 08:34:48.265";"2023-04-14";"08:34:48";"REG2";"";"#1: alpha: 0.098, ETRm: 12.784, Ik: 129.867   (Jassby and Platt 1976) ";""
"2023-04-14 08:34:49.944";"2023-04-14";"08:34:49";"FO";"73";"106";"321";"0";"0.670";"0.0";"-";"-";"106";"321";"0.670"
"2023-04-14 08:35:20.246";"2023-04-14";"08:35:20";"F";"74";"128";"195";"45";"0.344";"6.5";"87";"0.646";"106";"321";"0.670"
"2023-04-14 08:35:50.543";"2023-04-14";"08:35:50";"F";"75";"134";"181";"66";"0.260";"7.2";"84";"0.773";"106";"321";"0.670"
"2023-04-14 08:36:20.841";"2023-04-14";"08:36:20";"F";"76";"136";"171";"90";"0.205";"7.7";"82";"0.877";"106";"321";"0.670"
"2023-04-14 08:36:51.132";"2023-04-14";"08:36:51";"F";"77";"139";"167";"125";"0.168";"8.8";"81";"0.922";"106";"321";"0.670"
"2023-04-14 08:37:21.430";"2023-04-14";"08:37:21";"F";"78";"143";"161";"190";"0.112";"8.9";"80";"0.994";"106";"321";"0.670"
"2023-04-14 08:37:51.729";"2023-04-14";"08:37:51";"F";"79";"143";"158";"285";"0.095";"11.4";"79";"1.032";"106";"321";"0.670"
"2023-04-14 08:38:22.024";"2023-04-14";"08:38:22";"F";"80";"146";"156";"420";"0.064";"11.3";"79";"1.058";"106";"321";"0.670"
"2023-04-14 08:38:52.321";"2023-04-14";"08:38:52";"F";"81";"147";"157";"625";"0.064";"16.8";"79";"1.045";"106";"321";"0.670"
"2023-04-14 08:38:54.794";"2023-04-14";"08:38:54";"SLCE";"";"Light Curve end ";""
"2023-04-14 08:39:10.354";"2023-04-14";"08:39:10";"SLCS";"";"Light Curve start ";"hm242"
"2023-04-14 08:39:10.354";"2023-04-14";"08:39:10";"REG1";"";"#1: alpha: - , ETRm: - , Ik: -   ( beta: - 0.001, ETRmPot: 12.084 )   (Platt et al. 1980) ";""
"2023-04-14 08:39:10.354";"2023-04-14";"08:39:10";"REG2";"";"#1: alpha: 0.210, ETRm: 12.207, Ik: 58.057   (Jassby and Platt 1976) ";""
"2023-04-14 08:39:12.017";"2023-04-14";"08:39:12";"FO";"82";"116";"324";"0";"0.642";"0.0";"-";"-";"116";"324";"0.642"
"2023-04-14 08:39:42.310";"2023-04-14";"08:39:42";"F";"83";"138";"238";"45";"0.420";"7.9";"103";"0.361";"116";"324";"0.642"
"2023-04-14 08:40:12.601";"2023-04-14";"08:40:12";"F";"84";"142";"223";"66";"0.363";"10.1";"100";"0.453";"116";"324";"0.642"
"2023-04-14 08:40:42.898";"2023-04-14";"08:40:42";"F";"85";"146";"207";"90";"0.295";"11.2";"96";"0.565";"116";"324";"0.642"
"2023-04-14 08:41:13.194";"2023-04-14";"08:41:13";"F";"86";"152";"194";"125";"0.216";"11.3";"94";"0.670";"116";"324";"0.642"
"2023-04-14 08:41:43.497";"2023-04-14";"08:41:43";"F";"87";"159";"188";"190";"0.154";"12.3";"92";"0.723";"116";"324";"0.642"
"2023-04-14 08:42:13.786";"2023-04-14";"08:42:13";"F";"88";"164";"184";"285";"0.109";"13.0";"91";"0.761";"116";"324";"0.642"
"2023-04-14 08:42:44.086";"2023-04-14";"08:42:44";"F";"89";"169";"180";"420";"0.061";"10.8";"90";"0.800";"116";"324";"0.642"
"2023-04-14 08:43:14.382";"2023-04-14";"08:43:14";"F";"90";"172";"181";"625";"0.050";"13.1";"90";"0.790";"116";"324";"0.642"
"2023-04-14 08:43:17.215";"2023-04-14";"08:43:17";"SLCE";"";"Light Curve end ";""
"2023-04-14 08:43:47.911";"2023-04-14";"08:43:47";"SLCS";"";"Light Curve start ";"hm243"
"2023-04-14 08:43:47.911";"2023-04-14";"08:43:47";"REG1";"";"#1: alpha: - , ETRm: - , Ik: -   ( beta: - 0.004, ETRmPot: 17.641 )   (Platt et al. 1980) ";""
"2023-04-14 08:43:47.911";"2023-04-14";"08:43:47";"REG2";"";"#1: alpha: 0.244, ETRm: 19.022, Ik: 78.026   (Jassby and Platt 1976) ";""
"2023-04-14 08:43:49.579";"2023-04-14";"08:43:49";"FO";"91";"128";"360";"0";"0.644";"0.0";"-";"-";"128";"360";"0.644"
"2023-04-14 08:44:19.866";"2023-04-14";"08:44:19";"F";"92";"154";"328";"45";"0.530";"10.0";"124";"0.098";"128";"360";"0.644"
"2023-04-14 08:44:50.167";"2023-04-14";"08:44:50";"F";"93";"157";"307";"66";"0.489";"13.6";"121";"0.173";"128";"360";"0.644"
"2023-04-14 08:45:20.458";"2023-04-14";"08:45:20";"F";"94";"158";"267";"90";"0.408";"15.4";"114";"0.348";"128";"360";"0.644"
"2023-04-14 08:45:50.763";"2023-04-14";"08:45:50";"F";"95";"163";"240";"125";"0.321";"16.9";"109";"0.500";"128";"360";"0.644"
"2023-04-14 08:46:21.054";"2023-04-14";"08:46:21";"F";"96";"170";"220";"190";"0.227";"18.1";"104";"0.636";"128";"360";"0.644"
"2023-04-14 08:46:51.348";"2023-04-14";"08:46:51";"F";"97";"176";"210";"285";"0.162";"19.4";"102";"0.714";"128";"360";"0.644"
"2023-04-14 08:47:21.647";"2023-04-14";"08:47:21";"F";"98";"181";"201";"420";"0.100";"17.6";"100";"0.791";"128";"360";"0.644"
"2023-04-14 08:47:51.938";"2023-04-14";"08:47:51";"F";"99";"185";"201";"625";"0.080";"21.0";"100";"0.791";"128";"360";"0.644"
"2023-04-14 08:47:55.013";"2023-04-14";"08:47:55";"SLCE";"";"Light Curve end ";""
"2023-04-14 08:48:16.665";"2023-04-14";"08:48:16";"SLCS";"";"Light Curve start ";"hm244"
"2023-04-14 08:48:16.665";"2023-04-14";"08:48:16";"REG1";"";"#1: alpha: - , ETRm: - , Ik: -   ( beta: - 0.010, ETRmPot: 15.686 )   (Platt et al. 1980) ";""
"2023-04-14 08:48:16.665";"2023-04-14";"08:48:16";"REG2";"";"#1: alpha: 0.206, ETRm: 20.038, Ik: 97.137   (Jassby and Platt 1976) ";""
"2023-04-14 08:48:18.343";"2023-04-14";"08:48:18";"FO";"100";"102";"299";"0";"0.659";"0.0";"-";"-";"102";"299";"0.659"
"2023-04-14 08:48:48.631";"2023-04-14";"08:48:48";"F";"101";"117";"244";"45";"0.520";"9.8";"95";"0.225";"102";"299";"0.659"
"2023-04-14 08:49:18.931";"2023-04-14";"08:49:18";"F";"102";"118";"212";"66";"0.443";"12.3";"89";"0.410";"102";"299";"0.659"
"2023-04-14 08:49:49.226";"2023-04-14";"08:49:49";"F";"103";"116";"191";"90";"0.393";"14.9";"86";"0.565";"102";"299";"0.659"
"2023-04-14 08:50:19.518";"2023-04-14";"08:50:19";"F";"104";"120";"171";"125";"0.298";"15.6";"81";"0.749";"102";"299";"0.659"
"2023-04-14 08:50:49.815";"2023-04-14";"08:50:49";"F";"105";"122";"158";"190";"0.228";"18.2";"78";"0.892";"102";"299";"0.659"
"2023-04-14 08:51:20.119";"2023-04-14";"08:51:20";"F";"106";"126";"149";"285";"0.154";"18.4";"76";"1.007";"102";"299";"0.659"
"2023-04-14 08:51:50.408";"2023-04-14";"08:51:50";"F";"107";"129";"145";"420";"0.110";"19.4";"75";"1.062";"102";"299";"0.659"
"2023-04-14 08:52:20.702";"2023-04-14";"08:52:20";"F";"108";"132";"145";"625";"0.090";"23.6";"75";"1.062";"102";"299";"0.659"
"2023-04-14 08:52:23.455";"2023-04-14";"08:52:23";"SLCE";"";"Light Curve end ";""
"2023-04-14 08:52:41.490";"2023-04-14";"08:52:41";"SLCS";"";"Light Curve start ";"ul241"
"2023-04-14 08:52:41.490";"2023-04-14";"08:52:41";"REG1";"";"#1: alpha: 0.290, ETRm: 14.782, Ik: 50.986   ( beta: 0.073, ETRmPot: 27.765 )   (Platt et al. 1980) ";""
"2023-04-14 08:52:41.490";"2023-04-14";"08:52:41";"REG2";"";"#1: alpha: 0.379, ETRm: 11.446, Ik: 30.163   (Jassby and Platt 1976) ";""
"2023-04-14 08:52:43.203";"2023-04-14";"08:52:43";"FO";"109";"92";"382";"0";"0.759";"0.0";"-";"-";"92";"382";"0.759"
"2023-04-14 08:53:13.497";"2023-04-14";"08:53:13";"F";"110";"153";"321";"45";"0.523";"9.9";"88";"0.190";"92";"382";"0.759"
"2023-04-14 08:53:43.793";"2023-04-14";"08:53:43";"F";"111";"169";"293";"66";"0.423";"11.7";"86";"0.304";"92";"382";"0.759"
"2023-04-14 08:54:14.094";"2023-04-14";"08:54:14";"F";"112";"181";"277";"90";"0.347";"13.1";"84";"0.379";"92";"382";"0.759"
"2023-04-14 08:54:44.389";"2023-04-14";"08:54:44";"F";"113";"196";"269";"125";"0.271";"14.2";"84";"0.420";"92";"382";"0.759"
"2023-04-14 08:55:14.671";"2023-04-14";"08:55:14";"F";"114";"215";"261";"190";"0.176";"14.0";"83";"0.464";"92";"382";"0.759"
"2023-04-14 08:55:44.976";"2023-04-14";"08:55:44";"F";"115";"226";"253";"285";"0.107";"12.8";"82";"0.510";"92";"382";"0.759"
"2023-04-14 08:56:15.269";"2023-04-14";"08:56:15";"F";"116";"235";"249";"420";"0.056";"9.9";"82";"0.534";"92";"382";"0.759"
"2023-04-14 08:56:45.571";"2023-04-14";"08:56:45";"F";"117";"238";"242";"625";"0.017";"4.5";"81";"0.579";"92";"382";"0.759"
"2023-04-14 08:56:48.704";"2023-04-14";"08:56:48";"SLCE";"";"Light Curve end ";""
"2023-04-14 08:57:06.044";"2023-04-14";"08:57:06";"SLCS";"";"Light Curve start ";"ul242"
"2023-04-14 08:57:06.044";"2023-04-14";"08:57:06";"REG1";"";"#1: alpha: 0.265, ETRm: 18.374, Ik: 69.341   ( beta: 0.054, ETRmPot: 31.754 )   (Platt et al. 1980) ";""
"2023-04-14 08:57:06.044";"2023-04-14";"08:57:06";"REG2";"";"#1: alpha: 0.254, ETRm: 15.762, Ik: 61.994   (Jassby and Platt 1976) ";""
"2023-04-14 08:57:07.770";"2023-04-14";"08:57:07";"FO";"118";"345";"1220";"0";"0.717";"0.0";"-";"-";"345";"1220";"0.717"
"2023-04-14 08:57:38.064";"2023-04-14";"08:57:38";"F";"119";"539";"1090";"45";"0.506";"9.6";"334";"0.119";"345";"1220";"0.717"
"2023-04-14 08:58:08.356";"2023-04-14";"08:58:08";"F";"120";"595";"1043";"66";"0.430";"11.9";"329";"0.170";"345";"1220";"0.717"
"2023-04-14 08:58:38.655";"2023-04-14";"08:58:38";"F";"121";"640";"1027";"90";"0.377";"14.3";"328";"0.188";"345";"1220";"0.717"
"2023-04-14 08:59:08.952";"2023-04-14";"08:59:08";"F";"122";"700";"1018";"125";"0.312";"16.4";"327";"0.198";"345";"1220";"0.717"
"2023-04-14 08:59:39.247";"2023-04-14";"08:59:39";"F";"123";"773";"1003";"190";"0.229";"18.3";"325";"0.216";"345";"1220";"0.717"
"2023-04-14 09:00:09.538";"2023-04-14";"09:00:09";"F";"124";"829";"977";"285";"0.151";"18.1";"322";"0.249";"345";"1220";"0.717"
"2023-04-14 09:00:39.838";"2023-04-14";"09:00:39";"F";"125";"858";"937";"420";"0.084";"14.8";"318";"0.302";"345";"1220";"0.717"
"2023-04-14 09:01:10.132";"2023-04-14";"09:01:10";"F";"126";"860";"898";"625";"0.042";"11.0";"313";"0.359";"345";"1220";"0.717"
"2023-04-14 09:01:12.606";"2023-04-14";"09:01:12";"SLCE";"";"Light Curve end ";""
"2023-04-14 09:01:34.978";"2023-04-14";"09:01:34";"SLCS";"";"Light Curve start ";"ul243"
"2023-04-14 09:01:34.978";"2023-04-14";"09:01:34";"REG1";"";"#1: alpha: 0.243, ETRm: 23.543, Ik: 96.861   ( beta: 0.072, ETRmPot: 47.202 )   (Platt et al. 1980) ";""
"2023-04-14 09:01:34.978";"2023-04-14";"09:01:34";"REG2";"";"#1: alpha: 0.223, ETRm: 21.340, Ik: 95.689   (Jassby and Platt 1976) ";""
"2023-04-14 09:01:36.732";"2023-04-14";"09:01:36";"FO";"127";"211";"946";"0";"0.777";"0.0";"-";"-";"211";"946";"0.777"
"2023-04-14 09:02:07.026";"2023-04-14";"09:02:07";"F";"128";"374";"788";"45";"0.525";"9.9";"202";"0.201";"211";"946";"0.777"
"2023-04-14 09:02:37.316";"2023-04-14";"09:02:37";"F";"129";"389";"718";"66";"0.458";"12.7";"197";"0.318";"211";"946";"0.777"
"2023-04-14 09:03:07.614";"2023-04-14";"09:03:07";"F";"130";"410";"684";"90";"0.401";"15.2";"194";"0.383";"211";"946";"0.777"
"2023-04-14 09:03:37.909";"2023-04-14";"09:03:37";"F";"131";"440";"665";"125";"0.338";"17.7";"193";"0.423";"211";"946";"0.777"
"2023-04-14 09:04:08.207";"2023-04-14";"09:04:08";"F";"132";"471";"650";"190";"0.275";"21.9";"192";"0.455";"211";"946";"0.777"
"2023-04-14 09:04:38.504";"2023-04-14";"09:04:38";"F";"133";"506";"631";"285";"0.198";"23.7";"190";"0.499";"211";"946";"0.777"
"2023-04-14 09:05:08.800";"2023-04-14";"09:05:08";"F";"134";"528";"605";"420";"0.127";"22.4";"187";"0.564";"211";"946";"0.777"
"2023-04-14 09:05:39.094";"2023-04-14";"09:05:39";"F";"135";"536";"574";"625";"0.066";"17.3";"184";"0.648";"211";"946";"0.777"
"2023-04-14 09:05:42.168";"2023-04-14";"09:05:42";"SLCE";"";"Light Curve end ";""
"2023-04-14 09:06:35.483";"2023-04-14";"09:06:35";"SLCS";"";"Light Curve start ";"ul244"
"2023-04-14 09:06:35.483";"2023-04-14";"09:06:35";"REG1";"";"#1: alpha: 0.285, ETRm: 27.386, Ik: 95.984   ( beta: 0.054, ETRmPot: 46.209 )   (Platt et al. 1980) ";""
"2023-04-14 09:06:35.483";"2023-04-14";"09:06:35";"REG2";"";"#1: alpha: 0.249, ETRm: 25.468, Ik: 102.285   (Jassby and Platt 1976) ";""
"2023-04-14 09:06:37.188";"2023-04-14";"09:06:37";"FO";"136";"169";"877";"0";"0.807";"0.0";"-";"-";"169";"877";"0.807"
"2023-04-14 09:07:07.485";"2023-04-14";"09:07:07";"F";"137";"317";"707";"45";"0.552";"10.4";"162";"0.240";"169";"877";"0.807"
"2023-04-14 09:07:37.777";"2023-04-14";"09:07:37";"F";"138";"342";"675";"66";"0.493";"13.7";"160";"0.299";"169";"877";"0.807"
"2023-04-14 09:08:08.079";"2023-04-14";"09:08:08";"F";"139";"354";"664";"90";"0.467";"17.7";"159";"0.321";"169";"877";"0.807"
"2023-04-14 09:08:38.376";"2023-04-14";"09:08:38";"F";"140";"378";"643";"125";"0.412";"21.6";"158";"0.364";"169";"877";"0.807"
"2023-04-14 09:09:08.665";"2023-04-14";"09:09:08";"F";"141";"416";"620";"190";"0.329";"26.3";"156";"0.415";"169";"877";"0.807"
"2023-04-14 09:09:38.968";"2023-04-14";"09:09:38";"F";"142";"451";"586";"285";"0.230";"27.5";"154";"0.497";"169";"877";"0.807"
"2023-04-14 09:10:09.263";"2023-04-14";"09:10:09";"F";"143";"467";"545";"420";"0.143";"25.2";"151";"0.609";"169";"877";"0.807"
"2023-04-14 09:10:39.556";"2023-04-14";"09:10:39";"F";"144";"470";"513";"625";"0.084";"22.1";"149";"0.710";"169";"877";"0.807"
"2023-04-14 09:10:42.780";"2023-04-14";"09:10:42";"SLCE";"";"Light Curve end ";""
"2023-04-14 09:11:24.499";"2023-04-14";"09:11:24";"SLCS";"";"Light Curve start ";"hm245"
"2023-04-14 09:11:24.499";"2023-04-14";"09:11:24";"REG1";"";"#1: alpha: - , ETRm: - , Ik: -   ( beta: - 0.010, ETRmPot: 18.831 )   (Platt et al. 1980) ";""
"2023-04-14 09:11:24.499";"2023-04-14";"09:11:24";"REG2";"";"#1: alpha: 0.214, ETRm: 23.174, Ik: 108.387   (Jassby and Platt 1976) ";""
"2023-04-14 09:11:26.251";"2023-04-14";"09:11:26";"FO";"145";"75";"226";"0";"0.668";"0.0";"-";"-";"75";"226";"0.668"
"2023-04-14 09:11:56.540";"2023-04-14";"09:11:56";"F";"146";"87";"187";"45";"0.535";"10.1";"70";"0.209";"75";"226";"0.668"
"2023-04-14 09:12:26.838";"2023-04-14";"09:12:26";"F";"147";"87";"172";"66";"0.494";"13.7";"68";"0.314";"75";"226";"0.668"
"2023-04-14 09:12:57.132";"2023-04-14";"09:12:57";"F";"148";"89";"156";"90";"0.429";"16.2";"65";"0.449";"75";"226";"0.668"
"2023-04-14 09:13:27.432";"2023-04-14";"09:13:27";"F";"149";"92";"139";"125";"0.338";"17.7";"62";"0.626";"75";"226";"0.668"
"2023-04-14 09:13:57.725";"2023-04-14";"09:13:57";"F";"150";"95";"126";"190";"0.246";"19.6";"59";"0.794";"75";"226";"0.668"
"2023-04-14 09:14:28.024";"2023-04-14";"09:14:28";"F";"151";"98";"119";"285";"0.176";"21.1";"58";"0.899";"75";"226";"0.668"
"2023-04-14 09:14:58.321";"2023-04-14";"09:14:58";"F";"152";"99";"115";"420";"0.139";"24.5";"57";"0.965";"75";"226";"0.668"
"2023-04-14 09:15:28.618";"2023-04-14";"09:15:28";"F";"153";"102";"113";"625";"0.097";"25.5";"56";"1.000";"75";"226";"0.668"
"2023-04-14 09:15:31.192";"2023-04-14";"09:15:31";"SLCE";"";"Light Curve end ";""
"2023-04-14 09:17:36.180";"2023-04-14";"09:17:36";"SLCS";"";"Light Curve start ";"hm246"
"2023-04-14 09:17:36.180";"2023-04-14";"09:17:36";"REG1";"";"#1: alpha: - , ETRm: - , Ik: -   ( beta: - 0.004, ETRmPot: 20.973 )   (Platt et al. 1980) ";""
"2023-04-14 09:17:36.180";"2023-04-14";"09:17:36";"REG2";"";"#1: alpha: 0.237, ETRm: 22.523, Ik: 95.230   (Jassby and Platt 1976) ";""
"2023-04-14 09:17:37.900";"2023-04-14";"09:17:37";"FO";"154";"104";"291";"0";"0.643";"0.0";"-";"-";"104";"291";"0.643"
"2023-04-14 09:18:08.198";"2023-04-14";"09:18:08";"F";"155";"123";"273";"45";"0.549";"10.4";"102";"0.066";"104";"291";"0.643"
"2023-04-14 09:18:38.493";"2023-04-14";"09:18:38";"F";"156";"123";"248";"66";"0.504";"14.0";"98";"0.173";"104";"291";"0.643"
"2023-04-14 09:19:08.788";"2023-04-14";"09:19:08";"F";"157";"123";"220";"90";"0.441";"16.7";"93";"0.323";"104";"291";"0.643"
"2023-04-14 09:19:39.085";"2023-04-14";"09:19:39";"F";"158";"130";"200";"125";"0.350";"18.4";"89";"0.455";"104";"291";"0.643"
"2023-04-14 09:20:09.377";"2023-04-14";"09:20:09";"F";"159";"136";"185";"190";"0.265";"21.1";"86";"0.573";"104";"291";"0.643"
"2023-04-14 09:20:39.673";"2023-04-14";"09:20:39";"F";"160";"141";"174";"285";"0.190";"22.7";"84";"0.672";"104";"291";"0.643"
"2023-04-14 09:21:09.970";"2023-04-14";"09:21:09";"F";"161";"145";"165";"420";"0.121";"21.3";"82";"0.764";"104";"291";"0.643"
"2023-04-14 09:21:40.263";"2023-04-14";"09:21:40";"F";"162";"147";"162";"625";"0.093";"24.4";"81";"0.796";"104";"291";"0.643"
"2023-04-14 09:21:43.006";"2023-04-14";"09:21:43";"SLCE";"";"Light Curve end ";""
"2023-04-14 09:22:00.794";"2023-04-14";"09:22:00";"SLCS";"";"Light Curve start ";"hm247"
"2023-04-14 09:22:00.794";"2023-04-14";"09:22:00";"REG1";"";"#1: alpha: 0.282, ETRm: 13.679, Ik: 48.435   ( beta: 0.006, ETRmPot: 15.119 )   (Platt et al. 1980) ";""
"2023-04-14 09:22:00.794";"2023-04-14";"09:22:00";"REG2";"";"#1: alpha: 0.224, ETRm: 13.044, Ik: 58.303   (Jassby and Platt 1976) ";""
"2023-04-14 09:22:02.565";"2023-04-14";"09:22:02";"FO";"163";"116";"343";"0";"0.662";"0.0";"-";"-";"116";"343";"0.662"
"2023-04-14 09:22:32.859";"2023-04-14";"09:22:32";"F";"164";"171";"297";"45";"0.424";"8.0";"110";"0.155";"116";"343";"0.662"
"2023-04-14 09:23:03.154";"2023-04-14";"09:23:03";"F";"165";"172";"284";"66";"0.394";"10.9";"108";"0.208";"116";"343";"0.662"
"2023-04-14 09:23:33.445";"2023-04-14";"09:23:33";"F";"166";"175";"259";"90";"0.324";"12.2";"105";"0.324";"116";"343";"0.662"
"2023-04-14 09:24:03.747";"2023-04-14";"09:24:03";"F";"167";"185";"244";"125";"0.242";"12.7";"102";"0.406";"116";"343";"0.662"
"2023-04-14 09:24:34.038";"2023-04-14";"09:24:34";"F";"168";"193";"231";"190";"0.165";"13.2";"100";"0.485";"116";"343";"0.662"
"2023-04-14 09:25:04.339";"2023-04-14";"09:25:04";"F";"169";"198";"225";"285";"0.120";"14.4";"99";"0.524";"116";"343";"0.662"
"2023-04-14 09:25:34.637";"2023-04-14";"09:25:34";"F";"170";"203";"218";"420";"0.069";"12.2";"97";"0.573";"116";"343";"0.662"
"2023-04-14 09:26:04.929";"2023-04-14";"09:26:04";"F";"171";"206";"216";"625";"0.046";"12.1";"97";"0.588";"116";"343";"0.662"
"2023-04-14 09:26:07.993";"2023-04-14";"09:26:07";"SLCE";"";"Light Curve end ";""
"2023-04-14 09:26:24.525";"2023-04-14";"09:26:24";"SLCS";"";"Light Curve start ";"hm248"
"2023-04-14 09:26:24.525";"2023-04-14";"09:26:24";"REG1";"";"#1: alpha: - , ETRm: - , Ik: -   ( beta: - 0.008, ETRmPot: 19.557 )   (Platt et al. 1980) ";""
"2023-04-14 09:26:24.525";"2023-04-14";"09:26:24";"REG2";"";"#1: alpha: 0.202, ETRm: 23.081, Ik: 114.528   (Jassby and Platt 1976) ";""
"2023-04-14 09:26:26.225";"2023-04-14";"09:26:26";"FO";"172";"117";"335";"0";"0.651";"0.0";"-";"-";"117";"335";"0.651"
"2023-04-14 09:26:56.522";"2023-04-14";"09:26:56";"F";"173";"139";"278";"45";"0.500";"9.5";"109";"0.205";"117";"335";"0.651"
"2023-04-14 09:27:26.821";"2023-04-14";"09:27:26";"F";"174";"145";"273";"66";"0.469";"13.0";"108";"0.227";"117";"335";"0.651"
"2023-04-14 09:27:57.115";"2023-04-14";"09:27:57";"F";"175";"142";"239";"90";"0.406";"15.3";"103";"0.402";"117";"335";"0.651"
"2023-04-14 09:28:27.411";"2023-04-14";"09:28:27";"F";"176";"144";"215";"125";"0.330";"17.3";"98";"0.558";"117";"335";"0.651"
"2023-04-14 09:28:57.705";"2023-04-14";"09:28:57";"F";"177";"148";"199";"190";"0.256";"20.4";"94";"0.683";"117";"335";"0.651"
"2023-04-14 09:29:28.001";"2023-04-14";"09:29:28";"F";"178";"154";"187";"285";"0.176";"21.1";"92";"0.791";"117";"335";"0.651"
"2023-04-14 09:29:58.300";"2023-04-14";"09:29:58";"F";"179";"156";"180";"420";"0.133";"23.5";"90";"0.861";"117";"335";"0.651"
"2023-04-14 09:30:28.592";"2023-04-14";"09:30:28";"F";"180";"160";"177";"625";"0.096";"25.2";"89";"0.893";"117";"335";"0.651"
"2023-04-14 09:30:31.316";"2023-04-14";"09:30:31";"SLCE";"";"Light Curve end ";""
"2023-04-14 09:30:42.911";"2023-04-14";"09:30:42";"SLCS";"";"Light Curve start ";"ul245"
"2023-04-14 09:30:42.911";"2023-04-14";"09:30:42";"REG1";"";"#1: alpha: 0.247, ETRm: 18.276, Ik: 73.977   ( beta: 0.083, ETRmPot: 38.800 )   (Platt et al. 1980) ";""
"2023-04-14 09:30:42.911";"2023-04-14";"09:30:42";"REG2";"";"#1: alpha: 0.243, ETRm: 15.399, Ik: 63.414   (Jassby and Platt 1976) ";""
"2023-04-14 09:30:44.589";"2023-04-14";"09:30:44";"FO";"181";"135";"334";"0";"0.596";"0.0";"-";"-";"135";"334";"0.596"
"2023-04-14 09:31:14.889";"2023-04-14";"09:31:14";"F";"182";"152";"285";"45";"0.467";"8.8";"126";"0.172";"135";"334";"0.596"
"2023-04-14 09:31:45.187";"2023-04-14";"09:31:45";"F";"183";"159";"272";"66";"0.415";"11.5";"124";"0.228";"135";"334";"0.596"
"2023-04-14 09:32:15.481";"2023-04-14";"09:32:15";"F";"184";"165";"266";"90";"0.380";"14.4";"122";"0.256";"135";"334";"0.596"
"2023-04-14 09:32:45.772";"2023-04-14";"09:32:45";"F";"185";"182";"261";"125";"0.303";"15.9";"121";"0.280";"135";"334";"0.596"
"2023-04-14 09:33:16.070";"2023-04-14";"09:33:16";"F";"186";"198";"257";"190";"0.230";"18.4";"120";"0.300";"135";"334";"0.596"
"2023-04-14 09:33:46.370";"2023-04-14";"09:33:46";"F";"187";"217";"253";"285";"0.142";"17.0";"120";"0.320";"135";"334";"0.596"
"2023-04-14 09:34:16.665";"2023-04-14";"09:34:16";"F";"188";"228";"250";"420";"0.088";"15.5";"119";"0.336";"135";"334";"0.596"
"2023-04-14 09:34:46.953";"2023-04-14";"09:34:46";"F";"189";"237";"246";"625";"0.037";"9.7";"118";"0.358";"135";"334";"0.596"
"2023-04-14 09:34:50.087";"2023-04-14";"09:34:50";"SLCE";"";"Light Curve end ";""
"2023-04-14 09:34:59.972";"2023-04-14";"09:34:59";"SLCS";"";"Light Curve start ";"ul246"
"2023-04-14 09:34:59.972";"2023-04-14";"09:34:59";"REG1";"";"#1: alpha: 0.242, ETRm: 18.537, Ik: 76.663   ( beta: 0.026, ETRmPot: 26.312 )   (Platt et al. 1980) ";""
"2023-04-14 09:34:59.972";"2023-04-14";"09:34:59";"REG2";"";"#1: alpha: 0.211, ETRm: 17.029, Ik: 80.874   (Jassby and Platt 1976) ";""
"2023-04-14 09:35:01.655";"2023-04-14";"09:35:01";"FO";"190";"357";"1208";"0";"0.704";"0.0";"-";"-";"357";"1208";"0.704"
"2023-04-14 09:35:31.952";"2023-04-14";"09:35:31";"F";"191";"588";"1124";"45";"0.477";"9.0";"349";"0.075";"357";"1208";"0.704"
"2023-04-14 09:36:02.252";"2023-04-14";"09:36:02";"F";"192";"655";"1081";"66";"0.394";"10.9";"345";"0.117";"357";"1208";"0.704"
"2023-04-14 09:36:32.544";"2023-04-14";"09:36:32";"F";"193";"681";"1053";"90";"0.353";"13.3";"342";"0.147";"357";"1208";"0.704"
"2023-04-14 09:37:02.839";"2023-04-14";"09:37:02";"F";"194";"715";"1029";"125";"0.305";"16.0";"340";"0.174";"357";"1208";"0.704"
"2023-04-14 09:37:33.132";"2023-04-14";"09:37:33";"F";"195";"773";"998";"190";"0.225";"18.0";"336";"0.210";"357";"1208";"0.704"
"2023-04-14 09:38:03.432";"2023-04-14";"09:38:03";"F";"196";"810";"962";"285";"0.158";"18.9";"332";"0.256";"357";"1208";"0.704"
"2023-04-14 09:38:33.722";"2023-04-14";"09:38:33";"F";"197";"831";"917";"420";"0.094";"16.6";"326";"0.317";"357";"1208";"0.704"
"2023-04-14 09:39:04.022";"2023-04-14";"09:39:04";"F";"198";"829";"877";"625";"0.055";"14.4";"321";"0.377";"357";"1208";"0.704"
"2023-04-14 09:39:06.687";"2023-04-14";"09:39:06";"SLCE";"";"Light Curve end ";""
"2023-04-14 09:39:42.327";"2023-04-14";"09:39:42";"SLCS";"";"Light Curve start ";"ul247"
"2023-04-14 09:39:42.327";"2023-04-14";"09:39:42";"REG1";"";"#1: alpha: 0.214, ETRm: 23.107, Ik: 107.775   ( beta: 0.063, ETRmPot: 46.278 )   (Platt et al. 1980) ";""
"2023-04-14 09:39:42.327";"2023-04-14";"09:39:42";"REG2";"";"#1: alpha: 0.191, ETRm: 21.514, Ik: 112.611   (Jassby and Platt 1976) ";""
"2023-04-14 09:39:44.016";"2023-04-14";"09:39:44";"FO";"199";"214";"888";"0";"0.759";"0.0";"-";"-";"214";"888";"0.759"
"2023-04-14 09:40:14.308";"2023-04-14";"09:40:14";"F";"200";"425";"804";"45";"0.471";"8.9";"209";"0.104";"214";"888";"0.759"
"2023-04-14 09:40:44.607";"2023-04-14";"09:40:44";"F";"201";"467";"775";"66";"0.397";"11.0";"207";"0.146";"214";"888";"0.759"
"2023-04-14 09:41:14.907";"2023-04-14";"09:41:14";"F";"202";"480";"751";"90";"0.361";"13.6";"205";"0.182";"214";"888";"0.759"
"2023-04-14 09:41:45.198";"2023-04-14";"09:41:45";"F";"203";"497";"732";"125";"0.321";"16.9";"204";"0.213";"214";"888";"0.759"
"2023-04-14 09:42:15.497";"2023-04-14";"09:42:15";"F";"204";"520";"708";"190";"0.266";"21.2";"202";"0.254";"214";"888";"0.759"
"2023-04-14 09:42:45.788";"2023-04-14";"09:42:45";"F";"205";"543";"671";"285";"0.191";"22.9";"199";"0.323";"214";"888";"0.759"
"2023-04-14 09:43:16.086";"2023-04-14";"09:43:16";"F";"206";"559";"640";"420";"0.127";"22.4";"196";"0.388";"214";"888";"0.759"
"2023-04-14 09:43:46.386";"2023-04-14";"09:43:46";"F";"207";"572";"616";"625";"0.071";"18.6";"193";"0.442";"214";"888";"0.759"
"2023-04-14 09:43:49.289";"2023-04-14";"09:43:49";"SLCE";"";"Light Curve end ";""
"2023-04-14 09:44:21.675";"2023-04-14";"09:44:21";"SLCS";"";"Light Curve start ";"ul248"
"2023-04-14 09:44:21.675";"2023-04-14";"09:44:21";"REG1";"";"#1: alpha: 0.273, ETRm: 27.576, Ik: 101.134   ( beta: 0.062, ETRmPot: 49.521 )   (Platt et al. 1980) ";""
"2023-04-14 09:44:21.675";"2023-04-14";"09:44:21";"REG2";"";"#1: alpha: 0.241, ETRm: 25.648, Ik: 106.470   (Jassby and Platt 1976) ";""
"2023-04-14 09:44:23.480";"2023-04-14";"09:44:23";"FO";"208";"204";"1010";"0";"0.798";"0.0";"-";"-";"204";"1010";"0.798"
"2023-04-14 09:44:53.779";"2023-04-14";"09:44:53";"F";"209";"424";"893";"45";"0.525";"9.9";"199";"0.131";"204";"1010";"0.798"
"2023-04-14 09:45:24.074";"2023-04-14";"09:45:24";"F";"210";"441";"848";"66";"0.480";"13.3";"196";"0.191";"204";"1010";"0.798"
"2023-04-14 09:45:54.369";"2023-04-14";"09:45:54";"F";"211";"430";"804";"90";"0.465";"17.6";"194";"0.256";"204";"1010";"0.798"
"2023-04-14 09:46:24.663";"2023-04-14";"09:46:24";"F";"212";"448";"760";"125";"0.411";"21.6";"191";"0.329";"204";"1010";"0.798"
"2023-04-14 09:46:54.958";"2023-04-14";"09:46:54";"F";"213";"487";"717";"190";"0.321";"25.6";"188";"0.409";"204";"1010";"0.798"
"2023-04-14 09:47:25.251";"2023-04-14";"09:47:25";"F";"214";"524";"677";"285";"0.226";"27.1";"186";"0.492";"204";"1010";"0.798"
"2023-04-14 09:47:55.552";"2023-04-14";"09:47:55";"F";"215";"544";"640";"420";"0.150";"26.5";"183";"0.578";"204";"1010";"0.798"
"2023-04-14 09:48:25.845";"2023-04-14";"09:48:25";"F";"216";"556";"607";"625";"0.084";"22.1";"180";"0.664";"204";"1010";"0.798"
"2023-04-14 09:48:28.559";"2023-04-14";"09:48:28";"SLCE";"";"Light Curve end ";""
"2023-04-14 09:49:15.942";"2023-04-14";"09:49:15";"SLCS";"";"Light Curve start ";"hm225"
"2023-04-14 09:49:15.942";"2023-04-14";"09:49:15";"REG1";"";"#1: alpha: - , ETRm: - , Ik: -   ( beta: - 0.012, ETRmPot: 15.194 )   (Platt et al. 1980) ";""
"2023-04-14 09:49:15.942";"2023-04-14";"09:49:15";"REG2";"";"#1: alpha: 0.242, ETRm: 20.203, Ik: 83.359   (Jassby and Platt 1976) ";""
"2023-04-14 09:49:17.640";"2023-04-14";"09:49:17";"FO";"217";"110";"353";"0";"0.688";"0.0";"-";"-";"110";"353";"0.688"
"2023-04-14 09:49:47.936";"2023-04-14";"09:49:47";"F";"218";"127";"287";"45";"0.557";"10.5";"103";"0.230";"110";"353";"0.688"
"2023-04-14 09:50:18.234";"2023-04-14";"09:50:18";"F";"219";"128";"262";"66";"0.511";"14.2";"99";"0.347";"110";"353";"0.688"
"2023-04-14 09:50:48.527";"2023-04-14";"09:50:48";"F";"220";"128";"219";"90";"0.416";"15.7";"92";"0.612";"110";"353";"0.688"
"2023-04-14 09:51:18.818";"2023-04-14";"09:51:18";"F";"221";"132";"197";"125";"0.330";"17.3";"88";"0.792";"110";"353";"0.688"
"2023-04-14 09:51:49.119";"2023-04-14";"09:51:49";"F";"222";"137";"176";"190";"0.222";"17.7";"84";"1.006";"110";"353";"0.688"
"2023-04-14 09:52:19.417";"2023-04-14";"09:52:19";"F";"223";"141";"167";"285";"0.156";"18.7";"82";"1.114";"110";"353";"0.688"
"2023-04-14 09:52:49.712";"2023-04-14";"09:52:49";"F";"224";"145";"162";"420";"0.105";"18.5";"80";"1.179";"110";"353";"0.688"
"2023-04-14 09:53:20.002";"2023-04-14";"09:53:20";"F";"225";"148";"164";"625";"0.098";"25.7";"81";"1.152";"110";"353";"0.688"
"2023-04-14 09:53:23.045";"2023-04-14";"09:53:23";"SLCE";"";"Light Curve end ";""
"2023-04-14 09:54:11.141";"2023-04-14";"09:54:11";"SLCS";"";"Light Curve start ";"hm226"
"2023-04-14 09:54:11.141";"2023-04-14";"09:54:11";"REG1";"";"#1: alpha: - , ETRm: - , Ik: -   ( beta: - 0.004, ETRmPot: 23.281 )   (Platt et al. 1980) ";""
"2023-04-14 09:54:11.141";"2023-04-14";"09:54:11";"REG2";"";"#1: alpha: 0.237, ETRm: 24.685, Ik: 104.322   (Jassby and Platt 1976) ";""
"2023-04-14 09:54:12.894";"2023-04-14";"09:54:12";"FO";"226";"94";"266";"0";"0.647";"0.0";"-";"-";"94";"266";"0.647"
"2023-04-14 09:54:43.193";"2023-04-14";"09:54:43";"F";"227";"115";"251";"45";"0.542";"10.2";"92";"0.060";"94";"266";"0.647"
"2023-04-14 09:55:13.490";"2023-04-14";"09:55:13";"F";"228";"116";"240";"66";"0.517";"14.3";"91";"0.108";"94";"266";"0.647"
"2023-04-14 09:55:43.786";"2023-04-14";"09:55:43";"F";"229";"117";"213";"90";"0.451";"17.0";"86";"0.249";"94";"266";"0.647"
"2023-04-14 09:56:14.079";"2023-04-14";"09:56:14";"F";"230";"116";"191";"125";"0.393";"20.6";"83";"0.393";"94";"266";"0.647"
"2023-04-14 09:56:44.381";"2023-04-14";"09:56:44";"F";"231";"124";"173";"190";"0.283";"22.6";"79";"0.538";"94";"266";"0.647"
"2023-04-14 09:57:14.675";"2023-04-14";"09:57:14";"F";"232";"129";"161";"285";"0.199";"23.8";"76";"0.652";"94";"266";"0.647"
"2023-04-14 09:57:44.970";"2023-04-14";"09:57:44";"F";"233";"131";"152";"420";"0.138";"24.3";"74";"0.750";"94";"266";"0.647"
"2023-04-14 09:58:15.261";"2023-04-14";"09:58:15";"F";"234";"135";"150";"625";"0.100";"26.3";"74";"0.773";"94";"266";"0.647"
"2023-04-14 09:58:17.796";"2023-04-14";"09:58:17";"SLCE";"";"Light Curve end ";""
"2023-04-14 09:58:53.663";"2023-04-14";"09:58:53";"SLCS";"";"Light Curve start ";"hm227"
"2023-04-14 09:58:53.663";"2023-04-14";"09:58:53";"REG1";"";"#1: alpha: - , ETRm: - , Ik: -   ( beta: 0.000, ETRmPot: 23.712 )   (Platt et al. 1980) ";""
"2023-04-14 09:58:53.663";"2023-04-14";"09:58:53";"REG2";"";"#1: alpha: 0.251, ETRm: 23.385, Ik: 93.120   (Jassby and Platt 1976) ";""
"2023-04-14 09:58:55.358";"2023-04-14";"09:58:55";"FO";"235";"136";"369";"0";"0.631";"0.0";"-";"-";"136";"369";"0.631"
"2023-04-14 09:59:25.650";"2023-04-14";"09:59:25";"F";"236";"163";"359";"45";"0.546";"10.3";"135";"0.028";"136";"369";"0.631"
"2023-04-14 09:59:55.951";"2023-04-14";"09:59:55";"F";"237";"166";"361";"66";"0.540";"15.0";"135";"0.022";"136";"369";"0.631"
"2023-04-14 10:00:26.242";"2023-04-14";"10:00:26";"F";"238";"170";"325";"90";"0.477";"18.0";"130";"0.135";"136";"369";"0.631"
"2023-04-14 10:00:56.543";"2023-04-14";"10:00:56";"F";"239";"173";"270";"125";"0.359";"18.8";"120";"0.367";"136";"369";"0.631"
"2023-04-14 10:01:26.833";"2023-04-14";"10:01:26";"F";"240";"177";"248";"190";"0.286";"22.8";"115";"0.488";"136";"369";"0.631"
"2023-04-14 10:01:57.134";"2023-04-14";"10:01:57";"F";"241";"182";"227";"285";"0.198";"23.7";"111";"0.626";"136";"369";"0.631"
"2023-04-14 10:02:27.425";"2023-04-14";"10:02:27";"F";"242";"184";"211";"420";"0.128";"22.6";"107";"0.749";"136";"369";"0.631"
"2023-04-14 10:02:57.721";"2023-04-14";"10:02:57";"F";"243";"188";"207";"625";"0.092";"24.2";"106";"0.783";"136";"369";"0.631"
"2023-04-14 10:03:00.771";"2023-04-14";"10:03:00";"SLCE";"";"Light Curve end ";""
"2023-04-14 10:03:19.197";"2023-04-14";"10:03:19";"SLCS";"";"Light Curve start ";"hm228"
"2023-04-14 10:03:19.197";"2023-04-14";"10:03:19";"REG1";"";"#1: alpha: 0.268, ETRm: 29.039, Ik: 108.238   ( beta: 0.023, ETRmPot: 39.064 )   (Platt et al. 1980) ";""
"2023-04-14 10:03:19.197";"2023-04-14";"10:03:19";"REG2";"";"#1: alpha: 0.226, ETRm: 28.104, Ik: 124.554   (Jassby and Platt 1976) ";""
"2023-04-14 10:03:20.922";"2023-04-14";"10:03:20";"FO";"244";"124";"297";"0";"0.582";"0.0";"-";"-";"124";"297";"0.582"
"2023-04-14 10:03:51.219";"2023-04-14";"10:03:51";"F";"245";"136";"272";"45";"0.500";"9.5";"119";"0.092";"124";"297";"0.582"
"2023-04-14 10:04:21.518";"2023-04-14";"10:04:21";"F";"246";"139";"278";"66";"0.500";"13.9";"121";"0.068";"124";"297";"0.582"
"2023-04-14 10:04:51.806";"2023-04-14";"10:04:51";"F";"247";"139";"264";"90";"0.473";"17.9";"118";"0.125";"124";"297";"0.582"
"2023-04-14 10:05:22.106";"2023-04-14";"10:05:22";"F";"248";"138";"232";"125";"0.405";"21.3";"111";"0.280";"124";"297";"0.582"
"2023-04-14 10:05:52.400";"2023-04-14";"10:05:52";"F";"249";"138";"199";"190";"0.307";"24.5";"103";"0.492";"124";"297";"0.582"
"2023-04-14 10:06:22.701";"2023-04-14";"10:06:22";"F";"250";"137";"179";"285";"0.235";"28.1";"97";"0.659";"124";"297";"0.582"
"2023-04-14 10:06:52.992";"2023-04-14";"10:06:52";"F";"251";"138";"166";"420";"0.169";"29.8";"93";"0.789";"124";"297";"0.582"
"2023-04-14 10:07:23.289";"2023-04-14";"10:07:23";"F";"252";"143";"159";"625";"0.101";"26.5";"91";"0.868";"124";"297";"0.582"
"2023-04-14 10:07:25.864";"2023-04-14";"10:07:25";"SLCE";"";"Light Curve end ";""
"2023-04-14 10:07:39.608";"2023-04-14";"10:07:39";"SLCS";"";"Light Curve start ";"ul225"
"2023-04-14 10:07:39.608";"2023-04-14";"10:07:39";"REG1";"";"#1: alpha: 0.290, ETRm: 12.592, Ik: 43.422   ( beta: 0.010, ETRmPot: 14.719 )   (Platt et al. 1980) ";""
"2023-04-14 10:07:39.608";"2023-04-14";"10:07:39";"REG2";"";"#1: alpha: 0.235, ETRm: 11.592, Ik: 49.245   (Jassby and Platt 1976) ";""
"2023-04-14 10:07:41.285";"2023-04-14";"10:07:41";"FO";"253";"113";"285";"0";"0.604";"0.0";"-";"-";"113";"285";"0.604"
"2023-04-14 10:08:11.585";"2023-04-14";"10:08:11";"F";"254";"124";"212";"45";"0.415";"7.8";"99";"0.344";"113";"285";"0.604"
"2023-04-14 10:08:41.876";"2023-04-14";"10:08:41";"F";"255";"130";"203";"66";"0.360";"10.0";"97";"0.404";"113";"285";"0.604"
"2023-04-14 10:09:12.173";"2023-04-14";"10:09:12";"F";"256";"142";"210";"90";"0.324";"12.2";"99";"0.357";"113";"285";"0.604"
"2023-04-14 10:09:42.469";"2023-04-14";"10:09:42";"F";"257";"159";"208";"125";"0.236";"12.4";"99";"0.370";"113";"285";"0.604"
"2023-04-14 10:10:12.764";"2023-04-14";"10:10:12";"F";"258";"172";"207";"190";"0.169";"13.5";"98";"0.377";"113";"285";"0.604"
"2023-04-14 10:10:43.060";"2023-04-14";"10:10:43";"F";"259";"184";"203";"285";"0.094";"11.3";"97";"0.404";"113";"285";"0.604"
"2023-04-14 10:11:13.358";"2023-04-14";"10:11:13";"F";"260";"191";"202";"420";"0.054";"9.5";"97";"0.411";"113";"285";"0.604"
"2023-04-14 10:11:43.656";"2023-04-14";"10:11:43";"F";"261";"193";"201";"625";"0.040";"10.5";"97";"0.418";"113";"285";"0.604"
"2023-04-14 10:11:46.409";"2023-04-14";"10:11:46";"SLCE";"";"Light Curve end ";""
"2023-04-14 10:12:08.826";"2023-04-14";"10:12:08";"SLCS";"";"Light Curve start ";"ul226"
"2023-04-14 10:12:08.826";"2023-04-14";"10:12:08";"REG1";"";"#1: alpha: 0.189, ETRm: 13.214, Ik: 69.887   ( beta: 0.119, ETRmPot: 39.200 )   (Platt et al. 1980) ";""
"2023-04-14 10:12:08.826";"2023-04-14";"10:12:08";"REG2";"";"#1: alpha: 0.205, ETRm: 10.536, Ik: 51.323   (Jassby and Platt 1976) ";""
"2023-04-14 10:12:10.550";"2023-04-14";"10:12:10";"FO";"262";"546";"1245";"0";"0.561";"0.0";"-";"-";"546";"1245";"0.561"
"2023-04-14 10:12:40.843";"2023-04-14";"10:12:40";"F";"263";"745";"1189";"45";"0.373";"7.0";"535";"0.047";"546";"1245";"0.561"
"2023-04-14 10:13:11.143";"2023-04-14";"10:13:11";"F";"264";"777";"1136";"66";"0.316";"8.8";"524";"0.096";"546";"1245";"0.561"
"2023-04-14 10:13:41.434";"2023-04-14";"10:13:41";"F";"265";"784";"1091";"90";"0.281";"10.6";"514";"0.141";"546";"1245";"0.561"
"2023-04-14 10:14:11.735";"2023-04-14";"10:14:11";"F";"266";"812";"1049";"125";"0.226";"11.9";"505";"0.187";"546";"1245";"0.561"
"2023-04-14 10:14:42.026";"2023-04-14";"10:14:42";"F";"267";"851";"1015";"190";"0.162";"12.9";"497";"0.227";"546";"1245";"0.561"
"2023-04-14 10:15:12.322";"2023-04-14";"10:15:12";"F";"268";"878";"980";"285";"0.104";"12.4";"488";"0.270";"546";"1245";"0.561"
"2023-04-14 10:15:42.619";"2023-04-14";"10:15:42";"F";"269";"889";"942";"420";"0.056";"9.9";"479";"0.322";"546";"1245";"0.561"
"2023-04-14 10:16:12.915";"2023-04-14";"10:16:12";"F";"270";"883";"901";"625";"0.020";"5.3";"468";"0.382";"546";"1245";"0.561"
"2023-04-14 10:16:15.647";"2023-04-14";"10:16:15";"SLCE";"";"Light Curve end ";""
"2023-04-14 10:16:40.444";"2023-04-14";"10:16:40";"SLCS";"";"Light Curve start ";"ul227"
"2023-04-14 10:16:40.444";"2023-04-14";"10:16:40";"REG1";"";"#1: alpha: 0.248, ETRm: 29.403, Ik: 118.609   ( beta: 0.097, ETRmPot: 67.122 )   (Platt et al. 1980) ";""
"2023-04-14 10:16:40.444";"2023-04-14";"10:16:40";"REG2";"";"#1: alpha: 0.220, ETRm: 27.711, Ik: 125.812   (Jassby and Platt 1976) ";""
"2023-04-14 10:16:42.111";"2023-04-14";"10:16:42";"FO";"271";"304";"1298";"0";"0.766";"0.0";"-";"-";"304";"1298";"0.766"
"2023-04-14 10:17:12.405";"2023-04-14";"10:17:12";"F";"272";"553";"1092";"45";"0.494";"9.3";"291";"0.189";"304";"1298";"0.766"
"2023-04-14 10:17:42.702";"2023-04-14";"10:17:42";"F";"273";"568";"1044";"66";"0.456";"12.6";"288";"0.243";"304";"1298";"0.766"
"2023-04-14 10:18:13.001";"2023-04-14";"10:18:13";"F";"274";"560";"1000";"90";"0.440";"16.6";"284";"0.298";"304";"1298";"0.766"
"2023-04-14 10:18:43.299";"2023-04-14";"10:18:43";"F";"275";"574";"962";"125";"0.403";"21.2";"281";"0.349";"304";"1298";"0.766"
"2023-04-14 10:19:13.588";"2023-04-14";"10:19:13";"F";"276";"617";"919";"190";"0.329";"26.3";"277";"0.412";"304";"1298";"0.766"
"2023-04-14 10:19:43.890";"2023-04-14";"10:19:43";"F";"277";"660";"868";"285";"0.240";"28.7";"272";"0.495";"304";"1298";"0.766"
"2023-04-14 10:20:14.186";"2023-04-14";"10:20:14";"F";"278";"678";"809";"420";"0.162";"28.6";"266";"0.604";"304";"1298";"0.766"
"2023-04-14 10:20:44.480";"2023-04-14";"10:20:44";"F";"279";"685";"756";"625";"0.094";"24.7";"260";"0.717";"304";"1298";"0.766"
"2023-04-14 10:20:47.643";"2023-04-14";"10:20:47";"SLCE";"";"Light Curve end ";""
"2023-04-14 10:21:39.041";"2023-04-14";"10:21:39";"SLCS";"";"Light Curve start ";"ul228"
"2023-04-14 10:21:39.041";"2023-04-14";"10:21:39";"REG1";"";"#1: alpha: 0.257, ETRm: 29.259, Ik: 113.844   ( beta: 0.157, ETRmPot: 85.343 )   (Platt et al. 1980) ";""
"2023-04-14 10:21:39.041";"2023-04-14";"10:21:39";"REG2";"";"#1: alpha: 0.232, ETRm: 27.063, Ik: 116.604   (Jassby and Platt 1976) ";""
"2023-04-14 10:21:40.775";"2023-04-14";"10:21:40";"FO";"280";"272";"1103";"0";"0.753";"0.0";"-";"-";"272";"1103";"0.753"
"2023-04-14 10:22:11.068";"2023-04-14";"10:22:11";"F";"281";"507";"1025";"45";"0.505";"9.5";"267";"0.076";"272";"1103";"0.753"
"2023-04-14 10:22:41.368";"2023-04-14";"10:22:41";"F";"282";"515";"961";"66";"0.464";"12.9";"262";"0.148";"272";"1103";"0.753"
"2023-04-14 10:23:11.658";"2023-04-14";"10:23:11";"F";"283";"498";"913";"90";"0.455";"17.2";"259";"0.208";"272";"1103";"0.753"
"2023-04-14 10:23:41.955";"2023-04-14";"10:23:41";"F";"284";"512";"872";"125";"0.413";"21.7";"255";"0.265";"272";"1103";"0.753"
"2023-04-14 10:24:12.256";"2023-04-14";"10:24:12";"F";"285";"555";"836";"190";"0.336";"26.8";"252";"0.319";"272";"1103";"0.753"
"2023-04-14 10:24:42.546";"2023-04-14";"10:24:42";"F";"286";"606";"799";"285";"0.242";"29.0";"249";"0.380";"272";"1103";"0.753"
"2023-04-14 10:25:12.843";"2023-04-14";"10:25:12";"F";"287";"640";"759";"420";"0.157";"27.7";"245";"0.453";"272";"1103";"0.753"
"2023-04-14 10:25:43.140";"2023-04-14";"10:25:43";"F";"288";"655";"718";"625";"0.088";"23.1";"240";"0.536";"272";"1103";"0.753"
"2023-04-14 10:25:46.092";"2023-04-14";"10:25:46";"SLCE";"";"Light Curve end ";""
"2023-04-14 10:26:07.107";"2023-04-14";"10:26:07";"SLCS";"";"Light Curve start ";"hm229"
"2023-04-14 10:26:07.107";"2023-04-14";"10:26:07";"REG1";"";"#1: alpha: - , ETRm: - , Ik: -   ( beta: - 0.008, ETRmPot: 17.006 )   (Platt et al. 1980) ";""
"2023-04-14 10:26:07.107";"2023-04-14";"10:26:07";"REG2";"";"#1: alpha: 0.274, ETRm: 19.988, Ik: 72.950   (Jassby and Platt 1976) ";""
"2023-04-14 10:26:08.839";"2023-04-14";"10:26:08";"FO";"289";"115";"343";"0";"0.665";"0.0";"-";"-";"115";"343";"0.665"
"2023-04-14 10:26:39.128";"2023-04-14";"10:26:39";"F";"290";"129";"294";"45";"0.561";"10.6";"109";"0.167";"115";"343";"0.665"
"2023-04-14 10:27:09.423";"2023-04-14";"10:27:09";"F";"291";"131";"280";"66";"0.532";"14.7";"107";"0.225";"115";"343";"0.665"
"2023-04-14 10:27:39.728";"2023-04-14";"10:27:39";"F";"292";"127";"233";"90";"0.455";"17.2";"99";"0.472";"115";"343";"0.665"
"2023-04-14 10:28:10.021";"2023-04-14";"10:28:10";"F";"293";"129";"198";"125";"0.348";"18.3";"92";"0.732";"115";"343";"0.665"
"2023-04-14 10:28:40.316";"2023-04-14";"10:28:40";"F";"294";"134";"178";"190";"0.247";"19.7";"88";"0.927";"115";"343";"0.665"
"2023-04-14 10:29:10.611";"2023-04-14";"10:29:10";"F";"295";"141";"166";"285";"0.151";"18.1";"85";"1.066";"115";"343";"0.665"
"2023-04-14 10:29:40.906";"2023-04-14";"10:29:40";"F";"296";"144";"160";"420";"0.100";"17.6";"83";"1.144";"115";"343";"0.665"
"2023-04-14 10:30:11.205";"2023-04-14";"10:30:11";"F";"297";"146";"161";"625";"0.093";"24.4";"83";"1.130";"115";"343";"0.665"
"2023-04-14 10:30:14.168";"2023-04-14";"10:30:14";"SLCE";"";"Light Curve end ";""
"2023-04-14 10:30:32.738";"2023-04-14";"10:30:32";"SLCS";"";"Light Curve start ";"hm230"
"2023-04-14 10:30:32.738";"2023-04-14";"10:30:32";"REG1";"";"#1: alpha: - , ETRm: - , Ik: -   ( beta: - 0.005, ETRmPot: 26.715 )   (Platt et al. 1980) ";""
"2023-04-14 10:30:32.738";"2023-04-14";"10:30:32";"REG2";"";"#1: alpha: 0.211, ETRm: 28.555, Ik: 135.123   (Jassby and Platt 1976) ";""
"2023-04-14 10:30:34.402";"2023-04-14";"10:30:34";"FO";"298";"136";"355";"0";"0.617";"0.0";"-";"-";"136";"355";"0.617"
"2023-04-14 10:31:04.694";"2023-04-14";"10:31:04";"F";"299";"164";"341";"45";"0.519";"9.8";"134";"0.041";"136";"355";"0.617"
"2023-04-14 10:31:34.993";"2023-04-14";"10:31:34";"F";"300";"169";"335";"66";"0.496";"13.7";"133";"0.060";"136";"355";"0.617"
"2023-04-14 10:32:05.286";"2023-04-14";"10:32:05";"F";"301";"168";"308";"90";"0.455";"17.2";"128";"0.153";"136";"355";"0.617"
"2023-04-14 10:32:35.588";"2023-04-14";"10:32:35";"F";"302";"171";"276";"125";"0.380";"20.0";"123";"0.286";"136";"355";"0.617"
"2023-04-14 10:33:05.878";"2023-04-14";"10:33:05";"F";"303";"173";"249";"190";"0.305";"24.3";"117";"0.426";"136";"355";"0.617"
"2023-04-14 10:33:36.175";"2023-04-14";"10:33:36";"F";"304";"178";"230";"285";"0.226";"27.1";"113";"0.543";"136";"355";"0.617"
"2023-04-14 10:34:06.468";"2023-04-14";"10:34:06";"F";"305";"180";"214";"420";"0.159";"28.0";"109";"0.659";"136";"355";"0.617"
"2023-04-14 10:34:36.768";"2023-04-14";"10:34:36";"F";"306";"185";"209";"625";"0.115";"30.2";"107";"0.699";"136";"355";"0.617"
"2023-04-14 10:34:39.728";"2023-04-14";"10:34:39";"SLCE";"";"Light Curve end ";""
"2023-04-14 10:35:25.380";"2023-04-14";"10:35:25";"SLCS";"";"Light Curve start ";"hm231"
"2023-04-14 10:35:25.380";"2023-04-14";"10:35:25";"REG1";"";"#1: alpha: 0.297, ETRm: 34.081, Ik: 114.579   ( beta: 0.001, ETRmPot: 35.071 )   (Platt et al. 1980) ";""
"2023-04-14 10:35:25.380";"2023-04-14";"10:35:25";"REG2";"";"#1: alpha: 0.232, ETRm: 33.336, Ik: 143.531   (Jassby and Platt 1976) ";""
"2023-04-14 10:35:27.056";"2023-04-14";"10:35:27";"FO";"307";"76";"203";"0";"0.626";"0.0";"-";"-";"76";"203";"0.626"
"2023-04-14 10:35:57.355";"2023-04-14";"10:35:57";"F";"308";"91";"193";"45";"0.528";"10.0";"75";"0.052";"76";"203";"0.626"
"2023-04-14 10:36:27.647";"2023-04-14";"10:36:27";"F";"309";"91";"198";"66";"0.540";"15.0";"75";"0.025";"76";"203";"0.626"
"2023-04-14 10:36:57.947";"2023-04-14";"10:36:57";"F";"310";"93";"195";"90";"0.523";"19.8";"75";"0.041";"76";"203";"0.626"
"2023-04-14 10:37:28.238";"2023-04-14";"10:37:28";"F";"311";"97";"173";"125";"0.439";"23.0";"71";"0.173";"76";"203";"0.626"
"2023-04-14 10:37:58.537";"2023-04-14";"10:37:58";"F";"312";"99";"151";"190";"0.344";"27.5";"67";"0.344";"76";"203";"0.626"
"2023-04-14 10:38:28.833";"2023-04-14";"10:38:28";"F";"313";"100";"135";"285";"0.259";"31.0";"64";"0.504";"76";"203";"0.626"
"2023-04-14 10:38:59.130";"2023-04-14";"10:38:59";"F";"314";"100";"124";"420";"0.194";"34.2";"61";"0.637";"76";"203";"0.626"
"2023-04-14 10:39:29.428";"2023-04-14";"10:39:29";"F";"315";"101";"116";"625";"0.129";"33.9";"59";"0.750";"76";"203";"0.626"
"2023-04-14 10:39:32.233";"2023-04-14";"10:39:32";"SLCE";"";"Light Curve end ";""
"2023-04-14 10:40:50.678";"2023-04-14";"10:40:50";"SLCS";"";"Light Curve start ";"hm232"
"2023-04-14 10:40:50.678";"2023-04-14";"10:40:50";"REG1";"";"#1: alpha: 0.265, ETRm: 39.885, Ik: 150.244   ( beta: 0.151, ETRmPot: 111.255 )   (Platt et al. 1980) ";""
"2023-04-14 10:40:50.678";"2023-04-14";"10:40:50";"REG2";"";"#1: alpha: 0.234, ETRm: 38.832, Ik: 165.663   (Jassby and Platt 1976) ";""
"2023-04-14 10:40:52.416";"2023-04-14";"10:40:52";"FO";"316";"109";"277";"0";"0.606";"0.0";"-";"-";"109";"277";"0.606"
"2023-04-14 10:41:22.711";"2023-04-14";"10:41:22";"F";"317";"126";"258";"45";"0.512";"9.7";"106";"0.074";"109";"277";"0.606"
"2023-04-14 10:41:53.009";"2023-04-14";"10:41:53";"F";"318";"128";"261";"66";"0.510";"14.1";"106";"0.061";"109";"277";"0.606"
"2023-04-14 10:42:23.300";"2023-04-14";"10:42:23";"F";"319";"125";"261";"90";"0.521";"19.7";"106";"0.061";"109";"277";"0.606"
"2023-04-14 10:42:53.595";"2023-04-14";"10:42:53";"F";"320";"129";"248";"125";"0.480";"25.2";"104";"0.117";"109";"277";"0.606"
"2023-04-14 10:43:23.890";"2023-04-14";"10:43:23";"F";"321";"133";"218";"190";"0.390";"31.1";"99";"0.271";"109";"277";"0.606"
"2023-04-14 10:43:54.190";"2023-04-14";"10:43:54";"F";"322";"132";"191";"285";"0.309";"37.0";"93";"0.450";"109";"277";"0.606"
"2023-04-14 10:44:24.480";"2023-04-14";"10:44:24";"F";"323";"133";"172";"420";"0.227";"40.0";"88";"0.610";"109";"277";"0.606"
"2023-04-14 10:44:54.786";"2023-04-14";"10:44:54";"F";"324";"134";"156";"625";"0.141";"37.0";"84";"0.776";"109";"277";"0.606"
"2023-04-14 10:44:57.704";"2023-04-14";"10:44:57";"SLCE";"";"Light Curve end ";""
"2023-04-14 10:45:18.266";"2023-04-14";"10:45:18";"SLCS";"";"Light Curve start ";"ul229"
"2023-04-14 10:45:18.266";"2023-04-14";"10:45:18";"REG1";"";"#1: alpha: 0.230, ETRm: 20.495, Ik: 88.934   ( beta: 0.012, ETRmPot: 25.093 )   (Platt et al. 1980) ";""
"2023-04-14 10:45:18.266";"2023-04-14";"10:45:18";"REG2";"";"#1: alpha: 0.190, ETRm: 19.781, Ik: 104.338   (Jassby and Platt 1976) ";""
"2023-04-14 10:45:19.981";"2023-04-14";"10:45:19";"FO";"325";"146";"416";"0";"0.649";"0.0";"-";"-";"146";"416";"0.649"
"2023-04-14 10:45:50.275";"2023-04-14";"10:45:50";"F";"326";"134";"237";"45";"0.435";"8.2";"115";"0.755";"146";"416";"0.649"
"2023-04-14 10:46:20.574";"2023-04-14";"10:46:20";"F";"327";"136";"227";"66";"0.401";"11.1";"113";"0.833";"146";"416";"0.649"
"2023-04-14 10:46:50.865";"2023-04-14";"10:46:50";"F";"328";"140";"221";"90";"0.367";"13.9";"111";"0.882";"146";"416";"0.649"
"2023-04-14 10:47:21.165";"2023-04-14";"10:47:21";"F";"329";"148";"213";"125";"0.305";"16.0";"109";"0.953";"146";"416";"0.649"
"2023-04-14 10:47:51.461";"2023-04-14";"10:47:51";"F";"330";"159";"209";"190";"0.239";"19.1";"108";"0.990";"146";"416";"0.649"
"2023-04-14 10:48:21.752";"2023-04-14";"10:48:21";"F";"331";"170";"203";"285";"0.163";"19.5";"107";"1.049";"146";"416";"0.649"
"2023-04-14 10:48:52.045";"2023-04-14";"10:48:52";"F";"332";"176";"200";"420";"0.120";"21.2";"106";"1.080";"146";"416";"0.649"
"2023-04-14 10:49:22.342";"2023-04-14";"10:49:22";"F";"333";"185";"199";"625";"0.070";"18.4";"106";"1.090";"146";"416";"0.649"
"2023-04-14 10:49:25.666";"2023-04-14";"10:49:25";"SLCE";"";"Light Curve end ";""
"2023-04-14 10:49:46.970";"2023-04-14";"10:49:46";"SLCS";"";"Light Curve start ";"ul230"
"2023-04-14 10:49:46.970";"2023-04-14";"10:49:46";"REG1";"";"#1: alpha: 0.224, ETRm: 17.978, Ik: 80.346   ( beta: 0.055, ETRmPot: 33.291 )   (Platt et al. 1980) ";""
"2023-04-14 10:49:46.970";"2023-04-14";"10:49:46";"REG2";"";"#1: alpha: 0.209, ETRm: 15.793, Ik: 75.634   (Jassby and Platt 1976) ";""
"2023-04-14 10:49:48.638";"2023-04-14";"10:49:48";"FO";"334";"492";"1332";"0";"0.631";"0.0";"-";"-";"492";"1332";"0.631"
"2023-04-14 10:50:18.936";"2023-04-14";"10:50:18";"F";"335";"694";"1231";"45";"0.436";"8.2";"478";"0.082";"492";"1332";"0.631"
"2023-04-14 10:50:49.232";"2023-04-14";"10:50:49";"F";"336";"726";"1174";"66";"0.382";"10.6";"469";"0.135";"492";"1332";"0.631"
"2023-04-14 10:51:19.529";"2023-04-14";"10:51:19";"F";"337";"739";"1134";"90";"0.348";"13.2";"462";"0.175";"492";"1332";"0.631"
"2023-04-14 10:51:49.824";"2023-04-14";"10:51:49";"F";"338";"775";"1093";"125";"0.291";"15.3";"455";"0.219";"492";"1332";"0.631"
"2023-04-14 10:52:20.125";"2023-04-14";"10:52:20";"F";"339";"824";"1058";"190";"0.221";"17.6";"449";"0.259";"492";"1332";"0.631"
"2023-04-14 10:52:50.421";"2023-04-14";"10:52:50";"F";"340";"873";"1022";"285";"0.146";"17.5";"442";"0.303";"492";"1332";"0.631"
"2023-04-14 10:53:20.714";"2023-04-14";"10:53:20";"F";"341";"892";"981";"420";"0.091";"16.1";"435";"0.358";"492";"1332";"0.631"
"2023-04-14 10:53:51.010";"2023-04-14";"10:53:51";"F";"342";"891";"932";"625";"0.044";"11.6";"425";"0.429";"492";"1332";"0.631"
"2023-04-14 10:53:54.223";"2023-04-14";"10:53:54";"SLCE";"";"Light Curve end ";""
"2023-04-14 10:54:13.427";"2023-04-14";"10:54:13";"SLCS";"";"Light Curve start ";"ul231"
"2023-04-14 10:54:13.427";"2023-04-14";"10:54:13";"REG1";"";"#1: alpha: 0.253, ETRm: 27.636, Ik: 109.083   ( beta: 0.063, ETRmPot: 51.543 )   (Platt et al. 1980) ";""
"2023-04-14 10:54:13.427";"2023-04-14";"10:54:13";"REG2";"";"#1: alpha: 0.223, ETRm: 25.996, Ik: 116.807   (Jassby and Platt 1976) ";""
"2023-04-14 10:54:15.107";"2023-04-14";"10:54:15";"FO";"343";"344";"1226";"0";"0.719";"0.0";"-";"-";"344";"1226";"0.719"
"2023-04-14 10:54:45.403";"2023-04-14";"10:54:45";"F";"344";"588";"1156";"45";"0.491";"9.3";"338";"0.061";"344";"1226";"0.719"
"2023-04-14 10:55:15.694";"2023-04-14";"10:55:15";"F";"345";"597";"1092";"66";"0.453";"12.6";"333";"0.123";"344";"1226";"0.719"
"2023-04-14 10:55:45.996";"2023-04-14";"10:55:45";"F";"346";"581";"1041";"90";"0.442";"16.7";"328";"0.178";"344";"1226";"0.719"
"2023-04-14 10:56:16.286";"2023-04-14";"10:56:16";"F";"347";"602";"992";"125";"0.393";"20.6";"323";"0.236";"344";"1226";"0.719"
"2023-04-14 10:56:46.587";"2023-04-14";"10:56:46";"F";"348";"645";"943";"190";"0.316";"25.2";"317";"0.300";"344";"1226";"0.719"
"2023-04-14 10:57:16.880";"2023-04-14";"10:57:16";"F";"349";"672";"872";"285";"0.229";"27.4";"309";"0.406";"344";"1226";"0.719"
"2023-04-14 10:57:47.171";"2023-04-14";"10:57:47";"F";"350";"681";"801";"420";"0.150";"26.5";"299";"0.531";"344";"1226";"0.719"
"2023-04-14 10:58:17.466";"2023-04-14";"10:58:17";"F";"351";"682";"748";"625";"0.088";"23.1";"292";"0.639";"344";"1226";"0.719"
"2023-04-14 10:58:20.033";"2023-04-14";"10:58:20";"SLCE";"";"Light Curve end ";""
"2023-04-14 10:58:53.066";"2023-04-14";"10:58:53";"SLCS";"";"Light Curve start ";"ul232"
"2023-04-14 10:58:53.066";"2023-04-14";"10:58:53";"REG1";"";"#1: alpha: 0.261, ETRm: 28.624, Ik: 109.650   ( beta: 0.122, ETRmPot: 71.584 )   (Platt et al. 1980) ";""
"2023-04-14 10:58:53.066";"2023-04-14";"10:58:53";"REG2";"";"#1: alpha: 0.236, ETRm: 26.402, Ik: 111.987   (Jassby and Platt 1976) ";""
"2023-04-14 10:58:54.767";"2023-04-14";"10:58:54";"FO";"352";"267";"1095";"0";"0.756";"0.0";"-";"-";"267";"1095";"0.756"
"2023-04-14 10:59:25.065";"2023-04-14";"10:59:25";"F";"353";"510";"996";"45";"0.488";"9.2";"261";"0.099";"267";"1095";"0.756"
"2023-04-14 10:59:55.362";"2023-04-14";"10:59:55";"F";"354";"499";"933";"66";"0.465";"12.9";"256";"0.174";"267";"1095";"0.756"
"2023-04-14 11:00:25.652";"2023-04-14";"11:00:25";"F";"355";"471";"884";"90";"0.467";"17.7";"252";"0.239";"267";"1095";"0.756"
"2023-04-14 11:00:55.949";"2023-04-14";"11:00:55";"F";"356";"492";"844";"125";"0.417";"21.9";"249";"0.297";"267";"1095";"0.756"
"2023-04-14 11:01:26.244";"2023-04-14";"11:01:26";"F";"357";"537";"802";"190";"0.330";"26.3";"245";"0.365";"267";"1095";"0.756"
"2023-04-14 11:01:56.543";"2023-04-14";"11:01:56";"F";"358";"582";"759";"285";"0.233";"27.9";"241";"0.443";"267";"1095";"0.756"
"2023-04-14 11:02:26.834";"2023-04-14";"11:02:26";"F";"359";"606";"718";"420";"0.156";"27.5";"237";"0.525";"267";"1095";"0.756"
"2023-04-14 11:02:57.136";"2023-04-14";"11:02:57";"F";"360";"616";"673";"625";"0.085";"22.3";"232";"0.627";"267";"1095";"0.756"
"2023-04-14 11:02:59.950";"2023-04-14";"11:02:59";"SLCE";"";"Light Curve end ";""
"2023-04-14 11:03:48.321";"2023-04-14";"11:03:48";"SLCS";"";"Light Curve start ";"hm233"
"2023-04-14 11:03:48.321";"2023-04-14";"11:03:48";"REG1";"";"#1: alpha: 0.322, ETRm: 22.866, Ik: 70.957   ( beta: 0.003, ETRmPot: 24.151 )   (Platt et al. 1980) ";""
"2023-04-14 11:03:48.321";"2023-04-14";"11:03:48";"REG2";"";"#1: alpha: 0.247, ETRm: 22.488, Ik: 91.185   (Jassby and Platt 1976) ";""
"2023-04-14 11:03:50.026";"2023-04-14";"11:03:50";"FO";"361";"80";"251";"0";"0.681";"0.0";"-";"-";"80";"251";"0.681"
"2023-04-14 11:04:20.319";"2023-04-14";"11:04:20";"F";"362";"92";"207";"45";"0.556";"10.5";"75";"0.213";"80";"251";"0.681"
"2023-04-14 11:04:50.616";"2023-04-14";"11:04:50";"F";"363";"92";"189";"66";"0.513";"14.2";"72";"0.328";"80";"251";"0.681"
"2023-04-14 11:05:20.915";"2023-04-14";"11:05:20";"F";"364";"91";"166";"90";"0.452";"17.1";"69";"0.512";"80";"251";"0.681"
"2023-04-14 11:05:51.204";"2023-04-14";"11:05:51";"F";"365";"93";"146";"125";"0.363";"19.1";"65";"0.719";"80";"251";"0.681"
"2023-04-14 11:06:21.506";"2023-04-14";"11:06:21";"F";"366";"96";"131";"190";"0.267";"21.3";"62";"0.916";"80";"251";"0.681"
"2023-04-14 11:06:51.801";"2023-04-14";"11:06:51";"F";"367";"100";"124";"285";"0.194";"23.2";"60";"1.024";"80";"251";"0.681"
"2023-04-14 11:07:22.101";"2023-04-14";"11:07:22";"F";"368";"102";"117";"420";"0.128";"22.6";"59";"1.145";"80";"251";"0.681"
"2023-04-14 11:07:52.392";"2023-04-14";"11:07:52";"F";"369";"107";"117";"625";"0.085";"22.3";"59";"1.145";"80";"251";"0.681"
"2023-04-14 11:07:55.696";"2023-04-14";"11:07:55";"SLCE";"";"Light Curve end ";""
"2023-04-14 11:08:42.626";"2023-04-14";"11:08:42";"SLCS";"";"Light Curve start ";"hm234"
"2023-04-14 11:08:42.626";"2023-04-14";"11:08:42";"REG1";"";"#1: alpha: - , ETRm: - , Ik: -   ( beta: - 0.002, ETRmPot: 31.717 )   (Platt et al. 1980) ";""
"2023-04-14 11:08:42.626";"2023-04-14";"11:08:42";"REG2";"";"#1: alpha: 0.222, ETRm: 31.700, Ik: 142.619   (Jassby and Platt 1976) ";""
"2023-04-14 11:08:44.287";"2023-04-14";"11:08:44";"FO";"370";"142";"364";"0";"0.610";"0.0";"-";"-";"142";"364";"0.610"
"2023-04-14 11:09:14.584";"2023-04-14";"11:09:14";"F";"371";"164";"367";"45";"0.553";"10.5";"142";"- 0.008";"142";"364";"0.610"
"2023-04-14 11:09:44.873";"2023-04-14";"11:09:44";"F";"372";"170";"362";"66";"0.530";"14.7";"142";"0.006";"142";"364";"0.610"
"2023-04-14 11:10:15.178";"2023-04-14";"11:10:15";"F";"373";"170";"341";"90";"0.501";"18.9";"138";"0.067";"142";"364";"0.610"
"2023-04-14 11:10:45.464";"2023-04-14";"11:10:45";"F";"374";"175";"296";"125";"0.409";"21.5";"130";"0.230";"142";"364";"0.610"
"2023-04-14 11:11:15.765";"2023-04-14";"11:11:15";"F";"375";"182";"268";"190";"0.321";"25.6";"125";"0.358";"142";"364";"0.610"
"2023-04-14 11:11:46.057";"2023-04-14";"11:11:46";"F";"376";"187";"248";"285";"0.246";"29.4";"120";"0.468";"142";"364";"0.610"
"2023-04-14 11:12:16.353";"2023-04-14";"11:12:16";"F";"377";"191";"235";"420";"0.187";"33.0";"117";"0.549";"142";"364";"0.610"
"2023-04-14 11:12:46.654";"2023-04-14";"11:12:46";"F";"378";"199";"227";"625";"0.123";"32.3";"115";"0.604";"142";"364";"0.610"
"2023-04-14 11:12:49.988";"2023-04-14";"11:12:49";"SLCE";"";"Light Curve end ";""
"2023-04-14 11:13:59.516";"2023-04-14";"11:13:59";"SLCS";"";"Light Curve start ";"hm235"
"2023-04-14 11:13:59.516";"2023-04-14";"11:13:59";"REG1";"";"#1: alpha: - , ETRm: - , Ik: -   ( beta: - 0.006, ETRmPot: 21.259 )   (Platt et al. 1980) ";""
"2023-04-14 11:13:59.516";"2023-04-14";"11:13:59";"REG2";"";"#1: alpha: 0.201, ETRm: 23.604, Ik: 117.620   (Jassby and Platt 1976) ";""
"2023-04-14 11:14:01.241";"2023-04-14";"11:14:01";"FO";"379";"139";"371";"0";"0.625";"0.0";"-";"-";"139";"371";"0.625"
"2023-04-14 11:14:31.533";"2023-04-14";"11:14:31";"F";"380";"182";"360";"45";"0.494";"9.3";"137";"0.031";"139";"371";"0.625"
"2023-04-14 11:15:01.835";"2023-04-14";"11:15:01";"F";"381";"188";"347";"66";"0.458";"12.7";"135";"0.069";"139";"371";"0.625"
"2023-04-14 11:15:32.134";"2023-04-14";"11:15:32";"F";"382";"193";"327";"90";"0.410";"15.5";"132";"0.135";"139";"371";"0.625"
"2023-04-14 11:16:02.430";"2023-04-14";"11:16:02";"F";"383";"201";"302";"125";"0.334";"17.5";"128";"0.228";"139";"371";"0.625"
"2023-04-14 11:16:32.725";"2023-04-14";"11:16:32";"F";"384";"208";"283";"190";"0.265";"21.1";"124";"0.311";"139";"371";"0.625"
"2023-04-14 11:17:03.016";"2023-04-14";"11:17:03";"F";"385";"217";"268";"285";"0.190";"22.7";"122";"0.384";"139";"371";"0.625"
"2023-04-14 11:17:33.317";"2023-04-14";"11:17:33";"F";"386";"221";"254";"420";"0.130";"22.9";"119";"0.461";"139";"371";"0.625"
"2023-04-14 11:18:03.608";"2023-04-14";"11:18:03";"F";"387";"223";"247";"625";"0.097";"25.5";"117";"0.502";"139";"371";"0.625"
"2023-04-14 11:18:06.902";"2023-04-14";"11:18:06";"SLCE";"";"Light Curve end ";""
"2023-04-14 11:18:34.840";"2023-04-14";"11:18:34";"SLCS";"";"Light Curve start ";"hm236"
"2023-04-14 11:18:34.840";"2023-04-14";"11:18:34";"REG1";"";"#1: alpha: 0.290, ETRm: 31.741, Ik: 109.341   ( beta: 0.013, ETRmPot: 38.366 )   (Platt et al. 1980) ";""
"2023-04-14 11:18:34.840";"2023-04-14";"11:18:34";"REG2";"";"#1: alpha: 0.236, ETRm: 31.175, Ik: 132.208   (Jassby and Platt 1976) ";""
"2023-04-14 11:18:36.602";"2023-04-14";"11:18:36";"FO";"388";"83";"212";"0";"0.608";"0.0";"-";"-";"83";"212";"0.608"
"2023-04-14 11:19:06.899";"2023-04-14";"11:19:06";"F";"389";"96";"200";"45";"0.520";"9.8";"81";"0.060";"83";"212";"0.608"
"2023-04-14 11:19:37.195";"2023-04-14";"11:19:37";"F";"390";"103";"204";"66";"0.495";"13.7";"82";"0.039";"83";"212";"0.608"
"2023-04-14 11:20:07.491";"2023-04-14";"11:20:07";"F";"391";"102";"202";"90";"0.495";"18.7";"81";"0.050";"83";"212";"0.608"
"2023-04-14 11:20:37.788";"2023-04-14";"11:20:37";"F";"392";"103";"187";"125";"0.449";"23.6";"79";"0.134";"83";"212";"0.608"
"2023-04-14 11:21:08.080";"2023-04-14";"11:21:08";"F";"393";"105";"161";"190";"0.348";"27.8";"74";"0.317";"83";"212";"0.608"
"2023-04-14 11:21:38.380";"2023-04-14";"11:21:38";"F";"394";"107";"144";"285";"0.257";"30.8";"70";"0.472";"83";"212";"0.608"
"2023-04-14 11:22:08.680";"2023-04-14";"11:22:08";"F";"395";"109";"132";"420";"0.174";"30.7";"67";"0.606";"83";"212";"0.608"
"2023-04-14 11:22:38.972";"2023-04-14";"11:22:38";"F";"396";"112";"127";"625";"0.118";"31.0";"66";"0.669";"83";"212";"0.608"
"2023-04-14 11:22:42.000";"2023-04-14";"11:22:42";"SLCE";"";"Light Curve end ";""
"2023-04-14 11:23:15.320";"2023-04-14";"11:23:15";"SLCS";"";"Light Curve start ";"ul233"
"2023-04-14 11:23:15.320";"2023-04-14";"11:23:15";"REG1";"";"#1: alpha: 0.230, ETRm: 18.826, Ik: 81.848   ( beta: 0.008, ETRmPot: 21.999 )   (Platt et al. 1980) ";""
"2023-04-14 11:23:15.320";"2023-04-14";"11:23:15";"REG2";"";"#1: alpha: 0.184, ETRm: 18.305, Ik: 99.711   (Jassby and Platt 1976) ";""
"2023-04-14 11:23:17.070";"2023-04-14";"11:23:17";"FO";"397";"127";"320";"0";"0.603";"0.0";"-";"-";"127";"320";"0.603"
"2023-04-14 11:23:47.364";"2023-04-14";"11:23:47";"F";"398";"113";"194";"45";"0.418";"7.9";"101";"0.649";"127";"320";"0.603"
"2023-04-14 11:24:17.653";"2023-04-14";"11:24:17";"F";"399";"116";"186";"66";"0.376";"10.4";"99";"0.720";"127";"320";"0.603"
"2023-04-14 11:24:47.955";"2023-04-14";"11:24:47";"F";"400";"118";"179";"90";"0.341";"12.9";"97";"0.788";"127";"320";"0.603"
"2023-04-14 11:25:18.253";"2023-04-14";"11:25:18";"F";"401";"123";"174";"125";"0.293";"15.4";"95";"0.839";"127";"320";"0.603"
"2023-04-14 11:25:48.549";"2023-04-14";"11:25:48";"F";"402";"131";"171";"190";"0.234";"18.7";"94";"0.871";"127";"320";"0.603"
"2023-04-14 11:26:18.841";"2023-04-14";"11:26:18";"F";"403";"141";"166";"285";"0.151";"18.1";"93";"0.928";"127";"320";"0.603"
"2023-04-14 11:26:49.135";"2023-04-14";"11:26:49";"F";"404";"147";"164";"420";"0.104";"18.3";"92";"0.951";"127";"320";"0.603"
"2023-04-14 11:27:19.428";"2023-04-14";"11:27:19";"F";"405";"153";"164";"625";"0.067";"17.6";"92";"0.951";"127";"320";"0.603"
"2023-04-14 11:27:22.653";"2023-04-14";"11:27:22";"SLCE";"";"Light Curve end ";""
"2023-04-14 11:27:50.091";"2023-04-14";"11:27:50";"SLCS";"";"Light Curve start ";"ul234"
"2023-04-14 11:27:50.091";"2023-04-14";"11:27:50";"REG1";"";"#1: alpha: 0.252, ETRm: 28.779, Ik: 114.288   ( beta: 0.050, ETRmPot: 49.156 )   (Platt et al. 1980) ";""
"2023-04-14 11:27:50.091";"2023-04-14";"11:27:50";"REG2";"";"#1: alpha: 0.218, ETRm: 27.473, Ik: 125.933   (Jassby and Platt 1976) ";""
"2023-04-14 11:27:51.831";"2023-04-14";"11:27:51";"FO";"406";"349";"1314";"0";"0.734";"0.0";"-";"-";"349";"1314";"0.734"
"2023-04-14 11:28:22.127";"2023-04-14";"11:28:22";"F";"407";"570";"1178";"45";"0.516";"9.8";"339";"0.115";"349";"1314";"0.734"
"2023-04-14 11:28:52.422";"2023-04-14";"11:28:52";"F";"408";"604";"1124";"66";"0.463";"12.8";"334";"0.169";"349";"1314";"0.734"
"2023-04-14 11:29:22.717";"2023-04-14";"11:29:22";"F";"409";"611";"1081";"90";"0.435";"16.4";"330";"0.216";"349";"1314";"0.734"
"2023-04-14 11:29:53.007";"2023-04-14";"11:29:53";"F";"410";"640";"1054";"125";"0.393";"20.6";"328";"0.247";"349";"1314";"0.734"
"2023-04-14 11:30:23.313";"2023-04-14";"11:30:23";"F";"411";"693";"1022";"190";"0.322";"25.7";"324";"0.286";"349";"1314";"0.734"
"2023-04-14 11:30:53.602";"2023-04-14";"11:30:53";"F";"412";"753";"986";"285";"0.236";"28.2";"321";"0.333";"349";"1314";"0.734"
"2023-04-14 11:31:23.900";"2023-04-14";"11:31:23";"F";"413";"790";"940";"420";"0.160";"28.2";"316";"0.398";"349";"1314";"0.734"
"2023-04-14 11:31:54.195";"2023-04-14";"11:31:54";"F";"414";"806";"892";"625";"0.096";"25.2";"310";"0.473";"349";"1314";"0.734"
"2023-04-14 11:31:57.190";"2023-04-14";"11:31:57";"SLCE";"";"Light Curve end ";""
"2023-04-14 11:32:11.476";"2023-04-14";"11:32:11";"SLCS";"";"Light Curve start ";"ul235"
"2023-04-14 11:32:11.476";"2023-04-14";"11:32:11";"REG1";"";"#1: alpha: 0.240, ETRm: 31.125, Ik: 129.634   ( beta: 0.051, ETRmPot: 54.608 )   (Platt et al. 1980) ";""
"2023-04-14 11:32:11.476";"2023-04-14";"11:32:11";"REG2";"";"#1: alpha: 0.207, ETRm: 30.167, Ik: 145.479   (Jassby and Platt 1976) ";""
"2023-04-14 11:32:13.192";"2023-04-14";"11:32:13";"FO";"415";"278";"1181";"0";"0.765";"0.0";"-";"-";"278";"1181";"0.765"
"2023-04-14 11:32:43.490";"2023-04-14";"11:32:43";"F";"416";"542";"1033";"45";"0.475";"9.0";"269";"0.143";"278";"1181";"0.765"
"2023-04-14 11:33:13.782";"2023-04-14";"11:33:13";"F";"417";"537";"973";"66";"0.448";"12.4";"265";"0.214";"278";"1181";"0.765"
"2023-04-14 11:33:44.084";"2023-04-14";"11:33:44";"F";"418";"507";"908";"90";"0.442";"16.7";"260";"0.301";"278";"1181";"0.765"
"2023-04-14 11:34:14.375";"2023-04-14";"11:34:14";"F";"419";"501";"831";"125";"0.397";"20.8";"253";"0.421";"278";"1181";"0.765"
"2023-04-14 11:34:44.672";"2023-04-14";"11:34:44";"F";"420";"513";"764";"190";"0.329";"26.3";"246";"0.546";"278";"1181";"0.765"
"2023-04-14 11:35:14.973";"2023-04-14";"11:35:14";"F";"421";"534";"709";"285";"0.247";"29.6";"240";"0.666";"278";"1181";"0.765"
"2023-04-14 11:35:45.260";"2023-04-14";"11:35:45";"F";"422";"554";"672";"420";"0.176";"31.0";"236";"0.757";"278";"1181";"0.765"
"2023-04-14 11:36:15.560";"2023-04-14";"11:36:15";"F";"423";"574";"644";"625";"0.109";"28.6";"232";"0.834";"278";"1181";"0.765"
"2023-04-14 11:36:18.447";"2023-04-14";"11:36:18";"SLCE";"";"Light Curve end ";""
"2023-04-14 11:36:36.015";"2023-04-14";"11:36:36";"SLCS";"";"Light Curve start ";"ul236"
"2023-04-14 11:36:36.015";"2023-04-14";"11:36:36";"REG1";"";"#1: alpha: 0.219, ETRm: 30.337, Ik: 138.453   ( beta: 0.054, ETRmPot: 56.473 )   (Platt et al. 1980) ";""
"2023-04-14 11:36:36.015";"2023-04-14";"11:36:36";"REG2";"";"#1: alpha: 0.189, ETRm: 29.618, Ik: 156.849   (Jassby and Platt 1976) ";""
"2023-04-14 11:36:37.756";"2023-04-14";"11:36:37";"FO";"424";"232";"944";"0";"0.754";"0.0";"-";"-";"232";"944";"0.754"
"2023-04-14 11:37:08.053";"2023-04-14";"11:37:08";"F";"425";"400";"738";"45";"0.458";"8.7";"217";"0.279";"232";"944";"0.754"
"2023-04-14 11:37:38.350";"2023-04-14";"11:37:38";"F";"426";"424";"710";"66";"0.403";"11.2";"215";"0.330";"232";"944";"0.754"
"2023-04-14 11:38:08.640";"2023-04-14";"11:38:08";"F";"427";"422";"689";"90";"0.388";"14.7";"213";"0.370";"232";"944";"0.754"
"2023-04-14 11:38:38.941";"2023-04-14";"11:38:38";"F";"428";"404";"643";"125";"0.372";"19.5";"208";"0.468";"232";"944";"0.754"
"2023-04-14 11:39:09.236";"2023-04-14";"11:39:09";"F";"429";"399";"585";"190";"0.318";"25.4";"202";"0.614";"232";"944";"0.754"
"2023-04-14 11:39:39.536";"2023-04-14";"11:39:39";"F";"430";"403";"533";"285";"0.244";"29.2";"195";"0.771";"232";"944";"0.754"
"2023-04-14 11:40:09.832";"2023-04-14";"11:40:09";"F";"431";"412";"494";"420";"0.166";"29.3";"190";"0.911";"232";"944";"0.754"
"2023-04-14 11:40:40.119";"2023-04-14";"11:40:40";"F";"432";"415";"466";"625";"0.109";"28.6";"185";"1.026";"232";"944";"0.754"
"2023-04-14 11:40:42.914";"2023-04-14";"11:40:42";"SLCE";"";"Light Curve end ";""
