#,Date-Time (U.S. Outlying Islands Standard Time),Temperature   (Â°C),Button Up,Button Down,Host Connected,End of File
1221,08/12/2024 00:00:00,25.544,,,,
1222,08/12/2024 00:10:00,25.523,,,,
1223,08/12/2024 00:20:00,25.502,,,,
1224,08/12/2024 00:30:00,25.491,,,,
1225,08/12/2024 00:40:00,25.469,,,,
1226,08/12/2024 00:50:00,25.459,,,,
1227,08/12/2024 01:00:00,25.437,,,,
1228,08/12/2024 01:10:00,25.437,,,,
1229,08/12/2024 01:20:00,25.416,,,,
1230,08/12/2024 01:30:00,25.405,,,,
1231,08/12/2024 01:40:00,25.405,,,,
1232,08/12/2024 01:50:00,25.384,,,,
1233,08/12/2024 02:00:00,25.351,,,,
1234,08/12/2024 02:10:00,25.308,,,,
1235,08/12/2024 02:20:00,25.266,,,,
1236,08/12/2024 02:30:00,25.212,,,,
1237,08/12/2024 02:40:00,25.180,,,,
1238,08/12/2024 02:50:00,25.148,,,,
1239,08/12/2024 03:00:00,25.126,,,,
1240,08/12/2024 03:10:00,25.094,,,,
1241,08/12/2024 03:20:00,25.083,,,,
1242,08/12/2024 03:30:00,25.062,,,,
1243,08/12/2024 03:40:00,25.040,,,,
1244,08/12/2024 03:50:00,25.030,,,,
1245,08/12/2024 04:00:00,25.030,,,,
1246,08/12/2024 04:10:00,25.008,,,,
1247,08/12/2024 04:20:00,24.997,,,,
1248,08/12/2024 04:30:00,24.976,,,,
1249,08/12/2024 04:40:00,24.976,,,,
1250,08/12/2024 04:50:00,24.955,,,,
1251,08/12/2024 05:00:00,24.944,,,,
1252,08/12/2024 05:10:00,24.944,,,,
1253,08/12/2024 05:20:00,24.933,,,,
1254,08/12/2024 05:30:00,24.912,,,,
1255,08/12/2024 05:40:00,24.890,,,,
1256,08/12/2024 05:50:00,24.890,,,,
1257,08/12/2024 06:00:00,24.869,,,,
1258,08/12/2024 06:10:00,24.858,,,,
1259,08/12/2024 06:20:00,24.837,,,,
1260,08/12/2024 06:30:00,24.826,,,,
1261,08/12/2024 06:40:00,24.826,,,,
1262,08/12/2024 06:50:00,24.815,,,,
1263,08/12/2024 07:00:00,24.826,,,,
1264,08/12/2024 07:10:00,24.826,,,,
1265,08/12/2024 07:20:00,24.826,,,,
1266,08/12/2024 07:30:00,24.826,,,,
1267,08/12/2024 07:40:00,24.837,,,,
1268,08/12/2024 07:50:00,24.826,,,,
1269,08/12/2024 08:00:00,24.783,,,,
1270,08/12/2024 08:10:00,24.633,,,,
1271,08/12/2024 08:20:00,24.515,,,,
1272,08/12/2024 08:30:00,24.461,,,,
1273,08/12/2024 08:40:00,24.472,,,,
1274,08/12/2024 08:50:00,24.568,,,,
1275,08/12/2024 09:00:00,24.504,,,,
1276,08/12/2024 09:10:00,24.472,,,,
1277,08/12/2024 09:20:00,24.547,,,,
1278,08/12/2024 09:30:00,24.644,,,,
1279,08/12/2024 09:40:00,24.879,,,,
1280,08/12/2024 09:50:00,24.740,,,,
1281,08/12/2024 10:00:00,24.804,,,,
1282,08/12/2024 10:10:00,24.976,,,,
1283,08/12/2024 10:20:00,24.944,,,,
1284,08/12/2024 10:30:00,25.105,,,,
1285,08/12/2024 10:40:00,25.287,,,,
1286,08/12/2024 10:50:00,25.384,,,,
1287,08/12/2024 11:00:00,25.523,,,,
1288,08/12/2024 11:10:00,25.555,,,,
1289,08/12/2024 11:20:00,25.695,,,,
1290,08/12/2024 11:30:00,25.866,,,,
1291,08/12/2024 11:40:00,26.027,,,,
1292,08/12/2024 11:50:00,26.199,,,,
1293,08/12/2024 12:00:00,26.327,,,,
1294,08/12/2024 12:10:00,26.499,,,,
1295,08/12/2024 12:20:00,26.617,,,,
1296,08/12/2024 12:30:00,26.767,,,,
1297,08/12/2024 12:40:00,26.810,,,,
1298,08/12/2024 12:50:00,26.874,,,,
1299,08/12/2024 13:00:00,27.067,,,,
1300,08/12/2024 13:10:00,27.185,,,,
1301,08/12/2024 13:20:00,27.250,,,,
1302,08/12/2024 13:30:00,27.185,,,,
1303,08/12/2024 13:40:00,27.185,,,,
1304,08/12/2024 13:50:00,27.218,,,,
1305,08/12/2024 14:00:00,27.271,,,,
1306,08/12/2024 14:10:00,27.196,,,,
1307,08/12/2024 14:20:00,27.185,,,,
1308,08/12/2024 14:30:00,27.389,,,,
1309,08/12/2024 14:40:00,27.432,,,,
1310,08/12/2024 14:50:00,27.368,,,,
1311,08/12/2024 15:00:00,27.561,,,,
1312,08/12/2024 15:10:00,27.593,,,,
1313,08/12/2024 15:20:00,27.679,,,,
1314,08/12/2024 15:30:00,27.743,,,,
1315,08/12/2024 15:40:00,27.807,,,,
1316,08/12/2024 15:50:00,27.893,,,,
1317,08/12/2024 16:00:00,27.979,,,,
1318,08/12/2024 16:10:00,28.118,,,,
1319,08/12/2024 16:20:00,28.226,,,,
1320,08/12/2024 16:30:00,28.344,,,,
1321,08/12/2024 16:40:00,28.365,,,,
1322,08/12/2024 16:50:00,28.301,,,,
1323,08/12/2024 17:00:00,28.161,,,,
1324,08/12/2024 17:10:00,28.279,,,,
1325,08/12/2024 17:20:00,28.118,,,,
1326,08/12/2024 17:30:00,28.054,,,,
1327,08/12/2024 17:40:00,27.979,,,,
1328,08/12/2024 17:50:00,27.925,,,,
1329,08/12/2024 18:00:00,27.882,,,,
1330,08/12/2024 18:10:00,27.829,,,,
1331,08/12/2024 18:20:00,27.786,,,,
1332,08/12/2024 18:30:00,27.732,,,,
1333,08/12/2024 18:40:00,27.689,,,,
1334,08/12/2024 18:50:00,27.636,,,,
1335,08/12/2024 19:00:00,27.582,,,,
1336,08/12/2024 19:10:00,27.529,,,,
1337,08/12/2024 19:20:00,27.443,,,,
1338,08/12/2024 19:30:00,27.389,,,,
1339,08/12/2024 19:40:00,27.325,,,,
1340,08/12/2024 19:50:00,27.271,,,,
1341,08/12/2024 20:00:00,27.218,,,,
1342,08/12/2024 20:10:00,27.153,,,,
1343,08/12/2024 20:20:00,27.089,,,,
1344,08/12/2024 20:30:00,27.046,,,,
1345,08/12/2024 20:40:00,26.992,,,,
1346,08/12/2024 20:50:00,26.928,,,,
1347,08/12/2024 21:00:00,26.896,,,,
1348,08/12/2024 21:10:00,26.842,,,,
1349,08/12/2024 21:20:00,26.810,,,,
1350,08/12/2024 21:30:00,26.756,,,,
1351,08/12/2024 21:40:00,26.713,,,,
1352,08/12/2024 21:50:00,26.671,,,,
1353,08/12/2024 22:00:00,26.638,,,,
1354,08/12/2024 22:10:00,26.585,,,,
1355,08/12/2024 22:20:00,26.553,,,,
1356,08/12/2024 22:30:00,26.520,,,,
1357,08/12/2024 22:40:00,26.477,,,,
1358,08/12/2024 22:50:00,26.445,,,,
1359,08/12/2024 23:00:00,26.413,,,,
1360,08/12/2024 23:10:00,26.392,,,,
1361,08/12/2024 23:20:00,26.360,,,,
1362,08/12/2024 23:30:00,26.338,,,,
1363,08/12/2024 23:40:00,26.306,,,,
1364,08/12/2024 23:50:00,26.295,,,,
1365,08/13/2024 00:00:00,26.263,,,,
1366,08/13/2024 00:10:00,26.242,,,,
1367,08/13/2024 00:20:00,26.209,,,,
1368,08/13/2024 00:30:00,26.188,,,,
1369,08/13/2024 00:40:00,26.166,,,,
1370,08/13/2024 00:50:00,26.156,,,,
1371,08/13/2024 01:00:00,26.124,,,,
1372,08/13/2024 01:10:00,26.102,,,,
1373,08/13/2024 01:20:00,26.091,,,,
1374,08/13/2024 01:30:00,26.070,,,,
1375,08/13/2024 01:40:00,26.038,,,,
1376,08/13/2024 01:50:00,26.038,,,,
1377,08/13/2024 02:00:00,26.016,,,,
1378,08/13/2024 02:10:00,25.995,,,,
1379,08/13/2024 02:20:00,25.984,,,,
1380,08/13/2024 02:30:00,25.973,,,,
1381,08/13/2024 02:40:00,25.952,,,,
1382,08/13/2024 02:50:00,25.931,,,,
1383,08/13/2024 03:00:00,25.920,,,,
1384,08/13/2024 03:10:00,25.920,,,,
1385,08/13/2024 03:20:00,25.898,,,,
1386,08/13/2024 03:30:00,25.898,,,,
1387,08/13/2024 03:40:00,25.888,,,,
1388,08/13/2024 03:50:00,25.866,,,,
1389,08/13/2024 04:00:00,25.855,,,,
1390,08/13/2024 04:10:00,25.845,,,,
1391,08/13/2024 04:20:00,25.834,,,,
1392,08/13/2024 04:30:00,25.823,,,,
1393,08/13/2024 04:40:00,25.802,,,,
1394,08/13/2024 04:50:00,25.802,,,,
1395,08/13/2024 05:00:00,25.791,,,,
1396,08/13/2024 05:10:00,25.780,,,,
1397,08/13/2024 05:20:00,25.780,,,,
1398,08/13/2024 05:30:00,25.780,,,,
1399,08/13/2024 05:40:00,25.759,,,,
1400,08/13/2024 05:50:00,25.748,,,,
1401,08/13/2024 06:00:00,25.748,,,,
1402,08/13/2024 06:10:00,25.727,,,,
1403,08/13/2024 06:20:00,25.716,,,,
1404,08/13/2024 06:30:00,25.716,,,,
1405,08/13/2024 06:40:00,25.695,,,,
1406,08/13/2024 06:50:00,25.695,,,,
1407,08/13/2024 07:00:00,25.705,,,,
1408,08/13/2024 07:10:00,25.705,,,,
1409,08/13/2024 07:20:00,25.705,,,,
1410,08/13/2024 07:30:00,25.716,,,,
1411,08/13/2024 07:40:00,25.727,,,,
1412,08/13/2024 07:50:00,25.748,,,,
1413,08/13/2024 08:00:00,25.759,,,,
1414,08/13/2024 08:10:00,25.770,,,,
1415,08/13/2024 08:20:00,25.780,,,,
1416,08/13/2024 08:30:00,25.802,,,,
1417,08/13/2024 08:40:00,25.834,,,,
1418,08/13/2024 08:50:00,25.866,,,,
1419,08/13/2024 09:00:00,25.898,,,,
1420,08/13/2024 09:10:00,25.920,,,,
1421,08/13/2024 09:20:00,25.952,,,,
1422,08/13/2024 09:30:00,26.006,,,,
1423,08/13/2024 09:40:00,26.081,,,,
1424,08/13/2024 09:50:00,26.113,,,,
1425,08/13/2024 10:00:00,26.188,,,,
1426,08/13/2024 10:10:00,26.306,,,,
1427,08/13/2024 10:20:00,26.435,,,,
1428,08/13/2024 10:30:00,26.542,,,,
1429,08/13/2024 10:40:00,26.638,,,,
1430,08/13/2024 10:50:00,26.767,,,,
1431,08/13/2024 11:00:00,26.874,,,,
1432,08/13/2024 11:10:00,26.960,,,,
1433,08/13/2024 11:20:00,27.132,,,,
1434,08/13/2024 11:30:00,27.250,,,,
1435,08/13/2024 11:40:00,27.411,,,,
1436,08/13/2024 11:50:00,27.507,,,,
1437,08/13/2024 12:00:00,27.561,,,,
1438,08/13/2024 12:10:00,27.732,,,,
1439,08/13/2024 12:20:00,27.861,,,,
1440,08/13/2024 12:30:00,27.990,,,,
1441,08/13/2024 12:40:00,28.086,,,,
1442,08/13/2024 12:50:00,28.215,,,,
1443,08/13/2024 13:00:00,28.258,,,,
1444,08/13/2024 13:10:00,28.397,,,,
1445,08/13/2024 13:20:00,28.494,,,,
1446,08/13/2024 13:30:00,28.623,,,,
1447,08/13/2024 13:40:00,28.730,,,,
1448,08/13/2024 13:50:00,28.858,,,,
1449,08/13/2024 14:00:00,28.880,,,,
1450,08/13/2024 14:10:00,29.062,,,,
1451,08/13/2024 14:20:00,29.202,,,,
1452,08/13/2024 14:30:00,29.320,,,,
1453,08/13/2024 14:40:00,29.427,,,,
1454,08/13/2024 14:50:00,29.523,,,,
1455,08/13/2024 15:00:00,29.641,,,,
1456,08/13/2024 15:10:00,29.749,,,,
1457,08/13/2024 15:20:00,29.845,,,,
1458,08/13/2024 15:30:00,29.920,,,,
1459,08/13/2024 15:40:00,30.006,,,,
1460,08/13/2024 15:50:00,30.081,,,,
1461,08/13/2024 16:00:00,30.156,,,,
1462,08/13/2024 16:10:00,30.231,,,,
1463,08/13/2024 16:20:00,30.263,,,,
1464,08/13/2024 16:30:00,30.306,,,,
1465,08/13/2024 16:40:00,30.360,,,,
1466,08/13/2024 16:50:00,30.392,,,,
1467,08/13/2024 17:00:00,30.435,,,,
1468,08/13/2024 17:10:00,30.446,,,,
1469,08/13/2024 17:20:00,30.446,,,,
1470,08/13/2024 17:30:00,30.446,,,,
1471,08/13/2024 17:40:00,30.339,,,,
1472,08/13/2024 17:50:00,30.242,,,,
1473,08/13/2024 18:00:00,30.167,,,,
1474,08/13/2024 18:10:00,30.060,,,,
1475,08/13/2024 18:20:00,29.985,,,,
1476,08/13/2024 18:30:00,29.910,,,,
1477,08/13/2024 18:40:00,29.824,,,,
1478,08/13/2024 18:50:00,29.749,,,,
1479,08/13/2024 19:00:00,29.663,,,,
1480,08/13/2024 19:10:00,29.577,,,,
1481,08/13/2024 19:20:00,29.491,,,,
1482,08/13/2024 19:30:00,29.416,,,,
1483,08/13/2024 19:40:00,29.341,,,,
1484,08/13/2024 19:50:00,29.255,,,,
1485,08/13/2024 20:00:00,29.169,,,,
1486,08/13/2024 20:10:00,29.105,,,,
1487,08/13/2024 20:20:00,29.030,,,,
1488,08/13/2024 20:30:00,28.955,,,,
1489,08/13/2024 20:40:00,28.880,,,,
1490,08/13/2024 20:50:00,28.805,,,,
1491,08/13/2024 21:00:00,28.740,,,,
1492,08/13/2024 21:10:00,28.687,,,,
1493,08/13/2024 21:20:00,28.623,,,,
1494,08/13/2024 21:30:00,28.569,,,,
1495,08/13/2024 21:40:00,28.515,,,,
1496,08/13/2024 21:50:00,28.451,,,,
1497,08/13/2024 22:00:00,28.376,,,,
1498,08/13/2024 22:10:00,28.311,,,,
1499,08/13/2024 22:20:00,28.247,,,,
1500,08/13/2024 22:30:00,28.194,,,,
1501,08/13/2024 22:40:00,28.108,,,,
1502,08/13/2024 22:50:00,28.054,,,,
1503,08/13/2024 23:00:00,28.000,,,,
1504,08/13/2024 23:10:00,27.947,,,,
1505,08/13/2024 23:20:00,27.904,,,,
1506,08/13/2024 23:30:00,27.850,,,,
1507,08/13/2024 23:40:00,27.818,,,,
1508,08/13/2024 23:50:00,27.775,,,,
1509,08/14/2024 00:00:00,27.722,,,,
1510,08/14/2024 00:10:00,27.679,,,,
1511,08/14/2024 00:20:00,27.614,,,,
1512,08/14/2024 00:30:00,27.561,,,,
1513,08/14/2024 00:40:00,27.518,,,,
1514,08/14/2024 00:50:00,27.464,,,,
1515,08/14/2024 01:00:00,27.400,,,,
1516,08/14/2024 01:10:00,27.357,,,,
1517,08/14/2024 01:20:00,27.303,,,,
1518,08/14/2024 01:30:00,27.260,,,,
1519,08/14/2024 01:40:00,27.218,,,,
1520,08/14/2024 01:50:00,27.164,,,,
1521,08/14/2024 02:00:00,27.132,,,,
1522,08/14/2024 02:10:00,27.089,,,,
1523,08/14/2024 02:20:00,27.046,,,,
1524,08/14/2024 02:30:00,27.003,,,,
1525,08/14/2024 02:40:00,26.960,,,,
1526,08/14/2024 02:50:00,26.906,,,,
1527,08/14/2024 03:00:00,26.853,,,,
1528,08/14/2024 03:10:00,26.810,,,,
1529,08/14/2024 03:20:00,26.778,,,,
1530,08/14/2024 03:30:00,26.735,,,,
1531,08/14/2024 03:40:00,26.703,,,,
1532,08/14/2024 03:50:00,26.671,,,,
1533,08/14/2024 04:00:00,26.638,,,,
1534,08/14/2024 04:10:00,26.617,,,,
1535,08/14/2024 04:20:00,26.585,,,,
1536,08/14/2024 04:30:00,26.542,,,,
1537,08/14/2024 04:40:00,26.520,,,,
1538,08/14/2024 04:50:00,26.488,,,,
1539,08/14/2024 05:00:00,26.445,,,,
1540,08/14/2024 05:10:00,26.424,,,,
1541,08/14/2024 05:20:00,26.392,,,,
1542,08/14/2024 05:30:00,26.370,,,,
1543,08/14/2024 05:40:00,26.349,,,,
1544,08/14/2024 05:50:00,26.327,,,,
1545,08/14/2024 06:00:00,26.317,,,,
1546,08/14/2024 06:10:00,26.295,,,,
1547,08/14/2024 06:20:00,26.274,,,,
1548,08/14/2024 06:30:00,26.252,,,,
1549,08/14/2024 06:40:00,26.242,,,,
1550,08/14/2024 06:50:00,26.231,,,,
1551,08/14/2024 07:00:00,26.209,,,,
1552,08/14/2024 07:10:00,26.209,,,,
1553,08/14/2024 07:20:00,26.209,,,,
1554,08/14/2024 07:30:00,26.209,,,,
1555,08/14/2024 07:40:00,26.209,,,,
1556,08/14/2024 07:50:00,26.209,,,,
1557,08/14/2024 08:00:00,26.242,,,,
1558,08/14/2024 08:10:00,26.252,,,,
1559,08/14/2024 08:20:00,26.263,,,,
1560,08/14/2024 08:30:00,26.263,,,,
1561,08/14/2024 08:40:00,26.327,,,,
1562,08/14/2024 08:50:00,26.370,,,,
1563,08/14/2024 09:00:00,26.381,,,,
1564,08/14/2024 09:10:00,26.435,,,,
1565,08/14/2024 09:20:00,26.477,,,,
1566,08/14/2024 09:30:00,26.553,,,,
1567,08/14/2024 09:40:00,26.585,,,,
1568,08/14/2024 09:50:00,26.660,,,,
1569,08/14/2024 10:00:00,26.746,,,,
1570,08/14/2024 10:10:00,26.853,,,,
1571,08/14/2024 10:20:00,26.982,,,,
1572,08/14/2024 10:30:00,27.110,,,,
1573,08/14/2024 10:40:00,27.218,,,,
1574,08/14/2024 10:50:00,27.303,,,,
1575,08/14/2024 11:00:00,27.389,,,,
1576,08/14/2024 11:10:00,27.529,,,,
1577,08/14/2024 11:20:00,27.657,,,,
1578,08/14/2024 11:30:00,27.797,,,,
1579,08/14/2024 11:40:00,27.936,,,,
1580,08/14/2024 11:50:00,28.033,,,,
1581,08/14/2024 12:00:00,28.194,,,,
1582,08/14/2024 12:10:00,28.247,,,,
1583,08/14/2024 12:20:00,28.440,,,,
1584,08/14/2024 12:30:00,28.623,,,,
1585,08/14/2024 12:40:00,28.794,,,,
1586,08/14/2024 12:50:00,28.923,,,,
1587,08/14/2024 13:00:00,28.998,,,,
1588,08/14/2024 13:10:00,29.084,,,,
1589,08/14/2024 13:20:00,29.180,,,,
1590,08/14/2024 13:30:00,29.330,,,,
1591,08/14/2024 13:40:00,29.341,,,,
1592,08/14/2024 13:50:00,29.448,,,,
1593,08/14/2024 14:00:00,29.545,,,,
1594,08/14/2024 14:10:00,29.641,,,,
1595,08/14/2024 14:20:00,29.706,,,,
1596,08/14/2024 14:30:00,29.781,,,,
1597,08/14/2024 14:40:00,29.781,,,,
1598,08/14/2024 14:50:00,29.802,,,,
1599,08/14/2024 15:00:00,29.899,,,,
1600,08/14/2024 15:10:00,29.867,,,,
1601,08/14/2024 15:20:00,29.867,,,,
1602,08/14/2024 15:30:00,29.867,,,,
1603,08/14/2024 15:40:00,29.963,,,,
1604,08/14/2024 15:50:00,29.974,,,,
1605,08/14/2024 16:00:00,30.113,,,,
1606,08/14/2024 16:10:00,30.070,,,,
1607,08/14/2024 16:20:00,30.006,,,,
1608,08/14/2024 16:30:00,30.124,,,,
1609,08/14/2024 16:40:00,30.028,,,,
1610,08/14/2024 16:50:00,30.017,,,,
1611,08/14/2024 17:00:00,29.985,,,,
1612,08/14/2024 17:10:00,30.038,,,,
1613,08/14/2024 17:20:00,30.135,,,,
1614,08/14/2024 17:30:00,30.103,,,,
1615,08/14/2024 17:40:00,30.006,,,,
1616,08/14/2024 17:50:00,29.952,,,,
1617,08/14/2024 18:00:00,29.920,,,,
1618,08/14/2024 18:10:00,29.877,,,,
1619,08/14/2024 18:20:00,29.824,,,,
1620,08/14/2024 18:30:00,29.770,,,,
1621,08/14/2024 18:40:00,29.716,,,,
1622,08/14/2024 18:50:00,29.663,,,,
1623,08/14/2024 19:00:00,29.609,,,,
1624,08/14/2024 19:10:00,29.545,,,,
1625,08/14/2024 19:20:00,29.481,,,,
1626,08/14/2024 19:30:00,29.405,,,,
1627,08/14/2024 19:40:00,29.330,,,,
1628,08/14/2024 19:50:00,29.255,,,,
1629,08/14/2024 20:00:00,29.180,,,,
1630,08/14/2024 20:10:00,29.105,,,,
1631,08/14/2024 20:20:00,29.041,,,,
1632,08/14/2024 20:30:00,28.976,,,,
1633,08/14/2024 20:40:00,28.912,,,,
1634,08/14/2024 20:50:00,28.848,,,,
1635,08/14/2024 21:00:00,28.783,,,,
1636,08/14/2024 21:10:00,28.730,,,,
1637,08/14/2024 21:20:00,28.665,,,,
1638,08/14/2024 21:30:00,28.601,,,,
1639,08/14/2024 21:40:00,28.537,,,,
1640,08/14/2024 21:50:00,28.462,,,,
1641,08/14/2024 22:00:00,28.397,,,,
1642,08/14/2024 22:10:00,28.344,,,,
1643,08/14/2024 22:20:00,28.279,,,,
1644,08/14/2024 22:30:00,28.204,,,,
1645,08/14/2024 22:40:00,28.161,,,,
1646,08/14/2024 22:50:00,28.108,,,,
1647,08/14/2024 23:00:00,28.054,,,,
1648,08/14/2024 23:10:00,28.022,,,,
1649,08/14/2024 23:20:00,27.968,,,,
1650,08/14/2024 23:30:00,27.915,,,,
1651,08/14/2024 23:40:00,27.872,,,,
1652,08/14/2024 23:50:00,27.818,,,,
1653,08/15/2024 00:00:00,27.775,,,,
1654,08/15/2024 00:10:00,27.732,,,,
1655,08/15/2024 00:20:00,27.700,,,,
1656,08/15/2024 00:30:00,27.657,,,,
1657,08/15/2024 00:40:00,27.614,,,,
1658,08/15/2024 00:50:00,27.582,,,,
1659,08/15/2024 01:00:00,27.539,,,,
1660,08/15/2024 01:10:00,27.507,,,,
1661,08/15/2024 01:20:00,27.475,,,,
1662,08/15/2024 01:30:00,27.432,,,,
1663,08/15/2024 01:40:00,27.389,,,,
1664,08/15/2024 01:50:00,27.357,,,,
1665,08/15/2024 02:00:00,27.325,,,,
1666,08/15/2024 02:10:00,27.293,,,,
1667,08/15/2024 02:20:00,27.260,,,,
1668,08/15/2024 02:30:00,27.228,,,,
1669,08/15/2024 02:40:00,27.196,,,,
1670,08/15/2024 02:50:00,27.164,,,,
1671,08/15/2024 03:00:00,27.132,,,,
1672,08/15/2024 03:10:00,27.110,,,,
1673,08/15/2024 03:20:00,27.078,,,,
1674,08/15/2024 03:30:00,27.057,,,,
1675,08/15/2024 03:40:00,27.014,,,,
1676,08/15/2024 03:50:00,26.982,,,,
1677,08/15/2024 04:00:00,26.960,,,,
1678,08/15/2024 04:10:00,26.928,,,,
1679,08/15/2024 04:20:00,26.917,,,,
1680,08/15/2024 04:30:00,26.896,,,,
1681,08/15/2024 04:40:00,26.874,,,,
1682,08/15/2024 04:50:00,26.842,,,,
1683,08/15/2024 05:00:00,26.821,,,,
1684,08/15/2024 05:10:00,26.799,,,,
1685,08/15/2024 05:20:00,26.778,,,,
1686,08/15/2024 05:30:00,26.756,,,,
1687,08/15/2024 05:40:00,26.735,,,,
1688,08/15/2024 05:50:00,26.724,,,,
1689,08/15/2024 06:00:00,26.703,,,,
1690,08/15/2024 06:10:00,26.692,,,,
1691,08/15/2024 06:20:00,26.681,,,,
1692,08/15/2024 06:30:00,26.660,,,,
1693,08/15/2024 06:40:00,26.649,,,,
1694,08/15/2024 06:50:00,26.649,,,,
1695,08/15/2024 07:00:00,26.638,,,,
1696,08/15/2024 07:10:00,26.628,,,,
1697,08/15/2024 07:20:00,26.628,,,,
1698,08/15/2024 07:30:00,26.628,,,,
1699,08/15/2024 07:40:00,26.617,,,,
1700,08/15/2024 07:50:00,26.628,,,,
1701,08/15/2024 08:00:00,26.638,,,,
1702,08/15/2024 08:10:00,26.638,,,,
1703,08/15/2024 08:20:00,26.649,,,,
1704,08/15/2024 08:30:00,26.671,,,,
1705,08/15/2024 08:40:00,26.681,,,,
1706,08/15/2024 08:50:00,26.692,,,,
1707,08/15/2024 09:00:00,26.703,,,,
1708,08/15/2024 09:10:00,26.703,,,,
1709,08/15/2024 09:20:00,26.703,,,,
1710,08/15/2024 09:30:00,26.703,,,,
1711,08/15/2024 09:40:00,26.724,,,,
1712,08/15/2024 09:50:00,26.735,,,,
1713,08/15/2024 10:00:00,26.767,,,,
1714,08/15/2024 10:10:00,26.810,,,,
1715,08/15/2024 10:20:00,26.821,,,,
1716,08/15/2024 10:30:00,26.853,,,,
1717,08/15/2024 10:40:00,26.885,,,,
1718,08/15/2024 10:50:00,27.003,,,,
1719,08/15/2024 11:00:00,27.132,,,,
1720,08/15/2024 11:10:00,27.164,,,,
1721,08/15/2024 11:20:00,27.185,,,,
1722,08/15/2024 11:30:00,27.239,,,,
1723,08/15/2024 11:40:00,27.346,,,,
1724,08/15/2024 11:50:00,27.421,,,,
1725,08/15/2024 12:00:00,27.529,,,,
1726,08/15/2024 12:10:00,27.539,,,,
1727,08/15/2024 12:20:00,27.582,,,,
1728,08/15/2024 12:30:00,27.647,,,,
1729,08/15/2024 12:40:00,27.743,,,,
1730,08/15/2024 12:50:00,27.818,,,,
1731,08/15/2024 13:00:00,27.915,,,,
1732,08/15/2024 13:10:00,27.990,,,,
1733,08/15/2024 13:20:00,28.054,,,,
1734,08/15/2024 13:30:00,28.054,,,,
1735,08/15/2024 13:40:00,28.054,,,,
1736,08/15/2024 13:50:00,28.097,,,,
1737,08/15/2024 14:00:00,28.151,,,,
1738,08/15/2024 14:10:00,28.236,,,,
1739,08/15/2024 14:20:00,28.344,,,,
1740,08/15/2024 14:30:00,28.472,,,,
1741,08/15/2024 14:40:00,28.537,,,,
1742,08/15/2024 14:50:00,28.558,,,,
1743,08/15/2024 15:00:00,28.590,,,,
1744,08/15/2024 15:10:00,28.676,,,,
1745,08/15/2024 15:20:00,28.762,,,,
1746,08/15/2024 15:30:00,28.805,,,,
1747,08/15/2024 15:40:00,28.869,,,,
1748,08/15/2024 15:50:00,28.934,,,,
1749,08/15/2024 16:00:00,28.987,,,,
1750,08/15/2024 16:10:00,29.041,,,,
1751,08/15/2024 16:20:00,29.234,,,,
1752,08/15/2024 16:30:00,29.287,,,,
1753,08/15/2024 16:40:00,29.245,,,,
1754,08/15/2024 16:50:00,29.277,,,,
1755,08/15/2024 17:00:00,29.341,,,,
1756,08/15/2024 17:10:00,29.341,,,,
1757,08/15/2024 17:20:00,29.363,,,,
1758,08/15/2024 17:30:00,29.373,,,,
1759,08/15/2024 17:40:00,29.363,,,,
1760,08/15/2024 17:50:00,29.341,,,,
1761,08/15/2024 18:00:00,29.341,,,,
1762,08/15/2024 18:10:00,29.320,,,,
1763,08/15/2024 18:20:00,29.287,,,,
1764,08/15/2024 18:30:00,29.255,,,,
1765,08/15/2024 18:40:00,29.234,,,,
1766,08/15/2024 18:50:00,29.191,,,,
1767,08/15/2024 19:00:00,29.148,,,,
1768,08/15/2024 19:10:00,29.116,,,,
1769,08/15/2024 19:20:00,29.073,,,,
1770,08/15/2024 19:30:00,29.030,,,,
1771,08/15/2024 19:40:00,28.987,,,,
1772,08/15/2024 19:50:00,28.934,,,,
1773,08/15/2024 20:00:00,28.880,,,,
1774,08/15/2024 20:10:00,28.826,,,,
1775,08/15/2024 20:20:00,28.773,,,,
1776,08/15/2024 20:30:00,28.719,,,,
1777,08/15/2024 20:40:00,28.676,,,,
1778,08/15/2024 20:50:00,28.633,,,,
1779,08/15/2024 21:00:00,28.601,,,,
1780,08/15/2024 21:10:00,28.547,,,,
1781,08/15/2024 21:20:00,28.505,,,,
1782,08/15/2024 21:30:00,28.462,,,,
1783,08/15/2024 21:40:00,28.419,,,,
1784,08/15/2024 21:50:00,28.365,,,,
1785,08/15/2024 22:00:00,28.322,,,,
1786,08/15/2024 22:10:00,28.279,,,,
1787,08/15/2024 22:20:00,28.226,,,,
1788,08/15/2024 22:30:00,28.194,,,,
1789,08/15/2024 22:40:00,28.140,,,,
1790,08/15/2024 22:50:00,28.097,,,,
1791,08/15/2024 23:00:00,28.054,,,,
1792,08/15/2024 23:10:00,28.011,,,,
1793,08/15/2024 23:20:00,27.979,,,,
1794,08/15/2024 23:30:00,27.936,,,,
1795,08/15/2024 23:40:00,27.882,,,,
1796,08/15/2024 23:50:00,27.818,,,,
1797,08/16/2024 00:00:00,27.743,,,,
1798,08/16/2024 00:10:00,27.689,,,,
1799,08/16/2024 00:20:00,27.636,,,,
1800,08/16/2024 00:30:00,27.582,,,,
1801,08/16/2024 00:40:00,27.529,,,,
1802,08/16/2024 00:50:00,27.475,,,,
1803,08/16/2024 01:00:00,27.432,,,,
1804,08/16/2024 01:10:00,27.378,,,,
1805,08/16/2024 01:20:00,27.336,,,,
1806,08/16/2024 01:30:00,27.303,,,,
1807,08/16/2024 01:40:00,27.271,,,,
1808,08/16/2024 01:50:00,27.250,,,,
1809,08/16/2024 02:00:00,27.218,,,,
1810,08/16/2024 02:10:00,27.175,,,,
1811,08/16/2024 02:20:00,27.078,,,,
1812,08/16/2024 02:30:00,27.014,,,,
1813,08/16/2024 02:40:00,26.939,,,,
1814,08/16/2024 02:50:00,26.874,,,,
1815,08/16/2024 03:00:00,26.831,,,,
1816,08/16/2024 03:10:00,26.767,,,,
1817,08/16/2024 03:20:00,26.724,,,,
1818,08/16/2024 03:30:00,26.671,,,,
1819,08/16/2024 03:40:00,26.628,,,,
1820,08/16/2024 03:50:00,26.585,,,,
1821,08/16/2024 04:00:00,26.542,,,,
1822,08/16/2024 04:10:00,26.499,,,,
1823,08/16/2024 04:20:00,26.467,,,,
1824,08/16/2024 04:30:00,26.424,,,,
1825,08/16/2024 04:40:00,26.392,,,,
1826,08/16/2024 04:50:00,26.349,,,,
1827,08/16/2024 05:00:00,26.327,,,,
1828,08/16/2024 05:10:00,26.284,,,,
1829,08/16/2024 05:20:00,26.252,,,,
1830,08/16/2024 05:30:00,26.220,,,,
1831,08/16/2024 05:40:00,26.188,,,,
1832,08/16/2024 05:50:00,26.156,,,,
1833,08/16/2024 06:00:00,26.134,,,,
1834,08/16/2024 06:10:00,26.102,,,,
1835,08/16/2024 06:20:00,26.081,,,,
1836,08/16/2024 06:30:00,26.059,,,,
1837,08/16/2024 06:40:00,26.038,,,,
1838,08/16/2024 06:50:00,26.027,,,,
1839,08/16/2024 07:00:00,26.006,,,,
1840,08/16/2024 07:10:00,26.006,,,,
1841,08/16/2024 07:20:00,25.984,,,,
1842,08/16/2024 07:30:00,25.984,,,,
1843,08/16/2024 07:40:00,25.973,,,,
1844,08/16/2024 07:50:00,25.984,,,,
1845,08/16/2024 08:00:00,25.984,,,,
1846,08/16/2024 08:10:00,25.973,,,,
1847,08/16/2024 08:20:00,25.995,,,,
1848,08/16/2024 08:30:00,26.006,,,,
1849,08/16/2024 08:40:00,26.016,,,,
1850,08/16/2024 08:50:00,26.038,,,,
1851,08/16/2024 09:00:00,26.091,,,,
1852,08/16/2024 09:10:00,26.070,,,,
1853,08/16/2024 09:20:00,26.113,,,,
1854,08/16/2024 09:30:00,26.156,,,,
1855,08/16/2024 09:40:00,26.231,,,,
1856,08/16/2024 09:50:00,26.220,,,,
1857,08/16/2024 10:00:00,26.295,,,,
1858,08/16/2024 10:10:00,26.477,,,,
1859,08/16/2024 10:20:00,26.574,,,,
1860,08/16/2024 10:30:00,26.713,,,,
1861,08/16/2024 10:40:00,26.724,,,,
1862,08/16/2024 10:50:00,28.451,,,,
1863,08/16/2024 11:00:00,28.494,,,,
1864,08/16/2024 11:10:00,28.569,,,,
1865,08/16/2024 11:20:00,28.633,,,,
1866,08/16/2024 11:30:00,28.719,,,,
1867,08/16/2024 11:40:00,28.816,,,,
1868,08/16/2024 11:50:00,28.869,,,,
1869,08/16/2024 12:00:00,28.794,,,,
1870,08/16/2024 12:10:00,29.030,,,,
1871,08/16/2024 12:20:00,29.084,,,,
1872,08/16/2024 12:30:00,29.116,,,,
1873,08/16/2024 12:40:00,29.159,,,,
1874,08/16/2024 12:50:00,29.341,,,,
1875,08/16/2024 13:00:00,29.491,,,,
1876,08/16/2024 13:10:00,29.523,,,,
1877,08/16/2024 13:20:00,29.523,,,,
1878,08/16/2024 13:30:00,29.695,,,,
1879,08/16/2024 13:40:00,29.802,,,,
1880,08/16/2024 13:50:00,29.920,,,,
1881,08/16/2024 14:00:00,30.038,,,,
1882,08/16/2024 14:10:00,30.124,,,,
1883,08/16/2024 14:20:00,30.253,,,,
1884,08/16/2024 14:30:00,30.339,,,,
1885,08/16/2024 14:40:00,30.435,,,,
1886,08/16/2024 14:50:00,30.553,,,,
1887,08/16/2024 15:00:00,30.639,,,,
1888,08/16/2024 15:10:00,30.650,,,,
1889,08/16/2024 15:20:00,30.714,,,,
1890,08/16/2024 15:30:00,30.789,,,,
1891,08/16/2024 15:40:00,30.896,,,,
1892,08/16/2024 15:50:00,30.939,,,,
1893,08/16/2024 16:00:00,31.003,,,,
1894,08/16/2024 16:10:00,31.036,,,,
1895,08/16/2024 16:20:00,30.982,,,,
1896,08/16/2024 16:30:00,30.982,,,,
1897,08/16/2024 16:40:00,31.046,,,,
1898,08/16/2024 16:50:00,31.154,,,,
1899,08/16/2024 17:00:00,31.186,,,,
1900,08/16/2024 17:10:00,31.175,,,,
1901,08/16/2024 17:20:00,31.175,,,,
1902,08/16/2024 17:30:00,31.068,,,,
1903,08/16/2024 17:40:00,31.014,,,,
1904,08/16/2024 17:50:00,30.961,,,,
1905,08/16/2024 18:00:00,30.907,,,,
1906,08/16/2024 18:10:00,30.864,,,,
1907,08/16/2024 18:20:00,30.789,,,,
1908,08/16/2024 18:30:00,30.735,,,,
1909,08/16/2024 18:40:00,30.553,,,,
1910,08/16/2024 18:50:00,30.467,,,,
1911,08/16/2024 19:00:00,30.414,,,,
1912,08/16/2024 19:10:00,30.349,,,,
1913,08/16/2024 19:20:00,30.285,,,,
1914,08/16/2024 19:30:00,30.210,,,,
1915,08/16/2024 19:40:00,30.124,,,,
1916,08/16/2024 19:50:00,30.038,,,,
1917,08/16/2024 20:00:00,29.952,,,,
1918,08/16/2024 20:10:00,29.877,,,,
1919,08/16/2024 20:20:00,29.802,,,,
1920,08/16/2024 20:30:00,29.738,,,,
1921,08/16/2024 20:40:00,29.663,,,,
1922,08/16/2024 20:50:00,29.577,,,,
1923,08/16/2024 21:00:00,29.491,,,,
1924,08/16/2024 21:10:00,29.405,,,,
1925,08/16/2024 21:20:00,29.309,,,,
1926,08/16/2024 21:30:00,29.234,,,,
1927,08/16/2024 21:40:00,29.159,,,,
1928,08/16/2024 21:50:00,29.084,,,,
1929,08/16/2024 22:00:00,29.019,,,,
1930,08/16/2024 22:10:00,28.944,,,,
1931,08/16/2024 22:20:00,28.880,,,,
1932,08/16/2024 22:30:00,28.816,,,,
1933,08/16/2024 22:40:00,28.751,,,,
1934,08/16/2024 22:50:00,28.687,,,,
1935,08/16/2024 23:00:00,28.623,,,,
1936,08/16/2024 23:10:00,28.558,,,,
1937,08/16/2024 23:20:00,28.505,,,,
1938,08/16/2024 23:30:00,28.451,,,,
1939,08/16/2024 23:40:00,28.397,,,,
1940,08/16/2024 23:50:00,28.344,,,,
1941,08/17/2024 00:00:00,28.290,,,,
1942,08/17/2024 00:10:00,28.236,,,,
1943,08/17/2024 00:20:00,28.183,,,,
1944,08/17/2024 00:30:00,28.129,,,,
1945,08/17/2024 00:40:00,28.076,,,,
1946,08/17/2024 00:50:00,28.022,,,,
1947,08/17/2024 01:00:00,27.968,,,,
1948,08/17/2024 01:10:00,27.925,,,,
1949,08/17/2024 01:20:00,27.872,,,,
1950,08/17/2024 01:30:00,27.818,,,,
1951,08/17/2024 01:40:00,27.786,,,,
1952,08/17/2024 01:50:00,27.732,,,,
1953,08/17/2024 02:00:00,27.700,,,,
1954,08/17/2024 02:10:00,27.668,,,,
1955,08/17/2024 02:20:00,27.636,,,,
1956,08/17/2024 02:30:00,27.593,,,,
1957,08/17/2024 02:40:00,27.561,,,,
1958,08/17/2024 02:50:00,27.529,,,,
1959,08/17/2024 03:00:00,27.486,,,,
1960,08/17/2024 03:10:00,27.443,,,,
1961,08/17/2024 03:20:00,27.421,,,,
1962,08/17/2024 03:30:00,27.378,,,,
1963,08/17/2024 03:40:00,27.336,,,,
1964,08/17/2024 03:50:00,27.303,,,,
1965,08/17/2024 04:00:00,27.260,,,,
1966,08/17/2024 04:10:00,27.228,,,,
1967,08/17/2024 04:20:00,27.196,,,,
1968,08/17/2024 04:30:00,27.153,,,,
1969,08/17/2024 04:40:00,27.121,,,,
1970,08/17/2024 04:50:00,27.078,,,,
1971,08/17/2024 05:00:00,27.046,,,,
1972,08/17/2024 05:10:00,27.014,,,,
1973,08/17/2024 05:20:00,26.982,,,,
1974,08/17/2024 05:30:00,26.960,,,,
1975,08/17/2024 05:40:00,26.928,,,,
1976,08/17/2024 05:50:00,26.906,,,,
1977,08/17/2024 06:00:00,26.874,,,,
1978,08/17/2024 06:10:00,26.842,,,,
1979,08/17/2024 06:20:00,26.821,,,,
1980,08/17/2024 06:30:00,26.789,,,,
1981,08/17/2024 06:40:00,26.767,,,,
1982,08/17/2024 06:50:00,26.735,,,,
1983,08/17/2024 07:00:00,26.724,,,,
1984,08/17/2024 07:10:00,26.703,,,,
1985,08/17/2024 07:20:00,26.681,,,,
1986,08/17/2024 07:30:00,26.671,,,,
1987,08/17/2024 07:40:00,26.660,,,,
1988,08/17/2024 07:50:00,26.649,,,,
1989,08/17/2024 08:00:00,26.649,,,,
1990,08/17/2024 08:10:00,26.638,,,,
1991,08/17/2024 08:20:00,26.649,,,,
1992,08/17/2024 08:30:00,26.660,,,,
1993,08/17/2024 08:40:00,26.671,,,,
1994,08/17/2024 08:50:00,26.692,,,,
1995,08/17/2024 09:00:00,26.713,,,,
1996,08/17/2024 09:10:00,26.735,,,,
1997,08/17/2024 09:20:00,26.767,,,,
1998,08/17/2024 09:30:00,26.821,,,,
1999,08/17/2024 09:40:00,26.853,,,,
2000,08/17/2024 09:50:00,26.906,,,,
2001,08/17/2024 10:00:00,26.960,,,,
2002,08/17/2024 10:10:00,27.046,,,,
2003,08/17/2024 10:20:00,27.110,,,,
2004,08/17/2024 10:30:00,27.271,,,,
2005,08/17/2024 10:40:00,27.357,,,,
2006,08/17/2024 10:50:00,27.464,,,,
2007,08/17/2024 11:00:00,27.561,,,,
2008,08/17/2024 11:10:00,27.657,,,,
2009,08/17/2024 11:20:00,27.818,,,,
2010,08/17/2024 11:30:00,27.968,,,,
2011,08/17/2024 11:40:00,28.108,,,,
2012,08/17/2024 11:50:00,28.290,,,,
2013,08/17/2024 12:00:00,28.462,,,,
2014,08/17/2024 12:10:00,28.623,,,,
2015,08/17/2024 12:20:00,28.773,,,,
2016,08/17/2024 12:30:00,28.891,,,,
2017,08/17/2024 12:40:00,28.998,,,,
2018,08/17/2024 12:50:00,29.041,,,,
2019,08/17/2024 13:00:00,29.073,,,,
2020,08/17/2024 13:10:00,29.169,,,,
2021,08/17/2024 13:20:00,29.266,,,,
2022,08/17/2024 13:30:00,29.384,,,,
2023,08/17/2024 13:40:00,29.491,,,,
2024,08/17/2024 13:50:00,29.598,,,,
2025,08/17/2024 14:00:00,29.716,,,,
2026,08/17/2024 14:10:00,29.834,,,,
2027,08/17/2024 14:20:00,29.963,,,,
2028,08/17/2024 14:30:00,29.995,,,,
2029,08/17/2024 14:40:00,30.124,,,,
2030,08/17/2024 14:50:00,30.242,,,,
2031,08/17/2024 15:00:00,30.328,,,,
2032,08/17/2024 15:10:00,30.414,,,,
2033,08/17/2024 15:20:00,30.499,,,,
2034,08/17/2024 15:30:00,30.564,,,,
2035,08/17/2024 15:40:00,30.639,,,,
2036,08/17/2024 15:50:00,30.714,,,,
2037,08/17/2024 16:00:00,30.778,,,,
2038,08/17/2024 16:10:00,30.843,,,,
2039,08/17/2024 16:20:00,30.875,,,,
2040,08/17/2024 16:30:00,30.907,,,,
2041,08/17/2024 16:40:00,30.971,,,,
2042,08/17/2024 16:50:00,31.014,,,,
2043,08/17/2024 17:00:00,31.046,,,,
2044,08/17/2024 17:10:00,31.068,,,,
2045,08/17/2024 17:20:00,31.068,,,,
2046,08/17/2024 17:30:00,30.961,,,,
2047,08/17/2024 17:40:00,30.875,,,,
2048,08/17/2024 17:50:00,30.800,,,,
2049,08/17/2024 18:00:00,30.735,,,,
2050,08/17/2024 18:10:00,30.671,,,,
2051,08/17/2024 18:20:00,30.607,,,,
2052,08/17/2024 18:30:00,30.532,,,,
2053,08/17/2024 18:40:00,30.467,,,,
2054,08/17/2024 18:50:00,30.392,,,,
2055,08/17/2024 19:00:00,30.328,,,,
2056,08/17/2024 19:10:00,30.253,,,,
2057,08/17/2024 19:20:00,30.178,,,,
2058,08/17/2024 19:30:00,30.092,,,,
2059,08/17/2024 19:40:00,30.017,,,,
2060,08/17/2024 19:50:00,29.942,,,,
2061,08/17/2024 20:00:00,29.867,,,,
2062,08/17/2024 20:10:00,29.781,,,,
2063,08/17/2024 20:20:00,29.684,,,,
2064,08/17/2024 20:30:00,29.598,,,,
2065,08/17/2024 20:40:00,29.513,,,,
2066,08/17/2024 20:50:00,29.405,,,,
2067,08/17/2024 21:00:00,29.320,,,,
2068,08/17/2024 21:10:00,29.234,,,,
2069,08/17/2024 21:20:00,29.148,,,,
2070,08/17/2024 21:30:00,29.062,,,,
2071,08/17/2024 21:40:00,28.976,,,,
2072,08/17/2024 21:50:00,28.880,,,,
2073,08/17/2024 22:00:00,28.794,,,,
2074,08/17/2024 22:10:00,28.719,,,,
2075,08/17/2024 22:20:00,28.623,,,,
2076,08/17/2024 22:30:00,28.558,,,,
2077,08/17/2024 22:40:00,28.472,,,,
2078,08/17/2024 22:50:00,28.397,,,,
2079,08/17/2024 23:00:00,28.311,,,,
2080,08/17/2024 23:10:00,28.247,,,,
2081,08/17/2024 23:20:00,28.161,,,,
2082,08/17/2024 23:30:00,28.086,,,,
2083,08/17/2024 23:40:00,28.022,,,,
2084,08/17/2024 23:50:00,27.958,,,,
2085,08/18/2024 00:00:00,27.882,,,,
2086,08/18/2024 00:10:00,27.818,,,,
2087,08/18/2024 00:20:00,27.743,,,,
2088,08/18/2024 00:30:00,27.679,,,,
2089,08/18/2024 00:40:00,27.614,,,,
2090,08/18/2024 00:50:00,27.550,,,,
2091,08/18/2024 01:00:00,27.475,,,,
2092,08/18/2024 01:10:00,27.400,,,,
2093,08/18/2024 01:20:00,27.336,,,,
2094,08/18/2024 01:30:00,27.271,,,,
2095,08/18/2024 01:40:00,27.207,,,,
2096,08/18/2024 01:50:00,27.153,,,,
2097,08/18/2024 02:00:00,27.089,,,,
2098,08/18/2024 02:10:00,27.035,,,,
2099,08/18/2024 02:20:00,26.971,,,,
2100,08/18/2024 02:30:00,26.906,,,,
2101,08/18/2024 02:40:00,26.842,,,,
2102,08/18/2024 02:50:00,26.789,,,,
2103,08/18/2024 03:00:00,26.735,,,,
2104,08/18/2024 03:10:00,26.671,,,,
2105,08/18/2024 03:20:00,26.617,,,,
2106,08/18/2024 03:30:00,26.563,,,,
2107,08/18/2024 03:40:00,26.520,,,,
2108,08/18/2024 03:50:00,26.467,,,,
2109,08/18/2024 04:00:00,26.424,,,,
2110,08/18/2024 04:10:00,26.370,,,,
2111,08/18/2024 04:20:00,26.327,,,,
2112,08/18/2024 04:30:00,26.274,,,,
2113,08/18/2024 04:40:00,26.231,,,,
2114,08/18/2024 04:50:00,26.177,,,,
2115,08/18/2024 05:00:00,26.124,,,,
2116,08/18/2024 05:10:00,26.081,,,,
2117,08/18/2024 05:20:00,26.027,,,,
2118,08/18/2024 05:30:00,25.984,,,,
2119,08/18/2024 05:40:00,25.941,,,,
2120,08/18/2024 05:50:00,25.898,,,,
2121,08/18/2024 06:00:00,25.845,,,,
2122,08/18/2024 06:10:00,25.802,,,,
2123,08/18/2024 06:20:00,25.770,,,,
2124,08/18/2024 06:30:00,25.716,,,,
2125,08/18/2024 06:40:00,25.673,,,,
2126,08/18/2024 06:50:00,25.641,,,,
2127,08/18/2024 07:00:00,25.609,,,,
2128,08/18/2024 07:10:00,25.598,,,,
2129,08/18/2024 07:20:00,25.587,,,,
2130,08/18/2024 07:30:00,25.566,,,,
2131,08/18/2024 07:40:00,25.566,,,,
2132,08/18/2024 07:50:00,25.577,,,,
2133,08/18/2024 08:00:00,25.587,,,,
2134,08/18/2024 08:10:00,25.619,,,,
2135,08/18/2024 08:20:00,25.662,,,,
2136,08/18/2024 08:30:00,25.684,,,,
2137,08/18/2024 08:40:00,25.727,,,,
2138,08/18/2024 08:50:00,25.791,,,,
2139,08/18/2024 09:00:00,25.834,,,,
2140,08/18/2024 09:10:00,25.909,,,,
2141,08/18/2024 09:20:00,25.952,,,,
2142,08/18/2024 09:30:00,26.006,,,,
2143,08/18/2024 09:40:00,26.081,,,,
2144,08/18/2024 09:50:00,26.091,,,,
2145,08/18/2024 10:00:00,26.102,,,,
2146,08/18/2024 10:10:00,26.124,,,,
2147,08/18/2024 10:20:00,26.156,,,,
2148,08/18/2024 10:30:00,26.242,,,,
2149,08/18/2024 10:40:00,26.242,,,,
2150,08/18/2024 10:50:00,26.242,,,,
2151,08/18/2024 11:00:00,26.252,,,,
2152,08/18/2024 11:10:00,26.263,,,,
2153,08/18/2024 11:20:00,26.284,,,,
2154,08/18/2024 11:30:00,26.295,,,,
2155,08/18/2024 11:40:00,26.327,,,,
2156,08/18/2024 11:50:00,26.370,,,,
2157,08/18/2024 12:00:00,26.381,,,,
2158,08/18/2024 12:10:00,26.649,,,,
2159,08/18/2024 12:20:00,26.499,,,,
2160,08/18/2024 12:30:00,26.467,,,,
2161,08/18/2024 12:40:00,26.499,,,,
2162,08/18/2024 12:50:00,26.542,,,,
2163,08/18/2024 13:00:00,26.563,,,,
2164,08/18/2024 13:10:00,26.595,,,,
2165,08/18/2024 13:20:00,26.606,,,,
2166,08/18/2024 13:30:00,26.660,,,,
2167,08/18/2024 13:40:00,26.649,,,,
2168,08/18/2024 13:50:00,26.638,,,,
2169,08/18/2024 14:00:00,26.746,,,,
2170,08/18/2024 14:10:00,26.671,,,,
2171,08/18/2024 14:20:00,26.960,,,,
2172,08/18/2024 14:30:00,26.864,,,,
2173,08/18/2024 14:40:00,26.960,,,,
2174,08/18/2024 14:50:00,27.089,,,,
2175,08/18/2024 15:00:00,26.960,,,,
2176,08/18/2024 15:10:00,26.982,,,,
2177,08/18/2024 15:20:00,27.218,,,,
2178,08/18/2024 15:30:00,27.271,,,,
2179,08/18/2024 15:40:00,27.378,,,,
2180,08/18/2024 15:50:00,27.529,,,,
2181,08/18/2024 16:00:00,27.614,,,,
2182,08/18/2024 16:10:00,27.711,,,,
2183,08/18/2024 16:20:00,27.807,,,,
2184,08/18/2024 16:30:00,27.904,,,,
2185,08/18/2024 16:40:00,27.882,,,,
2186,08/18/2024 16:50:00,27.979,,,,
2187,08/18/2024 17:00:00,28.194,,,,
2188,08/18/2024 17:10:00,28.194,,,,
2189,08/18/2024 17:20:00,28.279,,,,
2190,08/18/2024 17:30:00,28.247,,,,
2191,08/18/2024 17:40:00,28.269,,,,
2192,08/18/2024 17:50:00,28.269,,,,
2193,08/18/2024 18:00:00,28.279,,,,
2194,08/18/2024 18:10:00,28.290,,,,
2195,08/18/2024 18:20:00,28.279,,,,
2196,08/18/2024 18:30:00,28.279,,,,
2197,08/18/2024 18:40:00,28.269,,,,
2198,08/18/2024 18:50:00,28.247,,,,
2199,08/18/2024 19:00:00,28.226,,,,
2200,08/18/2024 19:10:00,28.194,,,,
2201,08/18/2024 19:20:00,28.151,,,,
2202,08/18/2024 19:30:00,28.108,,,,
2203,08/18/2024 19:40:00,28.043,,,,
2204,08/18/2024 19:50:00,27.990,,,,
2205,08/18/2024 20:00:00,27.915,,,,
2206,08/18/2024 20:10:00,27.850,,,,
2207,08/18/2024 20:20:00,27.786,,,,
2208,08/18/2024 20:30:00,27.722,,,,
2209,08/18/2024 20:40:00,27.657,,,,
2210,08/18/2024 20:50:00,27.593,,,,
2211,08/18/2024 21:00:00,27.529,,,,
2212,08/18/2024 21:10:00,27.475,,,,
2213,08/18/2024 21:20:00,27.400,,,,
2214,08/18/2024 21:30:00,27.336,,,,
2215,08/18/2024 21:40:00,27.271,,,,
2216,08/18/2024 21:50:00,27.218,,,,
2217,08/18/2024 22:00:00,27.164,,,,
2218,08/18/2024 22:10:00,27.100,,,,
2219,08/18/2024 22:20:00,27.046,,,,
2220,08/18/2024 22:30:00,26.992,,,,
2221,08/18/2024 22:40:00,26.949,,,,
2222,08/18/2024 22:50:00,26.896,,,,
2223,08/18/2024 23:00:00,26.842,,,,
2224,08/18/2024 23:10:00,26.789,,,,
2225,08/18/2024 23:20:00,26.735,,,,
2226,08/18/2024 23:30:00,26.692,,,,
2227,08/18/2024 23:40:00,26.638,,,,
2228,08/18/2024 23:50:00,26.595,,,,
2229,08/19/2024 00:00:00,26.553,,,,
2230,08/19/2024 00:10:00,26.510,,,,
2231,08/19/2024 00:20:00,26.467,,,,
2232,08/19/2024 00:30:00,26.424,,,,
2233,08/19/2024 00:40:00,26.381,,,,
2234,08/19/2024 00:50:00,26.338,,,,
2235,08/19/2024 01:00:00,26.295,,,,
2236,08/19/2024 01:10:00,26.252,,,,
2237,08/19/2024 01:20:00,26.199,,,,
2238,08/19/2024 01:30:00,26.166,,,,
2239,08/19/2024 01:40:00,26.124,,,,
2240,08/19/2024 01:50:00,26.070,,,,
2241,08/19/2024 02:00:00,26.027,,,,
2242,08/19/2024 02:10:00,25.984,,,,
2243,08/19/2024 02:20:00,25.941,,,,
2244,08/19/2024 02:30:00,25.909,,,,
2245,08/19/2024 02:40:00,25.866,,,,
2246,08/19/2024 02:50:00,25.834,,,,
2247,08/19/2024 03:00:00,25.791,,,,
2248,08/19/2024 03:10:00,25.748,,,,
2249,08/19/2024 03:20:00,25.716,,,,
2250,08/19/2024 03:30:00,25.684,,,,
2251,08/19/2024 03:40:00,25.652,,,,
2252,08/19/2024 03:50:00,25.619,,,,
2253,08/19/2024 04:00:00,25.598,,,,
2254,08/19/2024 04:10:00,25.577,,,,
2255,08/19/2024 04:20:00,25.544,,,,
2256,08/19/2024 04:30:00,25.523,,,,
2257,08/19/2024 04:40:00,25.512,,,,
2258,08/19/2024 04:50:00,25.491,,,,
2259,08/19/2024 05:00:00,25.459,,,,
2260,08/19/2024 05:10:00,25.426,,,,
2261,08/19/2024 05:20:00,25.405,,,,
2262,08/19/2024 05:30:00,25.373,,,,
2263,08/19/2024 05:40:00,25.341,,,,
2264,08/19/2024 05:50:00,25.319,,,,
2265,08/19/2024 06:00:00,25.287,,,,
2266,08/19/2024 06:10:00,25.266,,,,
2267,08/19/2024 06:20:00,25.233,,,,
2268,08/19/2024 06:30:00,25.201,,,,
2269,08/19/2024 06:40:00,25.180,,,,
2270,08/19/2024 06:50:00,25.158,,,,
2271,08/19/2024 07:00:00,25.148,,,,
2272,08/19/2024 07:10:00,25.137,,,,
2273,08/19/2024 07:20:00,25.126,,,,
2274,08/19/2024 07:30:00,25.126,,,,
2275,08/19/2024 07:40:00,25.115,,,,
2276,08/19/2024 07:50:00,25.126,,,,
2277,08/19/2024 08:00:00,25.126,,,,
2278,08/19/2024 08:10:00,25.137,,,,
2279,08/19/2024 08:20:00,25.148,,,,
2280,08/19/2024 08:30:00,25.169,,,,
2281,08/19/2024 08:40:00,25.201,,,,
2282,08/19/2024 08:50:00,25.233,,,,
2283,08/19/2024 09:00:00,25.266,,,,
2284,08/19/2024 09:10:00,25.287,,,,
2285,08/19/2024 09:20:00,25.319,,,,
2286,08/19/2024 09:30:00,25.373,,,,
2287,08/19/2024 09:40:00,25.426,,,,
2288,08/19/2024 09:50:00,25.512,,,,
2289,08/19/2024 10:00:00,25.577,,,,
2290,08/19/2024 10:10:00,25.662,,,,
2291,08/19/2024 10:20:00,25.813,,,,
2292,08/19/2024 10:30:00,25.931,,,,
2293,08/19/2024 10:40:00,26.038,,,,
2294,08/19/2024 10:50:00,26.156,,,,
2295,08/19/2024 11:00:00,26.295,,,,
2296,08/19/2024 11:10:00,26.424,,,,
2297,08/19/2024 11:20:00,26.585,,,,
2298,08/19/2024 11:30:00,26.778,,,,
2299,08/19/2024 11:40:00,26.778,,,,
2300,08/19/2024 11:50:00,26.853,,,,
2301,08/19/2024 12:00:00,26.917,,,,
2302,08/19/2024 12:10:00,27.014,,,,
2303,08/19/2024 12:20:00,27.078,,,,
2304,08/19/2024 12:30:00,27.153,,,,
2305,08/19/2024 12:40:00,27.228,,,,
2306,08/19/2024 12:50:00,27.314,,,,
2307,08/19/2024 13:00:00,27.400,,,,
2308,08/19/2024 13:10:00,27.432,,,,
2309,08/19/2024 13:20:00,27.464,,,,
2310,08/19/2024 13:30:00,27.507,,,,
2311,08/19/2024 13:40:00,27.593,,,,
2312,08/19/2024 13:50:00,27.636,,,,
2313,08/19/2024 14:00:00,27.700,,,,
2314,08/19/2024 14:10:00,27.765,,,,
2315,08/19/2024 14:20:00,28.054,,,,
2316,08/19/2024 14:30:00,27.979,,,,
2317,08/19/2024 14:40:00,27.968,,,,
2318,08/19/2024 14:50:00,28.022,,,,
2319,08/19/2024 15:00:00,28.204,,,,
2320,08/19/2024 15:10:00,28.344,,,,
2321,08/19/2024 15:20:00,28.494,,,,
2322,08/19/2024 15:30:00,28.569,,,,
2323,08/19/2024 15:40:00,28.569,,,,
2324,08/19/2024 15:50:00,28.601,,,,
2325,08/19/2024 16:00:00,28.623,,,,
2326,08/19/2024 16:10:00,28.655,,,,
2327,08/19/2024 16:20:00,28.655,,,,
2328,08/19/2024 16:30:00,28.569,,,,
2329,08/19/2024 16:40:00,28.451,,,,
2330,08/19/2024 16:50:00,28.655,,,,
2331,08/19/2024 17:00:00,28.483,,,,
2332,08/19/2024 17:10:00,28.344,,,,
2333,08/19/2024 17:20:00,28.247,,,,
2334,08/19/2024 17:30:00,28.194,,,,
2335,08/19/2024 17:40:00,28.108,,,,
2336,08/19/2024 17:50:00,28.054,,,,
2337,08/19/2024 18:00:00,28.011,,,,
2338,08/19/2024 18:10:00,27.958,,,,
2339,08/19/2024 18:20:00,27.904,,,,
2340,08/19/2024 18:30:00,27.861,,,,
2341,08/19/2024 18:40:00,27.807,,,,
2342,08/19/2024 18:50:00,27.765,,,,
2343,08/19/2024 19:00:00,27.711,,,,
2344,08/19/2024 19:10:00,27.647,,,,
2345,08/19/2024 19:20:00,27.604,,,,
2346,08/19/2024 19:30:00,27.529,,,,
2347,08/19/2024 19:40:00,27.475,,,,
2348,08/19/2024 19:50:00,27.389,,,,
2349,08/19/2024 20:00:00,27.314,,,,
2350,08/19/2024 20:10:00,27.239,,,,
2351,08/19/2024 20:20:00,27.175,,,,
2352,08/19/2024 20:30:00,27.100,,,,
2353,08/19/2024 20:40:00,27.046,,,,
2354,08/19/2024 20:50:00,26.982,,,,
2355,08/19/2024 21:00:00,26.928,,,,
2356,08/19/2024 21:10:00,26.874,,,,
2357,08/19/2024 21:20:00,26.810,,,,
2358,08/19/2024 21:30:00,26.756,,,,
2359,08/19/2024 21:40:00,26.724,,,,
2360,08/19/2024 21:50:00,26.671,,,,
2361,08/19/2024 22:00:00,26.628,,,,
2362,08/19/2024 22:10:00,26.585,,,,
2363,08/19/2024 22:20:00,26.531,,,,
2364,08/19/2024 22:30:00,26.488,,,,
2365,08/19/2024 22:40:00,26.445,,,,
2366,08/19/2024 22:50:00,26.413,,,,
2367,08/19/2024 23:00:00,26.349,,,,
2368,08/19/2024 23:10:00,26.317,,,,
2369,08/19/2024 23:20:00,26.274,,,,
2370,08/19/2024 23:30:00,26.220,,,,
2371,08/19/2024 23:40:00,26.177,,,,
2372,08/19/2024 23:50:00,26.134,,,,
2373,08/20/2024 00:00:00,26.091,,,,
2374,08/20/2024 00:10:00,26.059,,,,
2375,08/20/2024 00:20:00,26.016,,,,
2376,08/20/2024 00:30:00,25.984,,,,
2377,08/20/2024 00:40:00,25.941,,,,
2378,08/20/2024 00:50:00,25.898,,,,
2379,08/20/2024 01:00:00,25.866,,,,
2380,08/20/2024 01:10:00,25.834,,,,
2381,08/20/2024 01:20:00,25.802,,,,
2382,08/20/2024 01:30:00,25.780,,,,
2383,08/20/2024 01:40:00,25.748,,,,
2384,08/20/2024 01:50:00,25.705,,,,
2385,08/20/2024 02:00:00,25.662,,,,
2386,08/20/2024 02:10:00,25.641,,,,
2387,08/20/2024 02:20:00,25.609,,,,
2388,08/20/2024 02:30:00,25.587,,,,
2389,08/20/2024 02:40:00,25.555,,,,
2390,08/20/2024 02:50:00,25.544,,,,
2391,08/20/2024 03:00:00,25.523,,,,
2392,08/20/2024 03:10:00,25.491,,,,
2393,08/20/2024 03:20:00,25.459,,,,
2394,08/20/2024 03:30:00,25.437,,,,
2395,08/20/2024 03:40:00,25.416,,,,
2396,08/20/2024 03:50:00,25.384,,,,
2397,08/20/2024 04:00:00,25.351,,,,
2398,08/20/2024 04:10:00,25.330,,,,
2399,08/20/2024 04:20:00,25.308,,,,
2400,08/20/2024 04:30:00,25.287,,,,
2401,08/20/2024 04:40:00,25.266,,,,
2402,08/20/2024 04:50:00,25.244,,,,
2403,08/20/2024 05:00:00,25.233,,,,
2404,08/20/2024 05:10:00,25.212,,,,
2405,08/20/2024 05:20:00,25.201,,,,
2406,08/20/2024 05:30:00,25.180,,,,
2407,08/20/2024 05:40:00,25.169,,,,
2408,08/20/2024 05:50:00,25.148,,,,
2409,08/20/2024 06:00:00,25.115,,,,
2410,08/20/2024 06:10:00,25.094,,,,
2411,08/20/2024 06:20:00,25.083,,,,
2412,08/20/2024 06:30:00,25.062,,,,
2413,08/20/2024 06:40:00,25.040,,,,
2414,08/20/2024 06:50:00,25.030,,,,
2415,08/20/2024 07:00:00,25.019,,,,
2416,08/20/2024 07:10:00,25.019,,,,
2417,08/20/2024 07:20:00,25.019,,,,
2418,08/20/2024 07:30:00,25.019,,,,
2419,08/20/2024 07:40:00,25.019,,,,
2420,08/20/2024 07:50:00,25.030,,,,
2421,08/20/2024 08:00:00,25.051,,,,
2422,08/20/2024 08:10:00,25.051,,,,
2423,08/20/2024 08:20:00,25.062,,,,
2424,08/20/2024 08:30:00,25.083,,,,
2425,08/20/2024 08:40:00,25.137,,,,
2426,08/20/2024 08:50:00,25.169,,,,
2427,08/20/2024 09:00:00,25.201,,,,
2428,08/20/2024 09:10:00,25.233,,,,
2429,08/20/2024 09:20:00,25.266,,,,
2430,08/20/2024 09:30:00,25.287,,,,
2431,08/20/2024 09:40:00,25.362,,,,
2432,08/20/2024 09:50:00,25.491,,,,
2433,08/20/2024 10:00:00,25.587,,,,
2434,08/20/2024 10:10:00,25.716,,,,
2435,08/20/2024 10:20:00,25.909,,,,
2436,08/20/2024 10:30:00,26.048,,,,
2437,08/20/2024 10:40:00,26.284,,,,
2438,08/20/2024 10:50:00,26.435,,,,
2439,08/20/2024 11:00:00,26.520,,,,
2440,08/20/2024 11:10:00,26.713,,,,
2441,08/20/2024 11:20:00,26.917,,,,
2442,08/20/2024 11:30:00,27.100,,,,
2443,08/20/2024 11:40:00,27.303,,,,
2444,08/20/2024 11:50:00,27.421,,,,
2445,08/20/2024 12:00:00,27.614,,,,
2446,08/20/2024 12:10:00,27.807,,,,
2447,08/20/2024 12:20:00,27.861,,,,
2448,08/20/2024 12:30:00,28.011,,,,
2449,08/20/2024 12:40:00,28.161,,,,
2450,08/20/2024 12:50:00,28.301,,,,
2451,08/20/2024 13:00:00,28.472,,,,
2452,08/20/2024 13:10:00,28.687,,,,
2453,08/20/2024 13:20:00,28.912,,,,
2454,08/20/2024 13:30:00,29.287,,,,
2455,08/20/2024 13:40:00,29.545,,,,
2456,08/20/2024 13:50:00,29.716,,,,
2457,08/20/2024 14:00:00,29.888,,,,
2458,08/20/2024 14:10:00,30.092,,,,
2459,08/20/2024 14:20:00,30.285,,,,
2460,08/20/2024 14:30:00,29.802,,,,
2461,08/20/2024 14:40:00,29.824,,,,
2462,08/20/2024 14:50:00,29.663,,,,
2463,08/20/2024 15:00:00,29.952,,,,
2464,08/20/2024 15:10:00,29.802,,,,
2465,08/20/2024 15:20:00,30.092,,,,
2466,08/20/2024 15:30:00,30.414,,,,
2467,08/20/2024 15:40:00,30.467,,,,
2468,08/20/2024 15:50:00,30.178,,,,
2469,08/20/2024 16:00:00,30.092,,,,
2470,08/20/2024 16:10:00,30.060,,,,
2471,08/20/2024 16:20:00,30.060,,,,
2472,08/20/2024 16:30:00,30.049,,,,
2473,08/20/2024 16:40:00,30.092,,,,
2474,08/20/2024 16:50:00,29.942,,,,
2475,08/20/2024 17:00:00,30.028,,,,
2476,08/20/2024 17:10:00,30.049,,,,
2477,08/20/2024 17:20:00,29.899,,,,
2478,08/20/2024 17:30:00,29.631,,,,
2479,08/20/2024 17:40:00,29.491,,,,
2480,08/20/2024 17:50:00,29.352,,,,
2481,08/20/2024 18:00:00,29.234,,,,
2482,08/20/2024 18:10:00,28.880,,,,
2483,08/20/2024 18:20:00,28.719,,,,
2484,08/20/2024 18:30:00,28.590,,,,
2485,08/20/2024 18:40:00,28.451,,,,
2486,08/20/2024 18:50:00,27.389,,,,
2487,08/20/2024 19:00:00,26.874,,,,
2488,08/20/2024 19:10:00,26.435,,,,
2489,08/20/2024 19:20:00,26.124,,,,
2490,08/20/2024 19:30:00,25.909,,,,
2491,08/20/2024 19:40:00,25.770,,,,
2492,08/20/2024 19:50:00,25.684,,,,
2493,08/20/2024 20:00:00,25.641,,,,
2494,08/20/2024 20:10:00,25.619,,,,
2495,08/20/2024 20:20:00,25.619,,,,
2496,08/20/2024 20:30:00,25.630,,,,
2497,08/20/2024 20:40:00,25.641,,,,
2498,08/20/2024 20:50:00,25.662,,,,
2499,08/20/2024 21:00:00,25.673,,,,
2500,08/20/2024 21:10:00,25.673,,,,
2501,08/20/2024 21:20:00,25.662,,,,
2502,08/20/2024 21:30:00,25.662,,,,
2503,08/20/2024 21:35:37,,,,Logged,Logged
