date,ID,Species,weight difference,run,lanai side,treatment,temperature(C),Inital weight(g),final weight(g),growth rate(%),N (g/m3/2d),P (g/m3/2d),salinity (ppt)
09/28/21,Hm1-1,Hm,0.0466,1,ewa,1,30,0.2879,0.3345,16.1862,1.7363203,1.24E-03,35
09/28/21,Hm1-2,Hm,0.1107,1,ewa,2,30,0.2773,0.388,39.9207,3.2905091,3.73E-02,28
09/28/21,Hm1-3,Hm,0.0968,1,ewa,3,30,0.2848,0.3816,33.9888,6.4231709,0.408069251,18
09/28/21,Hm1-4,Hm,0.08,1,ewa,4,30,0.2477,0.3277,32.2971,9.71368,0.943038087,11
09/28/21,Ul1-1,Ul,-0.0287,1,ewa,1,30,0.2705,0.2418,-10.6100,1.7363203,1.24E-03,35
09/28/21,Ul1-2,Ul,-0.0745,1,ewa,2,30,0.2595,0.185,-28.7091,3.2905091,3.73E-02,28
09/28/21,Ul1-3,Ul,-0.139,1,ewa,3,30,0.2673,0.1283,-52.0015,6.4231709,0.408069251,18
09/28/21,Ul1-4,Ul,-0.0679,1,ewa,4,30,0.2861,0.2182,-23.7330,9.71368,0.943038087,11
09/28/21,Hm2-1,Hm,0.1043,1,ewa,1,30,0.2849,0.3892,36.6093,1.7363203,1.24E-03,35
09/28/21,Hm2-2,Hm,0.0766,1,ewa,2,30,0.307,0.3836,24.9511,3.2905091,3.73E-02,28
09/28/21,Hm2-3,Hm,0.059,1,ewa,3,30,0.2631,0.3221,22.4249,6.4231709,0.408069251,18
09/28/21,Hm2-4,Hm,0.0739,1,ewa,4,30,0.2789,0.3528,26.4970,9.71368,0.943038087,11
09/28/21,Ul2-1,Ul,0.0015,1,ewa,1,30,0.2386,0.2401,0.6287,1.7363203,1.24E-03,35
09/28/21,Ul2-2,Ul,0.1243,1,ewa,2,30,0.3114,0.4357,39.9165,3.2905091,3.73E-02,28
09/28/21,Ul2-3,Ul,0.1323,1,ewa,3,30,0.2765,0.4088,47.8481,6.4231709,0.408069251,18
09/28/21,Ul2-4,Ul,0.1933,1,ewa,4,30,0.2922,0.4855,66.1533,9.71368,0.943038087,11
09/28/21,Hm3-1,Hm,0.1546,1,ewa,1,27,0.2632,0.4178,58.7386,1.7363203,1.24E-03,35
09/28/21,Hm3-2,Hm,0.1037,1,ewa,2,27,0.2919,0.3956,35.5259,3.2905091,3.73E-02,28
09/28/21,Hm3-3,Hm,0.0727,1,ewa,3,27,0.2578,0.3305,28.2002,6.4231709,0.408069251,18
09/28/21,Hm3-4,Hm,0.0779,1,ewa,4,27,0.2653,0.3432,29.3630,9.71368,0.943038087,11
09/28/21,Ul3-1,Ul,0.0527,1,ewa,1,27,0.2965,0.3492,17.7740,1.7363203,1.24E-03,35
09/28/21,Ul3-2,Ul,0.0959,1,ewa,2,27,0.2662,0.3621,36.0255,3.2905091,3.73E-02,28
09/28/21,Ul3-3,Ul,0.1332,1,ewa,3,27,0.2899,0.4231,45.9469,6.4231709,0.408069251,18
09/28/21,Ul3-4,Ul,0.1632,1,ewa,4,27,0.2969,0.4601,54.9680,9.71368,0.943038087,11
09/28/21,Hm4-1,Hm,0.1069,1,ewa,1,27,0.2712,0.3781,39.4174,1.7363203,1.24E-03,35
09/28/21,Hm4-2,Hm,0.0534,1,ewa,2,27,0.2707,0.3241,19.7266,3.2905091,3.73E-02,28
09/28/21,Hm4-3,Hm,0.1008,1,ewa,3,27,0.2859,0.3867,35.2571,6.4231709,0.408069251,18
09/28/21,Hm4-4,Hm,0.0695,1,ewa,4,27,0.2809,0.3504,24.7419,9.71368,0.943038087,11
09/28/21,Ul4-1,Ul,0.1463,1,ewa,1,27,0.2304,0.3767,63.4983,1.7363203,1.24E-03,35
09/28/21,Ul4-2,Ul,0.2088,1,ewa,2,27,0.3039,0.5127,68.7068,3.2905091,3.73E-02,28
09/28/21,Ul4-3,Ul,0.2226,1,ewa,3,27,0.2822,0.5048,78.8802,6.4231709,0.408069251,18
09/28/21,Ul4-4,Ul,0.2568,1,ewa,4,27,0.2623,0.5191,97.9032,9.71368,0.943038087,11
09/28/21,Hm5-1,Hm,0.079,1,ewa,1,20,0.2603,0.3393,30.3496,1.7363203,1.24E-03,35
09/28/21,Hm5-2,Hm,0.0676,1,ewa,2,20,0.2137,0.2813,31.6331,3.2905091,3.73E-02,28
09/28/21,Hm5-3,Hm,0.1058,1,ewa,3,20,0.2928,0.3986,36.1339,6.4231709,0.408069251,18
09/28/21,Hm5-4,Hm,0.0714,1,ewa,4,20,0.2987,0.3701,23.9036,9.71368,0.943038087,11
09/28/21,Ul5-1,Ul,0.188,1,ewa,1,20,0.2885,0.4765,65.1646,1.7363203,1.24E-03,35
09/28/21,Ul5-2,Ul,0.284,1,ewa,2,20,0.2737,0.5577,103.7632,3.2905091,3.73E-02,28
09/28/21,Ul5-3,Ul,0.1942,1,ewa,3,20,0.2913,0.4855,66.6667,6.4231709,0.408069251,18
09/28/21,Ul5-4,Ul,0.2023,1,ewa,4,20,0.2884,0.4907,70.1456,9.71368,0.943038087,11
09/28/21,Hm6-1,Hm,0.1454,1,ewa,1,20,0.2481,0.3935,58.6054,1.7363203,1.24E-03,35
09/28/21,Hm6-2,Hm,0.0632,1,ewa,2,20,0.2721,0.3353,23.2268,3.2905091,3.73E-02,28
09/28/21,Hm6-3,Hm,0.0807,1,ewa,3,20,0.2522,0.3329,31.9984,6.4231709,0.408069251,18
09/28/21,Hm6-4,Hm,0.0769,1,ewa,4,20,0.2504,0.3273,30.7109,9.71368,0.943038087,11
09/28/21,Ul6-1,Ul,0.1203,1,ewa,1,20,0.2952,0.4155,40.7520,1.7363203,1.24E-03,35
09/28/21,Ul6-2,Ul,0.1261,1,ewa,2,20,0.2809,0.407,44.8914,3.2905091,3.73E-02,28
09/28/21,Ul6-3,Ul,0.1615,1,ewa,3,20,0.3068,0.4683,52.6402,6.4231709,0.408069251,18
09/28/21,Ul6-4,Ul,0.2723,1,ewa,4,20,0.3138,0.5861,86.7750,9.71368,0.943038087,11
10/08/21,Hm1-1,Hm,0.2503,2,ewa,1,30,0.2973,0.5476,84.1911,1.7363203,1.24E-03,35
10/08/21,Hm1-2,Hm,0.1258,2,ewa,2,30,0.2981,0.4239,42.2006,3.2905091,3.73E-02,28
10/08/21,Hm1-3,Hm,0.1295,2,ewa,3,30,0.2814,0.4109,46.0199,6.4231709,0.408069251,18
10/08/21,Hm1-4,Hm,0.0533,2,ewa,4,30,0.2844,0.3377,18.7412,9.71368,0.943038087,11
10/08/21,Ul1-1,Ul,0.2371,2,ewa,1,30,0.3059,0.543,77.5090,1.7363203,1.24E-03,35
10/08/21,Ul1-2,Ul,0.19,2,ewa,2,30,0.2841,0.4741,66.8779,3.2905091,3.73E-02,28
10/08/21,Ul1-3,Ul,0.2344,2,ewa,3,30,0.2896,0.524,80.9392,6.4231709,0.408069251,18
10/08/21,Ul1-4,Ul,0.2548,2,ewa,4,30,0.2699,0.5247,94.4053,9.71368,0.943038087,11
10/08/21,Hm2-1,Hm,0.1908,2,ewa,1,30,0.2946,0.4854,64.7658,1.7363203,1.24E-03,35
10/08/21,Hm2-2,Hm,0.0948,2,ewa,2,30,0.2882,0.383,32.8938,3.2905091,3.73E-02,28
10/08/21,Hm2-3,Hm,0.1543,2,ewa,3,30,0.2851,0.4394,54.1214,6.4231709,0.408069251,18
10/08/21,Hm2-4,Hm,-0.0169,2,ewa,4,30,0.2886,0.2717,-5.8559,9.71368,0.943038087,11
10/08/21,Ul2-1,Ul,0.114,2,ewa,1,30,0.2935,0.4075,38.8416,1.7363203,1.24E-03,35
10/08/21,Ul2-2,Ul,0.1684,2,ewa,2,30,0.2414,0.4098,69.7597,3.2905091,3.73E-02,28
10/08/21,Ul2-3,Ul,0.2302,2,ewa,3,30,0.2907,0.5209,79.1882,6.4231709,0.408069251,18
10/08/21,Ul2-4,Ul,0.1919,2,ewa,4,30,0.2934,0.4853,65.4056,9.71368,0.943038087,11
10/08/21,Hm3-1,Hm,0.1638,2,ewa,1,27,0.2907,0.4545,56.3467,1.7363203,1.24E-03,35
10/08/21,Hm3-2,Hm,0.0709,2,ewa,2,27,0.2712,0.3421,26.1431,3.2905091,3.73E-02,28
10/08/21,Hm3-3,Hm,0.0498,2,ewa,3,27,0.2962,0.346,16.8130,6.4231709,0.408069251,18
10/08/21,Hm3-4,Hm,-0.0389,2,ewa,4,27,0.2886,0.2497,-13.4789,9.71368,0.943038087,11
10/08/21,Ul3-1,Ul,0.1629,2,ewa,1,27,0.2751,0.438,59.2148,1.7363203,1.24E-03,35
10/08/21,Ul3-2,Ul,0.2595,2,ewa,2,27,0.2938,0.5533,88.3254,3.2905091,3.73E-02,28
10/08/21,Ul3-3,Ul,0.2244,2,ewa,3,27,0.2829,0.5073,79.3213,6.4231709,0.408069251,18
10/08/21,Ul3-4,Ul,0.1918,2,ewa,4,27,0.2754,0.4672,69.6442,9.71368,0.943038087,11
10/08/21,Hm4-1,Hm,0.0547,2,ewa,1,27,0.2922,0.3469,18.7201,1.7363203,1.24E-03,35
10/08/21,Hm4-2,Hm,0.0813,2,ewa,2,27,0.2568,0.3381,31.6589,3.2905091,3.73E-02,28
10/08/21,Hm4-3,Hm,0.0482,2,ewa,3,27,0.2954,0.3436,16.3169,6.4231709,0.408069251,18
10/08/21,Hm4-4,Hm,-0.0019,2,ewa,4,27,0.2772,0.2753,-0.6854,9.71368,0.943038087,11
10/08/21,Ul4-1,Ul,-0.0097,2,ewa,1,27,0.2897,0.28,-3.3483,1.7363203,1.24E-03,35
10/08/21,Ul4-2,Ul,0.2108,2,ewa,2,27,0.2999,0.5107,70.2901,3.2905091,3.73E-02,28
10/08/21,Ul4-3,Ul,0.1082,2,ewa,3,27,0.3022,0.4104,35.8041,6.4231709,0.408069251,18
10/08/21,Ul4-4,Ul,0.1648,2,ewa,4,27,0.2943,0.4591,55.9973,9.71368,0.943038087,11
10/08/21,Hm5-1,Hm,0.2559,2,ewa,1,20,0.2979,0.5538,85.9013,1.7363203,1.24E-03,35
10/08/21,Hm5-2,Hm,-0.25488,2,ewa,2,20,0.2998,0.04492,-85.0167,3.2905091,3.73E-02,28
10/08/21,Hm5-3,Hm,0.0928,2,ewa,3,20,0.2968,0.3896,31.2668,6.4231709,0.408069251,18
10/08/21,Hm5-4,Hm,0.0496,2,ewa,4,20,0.2466,0.2962,20.1135,9.71368,0.943038087,11
10/08/21,Ul5-1,Ul,0.0059,2,ewa,1,20,0.2999,0.3058,1.9673,1.7363203,1.24E-03,35
10/08/21,Ul5-2,Ul,-0.0626,2,ewa,2,20,0.2643,0.2017,-23.6852,3.2905091,3.73E-02,28
10/08/21,Ul5-3,Ul,0.0809,2,ewa,3,20,0.2406,0.3215,33.6243,6.4231709,0.408069251,18
10/08/21,Ul5-4,Ul,0.0821,2,ewa,4,20,0.2754,0.3575,29.8112,9.71368,0.943038087,11
10/08/21,Hm6-1,Hm,0.2102,2,ewa,1,20,0.2919,0.5021,72.0110,1.7363203,1.24E-03,35
10/08/21,Hm6-2,Hm,0.0981,2,ewa,2,20,0.2866,0.3847,34.2289,3.2905091,3.73E-02,28
10/08/21,Hm6-3,Hm,0.1029,2,ewa,3,20,0.296,0.3989,34.7635,6.4231709,0.408069251,18
10/08/21,Hm6-4,Hm,0.0959,2,ewa,4,20,0.2788,0.3747,34.3974,9.71368,0.943038087,11
10/08/21,Ul6-1,Ul,0.1212,2,ewa,1,20,0.2767,0.3979,43.8020,1.7363203,1.24E-03,35
10/08/21,Ul6-2,Ul,0.0681,2,ewa,2,20,0.2982,0.3663,22.8370,3.2905091,3.73E-02,28
10/08/21,Ul6-3,Ul,0.0965,2,ewa,3,20,0.2921,0.3886,33.0366,6.4231709,0.408069251,18
10/08/21,Ul6-4,Ul,0.1872,2,ewa,4,20,0.2931,0.4803,63.8690,9.71368,0.943038087,11
10/19/21,Hm1-1,Hm,0.0746,3,ewa,1,20,0.2948,0.3694,25.3053,1.7363203,1.24E-03,35
10/19/21,Hm1-2,Hm,0.0869,3,ewa,2,20,0.299,0.3859,29.0635,3.2905091,3.73E-02,28
10/19/21,Hm1-3,Hm,0.0636,3,ewa,3,20,0.3037,0.3673,20.9417,6.4231709,0.408069251,18
10/19/21,Hm1-4,Hm,0.0746,3,ewa,4,20,0.3036,0.3782,24.5718,9.71368,0.943038087,11
10/19/21,Ul1-1,Ul,-0.0236,3,ewa,1,20,0.2803,0.2567,-8.4196,1.7363203,1.24E-03,35
10/19/21,Ul1-2,Ul,0.0171,3,ewa,2,20,0.286,0.3031,5.9790,3.2905091,3.73E-02,28
10/19/21,Ul1-3,Ul,0.036,3,ewa,3,20,0.2817,0.3177,12.7796,6.4231709,0.408069251,18
10/19/21,Ul1-4,Ul,0.0474,3,ewa,4,20,0.2773,0.3247,17.0934,9.71368,0.943038087,11
10/19/21,Hm2-1,Hm,0.0374,3,ewa,1,20,0.2957,0.3331,12.6480,1.7363203,1.24E-03,35
10/19/21,Hm2-2,Hm,0.0613,3,ewa,2,20,0.2859,0.3472,21.4411,3.2905091,3.73E-02,28
10/19/21,Hm2-3,Hm,0.0481,3,ewa,3,20,0.2921,0.3402,16.4670,6.4231709,0.408069251,18
10/19/21,Hm2-4,Hm,0.0177,3,ewa,4,20,0.2794,0.2971,6.3350,9.71368,0.943038087,11
10/19/21,Ul2-1,Ul,0.1614,3,ewa,1,20,0.2871,0.4485,56.2173,1.7363203,1.24E-03,35
10/19/21,Ul2-2,Ul,0.0975,3,ewa,2,20,0.2596,0.3571,37.5578,3.2905091,3.73E-02,28
10/19/21,Ul2-3,Ul,0.0954,3,ewa,3,20,0.2655,0.3609,35.9322,6.4231709,0.408069251,18
10/19/21,Ul2-4,Ul,0.1672,3,ewa,4,20,0.2563,0.4235,65.2361,9.71368,0.943038087,11
10/19/21,Hm3-1,Hm,0.1144,3,ewa,1,27,0.3039,0.4183,37.6440,1.7363203,1.24E-03,35
10/19/21,Hm3-2,Hm,0.0731,3,ewa,2,27,0.3077,0.3808,23.7569,3.2905091,3.73E-02,28
10/19/21,Hm3-3,Hm,0.0804,3,ewa,3,27,0.2803,0.3607,28.6836,6.4231709,0.408069251,18
10/19/21,Hm3-4,Hm,0.0808,3,ewa,4,27,0.3055,0.3863,26.4484,9.71368,0.943038087,11
10/19/21,Ul3-1,Ul,0.0508,3,ewa,1,27,0.2898,0.3406,17.5293,1.7363203,1.24E-03,35
10/19/21,Ul3-2,Ul,0.0298,3,ewa,2,27,0.2669,0.2967,11.1652,3.2905091,3.73E-02,28
10/19/21,Ul3-3,Ul,0.1532,3,ewa,3,27,0.2808,0.434,54.5584,6.4231709,0.408069251,18
10/19/21,Ul3-4,Ul,0.1536,3,ewa,4,27,0.2916,0.4452,52.6749,9.71368,0.943038087,11
10/19/21,Hm4-1,Hm,0.0888,3,ewa,1,27,0.3043,0.3931,29.1817,1.7363203,1.24E-03,35
10/19/21,Hm4-2,Hm,0.0781,3,ewa,2,27,0.2892,0.3673,27.0055,3.2905091,3.73E-02,28
10/19/21,Hm4-3,Hm,0.1173,3,ewa,3,27,0.2722,0.3895,43.0933,6.4231709,0.408069251,18
10/19/21,Hm4-4,Hm,0.0425,3,ewa,4,27,0.2757,0.3182,15.4153,9.71368,0.943038087,11
10/19/21,Ul4-1,Ul,0.1087,3,ewa,1,27,0.2979,0.4066,36.4888,1.7363203,1.24E-03,35
10/19/21,Ul4-2,Ul,0.1702,3,ewa,2,27,0.3035,0.4737,56.0791,3.2905091,3.73E-02,28
10/19/21,Ul4-3,Ul,0.0207,3,ewa,3,27,0.3085,0.3292,6.7099,6.4231709,0.408069251,18
10/19/21,Ul4-4,Ul,0.1831,3,ewa,4,27,0.2989,0.482,61.2579,9.71368,0.943038087,11
10/19/21,Hm5-1,Hm,0.1487,3,ewa,1,30,0.2858,0.4345,52.0294,1.7363203,1.24E-03,35
10/19/21,Hm5-2,Hm,0.1155,3,ewa,2,30,0.3073,0.4228,37.5854,3.2905091,3.73E-02,28
10/19/21,Hm5-3,Hm,0.1235,3,ewa,3,30,0.3,0.4235,41.1667,6.4231709,0.408069251,18
10/19/21,Hm5-4,Hm,0.11,3,ewa,4,30,0.2791,0.3891,39.4124,9.71368,0.943038087,11
10/19/21,Ul5-1,Ul,0.0418,3,ewa,1,30,0.2733,0.3151,15.2945,1.7363203,1.24E-03,35
10/19/21,Ul5-2,Ul,0.0971,3,ewa,2,30,0.2839,0.381,34.2022,3.2905091,3.73E-02,28
10/19/21,Ul5-3,Ul,0.0934,3,ewa,3,30,0.2673,0.3607,34.9420,6.4231709,0.408069251,18
10/19/21,Ul5-4,Ul,0.1558,3,ewa,4,30,0.2923,0.4481,53.3014,9.71368,0.943038087,11
10/19/21,Hm6-1,Hm,0.046,3,ewa,1,30,0.2642,0.3102,17.4111,1.7363203,1.24E-03,35
10/19/21,Hm6-2,Hm,0.0595,3,ewa,2,30,0.2492,0.3087,23.8764,3.2905091,3.73E-02,28
10/19/21,Hm6-3,Hm,-0.063,3,ewa,3,30,0.2842,0.2212,-22.1675,6.4231709,0.408069251,18
10/19/21,Hm6-4,Hm,-0.0192,3,ewa,4,30,0.2607,0.2415,-7.3648,9.71368,0.943038087,11
10/19/21,Ul6-1,Ul,0.0962,3,ewa,1,30,0.2546,0.3508,37.7848,1.7363203,1.24E-03,35
10/19/21,Ul6-2,Ul,0.117,3,ewa,2,30,0.2258,0.3428,51.8158,3.2905091,3.73E-02,28
10/19/21,Ul6-3,Ul,0.1445,3,ewa,3,30,0.2329,0.3774,62.0438,6.4231709,0.408069251,18
10/19/21,Ul6-4,Ul,0.1535,3,ewa,4,30,0.2603,0.4138,58.9704,9.71368,0.943038087,11
11/09/21,Hm1-1,Hm,0.1016,4,ewa,1,20,0.3017,0.4033,33.6758,1.7363203,1.24E-03,35
11/09/21,Hm1-2,Hm,0.0861,4,ewa,2,20,0.3037,0.3898,28.3503,3.2905091,3.73E-02,28
11/09/21,Hm1-3,Hm,0.0954,4,ewa,3,20,0.2951,0.3905,32.3280,6.4231709,0.408069251,18
11/09/21,Hm1-4,Hm,0.0516,4,ewa,4,20,0.2993,0.3509,17.2402,9.71368,0.943038087,11
11/09/21,Ul1-1,Ul,-0.1542,4,ewa,1,20,0.2763,0.1221,-55.8089,1.7363203,1.24E-03,35
11/09/21,Ul1-2,Ul,-0.164,4,ewa,2,20,0.3081,0.1441,-53.2295,3.2905091,3.73E-02,28
11/09/21,Ul1-3,Ul,-0.1657,4,ewa,3,20,0.2922,0.1265,-56.7077,6.4231709,0.408069251,18
11/09/21,Ul1-4,Ul,-0.068,4,ewa,4,20,0.3035,0.2355,-22.4053,9.71368,0.943038087,11
11/09/21,Hm2-1,Hm,0.1065,4,ewa,1,20,0.3041,0.4106,35.0214,1.7363203,1.24E-03,35
11/09/21,Hm2-2,Hm,0.1242,4,ewa,2,20,0.303,0.4272,40.9901,3.2905091,3.73E-02,28
11/09/21,Hm2-3,Hm,0.1118,4,ewa,3,20,0.3048,0.4166,36.6798,6.4231709,0.408069251,18
11/09/21,Hm2-4,Hm,0.0779,4,ewa,4,20,0.3009,0.3788,25.8890,9.71368,0.943038087,11
11/09/21,Ul2-1,Ul,0.1904,4,ewa,1,20,0.2991,0.4895,63.6576,1.7363203,1.24E-03,35
11/09/21,Ul2-2,Ul,0.172,4,ewa,2,20,0.2975,0.4695,57.8151,3.2905091,3.73E-02,28
11/09/21,Ul2-3,Ul,0.1215,4,ewa,3,20,0.2957,0.4172,41.0889,6.4231709,0.408069251,18
11/09/21,Ul2-4,Ul,0.1551,4,ewa,4,20,0.2986,0.4537,51.9424,9.71368,0.943038087,11
11/09/21,Hm3-1,Hm,0.0725,4,ewa,1,27,0.3076,0.3801,23.5696,1.7363203,1.24E-03,35
11/09/21,Hm3-2,Hm,0.0486,4,ewa,2,27,0.2738,0.3224,17.7502,3.2905091,3.73E-02,28
11/09/21,Hm3-3,Hm,0.0646,4,ewa,3,27,0.3036,0.3682,21.2780,6.4231709,0.408069251,18
11/09/21,Hm3-4,Hm,0.0679,4,ewa,4,27,0.2999,0.3678,22.6409,9.71368,0.943038087,11
11/09/21,Ul3-1,Ul,0.1106,4,ewa,1,27,0.2809,0.3915,39.3734,1.7363203,1.24E-03,35
11/09/21,Ul3-2,Ul,0.1268,4,ewa,2,27,0.2915,0.4183,43.4991,3.2905091,3.73E-02,28
11/09/21,Ul3-3,Ul,0.0493,4,ewa,3,27,0.2805,0.3298,17.5758,6.4231709,0.408069251,18
11/09/21,Ul3-4,Ul,0.107,4,ewa,4,27,0.2987,0.4057,35.8219,9.71368,0.943038087,11
11/09/21,Hm4-1,Hm,0.0613,4,ewa,1,27,0.3016,0.3629,20.3249,1.7363203,1.24E-03,35
11/09/21,Hm4-2,Hm,0.0105,4,ewa,2,27,0.3048,0.3153,3.4449,3.2905091,3.73E-02,28
11/09/21,Hm4-3,Hm,0.0602,4,ewa,3,27,0.2973,0.3575,20.2489,6.4231709,0.408069251,18
11/09/21,Hm4-4,Hm,0.0027,4,ewa,4,27,0.2982,0.3009,0.9054,9.71368,0.943038087,11
11/09/21,Ul4-1,Ul,0.0661,4,ewa,1,27,0.3013,0.3674,21.9383,1.7363203,1.24E-03,35
11/09/21,Ul4-2,Ul,0.0498,4,ewa,2,27,0.2222,0.272,22.4122,3.2905091,3.73E-02,28
11/09/21,Ul4-3,Ul,0.0607,4,ewa,3,27,0.2029,0.2636,29.9162,6.4231709,0.408069251,18
11/09/21,Ul4-4,Ul,0.0724,4,ewa,4,27,0.2751,0.3475,26.3177,9.71368,0.943038087,11
11/09/21,Hm5-1,Hm,0.0705,4,ewa,1,30,0.3038,0.3743,23.2061,1.7363203,1.24E-03,35
11/09/21,Hm5-2,Hm,0.0436,4,ewa,2,30,0.3021,0.3457,14.4323,3.2905091,3.73E-02,28
11/09/21,Hm5-3,Hm,0.066,4,ewa,3,30,0.2974,0.3634,22.1923,6.4231709,0.408069251,18
11/09/21,Hm5-4,Hm,0.0293,4,ewa,4,30,0.2984,0.3277,9.8190,9.71368,0.943038087,11
11/09/21,Ul5-1,Ul,0.0073,4,ewa,1,30,0.3024,0.3097,2.4140,1.7363203,1.24E-03,35
11/09/21,Ul5-2,Ul,0.0404,4,ewa,2,30,0.3039,0.3443,13.2938,3.2905091,3.73E-02,28
11/09/21,Ul5-3,Ul,0.0585,4,ewa,3,30,0.2908,0.3493,20.1169,6.4231709,0.408069251,18
11/09/21,Ul5-4,Ul,0.085,4,ewa,4,30,0.2832,0.3682,30.0141,9.71368,0.943038087,11
11/09/21,Hm6-1,Hm,0.0658,4,ewa,1,30,0.2999,0.3657,21.9406,1.7363203,1.24E-03,35
11/09/21,Hm6-2,Hm,0.0586,4,ewa,2,30,0.2977,0.3563,19.6842,3.2905091,3.73E-02,28
11/09/21,Hm6-3,Hm,0.0336,4,ewa,3,30,0.2623,0.2959,12.8098,6.4231709,0.408069251,18
11/09/21,Hm6-4,Hm,0.0281,4,ewa,4,30,0.3058,0.3339,9.1890,9.71368,0.943038087,11
11/09/21,Ul6-1,Ul,0.0247,4,ewa,1,30,0.2969,0.3216,8.3193,1.7363203,1.24E-03,35
11/09/21,Ul6-2,Ul,0.0667,4,ewa,2,30,0.2995,0.3662,22.2705,3.2905091,3.73E-02,28
11/09/21,Ul6-3,Ul,0.1073,4,ewa,3,30,0.2958,0.4031,36.2745,6.4231709,0.408069251,18
11/09/21,Ul6-4,Ul,0.0863,4,ewa,4,30,0.286,0.3723,30.1748,9.71368,0.943038087,11
09/29/21,Hm1-1,Hm,0.0751,1,diamond,1,20,0.3016,0.3767,24.9005,1.7363203,1.24E-03,35
09/29/21,Hm1-2,Hm,0.0647,1,diamond,2,20,0.3045,0.3692,21.2479,3.2905091,3.73E-02,28
09/29/21,Hm1-3,Hm,0.0418,1,diamond,3,20,0.2805,0.3223,14.9020,6.4231709,0.408069251,18
09/29/21,Hm1-4,Hm,0.0725,1,diamond,4,20,0.2885,0.361,25.1300,9.71368,0.943038087,11
09/29/21,Ul1-1,Ul,0.3685,1,diamond,1,20,0.306,0.6745,120.4248,1.7363203,1.24E-03,35
09/29/21,Ul1-2,Ul,0.3362,1,diamond,2,20,0.277,0.6132,121.3718,3.2905091,3.73E-02,28
09/29/21,Ul1-3,Ul,0.5342,1,diamond,3,20,0.2951,0.8293,181.0234,6.4231709,0.408069251,18
09/29/21,Ul1-4,Ul,0.2612,1,diamond,4,20,0.2943,0.5555,88.7530,9.71368,0.943038087,11
09/29/21,Hm2-1,Hm,0.0769,1,diamond,1,20,0.2621,0.339,29.3399,1.7363203,1.24E-03,35
09/29/21,Hm2-2,Hm,-0.1309,1,diamond,2,20,0.2155,0.0846,-60.7425,3.2905091,3.73E-02,28
09/29/21,Hm2-3,Hm,0.0373,1,diamond,3,20,0.2727,0.31,13.6780,6.4231709,0.408069251,18
09/29/21,Hm2-4,Hm,-0.0248,1,diamond,4,20,0.2583,0.2335,-9.6012,9.71368,0.943038087,11
09/29/21,Ul2-1,Ul,0.2633,1,diamond,1,20,0.2895,0.5528,90.9499,1.7363203,1.24E-03,35
09/29/21,Ul2-2,Ul,0.2759,1,diamond,2,20,0.2846,0.5605,96.9431,3.2905091,3.73E-02,28
09/29/21,Ul2-3,Ul,0.2321,1,diamond,3,20,0.2944,0.5265,78.8383,6.4231709,0.408069251,18
09/29/21,Ul2-4,Ul,0.3058,1,diamond,4,20,0.2925,0.5983,104.5470,9.71368,0.943038087,11
09/29/21,Hm3-1,Hm,0.1364,1,diamond,1,27,0.2834,0.4198,48.1299,1.7363203,1.24E-03,35
09/29/21,Hm3-2,Hm,0.077,1,diamond,2,27,0.2948,0.3718,26.1194,3.2905091,3.73E-02,28
09/29/21,Hm3-3,Hm,0.0885,1,diamond,3,27,0.2676,0.3561,33.0717,6.4231709,0.408069251,18
09/29/21,Hm3-4,Hm,0.0959,1,diamond,4,27,0.2989,0.3948,32.0843,9.71368,0.943038087,11
09/29/21,Ul3-1,Ul,0.0407,1,diamond,1,27,0.2614,0.3021,15.5700,1.7363203,1.24E-03,35
09/29/21,Ul3-2,Ul,0.2,1,diamond,2,27,0.2731,0.4731,73.2332,3.2905091,3.73E-02,28
09/29/21,Ul3-3,Ul,0.2845,1,diamond,3,27,0.2954,0.5799,96.3101,6.4231709,0.408069251,18
09/29/21,Ul3-4,Ul,0.2252,1,diamond,4,27,0.3056,0.5308,73.6911,9.71368,0.943038087,11
09/29/21,Hm4-1,Hm,0.1278,1,diamond,1,27,0.2449,0.3727,52.1846,1.7363203,1.24E-03,35
09/29/21,Hm4-2,Hm,0.0862,1,diamond,2,27,0.2767,0.3629,31.1529,3.2905091,3.73E-02,28
09/29/21,Hm4-3,Hm,0.0854,1,diamond,3,27,0.2898,0.3752,29.4686,6.4231709,0.408069251,18
09/29/21,Hm4-4,Hm,0.089,1,diamond,4,27,0.2922,0.3812,30.4586,9.71368,0.943038087,11
09/29/21,Ul4-1,Ul,0.2444,1,diamond,1,27,0.3004,0.5448,81.3582,1.7363203,1.24E-03,35
09/29/21,Ul4-2,Ul,0.2904,1,diamond,2,27,0.3011,0.5915,96.4464,3.2905091,3.73E-02,28
09/29/21,Ul4-3,Ul,0.2141,1,diamond,3,27,0.2796,0.4937,76.5737,6.4231709,0.408069251,18
09/29/21,Ul4-4,Ul,0.1211,1,diamond,4,27,0.2978,0.4189,40.6649,9.71368,0.943038087,11
09/29/21,Hm5-1,Hm,0.1365,1,diamond,1,30,0.279,0.4155,48.9247,1.7363203,1.24E-03,35
09/29/21,Hm5-2,Hm,0.0888,1,diamond,2,30,0.2915,0.3803,30.4631,3.2905091,3.73E-02,28
09/29/21,Hm5-3,Hm,0.1142,1,diamond,3,30,0.2895,0.4037,39.4473,6.4231709,0.408069251,18
09/29/21,Hm5-4,Hm,0.0864,1,diamond,4,30,0.2659,0.3523,32.4934,9.71368,0.943038087,11
09/29/21,Ul5-1,Ul,0.052,1,diamond,1,30,0.2729,0.3249,19.0546,1.7363203,1.24E-03,35
09/29/21,Ul5-2,Ul,0.191,1,diamond,2,30,0.2444,0.4354,78.1506,3.2905091,3.73E-02,28
09/29/21,Ul5-3,Ul,0.2578,1,diamond,3,30,0.274,0.5318,94.0876,6.4231709,0.408069251,18
09/29/21,Ul5-4,Ul,0.226,1,diamond,4,30,0.2576,0.4836,87.7329,9.71368,0.943038087,11
09/29/21,Hm6-1,Hm,0.0573,1,diamond,1,30,0.2485,0.3058,23.0584,1.7363203,1.24E-03,35
09/29/21,Hm6-2,Hm,0.0709,1,diamond,2,30,0.2944,0.3653,24.0829,3.2905091,3.73E-02,28
09/29/21,Hm6-3,Hm,0.1017,1,diamond,3,30,0.2503,0.352,40.6312,6.4231709,0.408069251,18
09/29/21,Hm6-4,Hm,0.0624,1,diamond,4,30,0.2962,0.3586,21.0668,9.71368,0.943038087,11
09/29/21,Ul6-1,Ul,0.1188,1,diamond,1,30,0.3034,0.4222,39.1562,1.7363203,1.24E-03,35
09/29/21,Ul6-2,Ul,0.1093,1,diamond,2,30,0.2861,0.3954,38.2034,3.2905091,3.73E-02,28
09/29/21,Ul6-3,Ul,0.2791,1,diamond,3,30,0.2854,0.5645,97.7926,6.4231709,0.408069251,18
09/29/21,Ul6-4,Ul,0.2361,1,diamond,4,30,0.2828,0.5189,83.4866,9.71368,0.943038087,11
10/09/21,Hm1-1,Hm,0.2197,2,diamond,1,20,0.2979,0.5176,73.7496,1.7363203,1.24E-03,35
10/09/21,Hm1-2,Hm,0.1285,2,diamond,2,20,0.3067,0.4352,41.8976,3.2905091,3.73E-02,28
10/09/21,Hm1-3,Hm,0.0919,2,diamond,3,20,0.2593,0.3512,35.4416,6.4231709,0.408069251,18
10/09/21,Hm1-4,Hm,0.0745,2,diamond,4,20,0.2843,0.3588,26.2047,9.71368,0.943038087,11
10/09/21,Ul1-1,Ul,-0.0371,2,diamond,1,20,0.293,0.2559,-12.6621,1.7363203,1.24E-03,35
10/09/21,Ul1-2,Ul,-0.042,2,diamond,2,20,0.2963,0.2543,-14.1748,3.2905091,3.73E-02,28
10/09/21,Ul1-3,Ul,-0.0416,2,diamond,3,20,0.2969,0.2553,-14.0115,6.4231709,0.408069251,18
10/09/21,Ul1-4,Ul,0.2529,2,diamond,4,20,0.2967,0.5496,85.2376,9.71368,0.943038087,11
10/09/21,Hm2-1,Hm,0.1218,2,diamond,1,20,0.3031,0.4249,40.1848,1.7363203,1.24E-03,35
10/09/21,Hm2-2,Hm,0.0673,2,diamond,2,20,0.2967,0.364,22.6828,3.2905091,3.73E-02,28
10/09/21,Hm2-3,Hm,0.0667,2,diamond,3,20,0.2692,0.3359,24.7771,6.4231709,0.408069251,18
10/09/21,Hm2-4,Hm,0.0616,2,diamond,4,20,0.2995,0.3611,20.5676,9.71368,0.943038087,11
10/09/21,Ul2-1,Ul,0.1808,2,diamond,1,20,0.2729,0.4537,66.2514,1.7363203,1.24E-03,35
10/09/21,Ul2-2,Ul,0.1175,2,diamond,2,20,0.2994,0.4169,39.2452,3.2905091,3.73E-02,28
10/09/21,Ul2-3,Ul,0.2001,2,diamond,3,20,0.2594,0.4595,77.1396,6.4231709,0.408069251,18
10/09/21,Ul2-4,Ul,0.03,2,diamond,4,20,0.2735,0.3035,10.9689,9.71368,0.943038087,11
10/09/21,Hm3-1,Hm,0.1304,2,diamond,1,27,0.2774,0.4078,47.0079,1.7363203,1.24E-03,35
10/09/21,Hm3-2,Hm,0.0502,2,diamond,2,27,0.2617,0.3119,19.1823,3.2905091,3.73E-02,28
10/09/21,Hm3-3,Hm,0.0204,2,diamond,3,27,0.2933,0.3137,6.9553,6.4231709,0.408069251,18
10/09/21,Hm3-4,Hm,0.073,2,diamond,4,27,0.2781,0.3511,26.2496,9.71368,0.943038087,11
10/09/21,Ul3-1,Ul,0.1048,2,diamond,1,27,0.2997,0.4045,34.9683,1.7363203,1.24E-03,35
10/09/21,Ul3-2,Ul,0.131,2,diamond,2,27,0.3038,0.4348,43.1205,3.2905091,3.73E-02,28
10/09/21,Ul3-3,Ul,0.1376,2,diamond,3,27,0.2899,0.4275,47.4646,6.4231709,0.408069251,18
10/09/21,Ul3-4,Ul,0.1528,2,diamond,4,27,0.2975,0.4503,51.3613,9.71368,0.943038087,11
10/09/21,Hm4-1,Hm,0.125,2,diamond,1,27,0.2882,0.4132,43.3727,1.7363203,1.24E-03,35
10/09/21,Hm4-2,Hm,0.041,2,diamond,2,27,0.3028,0.3438,13.5403,3.2905091,3.73E-02,28
10/09/21,Hm4-3,Hm,0.0856,2,diamond,3,27,0.2909,0.3765,29.4259,6.4231709,0.408069251,18
10/09/21,Hm4-4,Hm,0.0702,2,diamond,4,27,0.2949,0.3651,23.8047,9.71368,0.943038087,11
10/09/21,Ul4-1,Ul,0.1706,2,diamond,1,27,0.2845,0.4551,59.9649,1.7363203,1.24E-03,35
10/09/21,Ul4-2,Ul,0.196,2,diamond,2,27,0.3006,0.4966,65.2029,3.2905091,3.73E-02,28
10/09/21,Ul4-3,Ul,0.142,2,diamond,3,27,0.2756,0.4176,51.5239,6.4231709,0.408069251,18
10/09/21,Ul4-4,Ul,0.1232,2,diamond,4,27,0.2994,0.4226,41.1490,9.71368,0.943038087,11
10/09/21,Hm5-1,Hm,0.0543,2,diamond,1,30,0.303,0.3573,17.9208,1.7363203,1.24E-03,35
10/09/21,Hm5-2,Hm,0.0581,2,diamond,2,30,0.2878,0.3459,20.1876,3.2905091,3.73E-02,28
10/09/21,Hm5-3,Hm,0.0042,2,diamond,3,30,0.3035,0.3077,1.3839,6.4231709,0.408069251,18
10/09/21,Hm5-4,Hm,-0.1543,2,diamond,4,30,0.3027,0.1484,-50.9746,9.71368,0.943038087,11
10/09/21,Ul5-1,Ul,0.1917,2,diamond,1,30,0.2821,0.4738,67.9546,1.7363203,1.24E-03,35
10/09/21,Ul5-2,Ul,0.2105,2,diamond,2,30,0.3061,0.5166,68.7684,3.2905091,3.73E-02,28
10/09/21,Ul5-3,Ul,0.2643,2,diamond,3,30,0.2999,0.5642,88.1294,6.4231709,0.408069251,18
10/09/21,Ul5-4,Ul,0.1024,2,diamond,4,30,0.2939,0.3963,34.8418,9.71368,0.943038087,11
10/09/21,Hm6-1,Hm,0.049,2,diamond,1,30,0.2505,0.2995,19.5609,1.7363203,1.24E-03,35
10/09/21,Hm6-2,Hm,0.0247,2,diamond,2,30,0.2631,0.2878,9.3881,3.2905091,3.73E-02,28
10/09/21,Hm6-3,Hm,-0.1435,2,diamond,3,30,0.2916,0.1481,-49.2112,6.4231709,0.408069251,18
10/09/21,Hm6-4,Hm,-0.2559,2,diamond,4,30,0.2909,0.035,-87.9684,9.71368,0.943038087,11
10/09/21,Ul6-1,Ul,0.1476,2,diamond,1,30,0.3051,0.4527,48.3776,1.7363203,1.24E-03,35
10/09/21,Ul6-2,Ul,0.1651,2,diamond,2,30,0.287,0.4521,57.5261,3.2905091,3.73E-02,28
10/09/21,Ul6-3,Ul,0.2207,2,diamond,3,30,0.3039,0.5246,72.6226,6.4231709,0.408069251,18
10/09/21,Ul6-4,Ul,0.1584,2,diamond,4,30,0.3053,0.4637,51.8834,9.71368,0.943038087,11
10/29/21,Hm1-1,Hm,0.0589,3,diamond,1,20,0.3032,0.3621,19.4261,1.7363203,1.24E-03,35
10/29/21,Hm1-2,Hm,0.0577,3,diamond,2,20,0.3037,0.3614,18.9990,3.2905091,3.73E-02,28
10/29/21,Hm1-3,Hm,0.0879,3,diamond,3,20,0.3045,0.3924,28.8670,6.4231709,0.408069251,18
10/29/21,Hm1-4,Hm,0.0436,3,diamond,4,20,0.3065,0.3501,14.2251,9.71368,0.943038087,11
10/29/21,Ul1-1,Ul,0.0942,3,diamond,1,20,0.307,0.4012,30.6840,1.7363203,1.24E-03,35
10/29/21,Ul1-2,Ul,0.1112,3,diamond,2,20,0.2991,0.4103,37.1782,3.2905091,3.73E-02,28
10/29/21,Ul1-3,Ul,0.126,3,diamond,3,20,0.2984,0.4244,42.2252,6.4231709,0.408069251,18
10/29/21,Ul1-4,Ul,0.1576,3,diamond,4,20,0.3007,0.4583,52.4110,9.71368,0.943038087,11
10/29/21,Hm2-1,Hm,0.0758,3,diamond,1,20,0.3069,0.3827,24.6986,1.7363203,1.24E-03,35
10/29/21,Hm2-2,Hm,0.0006,3,diamond,2,20,0.2655,0.2661,0.2260,3.2905091,3.73E-02,28
10/29/21,Hm2-3,Hm,-0.0439,3,diamond,3,20,0.2755,0.2316,-15.9347,6.4231709,0.408069251,18
10/29/21,Hm2-4,Hm,0.002,3,diamond,4,20,0.2883,0.2903,0.6937,9.71368,0.943038087,11
10/29/21,Ul2-1,Ul,0.0616,3,diamond,1,20,0.2808,0.3424,21.9373,1.7363203,1.24E-03,35
10/29/21,Ul2-2,Ul,0.0903,3,diamond,2,20,0.2973,0.3876,30.3734,3.2905091,3.73E-02,28
10/29/21,Ul2-3,Ul,0.1293,3,diamond,3,20,0.2848,0.4141,45.4003,6.4231709,0.408069251,18
10/29/21,Ul2-4,Ul,0.1193,3,diamond,4,20,0.3038,0.4231,39.2693,9.71368,0.943038087,11
10/29/21,Hm3-1,Hm,0.0489,3,diamond,1,27,0.3009,0.3498,16.2512,1.7363203,1.24E-03,35
10/29/21,Hm3-2,Hm,0.0363,3,diamond,2,27,0.3062,0.3425,11.8550,3.2905091,3.73E-02,28
10/29/21,Hm3-3,Hm,0.0628,3,diamond,3,27,0.2669,0.3297,23.5294,6.4231709,0.408069251,18
10/29/21,Hm3-4,Hm,0.0298,3,diamond,4,27,0.3024,0.3322,9.8545,9.71368,0.943038087,11
10/29/21,Ul3-1,Ul,0.0752,3,diamond,1,27,0.309,0.3842,24.3366,1.7363203,1.24E-03,35
10/29/21,Ul3-2,Ul,0.0586,3,diamond,2,27,0.269,0.3276,21.7844,3.2905091,3.73E-02,28
10/29/21,Ul3-3,Ul,0.1024,3,diamond,3,27,0.2985,0.4009,34.3049,6.4231709,0.408069251,18
10/29/21,Ul3-4,Ul,0.0892,3,diamond,4,27,0.1993,0.2885,44.7566,9.71368,0.943038087,11
10/29/21,Hm4-1,Hm,0.0589,3,diamond,1,27,0.3084,0.3673,19.0986,1.7363203,1.24E-03,35
10/29/21,Hm4-2,Hm,0.0436,3,diamond,2,27,0.3077,0.3513,14.1696,3.2905091,3.73E-02,28
10/29/21,Hm4-3,Hm,0.0751,3,diamond,3,27,0.3049,0.38,24.6310,6.4231709,0.408069251,18
10/29/21,Hm4-4,Hm,0.0496,3,diamond,4,27,0.3044,0.354,16.2943,9.71368,0.943038087,11
10/29/21,Ul4-1,Ul,-0.0662,3,diamond,1,27,0.2831,0.2169,-23.3840,1.7363203,1.24E-03,35
10/29/21,Ul4-2,Ul,0.0277,3,diamond,2,27,0.3027,0.3304,9.1510,3.2905091,3.73E-02,28
10/29/21,Ul4-3,Ul,0.1008,3,diamond,3,27,0.3003,0.4011,33.5664,6.4231709,0.408069251,18
10/29/21,Ul4-4,Ul,0.1467,3,diamond,4,27,0.2886,0.4353,50.8316,9.71368,0.943038087,11
10/29/21,Hm5-1,Hm,0.0548,3,diamond,1,30,0.3021,0.3569,18.1397,1.7363203,1.24E-03,35
10/29/21,Hm5-2,Hm,0.046,3,diamond,2,30,0.2753,0.3213,16.7090,3.2905091,3.73E-02,28
10/29/21,Hm5-3,Hm,0.0873,3,diamond,3,30,0.2823,0.3696,30.9245,6.4231709,0.408069251,18
10/29/21,Hm5-4,Hm,-0.1314,3,diamond,4,30,0.3037,0.1723,-43.2664,9.71368,0.943038087,11
10/29/21,Ul5-1,Ul,0.0365,3,diamond,1,30,0.2826,0.3191,12.9158,1.7363203,1.24E-03,35
10/29/21,Ul5-2,Ul,0.0448,3,diamond,2,30,0.2869,0.3317,15.6152,3.2905091,3.73E-02,28
10/29/21,Ul5-3,Ul,0.0608,3,diamond,3,30,0.2826,0.3434,21.5145,6.4231709,0.408069251,18
10/29/21,Ul5-4,Ul,0.103,3,diamond,4,30,0.3032,0.4062,33.9710,9.71368,0.943038087,11
10/29/21,Hm6-1,Hm,0.0533,3,diamond,1,30,0.2773,0.3306,19.2211,1.7363203,1.24E-03,35
10/29/21,Hm6-2,Hm,0.0317,3,diamond,2,30,0.2818,0.3135,11.2491,3.2905091,3.73E-02,28
10/29/21,Hm6-3,Hm,0.1393,3,diamond,3,30,0.2993,0.4386,46.5419,6.4231709,0.408069251,18
10/29/21,Hm6-4,Hm,0.0765,3,diamond,4,30,0.3079,0.3844,24.8457,9.71368,0.943038087,11
10/29/21,Ul6-1,Ul,0.0822,3,diamond,1,30,0.3031,0.3853,27.1198,1.7363203,1.24E-03,35
10/29/21,Ul6-2,Ul,0.0561,3,diamond,2,30,0.3071,0.3632,18.2677,3.2905091,3.73E-02,28
10/29/21,Ul6-3,Ul,0.075,3,diamond,3,30,0.2795,0.3545,26.8336,6.4231709,0.408069251,18
10/29/21,Ul6-4,Ul,0.0887,3,diamond,4,30,0.3022,0.3909,29.3514,9.71368,0.943038087,11
11/12/21,Hm1-1,Hm,0.1033,4,diamond,1,20,0.307,0.4103,33.6482,1.7363203,1.24E-03,35
11/12/21,Hm1-2,Hm,0.0539,4,diamond,2,20,0.2975,0.3514,18.1176,3.2905091,3.73E-02,28
11/12/21,Hm1-3,Hm,0.0795,4,diamond,3,20,0.3007,0.3802,26.4383,6.4231709,0.408069251,18
11/12/21,Hm1-4,Hm,0.0193,4,diamond,4,20,0.304,0.3233,6.3487,9.71368,0.943038087,11
11/12/21,Ul1-1,Ul,0.0632,4,diamond,1,20,0.293,0.3562,21.5700,1.7363203,1.24E-03,35
11/12/21,Ul1-2,Ul,0.0443,4,diamond,2,20,0.3021,0.3464,14.6640,3.2905091,3.73E-02,28
11/12/21,Ul1-3,Ul,0.0486,4,diamond,3,20,0.2966,0.3452,16.3857,6.4231709,0.408069251,18
11/12/21,Ul1-4,Ul,0.1371,4,diamond,4,20,0.3021,0.4392,45.3823,9.71368,0.943038087,11
11/12/21,Hm2-1,Hm,0.0973,4,diamond,1,20,0.3008,0.3981,32.3471,1.7363203,1.24E-03,35
11/12/21,Hm2-2,Hm,0.0724,4,diamond,2,20,0.3009,0.3733,24.0611,3.2905091,3.73E-02,28
11/12/21,Hm2-3,Hm,0.0602,4,diamond,3,20,0.3046,0.3648,19.7636,6.4231709,0.408069251,18
11/12/21,Hm2-4,Hm,0.0675,4,diamond,4,20,0.3033,0.3708,22.2552,9.71368,0.943038087,11
11/12/21,Ul2-1,Ul,0.2337,4,diamond,1,20,0.3028,0.5365,77.1797,1.7363203,1.24E-03,35
11/12/21,Ul2-2,Ul,0.1225,4,diamond,2,20,0.3034,0.4259,40.3757,3.2905091,3.73E-02,28
11/12/21,Ul2-3,Ul,0.1263,4,diamond,3,20,0.2878,0.4141,43.8846,6.4231709,0.408069251,18
11/12/21,Ul2-4,Ul,0.1251,4,diamond,4,20,0.2959,0.421,42.2778,9.71368,0.943038087,11
11/12/21,Hm3-1,Hm,0.0588,4,diamond,1,27,0.3013,0.3601,19.5154,1.7363203,1.24E-03,35
11/12/21,Hm3-2,Hm,0.0765,4,diamond,2,27,0.3038,0.3803,25.1810,3.2905091,3.73E-02,28
11/12/21,Hm3-3,Hm,0.0885,4,diamond,3,27,0.303,0.3915,29.2079,6.4231709,0.408069251,18
11/12/21,Hm3-4,Hm,0.0751,4,diamond,4,27,0.3047,0.3798,24.6472,9.71368,0.943038087,11
11/12/21,Ul3-1,Ul,-0.0056,4,diamond,1,27,0.2576,0.252,-2.1739,1.7363203,1.24E-03,35
11/12/21,Ul3-2,Ul,-0.0205,4,diamond,2,27,0.2868,0.2663,-7.1478,3.2905091,3.73E-02,28
11/12/21,Ul3-3,Ul,0.0711,4,diamond,3,27,0.2912,0.3623,24.4162,6.4231709,0.408069251,18
11/12/21,Ul3-4,Ul,0.1212,4,diamond,4,27,0.3011,0.4223,40.2524,9.71368,0.943038087,11
11/12/21,Hm4-1,Hm,0.0908,4,diamond,1,27,0.2957,0.3865,30.7068,1.7363203,1.24E-03,35
11/12/21,Hm4-2,Hm,0.083,4,diamond,2,27,0.2975,0.3805,27.8992,3.2905091,3.73E-02,28
11/12/21,Hm4-3,Hm,0.1191,4,diamond,3,27,0.295,0.4141,40.3729,6.4231709,0.408069251,18
11/12/21,Hm4-4,Hm,0.0599,4,diamond,4,27,0.3026,0.3625,19.7951,9.71368,0.943038087,11
11/12/21,Ul4-1,Ul,0.0113,4,diamond,1,27,0.2906,0.3019,3.8885,1.7363203,1.24E-03,35
11/12/21,Ul4-2,Ul,0.0006,4,diamond,2,27,0.2994,0.3,0.2004,3.2905091,3.73E-02,28
11/12/21,Ul4-3,Ul,0.0745,4,diamond,3,27,0.2928,0.3673,25.4440,6.4231709,0.408069251,18
11/12/21,Ul4-4,Ul,0.0749,4,diamond,4,27,0.2851,0.36,26.2715,9.71368,0.943038087,11
11/12/21,Hm5-1,Hm,0.0571,4,diamond,1,30,0.2939,0.351,19.4284,1.7363203,1.24E-03,35
11/12/21,Hm5-2,Hm,0.0719,4,diamond,2,30,0.3039,0.3758,23.6591,3.2905091,3.73E-02,28
11/12/21,Hm5-3,Hm,0.0895,4,diamond,3,30,0.2962,0.3857,30.2161,6.4231709,0.408069251,18
11/12/21,Hm5-4,Hm,-0.0051,4,diamond,4,30,0.2991,0.294,-1.7051,9.71368,0.943038087,11
11/12/21,Ul5-1,Ul,0.0204,4,diamond,1,30,0.2804,0.3008,7.2753,1.7363203,1.24E-03,35
11/12/21,Ul5-2,Ul,0.0714,4,diamond,2,30,0.2877,0.3591,24.8175,3.2905091,3.73E-02,28
11/12/21,Ul5-3,Ul,0.0912,4,diamond,3,30,0.3027,0.3939,30.1288,6.4231709,0.408069251,18
11/12/21,Ul5-4,Ul,0.0815,4,diamond,4,30,0.2938,0.3753,27.7400,9.71368,0.943038087,11
11/12/21,Hm6-1,Hm,0.0649,4,diamond,1,30,0.2983,0.3632,21.7566,1.7363203,1.24E-03,35
11/12/21,Hm6-2,Hm,0.0627,4,diamond,2,30,0.3002,0.3629,20.8861,3.2905091,3.73E-02,28
11/12/21,Hm6-3,Hm,-0.0746,4,diamond,3,30,0.2999,0.2253,-24.8750,6.4231709,0.408069251,18
11/12/21,Hm6-4,Hm,-0.1862,4,diamond,4,30,0.2879,0.1017,-64.6752,9.71368,0.943038087,11
11/12/21,Ul6-1,Ul,0.0154,4,diamond,1,30,0.2977,0.3131,5.1730,1.7363203,1.24E-03,35
11/12/21,Ul6-2,Ul,-0.0058,4,diamond,2,30,0.249,0.2432,-2.3293,3.2905091,3.73E-02,28
11/12/21,Ul6-3,Ul,0.0268,4,diamond,3,30,0.2663,0.2931,10.0638,6.4231709,0.408069251,18
11/12/21,Ul6-4,Ul,0.0624,4,diamond,4,30,0.288,0.3504,21.6667,9.71368,0.943038087,11
02/19/22,Ul1-1,Ul,-0.0047,6,ewa,0,20,0.2935,0.2888,-1.6014,0.0607105,0.001244114,35
02/19/22,Ul1-2,Ul,0.0036,6,ewa,0,20,0.2703,0.2739,1.3319,0.0607105,0.001244114,35
02/19/22,Ul1-3,Ul,0.051,6,ewa,0,20,0.3039,0.3549,16.7818,0.0607105,0.001244114,35
02/19/22,Ul1-4,Ul,0.0498,6,ewa,0,20,0.2981,0.3479,16.7058,0.0607105,0.001244114,35
02/19/22,Ul2-1,Ul,-0.0285,6,ewa,0,20,0.2962,0.2677,-9.6219,0.0607105,0.001244114,35
02/19/22,Ul2-2,Ul,-0.0056,6,ewa,0,20,0.3053,0.2997,-1.8343,0.0607105,0.001244114,35
02/19/22,Ul2-3,Ul,0.0019,6,ewa,0,20,0.3083,0.3102,0.6163,0.0607105,0.001244114,35
02/19/22,Ul2-4,Ul,0.0078,6,ewa,0,20,0.2671,0.2749,2.9203,0.0607105,0.001244114,35
02/19/22,Ul3-1,Ul,0.0176,6,ewa,0,27,0.2996,0.3172,5.8745,0.0607105,0.001244114,35
02/19/22,Ul3-2,Ul,0.0416,6,ewa,0,27,0.2907,0.3323,14.3103,0.0607105,0.001244114,35
02/19/22,Ul3-3,Ul,-0.0139,6,ewa,0,27,0.3095,0.2956,-4.4911,0.0607105,0.001244114,35
02/19/22,Ul3-4,Ul,-0.0286,6,ewa,0,27,0.2979,0.2693,-9.6005,0.0607105,0.001244114,35
02/19/22,Ul4-1,Ul,0.0166,6,ewa,0,27,0.2798,0.2964,5.9328,0.0607105,0.001244114,35
02/19/22,Ul4-2,Ul,-0.0205,6,ewa,0,27,0.3091,0.2886,-6.6322,0.0607105,0.001244114,35
02/19/22,Ul4-3,Ul,0.0516,6,ewa,0,27,0.3069,0.3585,16.8133,0.0607105,0.001244114,35
02/19/22,Ul4-4,Ul,-0.0071,6,ewa,0,27,0.3003,0.2932,-2.3643,0.0607105,0.001244114,35
02/19/22,Ul5-1,Ul,0.0469,6,ewa,0,30,0.2957,0.3426,15.8607,0.0607105,0.001244114,35
02/19/22,Ul5-2,Ul,0.006,6,ewa,0,30,0.3009,0.3069,1.9940,0.0607105,0.001244114,35
02/19/22,Ul5-3,Ul,0.0046,6,ewa,0,30,0.3015,0.3061,1.5257,0.0607105,0.001244114,35
02/19/22,Ul5-4,Ul,0.0082,6,ewa,0,30,0.3006,0.3088,2.7279,0.0607105,0.001244114,35
02/19/22,Ul6-1,Ul,0.0365,6,ewa,0,30,0.281,0.3175,12.9893,0.0607105,0.001244114,35
02/19/22,Ul6-2,Ul,0.0049,6,ewa,0,30,0.2786,0.2835,1.7588,0.0607105,0.001244114,35
02/19/22,Ul6-3,Ul,0.0116,6,ewa,0,30,0.297,0.3086,3.9057,0.0607105,0.001244114,35
02/19/22,Ul6-4,Ul,0.0348,6,ewa,0,30,0.2936,0.3284,11.8529,0.0607105,0.001244114,35
03/01/22,Ul1-1,Ul,0.0123,6,ewa,0,20,0.2936,0.3059,4.1894,0.0607105,0.001244114,35
03/01/22,Ul1-2,Ul,0.0329,6,ewa,0,20,0.2948,0.3277,11.1601,0.0607105,0.001244114,35
03/01/22,Ul1-3,Ul,0.0114,6,ewa,0,20,0.3041,0.3155,3.7488,0.0607105,0.001244114,35
03/01/22,Ul1-4,Ul,0.0168,6,ewa,0,20,0.2958,0.3126,5.6795,0.0607105,0.001244114,35
03/01/22,Ul2-1,Ul,0.0567,6,ewa,0,20,0.2946,0.3513,19.2464,0.0607105,0.001244114,35
03/01/22,Ul2-2,Ul,0.0278,6,ewa,0,20,0.2875,0.3153,9.6696,0.0607105,0.001244114,35
03/01/22,Ul2-3,Ul,-0.0089,6,ewa,0,20,0.3044,0.2955,-2.9238,0.0607105,0.001244114,35
03/01/22,Ul2-4,Ul,0.0087,6,ewa,0,20,0.2739,0.2826,3.1763,0.0607105,0.001244114,35
03/01/22,Ul3-1,Ul,0.0237,6,ewa,0,27,0.3044,0.3281,7.7858,0.0607105,0.001244114,35
03/01/22,Ul3-2,Ul,0.0248,6,ewa,0,27,0.305,0.3298,8.1311,0.0607105,0.001244114,35
03/01/22,Ul3-3,Ul,-0.0144,6,ewa,0,27,0.2898,0.2754,-4.9689,0.0607105,0.001244114,35
03/01/22,Ul3-4,Ul,0.0178,6,ewa,0,27,0.2901,0.3079,6.1358,0.0607105,0.001244114,35
03/01/22,Ul4-1,Ul,0.0099,6,ewa,0,27,0.3026,0.3125,3.2716,0.0607105,0.001244114,35
03/01/22,Ul4-2,Ul,-0.0057,6,ewa,0,27,0.2964,0.2907,-1.9231,0.0607105,0.001244114,35
03/01/22,Ul4-3,Ul,0.0049,6,ewa,0,27,0.2918,0.2967,1.6792,0.0607105,0.001244114,35
03/01/22,Ul4-4,Ul,-0.0083,6,ewa,0,27,0.3033,0.295,-2.7366,0.0607105,0.001244114,35
03/01/22,Ul5-1,Ul,0.031,6,ewa,0,30,0.2997,0.3307,10.3437,0.0607105,0.001244114,35
03/01/22,Ul5-2,Ul,0.016,6,ewa,0,30,0.3001,0.3161,5.3316,0.0607105,0.001244114,35
03/01/22,Ul5-3,Ul,0.0184,6,ewa,0,30,0.297,0.3154,6.1953,0.0607105,0.001244114,35
03/01/22,Ul5-4,Ul,0.0123,6,ewa,0,30,0.2933,0.3056,4.1937,0.0607105,0.001244114,35
03/01/22,Ul6-1,Ul,0.014,6,ewa,0,30,0.2861,0.3001,4.8934,0.0607105,0.001244114,35
03/01/22,Ul6-2,Ul,0.0267,6,ewa,0,30,0.2973,0.324,8.9808,0.0607105,0.001244114,35
03/01/22,Ul6-3,Ul,0.0064,6,ewa,0,30,0.2745,0.2809,2.3315,0.0607105,0.001244114,35
03/01/22,Ul6-4,Ul,0.0074,6,ewa,0,30,0.2821,0.2895,2.6232,0.0607105,0.001244114,35
4/29/22,Hm1-1,Hm,0.1712,6,ewa,2.5,20,0.2974,0.4686,57.56556826,6.4231709,0.408069251,28
4/29/22,Hm1-2,Hm,0.1533,6,ewa,2.5,20,0.3028,0.4561,50.62747688,6.4231709,0.408069251,28
4/29/22,Hm1-3,Hm,0.0701,6,ewa,2.5,20,0.3038,0.3739,23.07439105,6.4231709,0.408069251,28
4/29/22,Hm1-4,Hm,0.1207,6,ewa,2.5,20,0.303,0.4237,39.8349835,6.4231709,0.408069251,28
4/29/22,HUl1-1,Hm,0.0887,6,ewa,2.5,20,0.3036,0.3923,29.21607378,6.4231709,0.408069251,28
4/29/22,HUl1-2,Hm,0.1048,6,ewa,2.5,20,0.2996,0.4044,34.9799733,6.4231709,0.408069251,28
4/29/22,HUl1-3,Hm,0.0539,6,ewa,2.5,20,0.2876,0.3415,18.74130737,6.4231709,0.408069251,28
4/29/22,HUl1-4,Hm,0.1527,6,ewa,2.5,20,0.3006,0.4533,50.79840319,6.4231709,0.408069251,28
4/29/22,Hm2-1,Hm,0.0254,6,ewa,2.5,20,0.3043,0.3297,8.347025961,6.4231709,0.408069251,28
4/29/22,Hm2-2,Hm,0.0882,6,ewa,2.5,20,0.2967,0.3849,29.72699697,6.4231709,0.408069251,28
4/29/22,Hm2-3,Hm,0.0801,6,ewa,2.5,20,0.2925,0.3726,27.38461538,6.4231709,0.408069251,28
4/29/22,Hm2-4,Hm,0.1171,6,ewa,2.5,20,0.2953,0.4124,39.65458855,6.4231709,0.408069251,28
4/29/22,HUl2-1,Hm,0.1424,6,ewa,2.5,20,0.299,0.4414,47.62541806,6.4231709,0.408069251,28
4/29/22,HUl2-2,Hm,0.1005,6,ewa,2.5,20,0.299,0.3995,33.61204013,6.4231709,0.408069251,28
4/29/22,HUl2-3,Hm,0.1323,6,ewa,2.5,20,0.2996,0.4319,44.1588785,6.4231709,0.408069251,28
4/29/22,HUl2-4,Hm,0.0881,6,ewa,2.5,20,0.3023,0.3904,29.1432352,6.4231709,0.408069251,28
4/29/22,Hm3-1,Hm,0.1109,6,ewa,2.5,27,0.3033,0.4142,36.56445763,6.4231709,0.408069251,28
4/29/22,Hm3-2,Hm,0.1359,6,ewa,2.5,27,0.3011,0.437,45.13450681,6.4231709,0.408069251,28
4/29/22,Hm3-3,Hm,-0.0277,6,ewa,2.5,27,0.302,0.2743,-9.17218543,6.4231709,0.408069251,28
4/29/22,Hm3-4,Hm,0.0344,6,ewa,2.5,27,0.302,0.3364,11.39072848,6.4231709,0.408069251,28
4/29/22,HUl3-1,Hm,0.0944,6,ewa,2.5,27,0.2947,0.3891,32.0325755,6.4231709,0.408069251,28
4/29/22,HUl3-2,Hm,0.1132,6,ewa,2.5,27,0.3026,0.4158,37.40912095,6.4231709,0.408069251,28
4/29/22,HUl3-3,Hm,0.0904,6,ewa,2.5,27,0.2809,0.3713,32.18227127,6.4231709,0.408069251,28
4/29/22,HUl3-4,Hm,0.1103,6,ewa,2.5,27,0.2961,0.4064,37.25092874,6.4231709,0.408069251,28
4/29/22,Hm4-1,Hm,-0.0263,6,ewa,2.5,27,0.2945,0.2682,-8.930390492,6.4231709,0.408069251,28
4/29/22,Hm4-2,Hm,0.0793,6,ewa,2.5,27,0.2971,0.3764,26.69134971,6.4231709,0.408069251,28
4/29/22,Hm4-3,Hm,0.0799,6,ewa,2.5,27,0.2993,0.3792,26.69562312,6.4231709,0.408069251,28
4/29/22,Hm4-4,Hm,0.1093,6,ewa,2.5,27,0.3043,0.4136,35.91850148,6.4231709,0.408069251,28
4/29/22,Ul4-1,Hm,0.1295,6,ewa,2.5,27,0.3034,0.4329,42.68292683,6.4231709,0.408069251,28
4/29/22,Ul4-2,Hm,0.1212,6,ewa,2.5,27,0.2957,0.4169,40.98748732,6.4231709,0.408069251,28
4/29/22,Ul4-3,Hm,0.0801,6,ewa,2.5,27,0.3002,0.3803,26.68221186,6.4231709,0.408069251,28
4/29/22,Ul4-4,Hm,0.0819,6,ewa,2.5,27,0.2979,0.3798,27.49244713,6.4231709,0.408069251,28
4/29/22,Hm5-1,Hm,0.0606,6,ewa,2.5,30,0.2998,0.3604,20.21347565,6.4231709,0.408069251,28
4/29/22,Hm5-2,Hm,0.1196,6,ewa,2.5,30,0.2933,0.4129,40.77736106,6.4231709,0.408069251,28
4/29/22,Hm5-3,Hm,0.0601,6,ewa,2.5,30,0.3012,0.3613,19.95351926,6.4231709,0.408069251,28
4/29/22,Hm5-4,Hm,0.0858,6,ewa,2.5,30,0.3037,0.3895,28.25156404,6.4231709,0.408069251,28
4/29/22,HUl5-1,Hm,0.1401,6,ewa,2.5,30,0.3018,0.4419,46.42147117,6.4231709,0.408069251,28
4/29/22,HUl5-2,Hm,0.1262,6,ewa,2.5,30,0.2978,0.424,42.37743452,6.4231709,0.408069251,28
4/29/22,HUl5-3,Hm,0.2024,6,ewa,2.5,30,0.2968,0.4992,68.19407008,6.4231709,0.408069251,28
4/29/22,HUl5-4,Hm,0.2436,6,ewa,2.5,30,0.3014,0.545,80.82282681,6.4231709,0.408069251,28
4/29/22,Hm6-1,Hm,0.1082,6,ewa,2.5,30,0.2995,0.4077,36.12687813,6.4231709,0.408069251,28
4/29/22,Hm6-2,Hm,0.1279,6,ewa,2.5,30,0.2967,0.4246,43.10751601,6.4231709,0.408069251,28
4/29/22,Hm6-3,Hm,0.0133,6,ewa,2.5,30,0.2938,0.3071,4.52688904,6.4231709,0.408069251,28
4/29/22,Hm6-4,Hm,0.1073,6,ewa,2.5,30,0.2949,0.4022,36.38521533,6.4231709,0.408069251,28
4/29/22,HUl6-1,Hm,0.1193,6,ewa,2.5,30,0.3036,0.4229,39.29512516,6.4231709,0.408069251,28
4/29/22,HUl6-2,Hm,0.1564,6,ewa,2.5,30,0.3017,0.4581,51.83957574,6.4231709,0.408069251,28
4/29/22,HUl6-3,Hm,0.1692,6,ewa,2.5,30,0.3007,0.4699,56.26870635,6.4231709,0.408069251,28
4/29/22,HUl6-4,Hm,0.1212,6,ewa,2.5,30,0.2911,0.4123,41.63517692,6.4231709,0.408069251,28