"2025-01-17";"11:36:43";"WinControl (rev 1195) report file"
"Datetime";"Date";"Time";"Type";"No.";"1:F";"1:Fm'";"1:PAR";"1:Y (II)";"1:ETR";"1:Fo'";"1:NPQ";"1:Fo";"1:Fm";"1:Fv/Fm"
"";"";"";"D";"";"Device Nr: #1, JUNIOR-PAM-III (CFMG1014B) ";""
"2025-01-17 07:57:39.660";"2025-01-17";"07:57:39";"SLCS";"";"Light Curve start ";"h39"
"2025-01-17 07:57:39.660";"2025-01-17";"07:57:39";"REG1";"";"#1: alpha: 0.191, ETRm: 4.136, Ik: 21.691   ( beta: 0.000, ETRmPot: 4.209 )   (Platt et al. 1980) ";""
"2025-01-17 07:57:39.660";"2025-01-17";"07:57:39";"REG2";"";"#1: alpha: 0.141, ETRm: 4.072, Ik: 28.965   (Jassby and Platt 1976) ";""
"2025-01-17 07:57:41.053";"2025-01-17";"07:57:41";"FO";"1";"251";"725";"0";"0.654";"0.0";"-";"-";"251";"725";"0.654"
"2025-01-17 07:58:11.043";"2025-01-17";"07:58:11";"F";"2";"317";"437";"25";"0.275";"2.9";"204";"0.659";"251";"725";"0.654"
"2025-01-17 07:58:41.032";"2025-01-17";"07:58:41";"F";"3";"315";"393";"45";"0.198";"3.7";"194";"0.845";"251";"725";"0.654"
"2025-01-17 07:59:11.020";"2025-01-17";"07:59:11";"F";"4";"317";"369";"65";"0.141";"3.8";"188";"0.965";"251";"725";"0.654"
"2025-01-17 07:59:41.012";"2025-01-17";"07:59:41";"F";"5";"321";"359";"90";"0.106";"4.0";"186";"1.019";"251";"725";"0.654"
"2025-01-17 08:00:11.014";"2025-01-17";"08:00:11";"F";"6";"324";"350";"125";"0.074";"3.9";"183";"1.071";"251";"725";"0.654"
"2025-01-17 08:00:41.003";"2025-01-17";"08:00:41";"F";"7";"326";"345";"190";"0.055";"4.4";"182";"1.101";"251";"725";"0.654"
"2025-01-17 08:01:10.998";"2025-01-17";"08:01:10";"F";"8";"326";"339";"285";"0.038";"4.5";"180";"1.139";"251";"725";"0.654"
"2025-01-17 08:01:40.985";"2025-01-17";"08:01:40";"F";"9";"326";"333";"420";"0.021";"3.7";"178";"1.177";"251";"725";"0.654"
"2025-01-17 08:01:44.336";"2025-01-17";"08:01:44";"SLCE";"";"Light Curve end ";""
"2025-01-17 08:02:45.195";"2025-01-17";"08:02:45";"SLCS";"";"Light Curve start ";"u39"
"2025-01-17 08:02:45.195";"2025-01-17";"08:02:45";"REG1";"";"#1: alpha: 0.207, ETRm: 9.644, Ik: 46.689   ( beta: 0.004, ETRmPot: 10.550 )   (Platt et al. 1980) ";""
"2025-01-17 08:02:45.195";"2025-01-17";"08:02:45";"REG2";"";"#1: alpha: 0.162, ETRm: 9.392, Ik: 57.904   (Jassby and Platt 1976) ";""
"2025-01-17 08:02:46.586";"2025-01-17";"08:02:46";"FO";"10";"550";"2336";"0";"0.765";"0.0";"-";"-";"550";"2336";"0.765"
"2025-01-17 08:03:16.568";"2025-01-17";"08:03:16";"F";"11";"1093";"1852";"25";"0.410";"4.3";"518";"0.261";"550";"2336";"0.765"
"2025-01-17 08:03:46.557";"2025-01-17";"08:03:46";"F";"12";"1210";"1778";"45";"0.319";"6.0";"512";"0.314";"550";"2336";"0.765"
"2025-01-17 08:04:16.552";"2025-01-17";"08:04:16";"F";"13";"1289";"1770";"65";"0.272";"7.4";"511";"0.320";"550";"2336";"0.765"
"2025-01-17 08:04:46.542";"2025-01-17";"08:04:46";"F";"14";"1386";"1782";"90";"0.222";"8.4";"512";"0.311";"550";"2336";"0.765"
"2025-01-17 08:05:16.533";"2025-01-17";"08:05:16";"F";"15";"1468";"1775";"125";"0.173";"9.1";"512";"0.316";"550";"2336";"0.765"
"2025-01-17 08:05:46.516";"2025-01-17";"08:05:46";"F";"16";"1509";"1716";"190";"0.121";"9.7";"507";"0.361";"550";"2336";"0.765"
"2025-01-17 08:06:16.505";"2025-01-17";"08:06:16";"F";"17";"1479";"1609";"285";"0.081";"9.7";"497";"0.452";"550";"2336";"0.765"
"2025-01-17 08:06:46.499";"2025-01-17";"08:06:46";"F";"18";"1408";"1484";"420";"0.051";"9.0";"485";"0.574";"550";"2336";"0.765"
"2025-01-17 08:06:49.921";"2025-01-17";"08:06:49";"SLCE";"";"Light Curve end ";""
"2025-01-17 08:07:08.019";"2025-01-17";"08:07:08";"SLCS";"";"Light Curve start ";"h40"
"2025-01-17 08:07:08.019";"2025-01-17";"08:07:08";"REG1";"";"#1: alpha: - , ETRm: - , Ik: -   ( beta: - 0.177, ETRmPot: - 4.312 )   (Platt et al. 1980) ";""
"2025-01-17 08:07:08.019";"2025-01-17";"08:07:08";"REG2";"";"#1: alpha: 0.087, ETRm: 6.142, Ik: 70.572   (Jassby and Platt 1976) ";""
"2025-01-17 08:07:09.406";"2025-01-17";"08:07:09";"FO";"19";"149";"350";"0";"0.574";"0.0";"-";"-";"149";"350";"0.574"
"2025-01-17 08:07:39.399";"2025-01-17";"08:07:39";"F";"20";"162";"223";"25";"0.274";"2.9";"120";"0.570";"149";"350";"0.574"
"2025-01-17 08:08:09.381";"2025-01-17";"08:08:09";"F";"21";"160";"202";"45";"0.208";"3.9";"114";"0.733";"149";"350";"0.574"
"2025-01-17 08:08:39.376";"2025-01-17";"08:08:39";"F";"22";"157";"188";"65";"0.165";"4.5";"109";"0.862";"149";"350";"0.574"
"2025-01-17 08:09:09.363";"2025-01-17";"08:09:09";"F";"23";"160";"182";"90";"0.121";"4.6";"107";"0.923";"149";"350";"0.574"
"2025-01-17 08:09:39.349";"2025-01-17";"08:09:39";"F";"24";"162";"178";"125";"0.090";"4.7";"106";"0.966";"149";"350";"0.574"
"2025-01-17 08:10:09.364";"2025-01-17";"08:10:09";"F";"25";"163";"175";"190";"0.069";"5.5";"105";"1.000";"149";"350";"0.574"
"2025-01-17 08:10:39.352";"2025-01-17";"08:10:39";"F";"26";"165";"175";"285";"0.057";"6.8";"105";"1.000";"149";"350";"0.574"
"2025-01-17 08:11:09.341";"2025-01-17";"08:11:09";"F";"27";"166";"173";"420";"0.040";"7.1";"104";"1.023";"149";"350";"0.574"
"2025-01-17 08:11:12.689";"2025-01-17";"08:11:12";"SLCE";"";"Light Curve end ";""
"2025-01-17 08:12:05.388";"2025-01-17";"08:12:05";"SLCS";"";"Light Curve start ";"u40"
"2025-01-17 08:12:05.388";"2025-01-17";"08:12:05";"REG1";"";"#1: alpha: - , ETRm: - , Ik: -   ( beta: - 0.150, ETRmPot: - 5.471 )   (Platt et al. 1980) ";""
"2025-01-17 08:12:05.388";"2025-01-17";"08:12:05";"REG2";"";"#1: alpha: 0.111, ETRm: 5.291, Ik: 47.797   (Jassby and Platt 1976) ";""
"2025-01-17 08:12:06.790";"2025-01-17";"08:12:06";"FO";"28";"834";"2721";"0";"0.693";"0.0";"-";"-";"834";"2721";"0.693"
"2025-01-17 08:12:36.780";"2025-01-17";"08:12:36";"F";"29";"1747";"2391";"25";"0.269";"2.8";"800";"0.138";"834";"2721";"0.693"
"2025-01-17 08:13:06.770";"2025-01-17";"08:13:06";"F";"30";"1843";"2297";"45";"0.198";"3.7";"789";"0.185";"834";"2721";"0.693"
"2025-01-17 08:13:36.761";"2025-01-17";"08:13:36";"F";"31";"1899";"2281";"65";"0.167";"4.6";"787";"0.193";"834";"2721";"0.693"
"2025-01-17 08:14:06.747";"2025-01-17";"08:14:06";"F";"32";"1989";"2294";"90";"0.133";"5.0";"789";"0.186";"834";"2721";"0.693"
"2025-01-17 08:14:36.729";"2025-01-17";"08:14:36";"F";"33";"2055";"2281";"125";"0.099";"5.2";"787";"0.193";"834";"2721";"0.693"
"2025-01-17 08:15:06.720";"2025-01-17";"08:15:06";"F";"34";"2061";"2211";"190";"0.068";"5.4";"779";"0.231";"834";"2721";"0.693"
"2025-01-17 08:15:36.707";"2025-01-17";"08:15:36";"F";"35";"2003";"2095";"285";"0.044";"5.3";"764";"0.299";"834";"2721";"0.693"
"2025-01-17 08:16:06.703";"2025-01-17";"08:16:06";"F";"36";"1899";"1958";"420";"0.030";"5.3";"745";"0.390";"834";"2721";"0.693"
"2025-01-17 08:16:10.011";"2025-01-17";"08:16:10";"SLCE";"";"Light Curve end ";""
"2025-01-17 08:16:37.699";"2025-01-17";"08:16:37";"SLCS";"";"Light Curve start ";"h37"
"2025-01-17 08:16:37.699";"2025-01-17";"08:16:37";"REG1";"";"#1: alpha: - , ETRm: - , Ik: -   ( beta: - 0.001, ETRmPot: 4.221 )   (Platt et al. 1980) ";""
"2025-01-17 08:16:37.699";"2025-01-17";"08:16:37";"REG2";"";"#1: alpha: 0.172, ETRm: 4.488, Ik: 26.110   (Jassby and Platt 1976) ";""
"2025-01-17 08:16:39.086";"2025-01-17";"08:16:39";"FO";"37";"205";"503";"0";"0.592";"0.0";"-";"-";"205";"503";"0.592"
"2025-01-17 08:17:09.084";"2025-01-17";"08:17:09";"F";"38";"228";"335";"25";"0.319";"3.3";"170";"0.501";"205";"503";"0.592"
"2025-01-17 08:17:39.070";"2025-01-17";"08:17:39";"F";"39";"233";"302";"45";"0.228";"4.3";"161";"0.666";"205";"503";"0.592"
"2025-01-17 08:18:09.055";"2025-01-17";"08:18:09";"F";"40";"239";"285";"65";"0.161";"4.4";"156";"0.765";"205";"503";"0.592"
"2025-01-17 08:18:39.049";"2025-01-17";"08:18:39";"F";"41";"243";"275";"90";"0.116";"4.4";"153";"0.829";"205";"503";"0.592"
"2025-01-17 08:19:09.034";"2025-01-17";"08:19:09";"F";"42";"247";"269";"125";"0.082";"4.3";"151";"0.870";"205";"503";"0.592"
"2025-01-17 08:19:39.029";"2025-01-17";"08:19:39";"F";"43";"250";"263";"190";"0.049";"3.9";"149";"0.913";"205";"503";"0.592"
"2025-01-17 08:20:09.040";"2025-01-17";"08:20:09";"F";"44";"251";"262";"285";"0.042";"5.0";"149";"0.920";"205";"503";"0.592"
"2025-01-17 08:20:39.026";"2025-01-17";"08:20:39";"F";"45";"251";"258";"420";"0.027";"4.8";"148";"0.950";"205";"503";"0.592"
"2025-01-17 08:20:42.675";"2025-01-17";"08:20:42";"SLCE";"";"Light Curve end ";""
"2025-01-17 08:20:59.134";"2025-01-17";"08:20:59";"SLCS";"";"Light Curve start ";"u37"
"2025-01-17 08:20:59.134";"2025-01-17";"08:20:59";"REG1";"";"#1: alpha: - , ETRm: - , Ik: -   ( beta: - 0.001, ETRmPot: 7.333 )   (Platt et al. 1980) ";""
"2025-01-17 08:20:59.134";"2025-01-17";"08:20:59";"REG2";"";"#1: alpha: 0.142, ETRm: 7.545, Ik: 53.181   (Jassby and Platt 1976) ";""
"2025-01-17 08:21:00.528";"2025-01-17";"08:21:00";"FO";"46";"701";"2578";"0";"0.728";"0.0";"-";"-";"701";"2578";"0.728"
"2025-01-17 08:21:30.527";"2025-01-17";"08:21:30";"F";"47";"1379";"2140";"25";"0.356";"3.7";"664";"0.205";"701";"2578";"0.728"
"2025-01-17 08:22:00.508";"2025-01-17";"08:22:00";"F";"48";"1489";"2050";"45";"0.274";"5.2";"655";"0.258";"701";"2578";"0.728"
"2025-01-17 08:22:30.502";"2025-01-17";"08:22:30";"F";"49";"1600";"2068";"65";"0.226";"6.2";"657";"0.247";"701";"2578";"0.728"
"2025-01-17 08:23:00.491";"2025-01-17";"08:23:00";"F";"50";"1729";"2099";"90";"0.176";"6.7";"660";"0.228";"701";"2578";"0.728"
"2025-01-17 08:23:30.481";"2025-01-17";"08:23:30";"F";"51";"1799";"2082";"125";"0.136";"7.1";"658";"0.238";"701";"2578";"0.728"
"2025-01-17 08:24:00.469";"2025-01-17";"08:24:00";"F";"52";"1819";"2013";"190";"0.096";"7.7";"651";"0.281";"701";"2578";"0.728"
"2025-01-17 08:24:30.462";"2025-01-17";"08:24:30";"F";"53";"1775";"1896";"285";"0.064";"7.7";"639";"0.360";"701";"2578";"0.728"
"2025-01-17 08:25:00.451";"2025-01-17";"08:25:00";"F";"54";"1679";"1756";"420";"0.044";"7.8";"622";"0.468";"701";"2578";"0.728"
"2025-01-17 08:25:03.588";"2025-01-17";"08:25:03";"SLCE";"";"Light Curve end ";""
"2025-01-17 08:25:28.021";"2025-01-17";"08:25:28";"SLCS";"";"Light Curve start ";"h38"
"2025-01-17 08:25:28.021";"2025-01-17";"08:25:28";"REG1";"";"#1: alpha: - , ETRm: - , Ik: -   ( beta: - 0.001, ETRmPot: 4.741 )   (Platt et al. 1980) ";""
"2025-01-17 08:25:28.021";"2025-01-17";"08:25:28";"REG2";"";"#1: alpha: 0.194, ETRm: 5.017, Ik: 25.847   (Jassby and Platt 1976) ";""
"2025-01-17 08:25:29.427";"2025-01-17";"08:25:29";"FO";"55";"211";"627";"0";"0.663";"0.0";"-";"-";"211";"627";"0.663"
"2025-01-17 08:25:59.413";"2025-01-17";"08:25:59";"F";"56";"246";"387";"25";"0.364";"3.8";"175";"0.620";"211";"627";"0.663"
"2025-01-17 08:26:29.409";"2025-01-17";"08:26:29";"F";"57";"257";"343";"45";"0.251";"4.7";"165";"0.828";"211";"627";"0.663"
"2025-01-17 08:26:59.392";"2025-01-17";"08:26:59";"F";"58";"264";"319";"65";"0.172";"4.7";"159";"0.966";"211";"627";"0.663"
"2025-01-17 08:27:29.387";"2025-01-17";"08:27:29";"F";"59";"269";"309";"90";"0.129";"4.9";"157";"1.029";"211";"627";"0.663"
"2025-01-17 08:27:59.370";"2025-01-17";"08:27:59";"F";"60";"272";"300";"125";"0.093";"4.9";"154";"1.090";"211";"627";"0.663"
"2025-01-17 08:28:29.358";"2025-01-17";"08:28:29";"F";"61";"276";"295";"190";"0.064";"5.1";"153";"1.125";"211";"627";"0.663"
"2025-01-17 08:28:59.352";"2025-01-17";"08:28:59";"F";"62";"278";"290";"285";"0.041";"4.9";"152";"1.162";"211";"627";"0.663"
"2025-01-17 08:29:29.337";"2025-01-17";"08:29:29";"F";"63";"279";"288";"420";"0.031";"5.5";"151";"1.177";"211";"627";"0.663"
"2025-01-17 08:29:32.632";"2025-01-17";"08:29:32";"SLCE";"";"Light Curve end ";""
"2025-01-17 08:30:09.727";"2025-01-17";"08:30:09";"SLCS";"";"Light Curve start ";"u38"
"2025-01-17 08:30:09.727";"2025-01-17";"08:30:09";"REG1";"";"#1: alpha: 0.209, ETRm: 7.505, Ik: 35.850   ( beta: 0.000, ETRmPot: 7.521 )   (Platt et al. 1980) ";""
"2025-01-17 08:30:09.727";"2025-01-17";"08:30:09";"REG2";"";"#1: alpha: 0.153, ETRm: 7.408, Ik: 48.328   (Jassby and Platt 1976) ";""
"2025-01-17 08:30:11.151";"2025-01-17";"08:30:11";"FO";"64";"530";"2062";"0";"0.743";"0.0";"-";"-";"530";"2062";"0.743"
"2025-01-17 08:30:41.134";"2025-01-17";"08:30:41";"F";"65";"1085";"1711";"25";"0.366";"3.8";"503";"0.205";"530";"2062";"0.743"
"2025-01-17 08:31:11.122";"2025-01-17";"08:31:11";"F";"66";"1161";"1616";"45";"0.282";"5.3";"495";"0.276";"530";"2062";"0.743"
"2025-01-17 08:31:41.119";"2025-01-17";"08:31:41";"F";"67";"1214";"1584";"65";"0.234";"6.4";"492";"0.302";"530";"2062";"0.743"
"2025-01-17 08:32:11.102";"2025-01-17";"08:32:11";"F";"68";"1282";"1567";"90";"0.182";"6.9";"490";"0.316";"530";"2062";"0.743"
"2025-01-17 08:32:41.098";"2025-01-17";"08:32:41";"F";"69";"1321";"1528";"125";"0.135";"7.1";"486";"0.349";"530";"2062";"0.743"
"2025-01-17 08:33:11.080";"2025-01-17";"08:33:11";"F";"70";"1325";"1463";"190";"0.094";"7.5";"480";"0.409";"530";"2062";"0.743"
"2025-01-17 08:33:41.076";"2025-01-17";"08:33:41";"F";"71";"1291";"1379";"285";"0.064";"7.7";"470";"0.495";"530";"2062";"0.743"
"2025-01-17 08:34:11.061";"2025-01-17";"08:34:11";"F";"72";"1232";"1286";"420";"0.042";"7.4";"459";"0.603";"530";"2062";"0.743"
"2025-01-17 08:34:14.428";"2025-01-17";"08:34:14";"SLCE";"";"Light Curve end ";""
"2025-01-17 08:34:35.717";"2025-01-17";"08:34:35";"SLCS";"";"Light Curve start ";"h43"
"2025-01-17 08:34:35.717";"2025-01-17";"08:34:35";"REG1";"";"#1: alpha: - , ETRm: - , Ik: -   ( beta: - 0.003, ETRmPot: 5.053 )   (Platt et al. 1980) ";""
"2025-01-17 08:34:35.717";"2025-01-17";"08:34:35";"REG2";"";"#1: alpha: 0.187, ETRm: 5.650, Ik: 30.276   (Jassby and Platt 1976) ";""
"2025-01-17 08:34:37.109";"2025-01-17";"08:34:37";"FO";"73";"205";"560";"0";"0.634";"0.0";"-";"-";"205";"560";"0.634"
"2025-01-17 08:35:07.104";"2025-01-17";"08:35:07";"F";"74";"232";"383";"25";"0.394";"4.1";"175";"0.462";"205";"560";"0.634"
"2025-01-17 08:35:37.086";"2025-01-17";"08:35:37";"F";"75";"240";"324";"45";"0.259";"4.9";"162";"0.728";"205";"560";"0.634"
"2025-01-17 08:36:07.074";"2025-01-17";"08:36:07";"F";"76";"245";"299";"65";"0.181";"4.9";"155";"0.873";"205";"560";"0.634"
"2025-01-17 08:36:37.064";"2025-01-17";"08:36:37";"F";"77";"249";"294";"90";"0.153";"5.8";"154";"0.905";"205";"560";"0.634"
"2025-01-17 08:37:07.060";"2025-01-17";"08:37:07";"F";"78";"253";"281";"125";"0.100";"5.3";"150";"0.993";"205";"560";"0.634"
"2025-01-17 08:37:37.049";"2025-01-17";"08:37:37";"F";"79";"255";"274";"190";"0.069";"5.5";"148";"1.044";"205";"560";"0.634"
"2025-01-17 08:38:07.033";"2025-01-17";"08:38:07";"F";"80";"257";"270";"285";"0.048";"5.7";"147";"1.074";"205";"560";"0.634"
"2025-01-17 08:38:37.023";"2025-01-17";"08:38:37";"F";"81";"258";"268";"420";"0.037";"6.5";"147";"1.090";"205";"560";"0.634"
"2025-01-17 08:38:40.791";"2025-01-17";"08:38:40";"SLCE";"";"Light Curve end ";""
"2025-01-17 08:38:55.963";"2025-01-17";"08:38:55";"SLCS";"";"Light Curve start ";"u43"
"2025-01-17 08:38:55.963";"2025-01-17";"08:38:55";"REG1";"";"#1: alpha: 0.192, ETRm: 6.920, Ik: 36.017   ( beta: 0.003, ETRmPot: 7.569 )   (Platt et al. 1980) ";""
"2025-01-17 08:38:55.963";"2025-01-17";"08:38:55";"REG2";"";"#1: alpha: 0.151, ETRm: 6.673, Ik: 44.110   (Jassby and Platt 1976) ";""
"2025-01-17 08:38:57.352";"2025-01-17";"08:38:57";"FO";"82";"648";"2255";"0";"0.713";"0.0";"-";"-";"648";"2255";"0.713"
"2025-01-17 08:39:27.345";"2025-01-17";"08:39:27";"F";"83";"1265";"1913";"25";"0.339";"3.6";"616";"0.179";"648";"2255";"0.713"
"2025-01-17 08:39:57.356";"2025-01-17";"08:39:57";"F";"84";"1352";"1825";"45";"0.259";"4.9";"607";"0.236";"648";"2255";"0.713"
"2025-01-17 08:40:27.346";"2025-01-17";"08:40:27";"F";"85";"1413";"1810";"65";"0.219";"6.0";"605";"0.246";"648";"2255";"0.713"
"2025-01-17 08:40:57.326";"2025-01-17";"08:40:57";"F";"86";"1501";"1817";"90";"0.174";"6.6";"606";"0.241";"648";"2255";"0.713"
"2025-01-17 08:41:27.317";"2025-01-17";"08:41:27";"F";"87";"1583";"1819";"125";"0.130";"6.8";"606";"0.240";"648";"2255";"0.713"
"2025-01-17 08:41:57.313";"2025-01-17";"08:41:57";"F";"88";"1643";"1796";"190";"0.085";"6.8";"604";"0.256";"648";"2255";"0.713"
"2025-01-17 08:42:27.303";"2025-01-17";"08:42:27";"F";"89";"1636";"1734";"285";"0.057";"6.8";"596";"0.300";"648";"2255";"0.713"
"2025-01-17 08:42:57.279";"2025-01-17";"08:42:57";"F";"90";"1589";"1647";"420";"0.035";"6.2";"586";"0.369";"648";"2255";"0.713"
"2025-01-17 08:43:00.708";"2025-01-17";"08:43:00";"SLCE";"";"Light Curve end ";""
"2025-01-17 08:43:15.441";"2025-01-17";"08:43:15";"SLCS";"";"Light Curve start ";"h44"
"2025-01-17 08:43:15.441";"2025-01-17";"08:43:15";"REG1";"";"#1: alpha: - , ETRm: - , Ik: -   ( beta: - 0.003, ETRmPot: 3.934 )   (Platt et al. 1980) ";""
"2025-01-17 08:43:15.441";"2025-01-17";"08:43:15";"REG2";"";"#1: alpha: 0.296, ETRm: 4.519, Ik: 15.249   (Jassby and Platt 1976) ";""
"2025-01-17 08:43:16.832";"2025-01-17";"08:43:16";"FO";"91";"195";"539";"0";"0.638";"0.0";"-";"-";"195";"539";"0.638"
"2025-01-17 08:43:46.812";"2025-01-17";"08:43:46";"F";"92";"220";"365";"25";"0.397";"4.2";"166";"0.477";"195";"539";"0.638"
"2025-01-17 08:44:16.811";"2025-01-17";"08:44:16";"F";"93";"222";"292";"45";"0.240";"4.5";"149";"0.846";"195";"539";"0.638"
"2025-01-17 08:44:46.793";"2025-01-17";"08:44:46";"F";"94";"226";"264";"65";"0.144";"3.9";"142";"1.042";"195";"539";"0.638"
"2025-01-17 08:45:16.789";"2025-01-17";"08:45:16";"F";"95";"228";"254";"90";"0.102";"3.9";"139";"1.122";"195";"539";"0.638"
"2025-01-17 08:45:46.771";"2025-01-17";"08:45:46";"F";"96";"232";"250";"125";"0.072";"3.8";"137";"1.156";"195";"539";"0.638"
"2025-01-17 08:46:16.760";"2025-01-17";"08:46:16";"F";"97";"232";"246";"190";"0.057";"4.5";"136";"1.191";"195";"539";"0.638"
"2025-01-17 08:46:46.755";"2025-01-17";"08:46:46";"F";"98";"233";"245";"285";"0.049";"5.9";"136";"1.200";"195";"539";"0.638"
"2025-01-17 08:47:16.744";"2025-01-17";"08:47:16";"F";"99";"234";"241";"420";"0.029";"5.1";"135";"1.237";"195";"539";"0.638"
"2025-01-17 08:47:20.685";"2025-01-17";"08:47:20";"SLCE";"";"Light Curve end ";""
"2025-01-17 08:47:51.708";"2025-01-17";"08:47:51";"SLCS";"";"Light Curve start ";"u44"
"2025-01-17 08:47:51.708";"2025-01-17";"08:47:51";"REG1";"";"#1: alpha: - , ETRm: - , Ik: -   ( beta: - 0.001, ETRmPot: 6.246 )   (Platt et al. 1980) ";""
"2025-01-17 08:47:51.708";"2025-01-17";"08:47:51";"REG2";"";"#1: alpha: 0.184, ETRm: 6.337, Ik: 34.463   (Jassby and Platt 1976) ";""
"2025-01-17 08:47:53.105";"2025-01-17";"08:47:53";"FO";"100";"746";"2507";"0";"0.702";"0.0";"-";"-";"746";"2507";"0.702"
"2025-01-17 08:48:23.084";"2025-01-17";"08:48:23";"F";"101";"1381";"2265";"25";"0.390";"4.1";"723";"0.107";"746";"2507";"0.702"
"2025-01-17 08:48:53.082";"2025-01-17";"08:48:53";"F";"102";"1580";"2206";"45";"0.284";"5.4";"717";"0.136";"746";"2507";"0.702"
"2025-01-17 08:49:23.070";"2025-01-17";"08:49:23";"F";"103";"1738";"2211";"65";"0.214";"5.8";"717";"0.134";"746";"2507";"0.702"
"2025-01-17 08:49:53.072";"2025-01-17";"08:49:53";"F";"104";"1828";"2178";"90";"0.161";"6.1";"714";"0.151";"746";"2507";"0.702"
"2025-01-17 08:50:23.061";"2025-01-17";"08:50:23";"F";"105";"1856";"2107";"125";"0.119";"6.2";"706";"0.190";"746";"2507";"0.702"
"2025-01-17 08:50:53.053";"2025-01-17";"08:50:53";"F";"106";"1837";"2000";"190";"0.082";"6.5";"694";"0.254";"746";"2507";"0.702"
"2025-01-17 08:51:23.049";"2025-01-17";"08:51:23";"F";"107";"1765";"1867";"285";"0.055";"6.6";"677";"0.343";"746";"2507";"0.702"
"2025-01-17 08:51:53.036";"2025-01-17";"08:51:53";"F";"108";"1655";"1717";"420";"0.036";"6.4";"656";"0.460";"746";"2507";"0.702"
"2025-01-17 08:51:56.115";"2025-01-17";"08:51:56";"SLCE";"";"Light Curve end ";""
"2025-01-17 08:52:18.185";"2025-01-17";"08:52:18";"SLCS";"";"Light Curve start ";"h41"
"2025-01-17 08:52:18.185";"2025-01-17";"08:52:18";"REG1";"";"#1: alpha: - , ETRm: - , Ik: -   ( beta: - 0.499, ETRmPot: - 5.664 )   (Platt et al. 1980) ";""
"2025-01-17 08:52:18.185";"2025-01-17";"08:52:18";"REG2";"";"#1: alpha: 0.311, ETRm: 5.620, Ik: 18.057   (Jassby and Platt 1976) ";""
"2025-01-17 08:52:19.586";"2025-01-17";"08:52:19";"FO";"109";"205";"547";"0";"0.625";"0.0";"-";"-";"205";"547";"0.625"
"2025-01-17 08:52:49.576";"2025-01-17";"08:52:49";"F";"110";"235";"432";"25";"0.456";"4.8";"186";"0.266";"205";"547";"0.625"
"2025-01-17 08:53:19.557";"2025-01-17";"08:53:19";"F";"111";"244";"362";"45";"0.326";"6.2";"172";"0.511";"205";"547";"0.625"
"2025-01-17 08:53:49.546";"2025-01-17";"08:53:49";"F";"112";"245";"314";"65";"0.220";"6.0";"160";"0.742";"205";"547";"0.625"
"2025-01-17 08:54:19.544";"2025-01-17";"08:54:19";"F";"113";"249";"292";"90";"0.147";"5.6";"154";"0.873";"205";"547";"0.625"
"2025-01-17 08:54:49.531";"2025-01-17";"08:54:49";"F";"114";"250";"277";"125";"0.097";"5.1";"150";"0.975";"205";"547";"0.625"
"2025-01-17 08:55:19.523";"2025-01-17";"08:55:19";"F";"115";"255";"272";"190";"0.063";"5.0";"149";"1.011";"205";"547";"0.625"
"2025-01-17 08:55:49.509";"2025-01-17";"08:55:49";"F";"116";"258";"271";"285";"0.048";"5.7";"148";"1.018";"205";"547";"0.625"
"2025-01-17 08:56:19.492";"2025-01-17";"08:56:19";"F";"117";"260";"269";"420";"0.033";"5.8";"148";"1.033";"205";"547";"0.625"
"2025-01-17 08:56:23.447";"2025-01-17";"08:56:23";"SLCE";"";"Light Curve end ";""
"2025-01-17 08:56:32.611";"2025-01-17";"08:56:32";"SLCS";"";"Light Curve start ";"u41"
"2025-01-17 08:56:32.611";"2025-01-17";"08:56:32";"REG1";"";"#1: alpha: 0.273, ETRm: 6.513, Ik: 23.834   ( beta: 0.002, ETRmPot: 6.805 )   (Platt et al. 1980) ";""
"2025-01-17 08:56:32.611";"2025-01-17";"08:56:32";"REG2";"";"#1: alpha: 0.204, ETRm: 6.339, Ik: 31.047   (Jassby and Platt 1976) ";""
"2025-01-17 08:56:34.011";"2025-01-17";"08:56:34";"FO";"118";"682";"2251";"0";"0.697";"0.0";"-";"-";"682";"2251";"0.697"
"2025-01-17 08:57:04.007";"2025-01-17";"08:57:04";"F";"119";"1198";"1993";"25";"0.399";"4.2";"656";"0.129";"682";"2251";"0.697"
"2025-01-17 08:57:33.989";"2025-01-17";"08:57:33";"F";"120";"1344";"1915";"45";"0.298";"5.6";"648";"0.175";"682";"2251";"0.697"
"2025-01-17 08:58:03.988";"2025-01-17";"08:58:03";"F";"121";"1462";"1913";"65";"0.236";"6.4";"647";"0.177";"682";"2251";"0.697"
"2025-01-17 08:58:33.973";"2025-01-17";"08:58:33";"F";"122";"1613";"1940";"90";"0.169";"6.4";"650";"0.160";"682";"2251";"0.697"
"2025-01-17 08:59:03.964";"2025-01-17";"08:59:03";"F";"123";"1689";"1924";"125";"0.122";"6.4";"649";"0.170";"682";"2251";"0.697"
"2025-01-17 08:59:33.952";"2025-01-17";"08:59:33";"F";"124";"1719";"1869";"190";"0.080";"6.4";"642";"0.204";"682";"2251";"0.697"
"2025-01-17 09:00:03.964";"2025-01-17";"09:00:03";"F";"125";"1707";"1802";"285";"0.053";"6.3";"634";"0.249";"682";"2251";"0.697"
"2025-01-17 09:00:33.951";"2025-01-17";"09:00:33";"F";"126";"1672";"1730";"420";"0.034";"6.0";"625";"0.301";"682";"2251";"0.697"
"2025-01-17 09:00:37.119";"2025-01-17";"09:00:37";"SLCE";"";"Light Curve end ";""
"2025-01-17 09:00:56.724";"2025-01-17";"09:00:56";"SLCS";"";"Light Curve start ";"h42"
"2025-01-17 09:00:56.724";"2025-01-17";"09:00:56";"REG1";"";"#1: alpha: - , ETRm: - , Ik: -   ( beta: - 0.002, ETRmPot: 5.721 )   (Platt et al. 1980) ";""
"2025-01-17 09:00:56.724";"2025-01-17";"09:00:56";"REG2";"";"#1: alpha: 0.346, ETRm: 6.135, Ik: 17.728   (Jassby and Platt 1976) ";""
"2025-01-17 09:00:58.114";"2025-01-17";"09:00:58";"FO";"127";"164";"478";"0";"0.657";"0.0";"-";"-";"164";"478";"0.657"
"2025-01-17 09:01:28.111";"2025-01-17";"09:01:28";"F";"128";"189";"391";"25";"0.517";"5.4";"152";"0.223";"164";"478";"0.657"
"2025-01-17 09:01:58.099";"2025-01-17";"09:01:58";"F";"129";"203";"305";"45";"0.334";"6.3";"137";"0.567";"164";"478";"0.657"
"2025-01-17 09:02:28.081";"2025-01-17";"09:02:28";"F";"130";"207";"265";"65";"0.219";"6.0";"129";"0.804";"164";"478";"0.657"
"2025-01-17 09:02:58.080";"2025-01-17";"09:02:58";"F";"131";"213";"249";"90";"0.145";"5.5";"125";"0.920";"164";"478";"0.657"
"2025-01-17 09:03:28.062";"2025-01-17";"09:03:28";"F";"132";"217";"244";"125";"0.111";"5.8";"123";"0.959";"164";"478";"0.657"
"2025-01-17 09:03:58.053";"2025-01-17";"09:03:58";"F";"133";"220";"239";"190";"0.079";"6.3";"122";"1.000";"164";"478";"0.657"
"2025-01-17 09:04:28.046";"2025-01-17";"09:04:28";"F";"134";"223";"235";"285";"0.051";"6.1";"121";"1.034";"164";"478";"0.657"
"2025-01-17 09:04:58.036";"2025-01-17";"09:04:58";"F";"135";"223";"232";"420";"0.039";"6.9";"120";"1.060";"164";"478";"0.657"
"2025-01-17 09:05:01.674";"2025-01-17";"09:05:01";"SLCE";"";"Light Curve end ";""
"2025-01-17 09:06:02.604";"2025-01-17";"09:06:02";"SLCS";"";"Light Curve start ";"u42"
"2025-01-17 09:06:02.604";"2025-01-17";"09:06:02";"REG1";"";"#1: alpha: - , ETRm: - , Ik: -   ( beta: - 0.003, ETRmPot: 7.875 )   (Platt et al. 1980) ";""
"2025-01-17 09:06:02.604";"2025-01-17";"09:06:02";"REG2";"";"#1: alpha: 0.194, ETRm: 8.525, Ik: 43.855   (Jassby and Platt 1976) ";""
"2025-01-17 09:06:04.006";"2025-01-17";"09:06:04";"FO";"136";"585";"2459";"0";"0.762";"0.0";"-";"-";"585";"2459";"0.762"
"2025-01-17 09:06:34.004";"2025-01-17";"09:06:34";"F";"137";"1265";"2346";"25";"0.461";"4.8";"578";"0.048";"585";"2459";"0.762"
"2025-01-17 09:07:03.990";"2025-01-17";"09:07:03";"F";"138";"1482";"2274";"45";"0.348";"6.6";"574";"0.081";"585";"2459";"0.762"
"2025-01-17 09:07:33.982";"2025-01-17";"09:07:33";"F";"139";"1608";"2193";"65";"0.267";"7.3";"569";"0.121";"585";"2459";"0.762"
"2025-01-17 09:08:03.971";"2025-01-17";"09:08:03";"F";"140";"1661";"2094";"90";"0.207";"7.8";"562";"0.174";"585";"2459";"0.762"
"2025-01-17 09:08:33.960";"2025-01-17";"09:08:33";"F";"141";"1668";"1978";"125";"0.157";"8.2";"553";"0.243";"585";"2459";"0.762"
"2025-01-17 09:09:03.946";"2025-01-17";"09:09:03";"F";"142";"1658";"1856";"190";"0.107";"8.5";"543";"0.325";"585";"2459";"0.762"
"2025-01-17 09:09:33.936";"2025-01-17";"09:09:33";"F";"143";"1607";"1734";"285";"0.073";"8.7";"532";"0.418";"585";"2459";"0.762"
"2025-01-17 09:10:03.949";"2025-01-17";"09:10:03";"F";"144";"1525";"1609";"420";"0.052";"9.2";"520";"0.528";"585";"2459";"0.762"
"2025-01-17 09:10:07.067";"2025-01-17";"09:10:07";"SLCE";"";"Light Curve end ";""
"2025-01-17 09:10:19.335";"2025-01-17";"09:10:19";"SLCS";"";"Light Curve start ";"h47"
"2025-01-17 09:10:19.335";"2025-01-17";"09:10:19";"REG1";"";"#1: alpha: - , ETRm: - , Ik: -   ( beta: 0.000, ETRmPot: 4.892 )   (Platt et al. 1980) ";""
"2025-01-17 09:10:19.335";"2025-01-17";"09:10:19";"REG2";"";"#1: alpha: 0.381, ETRm: 4.965, Ik: 13.022   (Jassby and Platt 1976) ";""
"2025-01-17 09:10:20.727";"2025-01-17";"09:10:20";"FO";"145";"184";"546";"0";"0.663";"0.0";"-";"-";"184";"546";"0.663"
"2025-01-17 09:10:50.717";"2025-01-17";"09:10:50";"F";"146";"214";"384";"25";"0.443";"4.7";"161";"0.422";"184";"546";"0.663"
"2025-01-17 09:11:20.698";"2025-01-17";"09:11:20";"F";"147";"226";"321";"45";"0.296";"5.6";"149";"0.701";"184";"546";"0.663"
"2025-01-17 09:11:50.688";"2025-01-17";"09:11:50";"F";"148";"232";"284";"65";"0.183";"5.0";"140";"0.923";"184";"546";"0.663"
"2025-01-17 09:12:20.682";"2025-01-17";"09:12:20";"F";"149";"234";"268";"90";"0.127";"4.8";"136";"1.037";"184";"546";"0.663"
"2025-01-17 09:12:50.673";"2025-01-17";"09:12:50";"F";"150";"238";"260";"125";"0.085";"4.5";"134";"1.100";"184";"546";"0.663"
"2025-01-17 09:13:20.659";"2025-01-17";"09:13:20";"F";"151";"240";"256";"190";"0.063";"5.0";"133";"1.133";"184";"546";"0.663"
"2025-01-17 09:13:50.643";"2025-01-17";"09:13:50";"F";"152";"243";"252";"285";"0.036";"4.3";"132";"1.167";"184";"546";"0.663"
"2025-01-17 09:14:20.633";"2025-01-17";"09:14:20";"F";"153";"242";"250";"420";"0.032";"5.6";"132";"1.184";"184";"546";"0.663"
"2025-01-17 09:14:24.306";"2025-01-17";"09:14:24";"SLCE";"";"Light Curve end ";""
"2025-01-17 09:14:48.758";"2025-01-17";"09:14:48";"SLCS";"";"Light Curve start ";"u47"
"2025-01-17 09:14:48.758";"2025-01-17";"09:14:48";"REG1";"";"#1: alpha: - , ETRm: - , Ik: -   ( beta: - 0.001, ETRmPot: 7.916 )   (Platt et al. 1980) ";""
"2025-01-17 09:14:48.758";"2025-01-17";"09:14:48";"REG2";"";"#1: alpha: 0.174, ETRm: 8.110, Ik: 46.629   (Jassby and Platt 1976) ";""
"2025-01-17 09:14:50.151";"2025-01-17";"09:14:50";"FO";"154";"561";"2555";"0";"0.780";"0.0";"-";"-";"561";"2555";"0.780"
"2025-01-17 09:15:20.150";"2025-01-17";"09:15:20";"F";"155";"1368";"2367";"25";"0.422";"4.4";"551";"0.079";"561";"2555";"0.780"
"2025-01-17 09:15:50.137";"2025-01-17";"09:15:50";"F";"156";"1566";"2314";"45";"0.323";"6.1";"548";"0.104";"561";"2555";"0.780"
"2025-01-17 09:16:20.128";"2025-01-17";"09:16:20";"F";"157";"1714";"2280";"65";"0.248";"6.8";"547";"0.121";"561";"2555";"0.780"
"2025-01-17 09:16:50.115";"2025-01-17";"09:16:50";"F";"158";"1784";"2210";"90";"0.193";"7.3";"542";"0.156";"561";"2555";"0.780"
"2025-01-17 09:17:20.097";"2025-01-17";"09:17:20";"F";"159";"1804";"2122";"125";"0.150";"7.9";"537";"0.204";"561";"2555";"0.780"
"2025-01-17 09:17:50.092";"2025-01-17";"09:17:50";"F";"160";"1798";"2007";"190";"0.104";"8.3";"529";"0.273";"561";"2555";"0.780"
"2025-01-17 09:18:20.078";"2025-01-17";"09:18:20";"F";"161";"1739";"1870";"285";"0.070";"8.4";"519";"0.366";"561";"2555";"0.780"
"2025-01-17 09:18:50.073";"2025-01-17";"09:18:50";"F";"162";"1637";"1717";"420";"0.047";"8.3";"507";"0.488";"561";"2555";"0.780"
"2025-01-17 09:18:53.371";"2025-01-17";"09:18:53";"SLCE";"";"Light Curve end ";""
"2025-01-17 09:19:23.294";"2025-01-17";"09:19:23";"SLCS";"";"Light Curve start ";"h48"
"2025-01-17 09:19:23.294";"2025-01-17";"09:19:23";"REG1";"";"#1: alpha: - , ETRm: - , Ik: -   ( beta: - 0.441, ETRmPot: - 4.813 )   (Platt et al. 1980) ";""
"2025-01-17 09:19:23.294";"2025-01-17";"09:19:23";"REG2";"";"#1: alpha: 0.246, ETRm: 5.197, Ik: 21.102   (Jassby and Platt 1976) ";""
"2025-01-17 09:19:24.685";"2025-01-17";"09:19:24";"FO";"163";"248";"660";"0";"0.624";"0.0";"-";"-";"248";"660";"0.624"
"2025-01-17 09:19:54.702";"2025-01-17";"09:19:54";"F";"164";"277";"453";"25";"0.389";"4.1";"212";"0.457";"248";"660";"0.624"
"2025-01-17 09:20:24.691";"2025-01-17";"09:20:24";"F";"165";"287";"411";"45";"0.302";"5.7";"202";"0.606";"248";"660";"0.624"
"2025-01-17 09:20:54.672";"2025-01-17";"09:20:54";"F";"166";"293";"364";"65";"0.195";"5.3";"190";"0.813";"248";"660";"0.624"
"2025-01-17 09:21:24.670";"2025-01-17";"09:21:24";"F";"167";"299";"342";"90";"0.126";"4.8";"184";"0.930";"248";"660";"0.624"
"2025-01-17 09:21:54.650";"2025-01-17";"09:21:54";"F";"168";"304";"334";"125";"0.090";"4.7";"181";"0.976";"248";"660";"0.624"
"2025-01-17 09:22:24.641";"2025-01-17";"09:22:24";"F";"169";"310";"328";"190";"0.055";"4.4";"180";"1.012";"248";"660";"0.624"
"2025-01-17 09:22:54.630";"2025-01-17";"09:22:54";"F";"170";"311";"326";"285";"0.046";"5.5";"179";"1.025";"248";"660";"0.624"
"2025-01-17 09:23:24.621";"2025-01-17";"09:23:24";"F";"171";"312";"323";"420";"0.034";"6.0";"178";"1.043";"248";"660";"0.624"
"2025-01-17 09:23:27.897";"2025-01-17";"09:23:27";"SLCE";"";"Light Curve end ";""
"2025-01-17 09:23:40.159";"2025-01-17";"09:23:40";"SLCS";"";"Light Curve start ";"u48"
"2025-01-17 09:23:40.159";"2025-01-17";"09:23:40";"REG1";"";"#1: alpha: - , ETRm: - , Ik: -   ( beta: - 0.001, ETRmPot: 7.824 )   (Platt et al. 1980) ";""
"2025-01-17 09:23:40.159";"2025-01-17";"09:23:40";"REG2";"";"#1: alpha: 0.214, ETRm: 7.997, Ik: 37.334   (Jassby and Platt 1976) ";""
"2025-01-17 09:23:41.559";"2025-01-17";"09:23:41";"FO";"172";"639";"2427";"0";"0.737";"0.0";"-";"-";"639";"2427";"0.737"
"2025-01-17 09:24:11.546";"2025-01-17";"09:24:11";"F";"173";"1224";"2339";"25";"0.477";"5.0";"633";"0.038";"639";"2427";"0.737"
"2025-01-17 09:24:41.543";"2025-01-17";"09:24:41";"F";"174";"1490";"2288";"45";"0.349";"6.6";"629";"0.061";"639";"2427";"0.737"
"2025-01-17 09:25:11.534";"2025-01-17";"09:25:11";"F";"175";"1644";"2223";"65";"0.260";"7.1";"624";"0.092";"639";"2427";"0.737"
"2025-01-17 09:25:41.522";"2025-01-17";"09:25:41";"F";"176";"1707";"2129";"90";"0.198";"7.5";"616";"0.140";"639";"2427";"0.737"
"2025-01-17 09:26:11.509";"2025-01-17";"09:26:11";"F";"177";"1720";"2024";"125";"0.150";"7.9";"607";"0.199";"639";"2427";"0.737"
"2025-01-17 09:26:41.496";"2025-01-17";"09:26:41";"F";"178";"1707";"1902";"190";"0.103";"8.2";"596";"0.276";"639";"2427";"0.737"
"2025-01-17 09:27:11.484";"2025-01-17";"09:27:11";"F";"179";"1642";"1765";"285";"0.070";"8.4";"582";"0.375";"639";"2427";"0.737"
"2025-01-17 09:27:41.477";"2025-01-17";"09:27:41";"F";"180";"1543";"1617";"420";"0.046";"8.1";"565";"0.501";"639";"2427";"0.737"
"2025-01-17 09:27:45.123";"2025-01-17";"09:27:45";"SLCE";"";"Light Curve end ";""
"2025-01-17 09:28:06.452";"2025-01-17";"09:28:06";"SLCS";"";"Light Curve start ";"h45"
"2025-01-17 09:28:06.452";"2025-01-17";"09:28:06";"REG1";"";"#1: alpha: - , ETRm: - , Ik: -   ( beta: - 0.512, ETRmPot: - 6.563 )   (Platt et al. 1980) ";""
"2025-01-17 09:28:06.452";"2025-01-17";"09:28:06";"REG2";"";"#1: alpha: 0.418, ETRm: 5.674, Ik: 13.567   (Jassby and Platt 1976) ";""
"2025-01-17 09:28:07.859";"2025-01-17";"09:28:07";"FO";"181";"207";"653";"0";"0.683";"0.0";"-";"-";"207";"653";"0.683"
"2025-01-17 09:28:37.839";"2025-01-17";"09:28:37";"F";"182";"246";"495";"25";"0.503";"5.3";"188";"0.319";"207";"653";"0.683"
"2025-01-17 09:29:07.830";"2025-01-17";"09:29:07";"F";"183";"257";"394";"45";"0.348";"6.6";"171";"0.657";"207";"653";"0.683"
"2025-01-17 09:29:37.818";"2025-01-17";"09:29:37";"F";"184";"258";"336";"65";"0.232";"6.3";"159";"0.943";"207";"653";"0.683"
"2025-01-17 09:30:07.831";"2025-01-17";"09:30:07";"F";"185";"263";"312";"90";"0.157";"5.9";"154";"1.093";"207";"653";"0.683"
"2025-01-17 09:30:37.825";"2025-01-17";"09:30:37";"F";"186";"267";"301";"125";"0.113";"5.9";"151";"1.169";"207";"653";"0.683"
"2025-01-17 09:31:07.805";"2025-01-17";"09:31:07";"F";"187";"272";"291";"190";"0.065";"5.2";"148";"1.244";"207";"653";"0.683"
"2025-01-17 09:31:37.801";"2025-01-17";"09:31:37";"F";"188";"276";"288";"285";"0.042";"5.0";"148";"1.267";"207";"653";"0.683"
"2025-01-17 09:32:07.791";"2025-01-17";"09:32:07";"F";"189";"278";"286";"420";"0.028";"4.9";"147";"1.283";"207";"653";"0.683"
"2025-01-17 09:32:11.580";"2025-01-17";"09:32:11";"SLCE";"";"Light Curve end ";""
"2025-01-17 09:32:45.528";"2025-01-17";"09:32:45";"SLCS";"";"Light Curve start ";"u45"
"2025-01-17 09:32:45.528";"2025-01-17";"09:32:45";"REG1";"";"#1: alpha: 0.266, ETRm: 7.890, Ik: 29.642   ( beta: 0.002, ETRmPot: 8.281 )   (Platt et al. 1980) ";""
"2025-01-17 09:32:45.528";"2025-01-17";"09:32:45";"REG2";"";"#1: alpha: 0.206, ETRm: 7.674, Ik: 37.317   (Jassby and Platt 1976) ";""
"2025-01-17 09:32:46.912";"2025-01-17";"09:32:46";"FO";"190";"685";"2720";"0";"0.748";"0.0";"-";"-";"685";"2720";"0.748"
"2025-01-17 09:33:16.911";"2025-01-17";"09:33:16";"F";"191";"1386";"2511";"25";"0.448";"4.7";"671";"0.083";"685";"2720";"0.748"
"2025-01-17 09:33:46.900";"2025-01-17";"09:33:46";"F";"192";"1612";"2423";"45";"0.335";"6.3";"664";"0.123";"685";"2720";"0.748"
"2025-01-17 09:34:16.887";"2025-01-17";"09:34:16";"F";"193";"1758";"2359";"65";"0.255";"7.0";"660";"0.153";"685";"2720";"0.748"
"2025-01-17 09:34:46.876";"2025-01-17";"09:34:46";"F";"194";"1827";"2272";"90";"0.196";"7.4";"653";"0.197";"685";"2720";"0.748"
"2025-01-17 09:35:16.861";"2025-01-17";"09:35:16";"F";"195";"1849";"2171";"125";"0.148";"7.8";"644";"0.253";"685";"2720";"0.748"
"2025-01-17 09:35:46.848";"2025-01-17";"09:35:46";"F";"196";"1853";"2063";"190";"0.102";"8.1";"634";"0.318";"685";"2720";"0.748"
"2025-01-17 09:36:16.844";"2025-01-17";"09:36:16";"F";"197";"1817";"1946";"285";"0.066";"7.9";"623";"0.398";"685";"2720";"0.748"
"2025-01-17 09:36:46.827";"2025-01-17";"09:36:46";"F";"198";"1760";"1835";"420";"0.041";"7.2";"611";"0.482";"685";"2720";"0.748"
"2025-01-17 09:36:50.621";"2025-01-17";"09:36:50";"SLCE";"";"Light Curve end ";""
"2025-01-17 09:37:04.543";"2025-01-17";"09:37:04";"SLCS";"";"Light Curve start ";"h46"
"2025-01-17 09:37:04.543";"2025-01-17";"09:37:04";"REG1";"";"#1: alpha: - , ETRm: - , Ik: -   ( beta: - 0.002, ETRmPot: 6.795 )   (Platt et al. 1980) ";""
"2025-01-17 09:37:04.543";"2025-01-17";"09:37:04";"REG2";"";"#1: alpha: 0.289, ETRm: 7.156, Ik: 24.730   (Jassby and Platt 1976) ";""
"2025-01-17 09:37:05.935";"2025-01-17";"09:37:05";"FO";"199";"231";"660";"0";"0.650";"0.0";"-";"-";"231";"660";"0.650"
"2025-01-17 09:37:35.934";"2025-01-17";"09:37:35";"F";"200";"269";"546";"25";"0.507";"5.3";"215";"0.209";"231";"660";"0.650"
"2025-01-17 09:38:05.913";"2025-01-17";"09:38:05";"F";"201";"286";"462";"45";"0.381";"7.2";"201";"0.429";"231";"660";"0.650"
"2025-01-17 09:38:35.912";"2025-01-17";"09:38:35";"F";"202";"288";"390";"65";"0.262";"7.2";"186";"0.692";"231";"660";"0.650"
"2025-01-17 09:39:05.894";"2025-01-17";"09:39:05";"F";"203";"289";"351";"90";"0.177";"6.7";"177";"0.880";"231";"660";"0.650"
"2025-01-17 09:39:35.888";"2025-01-17";"09:39:35";"F";"204";"292";"334";"125";"0.126";"6.6";"172";"0.976";"231";"660";"0.650"
"2025-01-17 09:40:05.897";"2025-01-17";"09:40:05";"F";"205";"296";"325";"190";"0.089";"7.1";"170";"1.031";"231";"660";"0.650"
"2025-01-17 09:40:35.887";"2025-01-17";"09:40:35";"F";"206";"299";"318";"285";"0.060";"7.2";"168";"1.075";"231";"660";"0.650"
"2025-01-17 09:41:05.871";"2025-01-17";"09:41:05";"F";"207";"301";"315";"420";"0.044";"7.8";"167";"1.095";"231";"660";"0.650"
"2025-01-17 09:41:09.810";"2025-01-17";"09:41:09";"SLCE";"";"Light Curve end ";""
"2025-01-17 09:41:21.474";"2025-01-17";"09:41:21";"SLCS";"";"Light Curve start ";"u46"
"2025-01-17 09:41:21.474";"2025-01-17";"09:41:21";"REG1";"";"#1: alpha: 0.293, ETRm: 9.371, Ik: 32.021   ( beta: 0.001, ETRmPot: 9.537 )   (Platt et al. 1980) ";""
"2025-01-17 09:41:21.474";"2025-01-17";"09:41:21";"REG2";"";"#1: alpha: 0.217, ETRm: 9.235, Ik: 42.514   (Jassby and Platt 1976) ";""
"2025-01-17 09:41:22.865";"2025-01-17";"09:41:22";"FO";"208";"558";"2331";"0";"0.761";"0.0";"-";"-";"558";"2331";"0.761"
"2025-01-17 09:41:52.856";"2025-01-17";"09:41:52";"F";"209";"1161";"2301";"25";"0.495";"5.2";"556";"0.013";"558";"2331";"0.761"
"2025-01-17 09:42:22.842";"2025-01-17";"09:42:22";"F";"210";"1379";"2224";"45";"0.380";"7.2";"552";"0.048";"558";"2331";"0.761"
"2025-01-17 09:42:52.829";"2025-01-17";"09:42:52";"F";"211";"1502";"2131";"65";"0.295";"8.1";"546";"0.094";"558";"2331";"0.761"
"2025-01-17 09:43:22.816";"2025-01-17";"09:43:22";"F";"212";"1558";"2021";"90";"0.229";"8.7";"538";"0.153";"558";"2331";"0.761"
"2025-01-17 09:43:52.813";"2025-01-17";"09:43:52";"F";"213";"1561";"1890";"125";"0.174";"9.1";"528";"0.233";"558";"2331";"0.761"
"2025-01-17 09:44:22.802";"2025-01-17";"09:44:22";"F";"214";"1545";"1753";"190";"0.119";"9.5";"517";"0.330";"558";"2331";"0.761"
"2025-01-17 09:44:52.789";"2025-01-17";"09:44:52";"F";"215";"1487";"1618";"285";"0.081";"9.7";"505";"0.441";"558";"2331";"0.761"
"2025-01-17 09:45:22.772";"2025-01-17";"09:45:22";"F";"216";"1406";"1482";"420";"0.051";"9.0";"491";"0.573";"558";"2331";"0.761"
"2025-01-17 09:45:26.249";"2025-01-17";"09:45:26";"SLCE";"";"Light Curve end ";""
"2025-01-17 09:45:42.986";"2025-01-17";"09:45:42";"SLCS";"";"Light Curve start ";"h27"
"2025-01-17 09:45:42.986";"2025-01-17";"09:45:42";"REG1";"";"#1: alpha: 0.388, ETRm: 7.881, Ik: 20.288   ( beta: 0.001, ETRmPot: 8.070 )   (Platt et al. 1980) ";""
"2025-01-17 09:45:42.986";"2025-01-17";"09:45:42";"REG2";"";"#1: alpha: 0.273, ETRm: 7.771, Ik: 28.497   (Jassby and Platt 1976) ";""
"2025-01-17 09:45:44.391";"2025-01-17";"09:45:44";"FO";"217";"256";"643";"0";"0.602";"0.0";"-";"-";"256";"643";"0.602"
"2025-01-17 09:46:14.378";"2025-01-17";"09:46:14";"F";"218";"286";"568";"25";"0.496";"5.2";"243";"0.132";"256";"643";"0.602"
"2025-01-17 09:46:44.362";"2025-01-17";"09:46:44";"F";"219";"322";"528";"45";"0.390";"7.4";"236";"0.218";"256";"643";"0.602"
"2025-01-17 09:47:14.354";"2025-01-17";"09:47:14";"F";"220";"310";"443";"65";"0.300";"8.2";"217";"0.451";"256";"643";"0.602"
"2025-01-17 09:47:44.336";"2025-01-17";"09:47:44";"F";"221";"311";"393";"90";"0.209";"7.9";"204";"0.636";"256";"643";"0.602"
"2025-01-17 09:48:14.335";"2025-01-17";"09:48:14";"F";"222";"316";"369";"125";"0.144";"7.6";"198";"0.743";"256";"643";"0.602"
"2025-01-17 09:48:44.324";"2025-01-17";"09:48:44";"F";"223";"321";"354";"190";"0.093";"7.4";"193";"0.816";"256";"643";"0.602"
"2025-01-17 09:49:14.315";"2025-01-17";"09:49:14";"F";"224";"326";"348";"285";"0.063";"7.5";"191";"0.848";"256";"643";"0.602"
"2025-01-17 09:49:44.295";"2025-01-17";"09:49:44";"F";"225";"329";"344";"420";"0.044";"7.8";"190";"0.869";"256";"643";"0.602"
"2025-01-17 09:49:48.006";"2025-01-17";"09:49:48";"SLCE";"";"Light Curve end ";""
"2025-01-17 09:50:47.306";"2025-01-17";"09:50:47";"SLCS";"";"Light Curve start ";"u27"
"2025-01-17 09:50:47.306";"2025-01-17";"09:50:47";"REG1";"";"#1: alpha: - , ETRm: - , Ik: -   ( beta: 0.000, ETRmPot: 7.485 )   (Platt et al. 1980) ";""
"2025-01-17 09:50:47.306";"2025-01-17";"09:50:47";"REG2";"";"#1: alpha: 0.186, ETRm: 7.470, Ik: 40.179   (Jassby and Platt 1976) ";""
"2025-01-17 09:50:48.703";"2025-01-17";"09:50:48";"FO";"226";"728";"2603";"0";"0.720";"0.0";"-";"-";"728";"2603";"0.720"
"2025-01-17 09:51:18.693";"2025-01-17";"09:51:18";"F";"227";"1383";"2394";"25";"0.422";"4.4";"711";"0.087";"728";"2603";"0.720"
"2025-01-17 09:51:48.690";"2025-01-17";"09:51:48";"F";"228";"1583";"2315";"45";"0.316";"6.0";"704";"0.124";"728";"2603";"0.720"
"2025-01-17 09:52:18.670";"2025-01-17";"09:52:18";"F";"229";"1731";"2286";"65";"0.243";"6.6";"701";"0.139";"728";"2603";"0.720"
"2025-01-17 09:52:48.667";"2025-01-17";"09:52:48";"F";"230";"1815";"2227";"90";"0.185";"7.0";"695";"0.169";"728";"2603";"0.720"
"2025-01-17 09:53:18.651";"2025-01-17";"09:53:18";"F";"231";"1848";"2147";"125";"0.139";"7.3";"687";"0.212";"728";"2603";"0.720"
"2025-01-17 09:53:48.645";"2025-01-17";"09:53:48";"F";"232";"1845";"2041";"190";"0.096";"7.7";"676";"0.275";"728";"2603";"0.720"
"2025-01-17 09:54:18.629";"2025-01-17";"09:54:18";"F";"233";"1790";"1917";"285";"0.066";"7.9";"662";"0.358";"728";"2603";"0.720"
"2025-01-17 09:54:48.621";"2025-01-17";"09:54:48";"F";"234";"1697";"1772";"420";"0.042";"7.4";"644";"0.469";"728";"2603";"0.720"
"2025-01-17 09:54:52.576";"2025-01-17";"09:54:52";"SLCE";"";"Light Curve end ";""
"2025-01-17 09:55:09.154";"2025-01-17";"09:55:09";"SLCS";"";"Light Curve start ";"h28"
"2025-01-17 09:55:09.154";"2025-01-17";"09:55:09";"REG1";"";"#1: alpha: - , ETRm: - , Ik: -   ( beta: - 0.002, ETRmPot: 5.927 )   (Platt et al. 1980) ";""
"2025-01-17 09:55:09.154";"2025-01-17";"09:55:09";"REG2";"";"#1: alpha: 0.231, ETRm: 6.304, Ik: 27.245   (Jassby and Platt 1976) ";""
"2025-01-17 09:55:10.547";"2025-01-17";"09:55:10";"FO";"235";"208";"514";"0";"0.595";"0.0";"-";"-";"208";"514";"0.595"
"2025-01-17 09:55:40.543";"2025-01-17";"09:55:40";"F";"236";"231";"397";"25";"0.418";"4.4";"186";"0.295";"208";"514";"0.595"
"2025-01-17 09:56:10.524";"2025-01-17";"09:56:10";"F";"237";"239";"353";"45";"0.323";"6.1";"176";"0.456";"208";"514";"0.595"
"2025-01-17 09:56:40.521";"2025-01-17";"09:56:40";"F";"238";"243";"319";"65";"0.238";"6.5";"167";"0.611";"208";"514";"0.595"
"2025-01-17 09:57:10.512";"2025-01-17";"09:57:10";"F";"239";"247";"294";"90";"0.160";"6.0";"160";"0.748";"208";"514";"0.595"
"2025-01-17 09:57:40.500";"2025-01-17";"09:57:40";"F";"240";"251";"284";"125";"0.116";"6.1";"157";"0.810";"208";"514";"0.595"
"2025-01-17 09:58:10.490";"2025-01-17";"09:58:10";"F";"241";"256";"276";"190";"0.072";"5.7";"154";"0.862";"208";"514";"0.595"
"2025-01-17 09:58:40.479";"2025-01-17";"09:58:40";"F";"242";"258";"272";"285";"0.051";"6.1";"153";"0.890";"208";"514";"0.595"
"2025-01-17 09:59:10.467";"2025-01-17";"09:59:10";"F";"243";"258";"269";"420";"0.041";"7.2";"152";"0.911";"208";"514";"0.595"
"2025-01-17 09:59:13.559";"2025-01-17";"09:59:13";"SLCE";"";"Light Curve end ";""
"2025-01-17 09:59:35.938";"2025-01-17";"09:59:35";"SLCS";"";"Light Curve start ";"u28"
"2025-01-17 09:59:35.938";"2025-01-17";"09:59:35";"REG1";"";"#1: alpha: - , ETRm: - , Ik: -   ( beta: - 0.001, ETRmPot: 9.038 )   (Platt et al. 1980) ";""
"2025-01-17 09:59:35.938";"2025-01-17";"09:59:35";"REG2";"";"#1: alpha: 0.237, ETRm: 9.120, Ik: 38.506   (Jassby and Platt 1976) ";""
"2025-01-17 09:59:37.337";"2025-01-17";"09:59:37";"FO";"244";"498";"1964";"0";"0.746";"0.0";"-";"-";"498";"1964";"0.746"
"2025-01-17 10:00:07.338";"2025-01-17";"10:00:07";"F";"245";"905";"1866";"25";"0.515";"5.4";"491";"0.053";"498";"1964";"0.746"
"2025-01-17 10:00:37.326";"2025-01-17";"10:00:37";"F";"246";"1107";"1842";"45";"0.399";"7.5";"490";"0.066";"498";"1964";"0.746"
"2025-01-17 10:01:07.324";"2025-01-17";"10:01:07";"F";"247";"1264";"1817";"65";"0.304";"8.3";"488";"0.081";"498";"1964";"0.746"
"2025-01-17 10:01:37.309";"2025-01-17";"10:01:37";"F";"248";"1367";"1771";"90";"0.228";"8.6";"485";"0.109";"498";"1964";"0.746"
"2025-01-17 10:02:07.302";"2025-01-17";"10:02:07";"F";"249";"1417";"1710";"125";"0.171";"9.0";"480";"0.149";"498";"1964";"0.746"
"2025-01-17 10:02:37.292";"2025-01-17";"10:02:37";"F";"250";"1453";"1643";"190";"0.116";"9.3";"474";"0.195";"498";"1964";"0.746"
"2025-01-17 10:03:07.273";"2025-01-17";"10:03:07";"F";"251";"1458";"1582";"285";"0.078";"9.3";"469";"0.241";"498";"1964";"0.746"
"2025-01-17 10:03:37.264";"2025-01-17";"10:03:37";"F";"252";"1442";"1523";"420";"0.053";"9.3";"464";"0.290";"498";"1964";"0.746"
"2025-01-17 10:03:40.945";"2025-01-17";"10:03:40";"SLCE";"";"Light Curve end ";""
"2025-01-17 10:04:05.710";"2025-01-17";"10:04:05";"SLCS";"";"Light Curve start ";"h25"
"2025-01-17 10:04:05.710";"2025-01-17";"10:04:05";"REG1";"";"#1: alpha: - , ETRm: - , Ik: -   ( beta: - 0.002, ETRmPot: 7.132 )   (Platt et al. 1980) ";""
"2025-01-17 10:04:05.710";"2025-01-17";"10:04:05";"REG2";"";"#1: alpha: 0.230, ETRm: 7.601, Ik: 33.115   (Jassby and Platt 1976) ";""
"2025-01-17 10:04:07.108";"2025-01-17";"10:04:07";"FO";"253";"261";"689";"0";"0.621";"0.0";"-";"-";"261";"689";"0.621"
"2025-01-17 10:04:37.096";"2025-01-17";"10:04:37";"F";"254";"297";"525";"25";"0.434";"4.6";"233";"0.312";"261";"689";"0.621"
"2025-01-17 10:05:07.086";"2025-01-17";"10:05:07";"F";"255";"312";"498";"45";"0.373";"7.0";"228";"0.384";"261";"689";"0.621"
"2025-01-17 10:05:37.068";"2025-01-17";"10:05:37";"F";"256";"314";"434";"65";"0.276";"7.5";"213";"0.588";"261";"689";"0.621"
"2025-01-17 10:06:07.067";"2025-01-17";"10:06:07";"F";"257";"313";"385";"90";"0.187";"7.1";"201";"0.790";"261";"689";"0.621"
"2025-01-17 10:06:37.056";"2025-01-17";"10:06:37";"F";"258";"317";"367";"125";"0.136";"7.1";"196";"0.877";"261";"689";"0.621"
"2025-01-17 10:07:07.042";"2025-01-17";"10:07:07";"F";"259";"323";"354";"190";"0.088";"7.0";"192";"0.946";"261";"689";"0.621"
"2025-01-17 10:07:37.033";"2025-01-17";"10:07:37";"F";"260";"324";"348";"285";"0.069";"8.3";"190";"0.980";"261";"689";"0.621"
"2025-01-17 10:08:07.021";"2025-01-17";"10:08:07";"F";"261";"311";"326";"420";"0.046";"8.1";"184";"1.113";"261";"689";"0.621"
"2025-01-17 10:08:10.984";"2025-01-17";"10:08:10";"SLCE";"";"Light Curve end ";""
"2025-01-17 10:08:27.956";"2025-01-17";"10:08:27";"SLCS";"";"Light Curve start ";"u25"
"2025-01-17 10:08:27.956";"2025-01-17";"10:08:27";"REG1";"";"#1: alpha: - , ETRm: - , Ik: -   ( beta: - 0.001, ETRmPot: 9.311 )   (Platt et al. 1980) ";""
"2025-01-17 10:08:27.956";"2025-01-17";"10:08:27";"REG2";"";"#1: alpha: 0.181, ETRm: 9.555, Ik: 52.914   (Jassby and Platt 1976) ";""
"2025-01-17 10:08:29.345";"2025-01-17";"10:08:29";"FO";"262";"548";"2436";"0";"0.775";"0.0";"-";"-";"548";"2436";"0.775"
"2025-01-17 10:08:59.342";"2025-01-17";"10:08:59";"F";"263";"1206";"2229";"25";"0.459";"4.8";"537";"0.093";"548";"2436";"0.775"
"2025-01-17 10:09:29.330";"2025-01-17";"10:09:29";"F";"264";"1401";"2176";"45";"0.356";"6.7";"534";"0.119";"548";"2436";"0.775"
"2025-01-17 10:09:59.333";"2025-01-17";"10:09:59";"F";"265";"1531";"2128";"65";"0.281";"7.7";"531";"0.145";"548";"2436";"0.775"
"2025-01-17 10:10:29.321";"2025-01-17";"10:10:29";"F";"266";"1595";"2049";"90";"0.222";"8.4";"526";"0.189";"548";"2436";"0.775"
"2025-01-17 10:10:59.311";"2025-01-17";"10:10:59";"F";"267";"1624";"1961";"125";"0.172";"9.0";"520";"0.242";"548";"2436";"0.775"
"2025-01-17 10:11:29.306";"2025-01-17";"10:11:29";"F";"268";"1629";"1856";"190";"0.122";"9.7";"512";"0.313";"548";"2436";"0.775"
"2025-01-17 10:11:59.298";"2025-01-17";"10:11:59";"F";"269";"1589";"1735";"285";"0.084";"10.1";"502";"0.404";"548";"2436";"0.775"
"2025-01-17 10:12:29.287";"2025-01-17";"10:12:29";"F";"270";"1508";"1596";"420";"0.055";"9.7";"490";"0.526";"548";"2436";"0.775"
"2025-01-17 10:12:32.796";"2025-01-17";"10:12:32";"SLCE";"";"Light Curve end ";""
"2025-01-17 10:12:54.964";"2025-01-17";"10:12:54";"SLCS";"";"Light Curve start ";"h26"
"2025-01-17 10:12:54.964";"2025-01-17";"10:12:54";"REG1";"";"#1: alpha: - , ETRm: - , Ik: -   ( beta: - 0.002, ETRmPot: 7.664 )   (Platt et al. 1980) ";""
"2025-01-17 10:12:54.964";"2025-01-17";"10:12:54";"REG2";"";"#1: alpha: 0.211, ETRm: 8.027, Ik: 38.120   (Jassby and Platt 1976) ";""
"2025-01-17 10:12:56.364";"2025-01-17";"10:12:56";"FO";"271";"155";"379";"0";"0.591";"0.0";"-";"-";"155";"379";"0.591"
"2025-01-17 10:13:26.355";"2025-01-17";"10:13:26";"F";"272";"163";"280";"25";"0.418";"4.4";"135";"0.354";"155";"379";"0.591"
"2025-01-17 10:13:56.335";"2025-01-17";"10:13:56";"F";"273";"167";"264";"45";"0.367";"6.9";"132";"0.436";"155";"379";"0.591"
"2025-01-17 10:14:26.333";"2025-01-17";"10:14:26";"F";"274";"165";"230";"65";"0.283";"7.7";"123";"0.648";"155";"379";"0.591"
"2025-01-17 10:14:56.323";"2025-01-17";"10:14:56";"F";"275";"162";"203";"90";"0.202";"7.6";"114";"0.867";"155";"379";"0.591"
"2025-01-17 10:15:26.310";"2025-01-17";"10:15:26";"F";"276";"163";"189";"125";"0.138";"7.2";"110";"1.005";"155";"379";"0.591"
"2025-01-17 10:15:56.300";"2025-01-17";"10:15:56";"F";"277";"164";"182";"190";"0.099";"7.9";"107";"1.082";"155";"379";"0.591"
"2025-01-17 10:16:26.283";"2025-01-17";"10:16:26";"F";"278";"164";"177";"285";"0.073";"8.7";"106";"1.141";"155";"379";"0.591"
"2025-01-17 10:16:56.272";"2025-01-17";"10:16:56";"F";"279";"164";"172";"420";"0.047";"8.3";"104";"1.203";"155";"379";"0.591"
"2025-01-17 10:17:00.037";"2025-01-17";"10:17:00";"SLCE";"";"Light Curve end ";""
"2025-01-17 10:17:32.988";"2025-01-17";"10:17:32";"SLCS";"";"Light Curve start ";"u26"
"2025-01-17 10:17:32.988";"2025-01-17";"10:17:32";"REG1";"";"#1: alpha: 0.242, ETRm: 8.970, Ik: 37.050   ( beta: 0.000, ETRmPot: 9.091 )   (Platt et al. 1980) ";""
"2025-01-17 10:17:32.988";"2025-01-17";"10:17:32";"REG2";"";"#1: alpha: 0.179, ETRm: 8.846, Ik: 49.293   (Jassby and Platt 1976) ";""
"2025-01-17 10:17:34.395";"2025-01-17";"10:17:34";"FO";"280";"618";"2621";"0";"0.764";"0.0";"-";"-";"618";"2621";"0.764"
"2025-01-17 10:18:04.383";"2025-01-17";"10:18:04";"F";"281";"1344";"2333";"25";"0.424";"4.5";"601";"0.123";"618";"2621";"0.764"
"2025-01-17 10:18:34.368";"2025-01-17";"10:18:34";"F";"282";"1473";"2228";"45";"0.339";"6.4";"593";"0.176";"618";"2621";"0.764"
"2025-01-17 10:19:04.365";"2025-01-17";"10:19:04";"F";"283";"1605";"2206";"65";"0.272";"7.4";"592";"0.188";"618";"2621";"0.764"
"2025-01-17 10:19:34.354";"2025-01-17";"10:19:34";"F";"284";"1695";"2155";"90";"0.213";"8.1";"588";"0.216";"618";"2621";"0.764"
"2025-01-17 10:20:04.358";"2025-01-17";"10:20:04";"F";"285";"1733";"2071";"125";"0.163";"8.6";"582";"0.266";"618";"2621";"0.764"
"2025-01-17 10:20:34.352";"2025-01-17";"10:20:34";"F";"286";"1740";"1963";"190";"0.114";"9.1";"573";"0.335";"618";"2621";"0.764"
"2025-01-17 10:21:04.334";"2025-01-17";"10:21:04";"F";"287";"1695";"1834";"285";"0.076";"9.1";"561";"0.429";"618";"2621";"0.764"
"2025-01-17 10:21:34.330";"2025-01-17";"10:21:34";"F";"288";"1612";"1697";"420";"0.050";"8.8";"548";"0.544";"618";"2621";"0.764"
"2025-01-17 10:21:37.471";"2025-01-17";"10:21:37";"SLCE";"";"Light Curve end ";""
"2025-01-17 10:21:56.780";"2025-01-17";"10:21:56";"SLCS";"";"Light Curve start ";"h31"
"2025-01-17 10:21:56.780";"2025-01-17";"10:21:56";"REG1";"";"#1: alpha: - , ETRm: - , Ik: -   ( beta: - 0.005, ETRmPot: 5.172 )   (Platt et al. 1980) ";""
"2025-01-17 10:21:56.780";"2025-01-17";"10:21:56";"REG2";"";"#1: alpha: 0.202, ETRm: 6.191, Ik: 30.630   (Jassby and Platt 1976) ";""
"2025-01-17 10:21:58.173";"2025-01-17";"10:21:58";"FO";"289";"272";"720";"0";"0.622";"0.0";"-";"-";"272";"720";"0.622"
"2025-01-17 10:22:28.169";"2025-01-17";"10:22:28";"F";"290";"303";"514";"25";"0.411";"4.3";"236";"0.401";"272";"720";"0.622"
"2025-01-17 10:22:58.157";"2025-01-17";"10:22:58";"F";"291";"313";"450";"45";"0.304";"5.7";"222";"0.600";"272";"720";"0.622"
"2025-01-17 10:23:28.147";"2025-01-17";"10:23:28";"F";"292";"318";"397";"65";"0.199";"5.4";"208";"0.814";"272";"720";"0.622"
"2025-01-17 10:23:58.138";"2025-01-17";"10:23:58";"F";"293";"322";"377";"90";"0.146";"5.5";"202";"0.910";"272";"720";"0.622"
"2025-01-17 10:24:28.127";"2025-01-17";"10:24:28";"F";"294";"327";"367";"125";"0.109";"5.7";"200";"0.962";"272";"720";"0.622"
"2025-01-17 10:24:58.108";"2025-01-17";"10:24:58";"F";"295";"331";"358";"190";"0.075";"6.0";"197";"1.011";"272";"720";"0.622"
"2025-01-17 10:25:28.102";"2025-01-17";"10:25:28";"F";"296";"333";"352";"285";"0.054";"6.5";"195";"1.045";"272";"720";"0.622"
"2025-01-17 10:25:58.090";"2025-01-17";"10:25:58";"F";"297";"334";"349";"420";"0.043";"7.6";"194";"1.063";"272";"720";"0.622"
"2025-01-17 10:26:01.138";"2025-01-17";"10:26:01";"SLCE";"";"Light Curve end ";""
"2025-01-17 10:26:19.408";"2025-01-17";"10:26:19";"SLCS";"";"Light Curve start ";"u31"
"2025-01-17 10:26:19.408";"2025-01-17";"10:26:19";"REG1";"";"#1: alpha: - , ETRm: - , Ik: -   ( beta: - 0.001, ETRmPot: 7.979 )   (Platt et al. 1980) ";""
"2025-01-17 10:26:19.408";"2025-01-17";"10:26:19";"REG2";"";"#1: alpha: 0.179, ETRm: 8.100, Ik: 45.270   (Jassby and Platt 1976) ";""
"2025-01-17 10:26:20.801";"2025-01-17";"10:26:20";"FO";"298";"632";"2545";"0";"0.752";"0.0";"-";"-";"632";"2545";"0.752"
"2025-01-17 10:26:50.792";"2025-01-17";"10:26:50";"F";"299";"1310";"2238";"25";"0.415";"4.4";"611";"0.137";"632";"2545";"0.752"
"2025-01-17 10:27:20.781";"2025-01-17";"10:27:20";"F";"300";"1450";"2137";"45";"0.321";"6.1";"603";"0.191";"632";"2545";"0.752"
"2025-01-17 10:27:50.767";"2025-01-17";"10:27:50";"F";"301";"1578";"2128";"65";"0.258";"7.0";"603";"0.196";"632";"2545";"0.752"
"2025-01-17 10:28:20.753";"2025-01-17";"10:28:20";"F";"302";"1693";"2113";"90";"0.199";"7.5";"601";"0.204";"632";"2545";"0.752"
"2025-01-17 10:28:50.750";"2025-01-17";"10:28:50";"F";"303";"1743";"2051";"125";"0.150";"7.9";"596";"0.241";"632";"2545";"0.752"
"2025-01-17 10:29:20.738";"2025-01-17";"10:29:20";"F";"304";"1751";"1951";"190";"0.103";"8.2";"588";"0.304";"632";"2545";"0.752"
"2025-01-17 10:29:50.721";"2025-01-17";"10:29:50";"F";"305";"1704";"1830";"285";"0.069";"8.3";"576";"0.391";"632";"2545";"0.752"
"2025-01-17 10:30:20.735";"2025-01-17";"10:30:20";"F";"306";"1618";"1698";"420";"0.047";"8.3";"562";"0.499";"632";"2545";"0.752"
"2025-01-17 10:30:23.905";"2025-01-17";"10:30:23";"SLCE";"";"Light Curve end ";""
"2025-01-17 10:30:40.354";"2025-01-17";"10:30:40";"SLCS";"";"Light Curve start ";"h32"
"2025-01-17 10:30:40.354";"2025-01-17";"10:30:40";"REG1";"";"#1: alpha: - , ETRm: - , Ik: -   ( beta: - 0.005, ETRmPot: 6.527 )   (Platt et al. 1980) ";""
"2025-01-17 10:30:40.354";"2025-01-17";"10:30:40";"REG2";"";"#1: alpha: 0.150, ETRm: 7.787, Ik: 51.844   (Jassby and Platt 1976) ";""
"2025-01-17 10:30:41.751";"2025-01-17";"10:30:41";"FO";"307";"190";"426";"0";"0.554";"0.0";"-";"-";"190";"426";"0.554"
"2025-01-17 10:31:11.743";"2025-01-17";"10:31:11";"F";"308";"216";"346";"25";"0.376";"3.9";"172";"0.231";"190";"426";"0.554"
"2025-01-17 10:31:41.732";"2025-01-17";"10:31:41";"F";"309";"220";"315";"45";"0.302";"5.7";"164";"0.352";"190";"426";"0.554"
"2025-01-17 10:32:11.725";"2025-01-17";"10:32:11";"F";"310";"219";"286";"65";"0.234";"6.4";"156";"0.490";"190";"426";"0.554"
"2025-01-17 10:32:41.713";"2025-01-17";"10:32:41";"F";"311";"222";"269";"90";"0.175";"6.6";"151";"0.584";"190";"426";"0.554"
"2025-01-17 10:33:11.695";"2025-01-17";"10:33:11";"F";"312";"223";"258";"125";"0.136";"7.1";"147";"0.651";"190";"426";"0.554"
"2025-01-17 10:33:41.684";"2025-01-17";"10:33:41";"F";"313";"227";"250";"190";"0.092";"7.3";"145";"0.704";"190";"426";"0.554"
"2025-01-17 10:34:11.680";"2025-01-17";"10:34:11";"F";"314";"228";"245";"285";"0.069";"8.3";"143";"0.739";"190";"426";"0.554"
"2025-01-17 10:34:41.666";"2025-01-17";"10:34:41";"F";"315";"228";"240";"420";"0.050";"8.8";"141";"0.775";"190";"426";"0.554"
"2025-01-17 10:34:44.799";"2025-01-17";"10:34:44";"SLCE";"";"Light Curve end ";""
"2025-01-17 10:35:03.114";"2025-01-17";"10:35:03";"SLCS";"";"Light Curve start ";"u32"
"2025-01-17 10:35:03.114";"2025-01-17";"10:35:03";"REG1";"";"#1: alpha: - , ETRm: - , Ik: -   ( beta: 0.000, ETRmPot: 9.256 )   (Platt et al. 1980) ";""
"2025-01-17 10:35:03.114";"2025-01-17";"10:35:03";"REG2";"";"#1: alpha: 0.223, ETRm: 9.262, Ik: 41.513   (Jassby and Platt 1976) ";""
"2025-01-17 10:35:04.501";"2025-01-17";"10:35:04";"FO";"316";"465";"1757";"0";"0.735";"0.0";"-";"-";"465";"1757";"0.735"
"2025-01-17 10:35:34.492";"2025-01-17";"10:35:34";"F";"317";"800";"1559";"25";"0.487";"5.1";"450";"0.127";"465";"1757";"0.735"
"2025-01-17 10:36:04.480";"2025-01-17";"10:36:04";"F";"318";"924";"1515";"45";"0.390";"7.4";"446";"0.160";"465";"1757";"0.735"
"2025-01-17 10:36:34.471";"2025-01-17";"10:36:34";"F";"319";"1067";"1537";"65";"0.306";"8.4";"448";"0.143";"465";"1757";"0.735"
"2025-01-17 10:37:04.461";"2025-01-17";"10:37:04";"F";"320";"1185";"1536";"90";"0.229";"8.7";"448";"0.144";"465";"1757";"0.735"
"2025-01-17 10:37:34.447";"2025-01-17";"10:37:34";"F";"321";"1235";"1490";"125";"0.171";"9.0";"444";"0.179";"465";"1757";"0.735"
"2025-01-17 10:38:04.436";"2025-01-17";"10:38:04";"F";"322";"1256";"1423";"190";"0.117";"9.3";"438";"0.235";"465";"1757";"0.735"
"2025-01-17 10:38:34.431";"2025-01-17";"10:38:34";"F";"323";"1243";"1353";"285";"0.081";"9.7";"431";"0.299";"465";"1757";"0.735"
"2025-01-17 10:39:04.421";"2025-01-17";"10:39:04";"F";"324";"1215";"1283";"420";"0.053";"9.3";"424";"0.369";"465";"1757";"0.735"
"2025-01-17 10:39:08.388";"2025-01-17";"10:39:08";"SLCE";"";"Light Curve end ";""
"2025-01-17 10:39:23.806";"2025-01-17";"10:39:23";"SLCS";"";"Light Curve start ";"h29"
"2025-01-17 10:39:23.806";"2025-01-17";"10:39:23";"REG1";"";"#1: alpha: - , ETRm: - , Ik: -   ( beta: - 0.007, ETRmPot: 6.756 )   (Platt et al. 1980) ";""
"2025-01-17 10:39:23.806";"2025-01-17";"10:39:23";"REG2";"";"#1: alpha: 0.169, ETRm: 8.684, Ik: 51.499   (Jassby and Platt 1976) ";""
"2025-01-17 10:39:25.223";"2025-01-17";"10:39:25";"FO";"325";"218";"524";"0";"0.584";"0.0";"-";"-";"218";"524";"0.584"
"2025-01-17 10:39:55.233";"2025-01-17";"10:39:55";"F";"326";"256";"473";"25";"0.459";"4.8";"209";"0.108";"218";"524";"0.584"
"2025-01-17 10:40:25.226";"2025-01-17";"10:40:25";"F";"327";"267";"404";"45";"0.339";"6.4";"194";"0.297";"218";"524";"0.584"
"2025-01-17 10:40:55.220";"2025-01-17";"10:40:55";"F";"328";"271";"363";"65";"0.253";"6.9";"184";"0.444";"218";"524";"0.584"
"2025-01-17 10:41:25.208";"2025-01-17";"10:41:25";"F";"329";"275";"340";"90";"0.191";"7.2";"178";"0.541";"218";"524";"0.584"
"2025-01-17 10:41:55.198";"2025-01-17";"10:41:55";"F";"330";"280";"325";"125";"0.138";"7.2";"174";"0.612";"218";"524";"0.584"
"2025-01-17 10:42:25.187";"2025-01-17";"10:42:25";"F";"331";"282";"314";"190";"0.102";"8.1";"171";"0.669";"218";"524";"0.584"
"2025-01-17 10:42:55.162";"2025-01-17";"10:42:55";"F";"332";"284";"310";"285";"0.084";"10.1";"169";"0.690";"218";"524";"0.584"
"2025-01-17 10:43:25.166";"2025-01-17";"10:43:25";"F";"333";"286";"303";"420";"0.056";"9.9";"167";"0.729";"218";"524";"0.584"
"2025-01-17 10:43:27.557";"2025-01-17";"10:43:27";"SLCE";"";"Light Curve end ";""
"2025-01-17 10:43:49.536";"2025-01-17";"10:43:49";"SLCS";"";"Light Curve start ";"u29"
"2025-01-17 10:43:49.536";"2025-01-17";"10:43:49";"REG1";"";"#1: alpha: - , ETRm: - , Ik: -   ( beta: - 0.001, ETRmPot: 7.323 )   (Platt et al. 1980) ";""
"2025-01-17 10:43:49.536";"2025-01-17";"10:43:49";"REG2";"";"#1: alpha: 0.203, ETRm: 7.400, Ik: 36.426   (Jassby and Platt 1976) ";""
"2025-01-17 10:43:50.942";"2025-01-17";"10:43:50";"FO";"334";"695";"2646";"0";"0.737";"0.0";"-";"-";"695";"2646";"0.737"
"2025-01-17 10:44:20.934";"2025-01-17";"10:44:20";"F";"335";"1386";"2499";"25";"0.445";"4.7";"684";"0.059";"695";"2646";"0.737"
"2025-01-17 10:44:50.916";"2025-01-17";"10:44:50";"F";"336";"1634";"2420";"45";"0.325";"6.1";"678";"0.093";"695";"2646";"0.737"
"2025-01-17 10:45:20.903";"2025-01-17";"10:45:20";"F";"337";"1781";"2361";"65";"0.246";"6.7";"674";"0.121";"695";"2646";"0.737"
"2025-01-17 10:45:50.896";"2025-01-17";"10:45:50";"F";"338";"1840";"2256";"90";"0.184";"7.0";"665";"0.173";"695";"2646";"0.737"
"2025-01-17 10:46:20.885";"2025-01-17";"10:46:20";"F";"339";"1835";"2132";"125";"0.139";"7.3";"654";"0.241";"695";"2646";"0.737"
"2025-01-17 10:46:50.880";"2025-01-17";"10:46:50";"F";"340";"1799";"1988";"190";"0.095";"7.6";"639";"0.331";"695";"2646";"0.737"
"2025-01-17 10:47:20.861";"2025-01-17";"10:47:20";"F";"341";"1722";"1842";"285";"0.065";"7.8";"624";"0.436";"695";"2646";"0.737"
"2025-01-17 10:47:50.859";"2025-01-17";"10:47:50";"F";"342";"1615";"1685";"420";"0.042";"7.4";"604";"0.570";"695";"2646";"0.737"
"2025-01-17 10:47:54.661";"2025-01-17";"10:47:54";"SLCE";"";"Light Curve end ";""
"2025-01-17 10:48:25.129";"2025-01-17";"10:48:25";"SLCS";"";"Light Curve start ";"h30"
"2025-01-17 10:48:25.129";"2025-01-17";"10:48:25";"REG1";"";"#1: alpha: - , ETRm: - , Ik: -   ( beta: - 0.002, ETRmPot: 7.616 )   (Platt et al. 1980) ";""
"2025-01-17 10:48:25.129";"2025-01-17";"10:48:25";"REG2";"";"#1: alpha: 0.196, ETRm: 7.913, Ik: 40.453   (Jassby and Platt 1976) ";""
"2025-01-17 10:48:26.538";"2025-01-17";"10:48:26";"FO";"343";"253";"576";"0";"0.561";"0.0";"-";"-";"253";"576";"0.561"
"2025-01-17 10:48:56.524";"2025-01-17";"10:48:56";"F";"344";"296";"506";"25";"0.415";"4.4";"239";"0.138";"253";"576";"0.561"
"2025-01-17 10:49:26.507";"2025-01-17";"10:49:26";"F";"345";"313";"476";"45";"0.342";"6.5";"232";"0.210";"253";"576";"0.561"
"2025-01-17 10:49:56.516";"2025-01-17";"10:49:56";"F";"346";"316";"430";"65";"0.265";"7.2";"220";"0.340";"253";"576";"0.561"
"2025-01-17 10:50:26.513";"2025-01-17";"10:50:26";"F";"347";"319";"396";"90";"0.194";"7.3";"211";"0.455";"253";"576";"0.561"
"2025-01-17 10:50:56.497";"2025-01-17";"10:50:56";"F";"348";"323";"378";"125";"0.146";"7.7";"206";"0.524";"253";"576";"0.561"
"2025-01-17 10:51:26.492";"2025-01-17";"10:51:26";"F";"349";"328";"364";"190";"0.099";"7.9";"201";"0.582";"253";"576";"0.561"
"2025-01-17 10:51:56.475";"2025-01-17";"10:51:56";"F";"350";"330";"354";"285";"0.068";"8.1";"198";"0.627";"253";"576";"0.561"
"2025-01-17 10:52:26.463";"2025-01-17";"10:52:26";"F";"351";"328";"344";"420";"0.047";"8.3";"195";"0.674";"253";"576";"0.561"
"2025-01-17 10:52:30.084";"2025-01-17";"10:52:30";"SLCE";"";"Light Curve end ";""
"2025-01-17 10:52:45.730";"2025-01-17";"10:52:45";"SLCS";"";"Light Curve start ";"u30"
"2025-01-17 10:52:45.730";"2025-01-17";"10:52:45";"REG1";"";"#1: alpha: - , ETRm: - , Ik: -   ( beta: - 0.001, ETRmPot: 7.550 )   (Platt et al. 1980) ";""
"2025-01-17 10:52:45.730";"2025-01-17";"10:52:45";"REG2";"";"#1: alpha: 0.188, ETRm: 7.670, Ik: 40.768   (Jassby and Platt 1976) ";""
"2025-01-17 10:52:47.120";"2025-01-17";"10:52:47";"FO";"352";"709";"2520";"0";"0.719";"0.0";"-";"-";"709";"2520";"0.719"
"2025-01-17 10:53:17.110";"2025-01-17";"10:53:17";"F";"353";"1267";"2172";"25";"0.417";"4.4";"678";"0.160";"709";"2520";"0.719"
"2025-01-17 10:53:47.096";"2025-01-17";"10:53:47";"F";"354";"1432";"2111";"45";"0.322";"6.1";"672";"0.194";"709";"2520";"0.719"
"2025-01-17 10:54:17.085";"2025-01-17";"10:54:17";"F";"355";"1566";"2096";"65";"0.253";"6.9";"671";"0.202";"709";"2520";"0.719"
"2025-01-17 10:54:47.077";"2025-01-17";"10:54:47";"F";"356";"1676";"2072";"90";"0.191";"7.2";"668";"0.216";"709";"2520";"0.719"
"2025-01-17 10:55:17.060";"2025-01-17";"10:55:17";"F";"357";"1717";"2005";"125";"0.144";"7.6";"661";"0.257";"709";"2520";"0.719"
"2025-01-17 10:55:47.055";"2025-01-17";"10:55:47";"F";"358";"1726";"1912";"190";"0.097";"7.7";"651";"0.318";"709";"2520";"0.719"
"2025-01-17 10:56:17.042";"2025-01-17";"10:56:17";"F";"359";"1694";"1811";"285";"0.065";"7.8";"639";"0.391";"709";"2520";"0.719"
"2025-01-17 10:56:47.031";"2025-01-17";"10:56:47";"F";"360";"1630";"1706";"420";"0.045";"7.9";"625";"0.477";"709";"2520";"0.719"
"2025-01-17 10:56:50.962";"2025-01-17";"10:56:50";"SLCE";"";"Light Curve end ";""
"2025-01-17 10:57:11.888";"2025-01-17";"10:57:11";"SLCS";"";"Light Curve start ";"h35"
"2025-01-17 10:57:11.888";"2025-01-17";"10:57:11";"REG1";"";"#1: alpha: - , ETRm: - , Ik: -   ( beta: - 0.003, ETRmPot: 9.024 )   (Platt et al. 1980) ";""
"2025-01-17 10:57:11.888";"2025-01-17";"10:57:11";"REG2";"";"#1: alpha: 0.183, ETRm: 9.631, Ik: 52.564   (Jassby and Platt 1976) ";""
"2025-01-17 10:57:13.281";"2025-01-17";"10:57:13";"FO";"361";"283";"694";"0";"0.592";"0.0";"-";"-";"283";"694";"0.592"
"2025-01-17 10:57:43.271";"2025-01-17";"10:57:43";"F";"362";"373";"658";"25";"0.433";"4.5";"277";"0.055";"283";"694";"0.592"
"2025-01-17 10:58:13.259";"2025-01-17";"10:58:13";"F";"363";"397";"630";"45";"0.370";"7.0";"272";"0.102";"283";"694";"0.592"
"2025-01-17 10:58:43.249";"2025-01-17";"10:58:43";"F";"364";"398";"560";"65";"0.289";"7.9";"258";"0.239";"283";"694";"0.592"
"2025-01-17 10:59:13.240";"2025-01-17";"10:59:13";"F";"365";"399";"514";"90";"0.224";"8.5";"248";"0.350";"283";"694";"0.592"
"2025-01-17 10:59:43.229";"2025-01-17";"10:59:43";"F";"366";"403";"486";"125";"0.171";"9.0";"241";"0.428";"283";"694";"0.592"
"2025-01-17 11:00:13.237";"2025-01-17";"11:00:13";"F";"367";"409";"465";"190";"0.120";"9.6";"236";"0.492";"283";"694";"0.592"
"2025-01-17 11:00:43.221";"2025-01-17";"11:00:43";"F";"368";"409";"446";"285";"0.083";"9.9";"231";"0.556";"283";"694";"0.592"
"2025-01-17 11:01:13.210";"2025-01-17";"11:01:13";"F";"369";"406";"431";"420";"0.058";"10.2";"227";"0.610";"283";"694";"0.592"
"2025-01-17 11:01:16.366";"2025-01-17";"11:01:16";"SLCE";"";"Light Curve end ";""
"2025-01-17 11:01:40.009";"2025-01-17";"11:01:40";"SLCS";"";"Light Curve start ";"u35"
"2025-01-17 11:01:40.009";"2025-01-17";"11:01:40";"REG1";"";"#1: alpha: 0.295, ETRm: 8.334, Ik: 28.255   ( beta: 0.000, ETRmPot: 8.425 )   (Platt et al. 1980) ";""
"2025-01-17 11:01:40.009";"2025-01-17";"11:01:40";"REG2";"";"#1: alpha: 0.216, ETRm: 8.233, Ik: 38.145   (Jassby and Platt 1976) ";""
"2025-01-17 11:01:41.410";"2025-01-17";"11:01:41";"FO";"370";"622";"2196";"0";"0.717";"0.0";"-";"-";"622";"2196";"0.717"
"2025-01-17 11:02:11.405";"2025-01-17";"11:02:11";"F";"371";"1099";"2065";"25";"0.468";"4.9";"611";"0.063";"622";"2196";"0.717"
"2025-01-17 11:02:41.392";"2025-01-17";"11:02:41";"F";"372";"1288";"2013";"45";"0.360";"6.8";"606";"0.091";"622";"2196";"0.717"
"2025-01-17 11:03:11.383";"2025-01-17";"11:03:11";"F";"373";"1426";"1962";"65";"0.273";"7.5";"602";"0.119";"622";"2196";"0.717"
"2025-01-17 11:03:41.364";"2025-01-17";"11:03:41";"F";"374";"1485";"1873";"90";"0.207";"7.8";"593";"0.172";"622";"2196";"0.717"
"2025-01-17 11:04:11.355";"2025-01-17";"11:04:11";"F";"375";"1492";"1768";"125";"0.156";"8.2";"582";"0.242";"622";"2196";"0.717"
"2025-01-17 11:04:41.346";"2025-01-17";"11:04:41";"F";"376";"1474";"1649";"190";"0.106";"8.5";"569";"0.332";"622";"2196";"0.717"
"2025-01-17 11:05:11.341";"2025-01-17";"11:05:11";"F";"377";"1421";"1529";"285";"0.071";"8.5";"554";"0.436";"622";"2196";"0.717"
"2025-01-17 11:05:41.326";"2025-01-17";"11:05:41";"F";"378";"1341";"1406";"420";"0.046";"8.1";"537";"0.562";"622";"2196";"0.717"
"2025-01-17 11:05:44.519";"2025-01-17";"11:05:44";"SLCE";"";"Light Curve end ";""
"2025-01-17 11:06:14.365";"2025-01-17";"11:06:14";"SLCS";"";"Light Curve start ";"h36"
"2025-01-17 11:06:14.365";"2025-01-17";"11:06:14";"REG1";"";"#1: alpha: 0.236, ETRm: 7.127, Ik: 30.225   ( beta: 0.002, ETRmPot: 7.413 )   (Platt et al. 1980) ";""
"2025-01-17 11:06:14.365";"2025-01-17";"11:06:14";"REG2";"";"#1: alpha: 0.181, ETRm: 6.959, Ik: 38.478   (Jassby and Platt 1976) ";""
"2025-01-17 11:06:15.759";"2025-01-17";"11:06:15";"FO";"379";"249";"638";"0";"0.610";"0.0";"-";"-";"249";"638";"0.610"
"2025-01-17 11:06:45.748";"2025-01-17";"11:06:45";"F";"380";"296";"484";"25";"0.388";"4.1";"221";"0.318";"249";"638";"0.610"
"2025-01-17 11:07:15.730";"2025-01-17";"11:07:15";"F";"381";"310";"448";"45";"0.308";"5.8";"214";"0.424";"249";"638";"0.610"
"2025-01-17 11:07:45.726";"2025-01-17";"11:07:45";"F";"382";"319";"413";"65";"0.228";"6.2";"205";"0.545";"249";"638";"0.610"
"2025-01-17 11:08:15.706";"2025-01-17";"11:08:15";"F";"383";"323";"392";"90";"0.176";"6.7";"200";"0.628";"249";"638";"0.610"
"2025-01-17 11:08:45.698";"2025-01-17";"11:08:45";"F";"384";"327";"376";"125";"0.130";"6.8";"196";"0.697";"249";"638";"0.610"
"2025-01-17 11:09:15.694";"2025-01-17";"11:09:15";"F";"385";"330";"364";"190";"0.093";"7.4";"192";"0.753";"249";"638";"0.610"
"2025-01-17 11:09:45.679";"2025-01-17";"11:09:45";"F";"386";"332";"354";"285";"0.062";"7.4";"190";"0.802";"249";"638";"0.610"
"2025-01-17 11:10:15.692";"2025-01-17";"11:10:15";"F";"387";"334";"347";"420";"0.037";"6.5";"188";"0.839";"249";"638";"0.610"
"2025-01-17 11:10:19.058";"2025-01-17";"11:10:19";"SLCE";"";"Light Curve end ";""
"2025-01-17 11:10:45.101";"2025-01-17";"11:10:45";"SLCS";"";"Light Curve start ";"u36"
"2025-01-17 11:10:45.101";"2025-01-17";"11:10:45";"REG1";"";"#1: alpha: 0.288, ETRm: 7.417, Ik: 25.786   ( beta: 0.000, ETRmPot: 7.489 )   (Platt et al. 1980) ";""
"2025-01-17 11:10:45.101";"2025-01-17";"11:10:45";"REG2";"";"#1: alpha: 0.210, ETRm: 7.326, Ik: 34.815   (Jassby and Platt 1976) ";""
"2025-01-17 11:10:46.490";"2025-01-17";"11:10:46";"FO";"388";"782";"2475";"0";"0.684";"0.0";"-";"-";"782";"2475";"0.684"
"2025-01-17 11:11:16.481";"2025-01-17";"11:11:16";"F";"389";"1349";"2474";"25";"0.455";"4.8";"782";"0.000";"782";"2475";"0.684"
"2025-01-17 11:11:46.469";"2025-01-17";"11:11:46";"F";"390";"1631";"2415";"45";"0.325";"6.1";"776";"0.025";"782";"2475";"0.684"
"2025-01-17 11:12:16.443";"2025-01-17";"11:12:16";"F";"391";"1774";"2346";"65";"0.244";"6.7";"769";"0.055";"782";"2475";"0.684"
"2025-01-17 11:12:46.445";"2025-01-17";"11:12:46";"F";"392";"1832";"2248";"90";"0.185";"7.0";"758";"0.101";"782";"2475";"0.684"
"2025-01-17 11:13:16.430";"2025-01-17";"11:13:16";"F";"393";"1838";"2137";"125";"0.140";"7.4";"745";"0.158";"782";"2475";"0.684"
"2025-01-17 11:13:46.418";"2025-01-17";"11:13:46";"F";"394";"1813";"2003";"190";"0.095";"7.6";"728";"0.236";"782";"2475";"0.684"
"2025-01-17 11:14:16.413";"2025-01-17";"11:14:16";"F";"395";"1737";"1855";"285";"0.064";"7.7";"707";"0.334";"782";"2475";"0.684"
"2025-01-17 11:14:46.405";"2025-01-17";"11:14:46";"F";"396";"1620";"1687";"420";"0.040";"7.1";"681";"0.467";"782";"2475";"0.684"
"2025-01-17 11:14:49.930";"2025-01-17";"11:14:49";"SLCE";"";"Light Curve end ";""
"2025-01-17 11:15:03.913";"2025-01-17";"11:15:03";"SLCS";"";"Light Curve start ";"h33"
"2025-01-17 11:15:03.913";"2025-01-17";"11:15:03";"REG1";"";"#1: alpha: 0.286, ETRm: 7.931, Ik: 27.723   ( beta: 0.000, ETRmPot: 7.996 )   (Platt et al. 1980) ";""
"2025-01-17 11:15:03.913";"2025-01-17";"11:15:03";"REG2";"";"#1: alpha: 0.207, ETRm: 7.854, Ik: 38.028   (Jassby and Platt 1976) ";""
"2025-01-17 11:15:05.305";"2025-01-17";"11:15:05";"FO";"397";"289";"659";"0";"0.561";"0.0";"-";"-";"289";"659";"0.561"
"2025-01-17 11:15:35.284";"2025-01-17";"11:15:35";"F";"398";"349";"608";"25";"0.426";"4.5";"279";"0.084";"289";"659";"0.561"
"2025-01-17 11:16:05.282";"2025-01-17";"11:16:05";"F";"399";"371";"568";"45";"0.347";"6.6";"270";"0.160";"289";"659";"0.561"
"2025-01-17 11:16:35.272";"2025-01-17";"11:16:35";"F";"400";"377";"515";"65";"0.268";"7.3";"257";"0.280";"289";"659";"0.561"
"2025-01-17 11:17:05.262";"2025-01-17";"11:17:05";"F";"401";"380";"475";"90";"0.200";"7.6";"247";"0.387";"289";"659";"0.561"
"2025-01-17 11:17:35.249";"2025-01-17";"11:17:35";"F";"402";"385";"452";"125";"0.148";"7.8";"241";"0.458";"289";"659";"0.561"
"2025-01-17 11:18:05.238";"2025-01-17";"11:18:05";"F";"403";"393";"436";"190";"0.099";"7.9";"236";"0.511";"289";"659";"0.561"
"2025-01-17 11:18:35.227";"2025-01-17";"11:18:35";"F";"404";"398";"426";"285";"0.066";"7.9";"233";"0.547";"289";"659";"0.561"
"2025-01-17 11:19:05.214";"2025-01-17";"11:19:05";"F";"405";"399";"418";"420";"0.045";"7.9";"231";"0.577";"289";"659";"0.561"
"2025-01-17 11:19:09.023";"2025-01-17";"11:19:09";"SLCE";"";"Light Curve end ";""
"2025-01-17 11:19:43.279";"2025-01-17";"11:19:43";"SLCS";"";"Light Curve start ";"u33"
"2025-01-17 11:19:43.279";"2025-01-17";"11:19:43";"REG1";"";"#1: alpha: 0.313, ETRm: 10.172, Ik: 32.462   ( beta: 0.001, ETRmPot: 10.312 )   (Platt et al. 1980) ";""
"2025-01-17 11:19:43.279";"2025-01-17";"11:19:43";"REG2";"";"#1: alpha: 0.231, ETRm: 10.036, Ik: 43.379   (Jassby and Platt 1976) ";""
"2025-01-17 11:19:44.669";"2025-01-17";"11:19:44";"FO";"406";"506";"1951";"0";"0.741";"0.0";"-";"-";"506";"1951";"0.741"
"2025-01-17 11:20:14.677";"2025-01-17";"11:20:14";"F";"407";"848";"1791";"25";"0.527";"5.5";"495";"0.089";"506";"1951";"0.741"
"2025-01-17 11:20:44.675";"2025-01-17";"11:20:44";"F";"408";"1019";"1730";"45";"0.411";"7.8";"490";"0.128";"506";"1951";"0.741"
"2025-01-17 11:21:14.655";"2025-01-17";"11:21:14";"F";"409";"1146";"1695";"65";"0.324";"8.8";"487";"0.151";"506";"1951";"0.741"
"2025-01-17 11:21:44.653";"2025-01-17";"11:21:44";"F";"410";"1239";"1649";"90";"0.249";"9.4";"483";"0.183";"506";"1951";"0.741"
"2025-01-17 11:22:14.639";"2025-01-17";"11:22:14";"F";"411";"1289";"1588";"125";"0.188";"9.9";"478";"0.229";"506";"1951";"0.741"
"2025-01-17 11:22:44.625";"2025-01-17";"11:22:44";"F";"412";"1319";"1515";"190";"0.129";"10.3";"471";"0.288";"506";"1951";"0.741"
"2025-01-17 11:23:14.613";"2025-01-17";"11:23:14";"F";"413";"1309";"1434";"285";"0.087";"10.4";"463";"0.361";"506";"1951";"0.741"
"2025-01-17 11:23:44.603";"2025-01-17";"11:23:44";"F";"414";"1282";"1358";"420";"0.056";"9.9";"455";"0.437";"506";"1951";"0.741"
"2025-01-17 11:23:48.258";"2025-01-17";"11:23:48";"SLCE";"";"Light Curve end ";""
"2025-01-17 11:24:16.692";"2025-01-17";"11:24:16";"SLCS";"";"Light Curve start ";"h34"
"2025-01-17 11:24:16.692";"2025-01-17";"11:24:16";"REG1";"";"#1: alpha: 0.235, ETRm: 6.735, Ik: 28.645   ( beta: 0.001, ETRmPot: 6.942 )   (Platt et al. 1980) ";""
"2025-01-17 11:24:16.692";"2025-01-17";"11:24:16";"REG2";"";"#1: alpha: 0.175, ETRm: 6.617, Ik: 37.816   (Jassby and Platt 1976) ";""
"2025-01-17 11:24:18.089";"2025-01-17";"11:24:18";"FO";"415";"243";"650";"0";"0.626";"0.0";"-";"-";"243";"650";"0.626"
"2025-01-17 11:24:48.069";"2025-01-17";"11:24:48";"F";"416";"349";"558";"25";"0.375";"3.9";"229";"0.165";"243";"650";"0.626"
"2025-01-17 11:25:18.068";"2025-01-17";"11:25:18";"F";"417";"364";"510";"45";"0.286";"5.4";"220";"0.275";"243";"650";"0.626"
"2025-01-17 11:25:48.051";"2025-01-17";"11:25:48";"F";"418";"370";"480";"65";"0.229";"6.3";"215";"0.354";"243";"650";"0.626"
"2025-01-17 11:26:18.047";"2025-01-17";"11:26:18";"F";"419";"375";"450";"90";"0.167";"6.3";"208";"0.444";"243";"650";"0.626"
"2025-01-17 11:26:48.026";"2025-01-17";"11:26:48";"F";"420";"378";"433";"125";"0.127";"6.7";"205";"0.501";"243";"650";"0.626"
"2025-01-17 11:27:18.024";"2025-01-17";"11:27:18";"F";"421";"381";"416";"190";"0.084";"6.7";"201";"0.563";"243";"650";"0.626"
"2025-01-17 11:27:48.013";"2025-01-17";"11:27:48";"F";"422";"378";"401";"285";"0.057";"6.8";"197";"0.621";"243";"650";"0.626"
"2025-01-17 11:28:18.001";"2025-01-17";"11:28:18";"F";"423";"373";"387";"420";"0.036";"6.4";"194";"0.680";"243";"650";"0.626"
"2025-01-17 11:28:21.937";"2025-01-17";"11:28:21";"SLCE";"";"Light Curve end ";""
"2025-01-17 11:28:55.906";"2025-01-17";"11:28:55";"SLCS";"";"Light Curve start ";"u34"
"2025-01-17 11:28:55.906";"2025-01-17";"11:28:55";"REG1";"";"#1: alpha: 0.257, ETRm: 8.522, Ik: 33.201   ( beta: 0.001, ETRmPot: 8.650 )   (Platt et al. 1980) ";""
"2025-01-17 11:28:55.906";"2025-01-17";"11:28:55";"REG2";"";"#1: alpha: 0.190, ETRm: 8.407, Ik: 44.332   (Jassby and Platt 1976) ";""
"2025-01-17 11:28:57.293";"2025-01-17";"11:28:57";"FO";"424";"714";"2650";"0";"0.731";"0.0";"-";"-";"714";"2650";"0.731"
"2025-01-17 11:29:27.287";"2025-01-17";"11:29:27";"F";"425";"1270";"2245";"25";"0.434";"4.6";"681";"0.180";"714";"2650";"0.731"
"2025-01-17 11:29:57.301";"2025-01-17";"11:29:57";"F";"426";"1393";"2109";"45";"0.339";"6.4";"668";"0.257";"714";"2650";"0.731"
"2025-01-17 11:30:27.289";"2025-01-17";"11:30:27";"F";"427";"1513";"2067";"65";"0.268";"7.3";"664";"0.282";"714";"2650";"0.731"
"2025-01-17 11:30:57.279";"2025-01-17";"11:30:57";"F";"428";"1603";"2023";"90";"0.208";"7.9";"659";"0.310";"714";"2650";"0.731"
"2025-01-17 11:31:27.264";"2025-01-17";"11:31:27";"F";"429";"1640";"1950";"125";"0.159";"8.3";"651";"0.359";"714";"2650";"0.731"
"2025-01-17 11:31:57.248";"2025-01-17";"11:31:57";"F";"430";"1644";"1843";"190";"0.108";"8.6";"639";"0.438";"714";"2650";"0.731"
"2025-01-17 11:32:27.246";"2025-01-17";"11:32:27";"F";"431";"1597";"1722";"285";"0.073";"8.7";"623";"0.539";"714";"2650";"0.731"
"2025-01-17 11:32:57.234";"2025-01-17";"11:32:57";"F";"432";"1514";"1589";"420";"0.047";"8.3";"605";"0.668";"714";"2650";"0.731"
"2025-01-17 11:33:01.018";"2025-01-17";"11:33:01";"SLCE";"";"Light Curve end ";""
