"2025-01-14";"11:42:59";"WinControl (rev 1195) report file"
"Datetime";"Date";"Time";"Type";"No.";"1:F";"1:Fm'";"1:PAR";"1:Y (II)";"1:ETR";"1:Fo'";"1:NPQ";"1:Fo";"1:Fm";"1:Fv/Fm"
"";"";"";"D";"";"Device Nr: #1, JUNIOR-PAM-III (CFMG1014B) ";""
"2025-01-14 07:59:52.938";"2025-01-14";"07:59:52";"SLCS";"";"Light Curve start ";"h15"
"2025-01-14 07:59:52.938";"2025-01-14";"07:59:52";"REG1";"";"#1: alpha: - , ETRm: - , Ik: -   ( beta: - 0.003, ETRmPot: 3.472 )   (Platt et al. 1980) ";""
"2025-01-14 07:59:52.938";"2025-01-14";"07:59:52";"REG2";"";"#1: alpha: 0.140, ETRm: 4.055, Ik: 28.882   (Jassby and Platt 1976) ";""
"2025-01-14 07:59:54.334";"2025-01-14";"07:59:54";"FO";"1";"222";"532";"0";"0.583";"0.0";"-";"-";"222";"532";"0.583"
"2025-01-14 08:00:24.316";"2025-01-14";"08:00:24";"F";"2";"247";"347";"25";"0.288";"3.0";"182";"0.533";"222";"532";"0.583"
"2025-01-14 08:00:54.313";"2025-01-14";"08:00:54";"F";"3";"253";"313";"45";"0.192";"3.6";"172";"0.700";"222";"532";"0.583"
"2025-01-14 08:01:24.301";"2025-01-14";"08:01:24";"F";"4";"259";"298";"65";"0.131";"3.6";"167";"0.785";"222";"532";"0.583"
"2025-01-14 08:01:54.288";"2025-01-14";"08:01:54";"F";"5";"262";"290";"90";"0.097";"3.7";"165";"0.834";"222";"532";"0.583"
"2025-01-14 08:02:24.279";"2025-01-14";"08:02:24";"F";"6";"265";"286";"125";"0.073";"3.8";"163";"0.860";"222";"532";"0.583"
"2025-01-14 08:02:54.261";"2025-01-14";"08:02:54";"F";"7";"266";"282";"190";"0.057";"4.5";"162";"0.887";"222";"532";"0.583"
"2025-01-14 08:03:24.257";"2025-01-14";"08:03:24";"F";"8";"268";"276";"285";"0.029";"3.5";"160";"0.928";"222";"532";"0.583"
"2025-01-14 08:03:54.242";"2025-01-14";"08:03:54";"F";"9";"268";"276";"420";"0.029";"5.1";"160";"0.928";"222";"532";"0.583"
"2025-01-14 08:03:57.499";"2025-01-14";"08:03:57";"SLCE";"";"Light Curve end ";""
"2025-01-14 08:04:48.020";"2025-01-14";"08:04:48";"SLCS";"";"Light Curve start ";"u15"
"2025-01-14 08:04:48.020";"2025-01-14";"08:04:48";"REG1";"";"#1: alpha: 0.213, ETRm: 10.651, Ik: 50.099   ( beta: 0.003, ETRmPot: 11.384 )   (Platt et al. 1980) ";""
"2025-01-14 08:04:48.020";"2025-01-14";"08:04:48";"REG2";"";"#1: alpha: 0.164, ETRm: 10.450, Ik: 63.678   (Jassby and Platt 1976) ";""
"2025-01-14 08:04:49.418";"2025-01-14";"08:04:49";"FO";"10";"443";"1806";"0";"0.755";"0.0";"-";"-";"443";"1806";"0.755"
"2025-01-14 08:05:19.408";"2025-01-14";"08:05:19";"F";"11";"897";"1565";"25";"0.427";"4.5";"427";"0.154";"443";"1806";"0.755"
"2025-01-14 08:05:49.405";"2025-01-14";"08:05:49";"F";"12";"1000";"1503";"45";"0.335";"6.3";"422";"0.202";"443";"1806";"0.755"
"2025-01-14 08:06:19.387";"2025-01-14";"08:06:19";"F";"13";"1068";"1495";"65";"0.286";"7.8";"421";"0.208";"443";"1806";"0.755"
"2025-01-14 08:06:49.381";"2025-01-14";"08:06:49";"F";"14";"1152";"1515";"90";"0.240";"9.1";"423";"0.192";"443";"1806";"0.755"
"2025-01-14 08:07:19.370";"2025-01-14";"08:07:19";"F";"15";"1239";"1526";"125";"0.188";"9.9";"424";"0.183";"443";"1806";"0.755"
"2025-01-14 08:07:49.354";"2025-01-14";"08:07:49";"F";"16";"1317";"1517";"190";"0.132";"10.5";"423";"0.191";"443";"1806";"0.755"
"2025-01-14 08:08:19.352";"2025-01-14";"08:08:19";"F";"17";"1348";"1483";"285";"0.091";"10.9";"421";"0.218";"443";"1806";"0.755"
"2025-01-14 08:08:49.338";"2025-01-14";"08:08:49";"F";"18";"1338";"1421";"420";"0.058";"10.2";"415";"0.271";"443";"1806";"0.755"
"2025-01-14 08:08:53.276";"2025-01-14";"08:08:53";"SLCE";"";"Light Curve end ";""
"2025-01-14 08:09:10.079";"2025-01-14";"08:09:10";"SLCS";"";"Light Curve start ";"h16"
"2025-01-14 08:09:10.079";"2025-01-14";"08:09:10";"REG1";"";"#1: alpha: - , ETRm: - , Ik: -   ( beta: - 0.003, ETRmPot: 2.726 )   (Platt et al. 1980) ";""
"2025-01-14 08:09:10.079";"2025-01-14";"08:09:10";"REG2";"";"#1: alpha: 0.104, ETRm: 3.418, Ik: 32.724   (Jassby and Platt 1976) ";""
"2025-01-14 08:09:11.472";"2025-01-14";"08:09:11";"FO";"19";"241";"590";"0";"0.592";"0.0";"-";"-";"241";"590";"0.592"
"2025-01-14 08:09:41.481";"2025-01-14";"08:09:41";"F";"20";"280";"361";"25";"0.224";"2.4";"191";"0.634";"241";"590";"0.592"
"2025-01-14 08:10:11.471";"2025-01-14";"08:10:11";"F";"21";"286";"339";"45";"0.156";"2.9";"185";"0.740";"241";"590";"0.592"
"2025-01-14 08:10:41.460";"2025-01-14";"08:10:41";"F";"22";"291";"327";"65";"0.110";"3.0";"181";"0.804";"241";"590";"0.592"
"2025-01-14 08:11:11.456";"2025-01-14";"08:11:11";"F";"23";"296";"322";"90";"0.081";"3.1";"180";"0.832";"241";"590";"0.592"
"2025-01-14 08:11:41.443";"2025-01-14";"08:11:41";"F";"24";"299";"318";"125";"0.060";"3.2";"179";"0.855";"241";"590";"0.592"
"2025-01-14 08:12:11.427";"2025-01-14";"08:12:11";"F";"25";"303";"316";"190";"0.041";"3.3";"178";"0.867";"241";"590";"0.592"
"2025-01-14 08:12:41.421";"2025-01-14";"08:12:41";"F";"26";"305";"313";"285";"0.026";"3.1";"177";"0.885";"241";"590";"0.592"
"2025-01-14 08:13:11.409";"2025-01-14";"08:13:11";"F";"27";"304";"312";"420";"0.026";"4.6";"177";"0.891";"241";"590";"0.592"
"2025-01-14 08:13:14.500";"2025-01-14";"08:13:14";"SLCE";"";"Light Curve end ";""
"2025-01-14 08:14:06.142";"2025-01-14";"08:14:06";"SLCS";"";"Light Curve start ";"u16"
"2025-01-14 08:14:06.142";"2025-01-14";"08:14:06";"REG1";"";"#1: alpha: 0.147, ETRm: 6.427, Ik: 43.788   ( beta: 0.002, ETRmPot: 6.927 )   (Platt et al. 1980) ";""
"2025-01-14 08:14:06.142";"2025-01-14";"08:14:06";"REG2";"";"#1: alpha: 0.114, ETRm: 6.266, Ik: 54.810   (Jassby and Platt 1976) ";""
"2025-01-14 08:14:07.532";"2025-01-14";"08:14:07";"FO";"28";"802";"2721";"0";"0.705";"0.0";"-";"-";"802";"2721";"0.705"
"2025-01-14 08:14:37.514";"2025-01-14";"08:14:37";"F";"29";"1610";"2287";"25";"0.296";"3.1";"760";"0.190";"802";"2721";"0.705"
"2025-01-14 08:15:07.508";"2025-01-14";"08:15:07";"F";"30";"1722";"2199";"45";"0.217";"4.1";"750";"0.237";"802";"2721";"0.705"
"2025-01-14 08:15:37.492";"2025-01-14";"08:15:37";"F";"31";"1800";"2205";"65";"0.184";"5.0";"750";"0.234";"802";"2721";"0.705"
"2025-01-14 08:16:07.480";"2025-01-14";"08:16:07";"F";"32";"1901";"2237";"90";"0.150";"5.7";"754";"0.216";"802";"2721";"0.705"
"2025-01-14 08:16:37.477";"2025-01-14";"08:16:37";"F";"33";"1985";"2245";"125";"0.116";"6.1";"755";"0.212";"802";"2721";"0.705"
"2025-01-14 08:17:07.461";"2025-01-14";"08:17:07";"F";"34";"2021";"2198";"190";"0.081";"6.5";"749";"0.238";"802";"2721";"0.705"
"2025-01-14 08:17:37.451";"2025-01-14";"08:17:37";"F";"35";"1976";"2088";"285";"0.054";"6.5";"736";"0.303";"802";"2721";"0.705"
"2025-01-14 08:18:07.439";"2025-01-14";"08:18:07";"F";"36";"1863";"1928";"420";"0.034";"6.0";"715";"0.411";"802";"2721";"0.705"
"2025-01-14 08:18:10.949";"2025-01-14";"08:18:10";"SLCE";"";"Light Curve end ";""
"2025-01-14 08:18:29.372";"2025-01-14";"08:18:29";"SLCS";"";"Light Curve start ";"h13"
"2025-01-14 08:18:29.372";"2025-01-14";"08:18:29";"REG1";"";"#1: alpha: - , ETRm: - , Ik: -   ( beta: - 0.005, ETRmPot: 4.394 )   (Platt et al. 1980) ";""
"2025-01-14 08:18:29.372";"2025-01-14";"08:18:29";"REG2";"";"#1: alpha: 0.229, ETRm: 5.416, Ik: 23.611   (Jassby and Platt 1976) ";""
"2025-01-14 08:18:30.784";"2025-01-14";"08:18:30";"FO";"37";"285";"697";"0";"0.591";"0.0";"-";"-";"285";"697";"0.591"
"2025-01-14 08:19:00.773";"2025-01-14";"08:19:00";"F";"38";"270";"466";"25";"0.421";"4.4";"237";"0.496";"285";"697";"0.591"
"2025-01-14 08:19:30.776";"2025-01-14";"08:19:30";"F";"39";"271";"369";"45";"0.266";"5.0";"209";"0.889";"285";"697";"0.591"
"2025-01-14 08:20:00.770";"2025-01-14";"08:20:00";"F";"40";"271";"330";"65";"0.179";"4.9";"196";"1.112";"285";"697";"0.591"
"2025-01-14 08:20:30.756";"2025-01-14";"08:20:30";"F";"41";"273";"307";"90";"0.111";"4.2";"188";"1.270";"285";"697";"0.591"
"2025-01-14 08:21:00.742";"2025-01-14";"08:21:00";"F";"42";"275";"303";"125";"0.092";"4.8";"186";"1.300";"285";"697";"0.591"
"2025-01-14 08:21:30.738";"2025-01-14";"08:21:30";"F";"43";"276";"296";"190";"0.068";"5.4";"183";"1.355";"285";"697";"0.591"
"2025-01-14 08:22:00.724";"2025-01-14";"08:22:00";"F";"44";"278";"294";"285";"0.054";"6.5";"183";"1.371";"285";"697";"0.591"
"2025-01-14 08:22:30.714";"2025-01-14";"08:22:30";"F";"45";"279";"290";"420";"0.038";"6.7";"181";"1.403";"285";"697";"0.591"
"2025-01-14 08:22:33.902";"2025-01-14";"08:22:33";"SLCE";"";"Light Curve end ";""
"2025-01-14 08:22:56.589";"2025-01-14";"08:22:56";"SLCS";"";"Light Curve start ";"u13"
"2025-01-14 08:22:56.589";"2025-01-14";"08:22:56";"REG1";"";"#1: alpha: 0.194, ETRm: 8.249, Ik: 42.566   ( beta: 0.001, ETRmPot: 8.607 )   (Platt et al. 1980) ";""
"2025-01-14 08:22:56.589";"2025-01-14";"08:22:56";"REG2";"";"#1: alpha: 0.147, ETRm: 8.101, Ik: 54.932   (Jassby and Platt 1976) ";""
"2025-01-14 08:22:57.980";"2025-01-14";"08:22:57";"FO";"46";"657";"2307";"0";"0.715";"0.0";"-";"-";"657";"2307";"0.715"
"2025-01-14 08:23:27.971";"2025-01-14";"08:23:27";"F";"47";"1250";"1965";"25";"0.364";"3.8";"626";"0.174";"657";"2307";"0.715"
"2025-01-14 08:23:57.958";"2025-01-14";"08:23:57";"F";"48";"1358";"1906";"45";"0.288";"5.4";"620";"0.210";"657";"2307";"0.715"
"2025-01-14 08:24:27.946";"2025-01-14";"08:24:27";"F";"49";"1481";"1954";"65";"0.242";"6.6";"625";"0.181";"657";"2307";"0.715"
"2025-01-14 08:24:57.944";"2025-01-14";"08:24:57";"F";"50";"1613";"1999";"90";"0.193";"7.3";"629";"0.154";"657";"2307";"0.715"
"2025-01-14 08:25:27.934";"2025-01-14";"08:25:27";"F";"51";"1711";"2009";"125";"0.148";"7.8";"630";"0.148";"657";"2307";"0.715"
"2025-01-14 08:25:57.920";"2025-01-14";"08:25:57";"F";"52";"1777";"1980";"190";"0.103";"8.2";"627";"0.165";"657";"2307";"0.715"
"2025-01-14 08:26:27.908";"2025-01-14";"08:26:27";"F";"53";"1784";"1921";"285";"0.071";"8.5";"621";"0.201";"657";"2307";"0.715"
"2025-01-14 08:26:57.894";"2025-01-14";"08:26:57";"F";"54";"1735";"1816";"420";"0.045";"7.9";"610";"0.270";"657";"2307";"0.715"
"2025-01-14 08:27:01.223";"2025-01-14";"08:27:01";"SLCE";"";"Light Curve end ";""
"2025-01-14 08:27:20.020";"2025-01-14";"08:27:20";"SLCS";"";"Light Curve start ";"h14"
"2025-01-14 08:27:20.020";"2025-01-14";"08:27:20";"REG1";"";"#1: alpha: - , ETRm: - , Ik: -   ( beta: - 0.004, ETRmPot: 6.097 )   (Platt et al. 1980) ";""
"2025-01-14 08:27:20.020";"2025-01-14";"08:27:20";"REG2";"";"#1: alpha: 0.175, ETRm: 7.155, Ik: 40.811   (Jassby and Platt 1976) ";""
"2025-01-14 08:27:21.410";"2025-01-14";"08:27:21";"FO";"55";"130";"388";"0";"0.665";"0.0";"-";"-";"130";"388";"0.665"
"2025-01-14 08:27:51.400";"2025-01-14";"08:27:51";"F";"56";"148";"260";"25";"0.431";"4.5";"112";"0.492";"130";"388";"0.665"
"2025-01-14 08:28:21.381";"2025-01-14";"08:28:21";"F";"57";"155";"223";"45";"0.305";"5.8";"104";"0.740";"130";"388";"0.665"
"2025-01-14 08:28:51.374";"2025-01-14";"08:28:51";"F";"58";"160";"204";"65";"0.216";"5.9";"100";"0.902";"130";"388";"0.665"
"2025-01-14 08:29:21.382";"2025-01-14";"08:29:21";"F";"59";"163";"194";"90";"0.160";"6.0";"97";"1.000";"130";"388";"0.665"
"2025-01-14 08:29:51.375";"2025-01-14";"08:29:51";"F";"60";"165";"189";"125";"0.127";"6.7";"96";"1.053";"130";"388";"0.665"
"2025-01-14 08:30:21.357";"2025-01-14";"08:30:21";"F";"61";"168";"185";"190";"0.092";"7.3";"95";"1.097";"130";"388";"0.665"
"2025-01-14 08:30:51.352";"2025-01-14";"08:30:51";"F";"62";"170";"182";"285";"0.066";"7.9";"94";"1.132";"130";"388";"0.665"
"2025-01-14 08:31:21.341";"2025-01-14";"08:31:21";"F";"63";"171";"179";"420";"0.045";"7.9";"93";"1.168";"130";"388";"0.665"
"2025-01-14 08:31:25.014";"2025-01-14";"08:31:25";"SLCE";"";"Light Curve end ";""
"2025-01-14 08:32:00.549";"2025-01-14";"08:32:00";"SLCS";"";"Light Curve start ";"u14"
"2025-01-14 08:32:00.549";"2025-01-14";"08:32:00";"REG1";"";"#1: alpha: 0.246, ETRm: 10.340, Ik: 41.960   ( beta: 0.001, ETRmPot: 10.511 )   (Platt et al. 1980) ";""
"2025-01-14 08:32:00.549";"2025-01-14";"08:32:00";"REG2";"";"#1: alpha: 0.184, ETRm: 10.191, Ik: 55.472   (Jassby and Platt 1976) ";""
"2025-01-14 08:32:01.951";"2025-01-14";"08:32:01";"FO";"64";"555";"2470";"0";"0.775";"0.0";"-";"-";"555";"2470";"0.775"
"2025-01-14 08:32:31.935";"2025-01-14";"08:32:31";"F";"65";"1047";"1916";"25";"0.454";"4.8";"521";"0.289";"555";"2470";"0.775"
"2025-01-14 08:33:01.930";"2025-01-14";"08:33:01";"F";"66";"1170";"1828";"45";"0.360";"6.8";"514";"0.351";"555";"2470";"0.775"
"2025-01-14 08:33:31.921";"2025-01-14";"08:33:31";"F";"67";"1304";"1867";"65";"0.302";"8.2";"517";"0.323";"555";"2470";"0.775"
"2025-01-14 08:34:01.906";"2025-01-14";"08:34:01";"F";"68";"1456";"1922";"90";"0.242";"9.1";"522";"0.285";"555";"2470";"0.775"
"2025-01-14 08:34:31.893";"2025-01-14";"08:34:31";"F";"69";"1562";"1922";"125";"0.187";"9.8";"522";"0.285";"555";"2470";"0.775"
"2025-01-14 08:35:01.886";"2025-01-14";"08:35:01";"F";"70";"1610";"1846";"190";"0.128";"10.2";"516";"0.338";"555";"2470";"0.775"
"2025-01-14 08:35:31.875";"2025-01-14";"08:35:31";"F";"71";"1567";"1720";"285";"0.089";"10.7";"505";"0.436";"555";"2470";"0.775"
"2025-01-14 08:36:01.859";"2025-01-14";"08:36:01";"F";"72";"1476";"1565";"420";"0.057";"10.1";"491";"0.578";"555";"2470";"0.775"
"2025-01-14 08:36:04.999";"2025-01-14";"08:36:04";"SLCE";"";"Light Curve end ";""
"2025-01-14 08:36:18.425";"2025-01-14";"08:36:18";"SLCS";"";"Light Curve start ";"h19"
"2025-01-14 08:36:18.425";"2025-01-14";"08:36:18";"REG1";"";"#1: alpha: - , ETRm: - , Ik: -   ( beta: - 0.002, ETRmPot: 4.261 )   (Platt et al. 1980) ";""
"2025-01-14 08:36:18.425";"2025-01-14";"08:36:18";"REG2";"";"#1: alpha: 0.143, ETRm: 4.709, Ik: 32.975   (Jassby and Platt 1976) ";""
"2025-01-14 08:36:19.828";"2025-01-14";"08:36:19";"FO";"73";"246";"542";"0";"0.546";"0.0";"-";"-";"246";"542";"0.546"
"2025-01-14 08:36:49.817";"2025-01-14";"08:36:49";"F";"74";"285";"406";"25";"0.298";"3.1";"214";"0.335";"246";"542";"0.546"
"2025-01-14 08:37:19.812";"2025-01-14";"08:37:19";"F";"75";"291";"373";"45";"0.220";"4.2";"204";"0.453";"246";"542";"0.546"
"2025-01-14 08:37:49.798";"2025-01-14";"08:37:49";"F";"76";"294";"349";"65";"0.158";"4.3";"197";"0.553";"246";"542";"0.546"
"2025-01-14 08:38:19.790";"2025-01-14";"08:38:19";"F";"77";"296";"332";"90";"0.108";"4.1";"191";"0.633";"246";"542";"0.546"
"2025-01-14 08:38:49.772";"2025-01-14";"08:38:49";"F";"78";"295";"324";"125";"0.090";"4.7";"188";"0.673";"246";"542";"0.546"
"2025-01-14 08:39:19.791";"2025-01-14";"08:39:19";"F";"79";"297";"316";"190";"0.060";"4.8";"186";"0.715";"246";"542";"0.546"
"2025-01-14 08:39:49.773";"2025-01-14";"08:39:49";"F";"80";"297";"309";"285";"0.039";"4.7";"183";"0.754";"246";"542";"0.546"
"2025-01-14 08:40:19.769";"2025-01-14";"08:40:19";"F";"81";"296";"305";"420";"0.030";"5.3";"182";"0.777";"246";"542";"0.546"
"2025-01-14 08:40:23.128";"2025-01-14";"08:40:23";"SLCE";"";"Light Curve end ";""
"2025-01-14 08:40:44.262";"2025-01-14";"08:40:44";"SLCS";"";"Light Curve start ";"u19"
"2025-01-14 08:40:44.262";"2025-01-14";"08:40:44";"REG1";"";"#1: alpha: - , ETRm: - , Ik: -   ( beta: 0.000, ETRmPot: 10.527 )   (Platt et al. 1980) ";""
"2025-01-14 08:40:44.262";"2025-01-14";"08:40:44";"REG2";"";"#1: alpha: 0.202, ETRm: 10.389, Ik: 51.421   (Jassby and Platt 1976) ";""
"2025-01-14 08:40:45.665";"2025-01-14";"08:40:45";"FO";"82";"400";"1857";"0";"0.785";"0.0";"-";"-";"400";"1857";"0.785"
"2025-01-14 08:41:15.652";"2025-01-14";"08:41:15";"F";"83";"787";"1525";"25";"0.484";"5.1";"382";"0.218";"400";"1857";"0.785"
"2025-01-14 08:41:45.639";"2025-01-14";"08:41:45";"F";"84";"915";"1502";"45";"0.391";"7.4";"381";"0.236";"400";"1857";"0.785"
"2025-01-14 08:42:15.636";"2025-01-14";"08:42:15";"F";"85";"1066";"1555";"65";"0.314";"8.6";"384";"0.194";"400";"1857";"0.785"
"2025-01-14 08:42:45.625";"2025-01-14";"08:42:45";"F";"86";"1194";"1584";"90";"0.246";"9.3";"386";"0.172";"400";"1857";"0.785"
"2025-01-14 08:43:15.608";"2025-01-14";"08:43:15";"F";"87";"1272";"1572";"125";"0.191";"10.0";"385";"0.181";"400";"1857";"0.785"
"2025-01-14 08:43:45.595";"2025-01-14";"08:43:45";"F";"88";"1311";"1512";"190";"0.133";"10.6";"381";"0.228";"400";"1857";"0.785"
"2025-01-14 08:44:15.590";"2025-01-14";"08:44:15";"F";"89";"1304";"1433";"285";"0.090";"10.8";"376";"0.296";"400";"1857";"0.785"
"2025-01-14 08:44:45.582";"2025-01-14";"08:44:45";"F";"90";"1275";"1355";"420";"0.059";"10.4";"370";"0.370";"400";"1857";"0.785"
"2025-01-14 08:44:48.666";"2025-01-14";"08:44:48";"SLCE";"";"Light Curve end ";""
"2025-01-14 08:45:15.710";"2025-01-14";"08:45:15";"SLCS";"";"Light Curve start ";"h20"
"2025-01-14 08:45:15.710";"2025-01-14";"08:45:15";"REG1";"";"#1: alpha: - , ETRm: - , Ik: -   ( beta: - 0.002, ETRmPot: 5.632 )   (Platt et al. 1980) ";""
"2025-01-14 08:45:15.710";"2025-01-14";"08:45:15";"REG2";"";"#1: alpha: 0.165, ETRm: 5.949, Ik: 36.147   (Jassby and Platt 1976) ";""
"2025-01-14 08:45:17.111";"2025-01-14";"08:45:17";"FO";"91";"187";"421";"0";"0.556";"0.0";"-";"-";"187";"421";"0.556"
"2025-01-14 08:45:47.093";"2025-01-14";"08:45:47";"F";"92";"215";"327";"25";"0.343";"3.6";"166";"0.287";"187";"421";"0.556"
"2025-01-14 08:46:17.082";"2025-01-14";"08:46:17";"F";"93";"221";"303";"45";"0.271";"5.1";"159";"0.389";"187";"421";"0.556"
"2025-01-14 08:46:47.076";"2025-01-14";"08:46:47";"F";"94";"225";"281";"65";"0.199";"5.4";"153";"0.498";"187";"421";"0.556"
"2025-01-14 08:47:17.065";"2025-01-14";"08:47:17";"F";"95";"227";"270";"90";"0.159";"6.0";"150";"0.559";"187";"421";"0.556"
"2025-01-14 08:47:47.058";"2025-01-14";"08:47:47";"F";"96";"229";"257";"125";"0.109";"5.7";"146";"0.638";"187";"421";"0.556"
"2025-01-14 08:48:17.045";"2025-01-14";"08:48:17";"F";"97";"231";"249";"190";"0.072";"5.7";"143";"0.691";"187";"421";"0.556"
"2025-01-14 08:48:47.035";"2025-01-14";"08:48:47";"F";"98";"232";"244";"285";"0.049";"5.9";"141";"0.725";"187";"421";"0.556"
"2025-01-14 08:49:17.045";"2025-01-14";"08:49:17";"F";"99";"234";"243";"420";"0.037";"6.5";"141";"0.733";"187";"421";"0.556"
"2025-01-14 08:49:20.428";"2025-01-14";"08:49:20";"SLCE";"";"Light Curve end ";""
"2025-01-14 08:49:40.632";"2025-01-14";"08:49:40";"SLCS";"";"Light Curve start ";"u20"
"2025-01-14 08:49:40.632";"2025-01-14";"08:49:40";"REG1";"";"#1: alpha: - , ETRm: - , Ik: -   ( beta: - 0.001, ETRmPot: 8.249 )   (Platt et al. 1980) ";""
"2025-01-14 08:49:40.632";"2025-01-14";"08:49:40";"REG2";"";"#1: alpha: 0.170, ETRm: 8.402, Ik: 49.346   (Jassby and Platt 1976) ";""
"2025-01-14 08:49:42.024";"2025-01-14";"08:49:42";"FO";"100";"632";"2946";"0";"0.785";"0.0";"-";"-";"632";"2946";"0.785"
"2025-01-14 08:50:12.005";"2025-01-14";"08:50:12";"F";"101";"1418";"2421";"25";"0.414";"4.3";"604";"0.217";"632";"2946";"0.785"
"2025-01-14 08:50:41.994";"2025-01-14";"08:50:41";"F";"102";"1601";"2371";"45";"0.325";"6.1";"601";"0.243";"632";"2946";"0.785"
"2025-01-14 08:51:11.990";"2025-01-14";"08:51:11";"F";"103";"1789";"2417";"65";"0.260";"7.1";"604";"0.219";"632";"2946";"0.785"
"2025-01-14 08:51:41.980";"2025-01-14";"08:51:41";"F";"104";"1941";"2424";"90";"0.199";"7.5";"604";"0.215";"632";"2946";"0.785"
"2025-01-14 08:52:11.962";"2025-01-14";"08:52:11";"F";"105";"1995";"2354";"125";"0.153";"8.0";"600";"0.251";"632";"2946";"0.785"
"2025-01-14 08:52:41.951";"2025-01-14";"08:52:41";"F";"106";"1998";"2237";"190";"0.107";"8.5";"592";"0.317";"632";"2946";"0.785"
"2025-01-14 08:53:11.941";"2025-01-14";"08:53:11";"F";"107";"1938";"2093";"285";"0.074";"8.9";"581";"0.408";"632";"2946";"0.785"
"2025-01-14 08:53:41.932";"2025-01-14";"08:53:41";"F";"108";"1824";"1916";"420";"0.048";"8.5";"567";"0.538";"632";"2946";"0.785"
"2025-01-14 08:53:45.843";"2025-01-14";"08:53:45";"SLCE";"";"Light Curve end ";""
"2025-01-14 08:54:02.177";"2025-01-14";"08:54:02";"SLCS";"";"Light Curve start ";"h17"
"2025-01-14 08:54:02.177";"2025-01-14";"08:54:02";"REG1";"";"#1: alpha: - , ETRm: - , Ik: -   ( beta: - 0.007, ETRmPot: 7.048 )   (Platt et al. 1980) ";""
"2025-01-14 08:54:02.177";"2025-01-14";"08:54:02";"REG2";"";"#1: alpha: 0.125, ETRm: 9.213, Ik: 73.733   (Jassby and Platt 1976) ";""
"2025-01-14 08:54:03.588";"2025-01-14";"08:54:03";"FO";"109";"172";"411";"0";"0.582";"0.0";"-";"-";"172";"411";"0.582"
"2025-01-14 08:54:33.579";"2025-01-14";"08:54:33";"F";"110";"198";"325";"25";"0.391";"4.1";"155";"0.265";"172";"411";"0.582"
"2025-01-14 08:55:03.563";"2025-01-14";"08:55:03";"F";"111";"205";"293";"45";"0.300";"5.7";"147";"0.403";"172";"411";"0.582"
"2025-01-14 08:55:33.563";"2025-01-14";"08:55:33";"F";"112";"210";"273";"65";"0.231";"6.3";"142";"0.505";"172";"411";"0.582"
"2025-01-14 08:56:03.547";"2025-01-14";"08:56:03";"F";"113";"214";"263";"90";"0.186";"7.0";"139";"0.563";"172";"411";"0.582"
"2025-01-14 08:56:33.536";"2025-01-14";"08:56:33";"F";"114";"217";"253";"125";"0.142";"7.5";"136";"0.625";"172";"411";"0.582"
"2025-01-14 08:57:03.524";"2025-01-14";"08:57:03";"F";"115";"222";"249";"190";"0.108";"8.6";"135";"0.651";"172";"411";"0.582"
"2025-01-14 08:57:33.521";"2025-01-14";"08:57:33";"F";"116";"225";"245";"285";"0.082";"9.8";"134";"0.678";"172";"411";"0.582"
"2025-01-14 08:58:03.504";"2025-01-14";"08:58:03";"F";"117";"226";"240";"420";"0.058";"10.2";"132";"0.713";"172";"411";"0.582"
"2025-01-14 08:58:05.846";"2025-01-14";"08:58:05";"SLCE";"";"Light Curve end ";""
"2025-01-14 08:58:55.412";"2025-01-14";"08:58:55";"SLCS";"";"Light Curve start ";"u17"
"2025-01-14 08:58:55.412";"2025-01-14";"08:58:55";"REG1";"";"#1: alpha: 0.239, ETRm: 10.356, Ik: 43.418   ( beta: 0.001, ETRmPot: 10.517 )   (Platt et al. 1980) ";""
"2025-01-14 08:58:55.412";"2025-01-14";"08:58:55";"REG2";"";"#1: alpha: 0.178, ETRm: 10.206, Ik: 57.370   (Jassby and Platt 1976) ";""
"2025-01-14 08:58:56.818";"2025-01-14";"08:58:56";"FO";"118";"579";"2546";"0";"0.773";"0.0";"-";"-";"579";"2546";"0.773"
"2025-01-14 08:59:26.820";"2025-01-14";"08:59:26";"F";"119";"1040";"1879";"25";"0.447";"4.7";"536";"0.355";"579";"2546";"0.773"
"2025-01-14 08:59:56.809";"2025-01-14";"08:59:56";"F";"120";"1162";"1814";"45";"0.359";"6.8";"530";"0.404";"579";"2546";"0.773"
"2025-01-14 09:00:26.804";"2025-01-14";"09:00:26";"F";"121";"1317";"1864";"65";"0.293";"8.0";"535";"0.366";"579";"2546";"0.773"
"2025-01-14 09:00:56.795";"2025-01-14";"09:00:56";"F";"122";"1405";"1837";"90";"0.235";"8.9";"532";"0.386";"579";"2546";"0.773"
"2025-01-14 09:01:26.778";"2025-01-14";"09:01:26";"F";"123";"1437";"1766";"125";"0.186";"9.8";"526";"0.442";"579";"2546";"0.773"
"2025-01-14 09:01:56.772";"2025-01-14";"09:01:56";"F";"124";"1445";"1660";"190";"0.130";"10.4";"516";"0.534";"579";"2546";"0.773"
"2025-01-14 09:02:26.757";"2025-01-14";"09:02:26";"F";"125";"1403";"1539";"285";"0.088";"10.5";"504";"0.654";"579";"2546";"0.773"
"2025-01-14 09:02:56.746";"2025-01-14";"09:02:56";"F";"126";"1325";"1407";"420";"0.058";"10.2";"489";"0.810";"579";"2546";"0.773"
"2025-01-14 09:03:00.326";"2025-01-14";"09:03:00";"SLCE";"";"Light Curve end ";""
"2025-01-14 09:03:23.596";"2025-01-14";"09:03:23";"SLCS";"";"Light Curve start ";"h18"
"2025-01-14 09:03:23.596";"2025-01-14";"09:03:23";"REG1";"";"#1: alpha: - , ETRm: - , Ik: -   ( beta: - 0.220, ETRmPot: - 5.245 )   (Platt et al. 1980) ";""
"2025-01-14 09:03:23.596";"2025-01-14";"09:03:23";"REG2";"";"#1: alpha: 0.151, ETRm: 5.375, Ik: 35.627   (Jassby and Platt 1976) ";""
"2025-01-14 09:03:24.990";"2025-01-14";"09:03:24";"FO";"127";"253";"548";"0";"0.538";"0.0";"-";"-";"253";"548";"0.538"
"2025-01-14 09:03:54.974";"2025-01-14";"09:03:54";"F";"128";"280";"396";"25";"0.293";"3.1";"215";"0.384";"253";"548";"0.538"
"2025-01-14 09:04:24.969";"2025-01-14";"09:04:24";"F";"129";"290";"389";"45";"0.254";"4.8";"213";"0.409";"253";"548";"0.538"
"2025-01-14 09:04:54.959";"2025-01-14";"09:04:54";"F";"130";"293";"360";"65";"0.186";"5.1";"204";"0.522";"253";"548";"0.538"
"2025-01-14 09:05:24.949";"2025-01-14";"09:05:24";"F";"131";"294";"341";"90";"0.138";"5.2";"198";"0.607";"253";"548";"0.538"
"2025-01-14 09:05:54.938";"2025-01-14";"09:05:54";"F";"132";"297";"330";"125";"0.100";"5.3";"194";"0.661";"253";"548";"0.538"
"2025-01-14 09:06:24.927";"2025-01-14";"09:06:24";"F";"133";"300";"320";"190";"0.063";"5.0";"190";"0.713";"253";"548";"0.538"
"2025-01-14 09:06:54.908";"2025-01-14";"09:06:54";"F";"134";"302";"317";"285";"0.047";"5.6";"189";"0.729";"253";"548";"0.538"
"2025-01-14 09:07:24.898";"2025-01-14";"09:07:24";"F";"135";"304";"314";"420";"0.032";"5.6";"188";"0.745";"253";"548";"0.538"
"2025-01-14 09:07:28.609";"2025-01-14";"09:07:28";"SLCE";"";"Light Curve end ";""
"2025-01-14 09:07:48.687";"2025-01-14";"09:07:48";"SLCS";"";"Light Curve start ";"u18"
"2025-01-14 09:07:48.687";"2025-01-14";"09:07:48";"REG1";"";"#1: alpha: - , ETRm: - , Ik: -   ( beta: - 0.001, ETRmPot: 8.412 )   (Platt et al. 1980) ";""
"2025-01-14 09:07:48.687";"2025-01-14";"09:07:48";"REG2";"";"#1: alpha: 0.189, ETRm: 8.475, Ik: 44.869   (Jassby and Platt 1976) ";""
"2025-01-14 09:07:50.085";"2025-01-14";"09:07:50";"FO";"136";"605";"2710";"0";"0.777";"0.0";"-";"-";"605";"2710";"0.777"
"2025-01-14 09:08:20.073";"2025-01-14";"09:08:20";"F";"137";"1254";"2279";"25";"0.450";"4.7";"580";"0.189";"605";"2710";"0.777"
"2025-01-14 09:08:50.063";"2025-01-14";"09:08:50";"F";"138";"1471";"2244";"45";"0.344";"6.5";"578";"0.208";"605";"2710";"0.777"
"2025-01-14 09:09:20.069";"2025-01-14";"09:09:20";"F";"139";"1662";"2257";"65";"0.264";"7.2";"579";"0.201";"605";"2710";"0.777"
"2025-01-14 09:09:50.062";"2025-01-14";"09:09:50";"F";"140";"1749";"2198";"90";"0.204";"7.7";"575";"0.233";"605";"2710";"0.777"
"2025-01-14 09:10:20.045";"2025-01-14";"09:10:20";"F";"141";"1779";"2111";"125";"0.157";"8.2";"569";"0.284";"605";"2710";"0.777"
"2025-01-14 09:10:50.032";"2025-01-14";"09:10:50";"F";"142";"1778";"1997";"190";"0.110";"8.8";"560";"0.357";"605";"2710";"0.777"
"2025-01-14 09:11:20.029";"2025-01-14";"09:11:20";"F";"143";"1720";"1857";"285";"0.074";"8.9";"549";"0.459";"605";"2710";"0.777"
"2025-01-14 09:11:50.017";"2025-01-14";"09:11:50";"F";"144";"1618";"1699";"420";"0.048";"8.5";"534";"0.595";"605";"2710";"0.777"
"2025-01-14 09:11:53.196";"2025-01-14";"09:11:53";"SLCE";"";"Light Curve end ";""
"2025-01-14 09:12:53.159";"2025-01-14";"09:12:53";"SLCS";"";"Light Curve start ";"h23"
"2025-01-14 09:12:53.159";"2025-01-14";"09:12:53";"REG1";"";"#1: alpha: - , ETRm: - , Ik: -   ( beta: - 0.003, ETRmPot: 6.392 )   (Platt et al. 1980) ";""
"2025-01-14 09:12:53.159";"2025-01-14";"09:12:53";"REG2";"";"#1: alpha: 0.227, ETRm: 6.973, Ik: 30.685   (Jassby and Platt 1976) ";""
"2025-01-14 09:12:54.576";"2025-01-14";"09:12:54";"FO";"145";"285";"823";"0";"0.654";"0.0";"-";"-";"285";"823";"0.654"
"2025-01-14 09:13:24.567";"2025-01-14";"09:13:24";"F";"146";"377";"703";"25";"0.464";"4.9";"269";"0.171";"285";"823";"0.654"
"2025-01-14 09:13:54.543";"2025-01-14";"09:13:54";"F";"147";"394";"588";"45";"0.330";"6.2";"250";"0.400";"285";"823";"0.654"
"2025-01-14 09:14:24.538";"2025-01-14";"09:14:24";"F";"148";"399";"519";"65";"0.231";"6.3";"237";"0.586";"285";"823";"0.654"
"2025-01-14 09:14:54.526";"2025-01-14";"09:14:54";"F";"149";"403";"485";"90";"0.169";"6.4";"230";"0.697";"285";"823";"0.654"
"2025-01-14 09:15:24.515";"2025-01-14";"09:15:24";"F";"150";"406";"465";"125";"0.127";"6.7";"225";"0.770";"285";"823";"0.654"
"2025-01-14 09:15:54.509";"2025-01-14";"09:15:54";"F";"151";"408";"449";"190";"0.091";"7.3";"221";"0.833";"285";"823";"0.654"
"2025-01-14 09:16:24.495";"2025-01-14";"09:16:24";"F";"152";"407";"433";"285";"0.060";"7.2";"217";"0.901";"285";"823";"0.654"
"2025-01-14 09:16:54.485";"2025-01-14";"09:16:54";"F";"153";"402";"420";"420";"0.043";"7.6";"214";"0.960";"285";"823";"0.654"
"2025-01-14 09:16:56.887";"2025-01-14";"09:16:56";"SLCE";"";"Light Curve end ";""
"2025-01-14 09:20:31.148";"2025-01-14";"09:20:31";"SLCS";"";"Light Curve start ";"u23"
"2025-01-14 09:20:31.148";"2025-01-14";"09:20:31";"REG1";"";"#1: alpha: 0.240, ETRm: 8.305, Ik: 34.643   ( beta: 0.003, ETRmPot: 8.865 )   (Platt et al. 1980) ";""
"2025-01-14 09:20:31.148";"2025-01-14";"09:20:31";"REG2";"";"#1: alpha: 0.184, ETRm: 8.086, Ik: 44.023   (Jassby and Platt 1976) ";""
"2025-01-14 09:20:32.536";"2025-01-14";"09:20:32";"FO";"154";"605";"2866";"0";"0.789";"0.0";"-";"-";"605";"2866";"0.789"
"2025-01-14 09:21:02.532";"2025-01-14";"09:21:02";"F";"155";"1313";"2224";"25";"0.410";"4.3";"570";"0.289";"605";"2866";"0.789"
"2025-01-14 09:21:32.523";"2025-01-14";"09:21:32";"F";"156";"1451";"2130";"45";"0.319";"6.0";"564";"0.346";"605";"2866";"0.789"
"2025-01-14 09:22:02.504";"2025-01-14";"09:22:02";"F";"157";"1575";"2148";"65";"0.267";"7.3";"565";"0.334";"605";"2866";"0.789"
"2025-01-14 09:22:32.500";"2025-01-14";"09:22:32";"F";"158";"1739";"2205";"90";"0.211";"8.0";"569";"0.300";"605";"2866";"0.789"
"2025-01-14 09:23:02.487";"2025-01-14";"09:23:02";"F";"159";"1818";"2153";"125";"0.156";"8.2";"565";"0.331";"605";"2866";"0.789"
"2025-01-14 09:23:32.477";"2025-01-14";"09:23:32";"F";"160";"1780";"1984";"190";"0.103";"8.2";"553";"0.445";"605";"2866";"0.789"
"2025-01-14 09:24:02.460";"2025-01-14";"09:24:02";"F";"161";"1691";"1813";"285";"0.067";"8.0";"539";"0.581";"605";"2866";"0.789"
"2025-01-14 09:24:32.451";"2025-01-14";"09:24:32";"F";"162";"1603";"1677";"420";"0.044";"7.8";"526";"0.709";"605";"2866";"0.789"
"2025-01-14 09:24:35.768";"2025-01-14";"09:24:35";"SLCE";"";"Light Curve end ";""
"2025-01-14 09:24:56.547";"2025-01-14";"09:24:56";"SLCS";"";"Light Curve start ";"h24"
"2025-01-14 09:24:56.547";"2025-01-14";"09:24:56";"REG1";"";"#1: alpha: - , ETRm: - , Ik: -   ( beta: - 0.002, ETRmPot: 5.885 )   (Platt et al. 1980) ";""
"2025-01-14 09:24:56.547";"2025-01-14";"09:24:56";"REG2";"";"#1: alpha: 0.130, ETRm: 6.452, Ik: 49.787   (Jassby and Platt 1976) ";""
"2025-01-14 09:24:57.948";"2025-01-14";"09:24:57";"FO";"163";"235";"572";"0";"0.589";"0.0";"-";"-";"235";"572";"0.589"
"2025-01-14 09:25:27.929";"2025-01-14";"09:25:27";"F";"164";"294";"433";"25";"0.321";"3.4";"208";"0.321";"235";"572";"0.589"
"2025-01-14 09:25:57.918";"2025-01-14";"09:25:57";"F";"165";"304";"406";"45";"0.251";"4.7";"201";"0.409";"235";"572";"0.589"
"2025-01-14 09:26:27.906";"2025-01-14";"09:26:27";"F";"166";"309";"383";"65";"0.193";"5.3";"195";"0.493";"235";"572";"0.589"
"2025-01-14 09:26:57.904";"2025-01-14";"09:26:57";"F";"167";"312";"367";"90";"0.150";"5.7";"191";"0.559";"235";"572";"0.589"
"2025-01-14 09:27:27.893";"2025-01-14";"09:27:27";"F";"168";"316";"357";"125";"0.115";"6.0";"188";"0.602";"235";"572";"0.589"
"2025-01-14 09:27:57.875";"2025-01-14";"09:27:57";"F";"169";"319";"347";"190";"0.081";"6.5";"186";"0.648";"235";"572";"0.589"
"2025-01-14 09:28:27.870";"2025-01-14";"09:28:27";"F";"170";"319";"338";"285";"0.056";"6.7";"183";"0.692";"235";"572";"0.589"
"2025-01-14 09:28:57.852";"2025-01-14";"09:28:57";"F";"171";"317";"330";"420";"0.039";"6.9";"181";"0.733";"235";"572";"0.589"
"2025-01-14 09:29:01.219";"2025-01-14";"09:29:01";"SLCE";"";"Light Curve end ";""
"2025-01-14 09:29:23.412";"2025-01-14";"09:29:23";"SLCS";"";"Light Curve start ";"u24"
"2025-01-14 09:29:23.412";"2025-01-14";"09:29:23";"REG1";"";"#1: alpha: 0.255, ETRm: 12.431, Ik: 48.700   ( beta: 0.003, ETRmPot: 13.181 )   (Platt et al. 1980) ";""
"2025-01-14 09:29:23.412";"2025-01-14";"09:29:23";"REG2";"";"#1: alpha: 0.196, ETRm: 12.205, Ik: 62.219   (Jassby and Platt 1976) ";""
"2025-01-14 09:29:24.811";"2025-01-14";"09:29:24";"FO";"172";"504";"2210";"0";"0.772";"0.0";"-";"-";"504";"2210";"0.772"
"2025-01-14 09:29:54.791";"2025-01-14";"09:29:54";"F";"173";"874";"1684";"25";"0.481";"5.1";"470";"0.312";"504";"2210";"0.772"
"2025-01-14 09:30:24.787";"2025-01-14";"09:30:24";"F";"174";"974";"1622";"45";"0.400";"7.6";"466";"0.363";"504";"2210";"0.772"
"2025-01-14 09:30:54.770";"2025-01-14";"09:30:54";"F";"175";"1080";"1639";"65";"0.341";"9.3";"467";"0.348";"504";"2210";"0.772"
"2025-01-14 09:31:24.766";"2025-01-14";"09:31:24";"F";"176";"1203";"1678";"90";"0.283";"10.7";"470";"0.317";"504";"2210";"0.772"
"2025-01-14 09:31:54.750";"2025-01-14";"09:31:54";"F";"177";"1321";"1694";"125";"0.220";"11.6";"471";"0.305";"504";"2210";"0.772"
"2025-01-14 09:32:24.740";"2025-01-14";"09:32:24";"F";"178";"1398";"1652";"190";"0.154";"12.3";"468";"0.338";"504";"2210";"0.772"
"2025-01-14 09:32:54.733";"2025-01-14";"09:32:54";"F";"179";"1382";"1544";"285";"0.105";"12.6";"459";"0.431";"504";"2210";"0.772"
"2025-01-14 09:33:24.718";"2025-01-14";"09:33:24";"F";"180";"1332";"1429";"420";"0.068";"12.0";"448";"0.547";"504";"2210";"0.772"
"2025-01-14 09:33:28.521";"2025-01-14";"09:33:28";"SLCE";"";"Light Curve end ";""
"2025-01-14 09:33:47.834";"2025-01-14";"09:33:47";"SLCS";"";"Light Curve start ";"h21"
"2025-01-14 09:33:47.834";"2025-01-14";"09:33:47";"REG1";"";"#1: alpha: - , ETRm: - , Ik: -   ( beta: - 0.005, ETRmPot: 5.695 )   (Platt et al. 1980) ";""
"2025-01-14 09:33:47.834";"2025-01-14";"09:33:47";"REG2";"";"#1: alpha: 0.156, ETRm: 7.013, Ik: 44.966   (Jassby and Platt 1976) ";""
"2025-01-14 09:33:49.223";"2025-01-14";"09:33:49";"FO";"181";"230";"687";"0";"0.665";"0.0";"-";"-";"230";"687";"0.665"
"2025-01-14 09:34:19.211";"2025-01-14";"09:34:19";"F";"182";"284";"452";"25";"0.372";"3.9";"196";"0.520";"230";"687";"0.665"
"2025-01-14 09:34:49.202";"2025-01-14";"09:34:49";"F";"183";"296";"428";"45";"0.308";"5.8";"191";"0.605";"230";"687";"0.665"
"2025-01-14 09:35:19.191";"2025-01-14";"09:35:19";"F";"184";"301";"379";"65";"0.206";"5.6";"181";"0.813";"230";"687";"0.665"
"2025-01-14 09:35:49.181";"2025-01-14";"09:35:49";"F";"185";"307";"365";"90";"0.159";"6.0";"178";"0.882";"230";"687";"0.665"
"2025-01-14 09:36:19.171";"2025-01-14";"09:36:19";"F";"186";"309";"350";"125";"0.117";"6.1";"174";"0.963";"230";"687";"0.665"
"2025-01-14 09:36:49.150";"2025-01-14";"09:36:49";"F";"187";"314";"343";"190";"0.085";"6.8";"172";"1.003";"230";"687";"0.665"
"2025-01-14 09:37:19.147";"2025-01-14";"09:37:19";"F";"188";"314";"336";"285";"0.065";"7.8";"170";"1.045";"230";"687";"0.665"
"2025-01-14 09:37:49.130";"2025-01-14";"09:37:49";"F";"189";"314";"329";"420";"0.046";"8.1";"169";"1.088";"230";"687";"0.665"
"2025-01-14 09:37:52.296";"2025-01-14";"09:37:52";"SLCE";"";"Light Curve end ";""
"2025-01-14 09:38:14.596";"2025-01-14";"09:38:14";"SLCS";"";"Light Curve start ";"u21"
"2025-01-14 09:38:14.596";"2025-01-14";"09:38:14";"REG1";"";"#1: alpha: - , ETRm: - , Ik: -   ( beta: 0.000, ETRmPot: 9.192 )   (Platt et al. 1980) ";""
"2025-01-14 09:38:14.596";"2025-01-14";"09:38:14";"REG2";"";"#1: alpha: 0.190, ETRm: 9.178, Ik: 48.369   (Jassby and Platt 1976) ";""
"2025-01-14 09:38:15.995";"2025-01-14";"09:38:15";"FO";"190";"609";"2733";"0";"0.777";"0.0";"-";"-";"609";"2733";"0.777"
"2025-01-14 09:38:45.986";"2025-01-14";"09:38:45";"F";"191";"1256";"2331";"25";"0.461";"4.8";"586";"0.172";"609";"2733";"0.777"
"2025-01-14 09:39:15.994";"2025-01-14";"09:39:15";"F";"192";"1473";"2296";"45";"0.358";"6.8";"584";"0.190";"609";"2733";"0.777"
"2025-01-14 09:39:45.977";"2025-01-14";"09:39:45";"F";"193";"1682";"2334";"65";"0.279";"7.6";"587";"0.171";"609";"2733";"0.777"
"2025-01-14 09:40:15.972";"2025-01-14";"09:40:15";"F";"194";"1788";"2290";"90";"0.219";"8.3";"584";"0.193";"609";"2733";"0.777"
"2025-01-14 09:40:45.961";"2025-01-14";"09:40:45";"F";"195";"1833";"2206";"125";"0.169";"8.9";"578";"0.239";"609";"2733";"0.777"
"2025-01-14 09:41:15.951";"2025-01-14";"09:41:15";"F";"196";"1845";"2091";"190";"0.118";"9.4";"570";"0.307";"609";"2733";"0.777"
"2025-01-14 09:41:45.940";"2025-01-14";"09:41:45";"F";"197";"1792";"1948";"285";"0.080";"9.6";"559";"0.403";"609";"2733";"0.777"
"2025-01-14 09:42:15.930";"2025-01-14";"09:42:15";"F";"198";"1691";"1784";"420";"0.052";"9.2";"544";"0.532";"609";"2733";"0.777"
"2025-01-14 09:42:19.540";"2025-01-14";"09:42:19";"SLCE";"";"Light Curve end ";""
"2025-01-14 09:42:36.522";"2025-01-14";"09:42:36";"SLCS";"";"Light Curve start ";"h22"
"2025-01-14 09:42:36.522";"2025-01-14";"09:42:36";"REG1";"";"#1: alpha: - , ETRm: - , Ik: -   ( beta: - 0.005, ETRmPot: 6.089 )   (Platt et al. 1980) ";""
"2025-01-14 09:42:36.522";"2025-01-14";"09:42:36";"REG2";"";"#1: alpha: 0.130, ETRm: 7.487, Ik: 57.576   (Jassby and Platt 1976) ";""
"2025-01-14 09:42:37.912";"2025-01-14";"09:42:37";"FO";"199";"288";"789";"0";"0.635";"0.0";"-";"-";"288";"789";"0.635"
"2025-01-14 09:43:07.909";"2025-01-14";"09:43:07";"F";"200";"400";"630";"25";"0.365";"3.8";"264";"0.252";"288";"789";"0.635"
"2025-01-14 09:43:37.896";"2025-01-14";"09:43:37";"F";"201";"417";"571";"45";"0.270";"5.1";"253";"0.382";"288";"789";"0.635"
"2025-01-14 09:44:07.875";"2025-01-14";"09:44:07";"F";"202";"423";"538";"65";"0.214";"5.8";"246";"0.467";"288";"789";"0.635"
"2025-01-14 09:44:37.868";"2025-01-14";"09:44:37";"F";"203";"425";"509";"90";"0.165";"6.2";"240";"0.550";"288";"789";"0.635"
"2025-01-14 09:45:07.865";"2025-01-14";"09:45:07";"F";"204";"427";"487";"125";"0.123";"6.5";"235";"0.620";"288";"789";"0.635"
"2025-01-14 09:45:37.848";"2025-01-14";"09:45:37";"F";"205";"427";"471";"190";"0.093";"7.4";"231";"0.675";"288";"789";"0.635"
"2025-01-14 09:46:07.835";"2025-01-14";"09:46:07";"F";"206";"422";"451";"285";"0.064";"7.7";"226";"0.749";"288";"789";"0.635"
"2025-01-14 09:46:37.827";"2025-01-14";"09:46:37";"F";"207";"413";"434";"420";"0.048";"8.5";"222";"0.818";"288";"789";"0.635"
"2025-01-14 09:46:41.367";"2025-01-14";"09:46:41";"SLCE";"";"Light Curve end ";""
"2025-01-14 09:47:02.949";"2025-01-14";"09:47:02";"SLCS";"";"Light Curve start ";"u22"
"2025-01-14 09:47:02.949";"2025-01-14";"09:47:02";"REG1";"";"#1: alpha: 0.295, ETRm: 12.409, Ik: 42.127   ( beta: 0.000, ETRmPot: 12.545 )   (Platt et al. 1980) ";""
"2025-01-14 09:47:02.949";"2025-01-14";"09:47:02";"REG2";"";"#1: alpha: 0.219, ETRm: 12.226, Ik: 55.767   (Jassby and Platt 1976) ";""
"2025-01-14 09:47:04.342";"2025-01-14";"09:47:04";"FO";"208";"478";"2071";"0";"0.769";"0.0";"-";"-";"478";"2071";"0.769"
"2025-01-14 09:47:34.332";"2025-01-14";"09:47:34";"F";"209";"903";"1944";"25";"0.535";"5.6";"471";"0.065";"478";"2071";"0.769"
"2025-01-14 09:48:04.321";"2025-01-14";"09:48:04";"F";"210";"1048";"1881";"45";"0.443";"8.4";"467";"0.101";"478";"2071";"0.769"
"2025-01-14 09:48:34.301";"2025-01-14";"09:48:34";"F";"211";"1153";"1793";"65";"0.357";"9.7";"461";"0.155";"478";"2071";"0.769"
"2025-01-14 09:49:04.299";"2025-01-14";"09:49:04";"F";"212";"1191";"1667";"90";"0.286";"10.8";"453";"0.242";"478";"2071";"0.769"
"2025-01-14 09:49:34.300";"2025-01-14";"09:49:34";"F";"213";"1198";"1541";"125";"0.223";"11.7";"443";"0.344";"478";"2071";"0.769"
"2025-01-14 09:50:04.291";"2025-01-14";"09:50:04";"F";"214";"1210";"1433";"190";"0.156";"12.4";"433";"0.445";"478";"2071";"0.769"
"2025-01-14 09:50:34.284";"2025-01-14";"09:50:34";"F";"215";"1193";"1334";"285";"0.106";"12.7";"424";"0.552";"478";"2071";"0.769"
"2025-01-14 09:51:04.271";"2025-01-14";"09:51:04";"F";"216";"1153";"1239";"420";"0.069";"12.2";"414";"0.672";"478";"2071";"0.769"
"2025-01-14 09:51:07.732";"2025-01-14";"09:51:07";"SLCE";"";"Light Curve end ";""
"2025-01-14 09:51:33.666";"2025-01-14";"09:51:33";"SLCS";"";"Light Curve start ";"h03"
"2025-01-14 09:51:33.666";"2025-01-14";"09:51:33";"REG1";"";"#1: alpha: - , ETRm: - , Ik: -   ( beta: - 0.001, ETRmPot: 8.010 )   (Platt et al. 1980) ";""
"2025-01-14 09:51:33.666";"2025-01-14";"09:51:33";"REG2";"";"#1: alpha: 0.203, ETRm: 8.260, Ik: 40.678   (Jassby and Platt 1976) ";""
"2025-01-14 09:51:35.063";"2025-01-14";"09:51:35";"FO";"217";"159";"426";"0";"0.627";"0.0";"-";"-";"159";"426";"0.627"
"2025-01-14 09:52:05.048";"2025-01-14";"09:52:05";"F";"218";"183";"331";"25";"0.447";"4.7";"144";"0.287";"159";"426";"0.627"
"2025-01-14 09:52:35.040";"2025-01-14";"09:52:35";"F";"219";"190";"294";"45";"0.354";"6.7";"136";"0.449";"159";"426";"0.627"
"2025-01-14 09:53:05.033";"2025-01-14";"09:53:05";"F";"220";"195";"269";"65";"0.275";"7.5";"131";"0.584";"159";"426";"0.627"
"2025-01-14 09:53:35.019";"2025-01-14";"09:53:35";"F";"221";"199";"248";"90";"0.198";"7.5";"125";"0.718";"159";"426";"0.627"
"2025-01-14 09:54:05.002";"2025-01-14";"09:54:05";"F";"222";"203";"237";"125";"0.143";"7.5";"123";"0.797";"159";"426";"0.627"
"2025-01-14 09:54:34.992";"2025-01-14";"09:54:34";"F";"223";"208";"232";"190";"0.103";"8.2";"121";"0.836";"159";"426";"0.627"
"2025-01-14 09:55:04.990";"2025-01-14";"09:55:04";"F";"224";"210";"229";"285";"0.083";"9.9";"120";"0.860";"159";"426";"0.627"
"2025-01-14 09:55:34.972";"2025-01-14";"09:55:34";"F";"225";"213";"223";"420";"0.045";"7.9";"119";"0.910";"159";"426";"0.627"
"2025-01-14 09:55:38.597";"2025-01-14";"09:55:38";"SLCE";"";"Light Curve end ";""
"2025-01-14 09:56:12.676";"2025-01-14";"09:56:12";"SLCS";"";"Light Curve start ";"u03"
"2025-01-14 09:56:12.676";"2025-01-14";"09:56:12";"REG1";"";"#1: alpha: 0.251, ETRm: 8.045, Ik: 32.080   ( beta: 0.001, ETRmPot: 8.272 )   (Platt et al. 1980) ";""
"2025-01-14 09:56:12.676";"2025-01-14";"09:56:12";"REG2";"";"#1: alpha: 0.187, ETRm: 7.917, Ik: 42.420   (Jassby and Platt 1976) ";""
"2025-01-14 09:56:14.070";"2025-01-14";"09:56:14";"FO";"226";"702";"2975";"0";"0.764";"0.0";"-";"-";"702";"2975";"0.764"
"2025-01-14 09:56:44.060";"2025-01-14";"09:56:44";"F";"227";"1443";"2478";"25";"0.418";"4.4";"670";"0.201";"702";"2975";"0.764"
"2025-01-14 09:57:14.055";"2025-01-14";"09:57:14";"F";"228";"1604";"2371";"45";"0.323";"6.1";"662";"0.255";"702";"2975";"0.764"
"2025-01-14 09:57:44.039";"2025-01-14";"09:57:44";"F";"229";"1731";"2341";"65";"0.261";"7.1";"660";"0.271";"702";"2975";"0.764"
"2025-01-14 09:58:14.033";"2025-01-14";"09:58:14";"F";"230";"1835";"2297";"90";"0.201";"7.6";"656";"0.295";"702";"2975";"0.764"
"2025-01-14 09:58:44.023";"2025-01-14";"09:58:44";"F";"231";"1863";"2193";"125";"0.150";"7.9";"648";"0.357";"702";"2975";"0.764"
"2025-01-14 09:59:14.012";"2025-01-14";"09:59:14";"F";"232";"1860";"2068";"190";"0.101";"8.1";"636";"0.439";"702";"2975";"0.764"
"2025-01-14 09:59:44.020";"2025-01-14";"09:59:44";"F";"233";"1807";"1937";"285";"0.067";"8.0";"623";"0.536";"702";"2975";"0.764"
"2025-01-14 10:00:14.003";"2025-01-14";"10:00:14";"F";"234";"1722";"1802";"420";"0.044";"7.8";"609";"0.651";"702";"2975";"0.764"
"2025-01-14 10:00:17.642";"2025-01-14";"10:00:17";"SLCE";"";"Light Curve end ";""
"2025-01-14 10:00:36.771";"2025-01-14";"10:00:36";"SLCS";"";"Light Curve start ";"h04"
"2025-01-14 10:00:36.771";"2025-01-14";"10:00:36";"REG1";"";"#1: alpha: - , ETRm: - , Ik: -   ( beta: - 0.004, ETRmPot: 6.905 )   (Platt et al. 1980) ";""
"2025-01-14 10:00:36.771";"2025-01-14";"10:00:36";"REG2";"";"#1: alpha: 0.252, ETRm: 7.812, Ik: 31.043   (Jassby and Platt 1976) ";""
"2025-01-14 10:00:38.191";"2025-01-14";"10:00:38";"FO";"235";"187";"507";"0";"0.631";"0.0";"-";"-";"187";"507";"0.631"
"2025-01-14 10:01:08.180";"2025-01-14";"10:01:08";"F";"236";"207";"408";"25";"0.493";"5.2";"172";"0.243";"187";"507";"0.631"
"2025-01-14 10:01:38.168";"2025-01-14";"10:01:38";"F";"237";"209";"338";"45";"0.382";"7.2";"158";"0.500";"187";"507";"0.631"
"2025-01-14 10:02:08.155";"2025-01-14";"10:02:08";"F";"238";"199";"273";"65";"0.271";"7.4";"142";"0.857";"187";"507";"0.631"
"2025-01-14 10:02:38.147";"2025-01-14";"10:02:38";"F";"239";"198";"243";"90";"0.185";"7.0";"134";"1.086";"187";"507";"0.631"
"2025-01-14 10:03:08.130";"2025-01-14";"10:03:08";"F";"240";"197";"227";"125";"0.132";"6.9";"129";"1.233";"187";"507";"0.631"
"2025-01-14 10:03:38.120";"2025-01-14";"10:03:38";"F";"241";"196";"216";"190";"0.093";"7.4";"125";"1.347";"187";"507";"0.631"
"2025-01-14 10:04:08.102";"2025-01-14";"10:04:08";"F";"242";"195";"211";"285";"0.076";"9.1";"123";"1.403";"187";"507";"0.631"
"2025-01-14 10:04:38.097";"2025-01-14";"10:04:38";"F";"243";"194";"204";"420";"0.049";"8.6";"121";"1.485";"187";"507";"0.631"
"2025-01-14 10:04:41.268";"2025-01-14";"10:04:41";"SLCE";"";"Light Curve end ";""
"2025-01-14 10:05:00.034";"2025-01-14";"10:05:00";"SLCS";"";"Light Curve start ";"u04"
"2025-01-14 10:05:00.034";"2025-01-14";"10:05:00";"REG1";"";"#1: alpha: - , ETRm: - , Ik: -   ( beta: - 0.002, ETRmPot: 10.015 )   (Platt et al. 1980) ";""
"2025-01-14 10:05:00.034";"2025-01-14";"10:05:00";"REG2";"";"#1: alpha: 0.185, ETRm: 10.503, Ik: 56.671   (Jassby and Platt 1976) ";""
"2025-01-14 10:05:01.433";"2025-01-14";"10:05:01";"FO";"244";"548";"2582";"0";"0.788";"0.0";"-";"-";"548";"2582";"0.788"
"2025-01-14 10:05:31.414";"2025-01-14";"10:05:31";"F";"245";"1189";"2255";"25";"0.473";"5.0";"532";"0.145";"548";"2582";"0.788"
"2025-01-14 10:06:01.410";"2025-01-14";"10:06:01";"F";"246";"1368";"2213";"45";"0.382";"7.2";"529";"0.167";"548";"2582";"0.788"
"2025-01-14 10:06:31.392";"2025-01-14";"10:06:31";"F";"247";"1550";"2217";"65";"0.301";"8.2";"529";"0.165";"548";"2582";"0.788"
"2025-01-14 10:07:01.381";"2025-01-14";"10:07:01";"F";"248";"1629";"2141";"90";"0.239";"9.0";"525";"0.206";"548";"2582";"0.788"
"2025-01-14 10:07:31.371";"2025-01-14";"10:07:31";"F";"249";"1654";"2032";"125";"0.186";"9.8";"518";"0.271";"548";"2582";"0.788"
"2025-01-14 10:08:01.363";"2025-01-14";"10:08:01";"F";"250";"1646";"1896";"190";"0.132";"10.5";"509";"0.362";"548";"2582";"0.788"
"2025-01-14 10:08:31.352";"2025-01-14";"10:08:31";"F";"251";"1589";"1752";"285";"0.093";"11.1";"498";"0.474";"548";"2582";"0.788"
"2025-01-14 10:09:01.343";"2025-01-14";"10:09:01";"F";"252";"1502";"1599";"420";"0.061";"10.8";"485";"0.615";"548";"2582";"0.788"
"2025-01-14 10:09:04.851";"2025-01-14";"10:09:04";"SLCE";"";"Light Curve end ";""
"2025-01-14 10:09:24.095";"2025-01-14";"10:09:24";"SLCS";"";"Light Curve start ";"h01"
"2025-01-14 10:09:24.095";"2025-01-14";"10:09:24";"REG1";"";"#1: alpha: - , ETRm: - , Ik: -   ( beta: - 0.002, ETRmPot: 5.650 )   (Platt et al. 1980) ";""
"2025-01-14 10:09:24.095";"2025-01-14";"10:09:24";"REG2";"";"#1: alpha: 0.194, ETRm: 6.046, Ik: 31.163   (Jassby and Platt 1976) ";""
"2025-01-14 10:09:25.506";"2025-01-14";"10:09:25";"FO";"253";"215";"528";"0";"0.593";"0.0";"-";"-";"215";"528";"0.593"
"2025-01-14 10:09:55.490";"2025-01-14";"10:09:55";"F";"254";"242";"395";"25";"0.387";"4.1";"189";"0.337";"215";"528";"0.593"
"2025-01-14 10:10:25.477";"2025-01-14";"10:10:25";"F";"255";"249";"351";"45";"0.291";"5.5";"178";"0.504";"215";"528";"0.593"
"2025-01-14 10:10:55.474";"2025-01-14";"10:10:55";"F";"256";"251";"315";"65";"0.203";"5.5";"169";"0.676";"215";"528";"0.593"
"2025-01-14 10:11:25.457";"2025-01-14";"10:11:25";"F";"257";"254";"298";"90";"0.148";"5.6";"164";"0.772";"215";"528";"0.593"
"2025-01-14 10:11:55.451";"2025-01-14";"10:11:55";"F";"258";"257";"288";"125";"0.108";"5.7";"161";"0.833";"215";"528";"0.593"
"2025-01-14 10:12:25.442";"2025-01-14";"10:12:25";"F";"259";"259";"282";"190";"0.082";"6.5";"159";"0.872";"215";"528";"0.593"
"2025-01-14 10:12:55.431";"2025-01-14";"10:12:55";"F";"260";"262";"276";"285";"0.051";"6.1";"157";"0.913";"215";"528";"0.593"
"2025-01-14 10:13:25.414";"2025-01-14";"10:13:25";"F";"261";"262";"272";"420";"0.037";"6.5";"155";"0.941";"215";"528";"0.593"
"2025-01-14 10:13:29.382";"2025-01-14";"10:13:29";"SLCE";"";"Light Curve end ";""
"2025-01-14 10:14:05.732";"2025-01-14";"10:14:05";"SLCS";"";"Light Curve start ";"u01"
"2025-01-14 10:14:05.732";"2025-01-14";"10:14:05";"REG1";"";"#1: alpha: - , ETRm: - , Ik: -   ( beta: - 0.001, ETRmPot: 7.626 )   (Platt et al. 1980) ";""
"2025-01-14 10:14:05.732";"2025-01-14";"10:14:05";"REG2";"";"#1: alpha: 0.180, ETRm: 7.685, Ik: 42.674   (Jassby and Platt 1976) ";""
"2025-01-14 10:14:07.172";"2025-01-14";"10:14:07";"FO";"262";"742";"2895";"0";"0.744";"0.0";"-";"-";"742";"2895";"0.744"
"2025-01-14 10:14:37.166";"2025-01-14";"10:14:37";"F";"263";"1478";"2501";"25";"0.409";"4.3";"713";"0.158";"742";"2895";"0.744"
"2025-01-14 10:15:07.157";"2025-01-14";"10:15:07";"F";"264";"1656";"2429";"45";"0.318";"6.0";"707";"0.192";"742";"2895";"0.744"
"2025-01-14 10:15:37.140";"2025-01-14";"10:15:37";"F";"265";"1848";"2462";"65";"0.249";"6.8";"710";"0.176";"742";"2895";"0.744"
"2025-01-14 10:16:07.132";"2025-01-14";"10:16:07";"F";"266";"1985";"2445";"90";"0.188";"7.1";"709";"0.184";"742";"2895";"0.744"
"2025-01-14 10:16:37.124";"2025-01-14";"10:16:37";"F";"267";"2030";"2368";"125";"0.143";"7.5";"702";"0.223";"742";"2895";"0.744"
"2025-01-14 10:17:07.115";"2025-01-14";"10:17:07";"F";"268";"2019";"2241";"190";"0.099";"7.9";"690";"0.292";"742";"2895";"0.744"
"2025-01-14 10:17:37.103";"2025-01-14";"10:17:37";"F";"269";"1942";"2079";"285";"0.066";"7.9";"674";"0.392";"742";"2895";"0.744"
"2025-01-14 10:18:07.091";"2025-01-14";"10:18:07";"F";"270";"1813";"1896";"420";"0.044";"7.8";"654";"0.527";"742";"2895";"0.744"
"2025-01-14 10:18:09.512";"2025-01-14";"10:18:09";"SLCE";"";"Light Curve end ";""
"2025-01-14 10:18:34.700";"2025-01-14";"10:18:34";"SLCS";"";"Light Curve start ";"h02"
"2025-01-14 10:18:34.700";"2025-01-14";"10:18:34";"REG1";"";"#1: alpha: - , ETRm: - , Ik: -   ( beta: - 0.002, ETRmPot: 6.908 )   (Platt et al. 1980) ";""
"2025-01-14 10:18:34.700";"2025-01-14";"10:18:34";"REG2";"";"#1: alpha: 0.188, ETRm: 7.254, Ik: 38.572   (Jassby and Platt 1976) ";""
"2025-01-14 10:18:36.089";"2025-01-14";"10:18:36";"FO";"271";"282";"757";"0";"0.627";"0.0";"-";"-";"282";"757";"0.627"
"2025-01-14 10:19:06.074";"2025-01-14";"10:19:06";"F";"272";"354";"617";"25";"0.426";"4.5";"260";"0.227";"282";"757";"0.627"
"2025-01-14 10:19:36.088";"2025-01-14";"10:19:36";"F";"273";"368";"534";"45";"0.311";"5.9";"244";"0.418";"282";"757";"0.627"
"2025-01-14 10:20:06.077";"2025-01-14";"10:20:06";"F";"274";"375";"489";"65";"0.233";"6.4";"234";"0.548";"282";"757";"0.627"
"2025-01-14 10:20:36.067";"2025-01-14";"10:20:36";"F";"275";"380";"460";"90";"0.174";"6.6";"227";"0.646";"282";"757";"0.627"
"2025-01-14 10:21:06.058";"2025-01-14";"10:21:06";"F";"276";"385";"443";"125";"0.131";"6.9";"223";"0.709";"282";"757";"0.627"
"2025-01-14 10:21:36.039";"2025-01-14";"10:21:36";"F";"277";"389";"430";"190";"0.095";"7.6";"220";"0.760";"282";"757";"0.627"
"2025-01-14 10:22:06.034";"2025-01-14";"10:22:06";"F";"278";"389";"416";"285";"0.065";"7.8";"216";"0.820";"282";"757";"0.627"
"2025-01-14 10:22:36.017";"2025-01-14";"10:22:36";"F";"279";"386";"403";"420";"0.042";"7.4";"212";"0.878";"282";"757";"0.627"
"2025-01-14 10:22:39.369";"2025-01-14";"10:22:39";"SLCE";"";"Light Curve end ";""
"2025-01-14 10:22:50.536";"2025-01-14";"10:22:50";"SLCS";"";"Light Curve start ";"u02"
"2025-01-14 10:22:50.536";"2025-01-14";"10:22:50";"REG1";"";"#1: alpha: - , ETRm: - , Ik: -   ( beta: 0.000, ETRmPot: 9.067 )   (Platt et al. 1980) ";""
"2025-01-14 10:22:50.536";"2025-01-14";"10:22:50";"REG2";"";"#1: alpha: 0.196, ETRm: 8.990, Ik: 45.819   (Jassby and Platt 1976) ";""
"2025-01-14 10:22:51.934";"2025-01-14";"10:22:51";"FO";"280";"663";"3011";"0";"0.780";"0.0";"-";"-";"663";"3011";"0.780"
"2025-01-14 10:23:21.923";"2025-01-14";"10:23:21";"F";"281";"1404";"2601";"25";"0.460";"4.8";"641";"0.158";"663";"3011";"0.780"
"2025-01-14 10:23:51.912";"2025-01-14";"10:23:51";"F";"282";"1660";"2607";"45";"0.363";"6.9";"641";"0.155";"663";"3011";"0.780"
"2025-01-14 10:24:21.902";"2025-01-14";"10:24:21";"F";"283";"1896";"2627";"65";"0.278";"7.6";"642";"0.146";"663";"3011";"0.780"
"2025-01-14 10:24:51.883";"2025-01-14";"10:24:51";"F";"284";"1990";"2541";"90";"0.217";"8.2";"637";"0.185";"663";"3011";"0.780"
"2025-01-14 10:25:21.872";"2025-01-14";"10:25:21";"F";"285";"2003";"2404";"125";"0.167";"8.8";"628";"0.252";"663";"3011";"0.780"
"2025-01-14 10:25:51.862";"2025-01-14";"10:25:51";"F";"286";"1979";"2239";"190";"0.116";"9.3";"616";"0.345";"663";"3011";"0.780"
"2025-01-14 10:26:21.857";"2025-01-14";"10:26:21";"F";"287";"1898";"2058";"285";"0.078";"9.3";"602";"0.463";"663";"3011";"0.780"
"2025-01-14 10:26:51.847";"2025-01-14";"10:26:51";"F";"288";"1782";"1877";"420";"0.051";"9.0";"585";"0.604";"663";"3011";"0.780"
"2025-01-14 10:26:55.684";"2025-01-14";"10:26:55";"SLCE";"";"Light Curve end ";""
"2025-01-14 10:27:11.929";"2025-01-14";"10:27:11";"SLCS";"";"Light Curve start ";"h07"
"2025-01-14 10:27:11.929";"2025-01-14";"10:27:11";"REG1";"";"#1: alpha: - , ETRm: - , Ik: -   ( beta: - 0.571, ETRmPot: - 5.501 )   (Platt et al. 1980) ";""
"2025-01-14 10:27:11.929";"2025-01-14";"10:27:11";"REG2";"";"#1: alpha: 0.372, ETRm: 5.304, Ik: 14.240   (Jassby and Platt 1976) ";""
"2025-01-14 10:27:13.336";"2025-01-14";"10:27:13";"FO";"289";"186";"557";"0";"0.666";"0.0";"-";"-";"186";"557";"0.666"
"2025-01-14 10:27:43.325";"2025-01-14";"10:27:43";"F";"290";"214";"399";"25";"0.464";"4.9";"164";"0.396";"186";"557";"0.666"
"2025-01-14 10:28:13.312";"2025-01-14";"10:28:13";"F";"291";"222";"328";"45";"0.323";"6.1";"151";"0.698";"186";"557";"0.666"
"2025-01-14 10:28:43.305";"2025-01-14";"10:28:43";"F";"292";"227";"284";"65";"0.201";"5.5";"141";"0.961";"186";"557";"0.666"
"2025-01-14 10:29:13.286";"2025-01-14";"10:29:13";"F";"293";"232";"267";"90";"0.131";"5.0";"136";"1.086";"186";"557";"0.666"
"2025-01-14 10:29:43.295";"2025-01-14";"10:29:43";"F";"294";"236";"260";"125";"0.092";"4.8";"135";"1.142";"186";"557";"0.666"
"2025-01-14 10:30:13.289";"2025-01-14";"10:30:13";"F";"295";"239";"256";"190";"0.066";"5.3";"134";"1.176";"186";"557";"0.666"
"2025-01-14 10:30:43.274";"2025-01-14";"10:30:43";"F";"296";"242";"254";"285";"0.047";"5.6";"133";"1.193";"186";"557";"0.666"
"2025-01-14 10:31:13.270";"2025-01-14";"10:31:13";"F";"297";"243";"250";"420";"0.028";"4.9";"132";"1.228";"186";"557";"0.666"
"2025-01-14 10:31:16.594";"2025-01-14";"10:31:16";"SLCE";"";"Light Curve end ";""
"2025-01-14 10:31:31.786";"2025-01-14";"10:31:31";"SLCS";"";"Light Curve start ";"u07"
"2025-01-14 10:31:31.786";"2025-01-14";"10:31:31";"REG1";"";"#1: alpha: 0.268, ETRm: 11.022, Ik: 41.086   ( beta: 0.000, ETRmPot: 11.099 )   (Platt et al. 1980) ";""
"2025-01-14 10:31:31.786";"2025-01-14";"10:31:31";"REG2";"";"#1: alpha: 0.199, ETRm: 10.856, Ik: 54.541   (Jassby and Platt 1976) ";""
"2025-01-14 10:31:33.191";"2025-01-14";"10:31:33";"FO";"298";"529";"2567";"0";"0.794";"0.0";"-";"-";"529";"2567";"0.794"
"2025-01-14 10:32:03.172";"2025-01-14";"10:32:03";"F";"299";"1143";"2303";"25";"0.504";"5.3";"517";"0.115";"529";"2567";"0.794"
"2025-01-14 10:32:33.162";"2025-01-14";"10:32:33";"F";"300";"1375";"2280";"45";"0.397";"7.5";"516";"0.126";"529";"2567";"0.794"
"2025-01-14 10:33:03.157";"2025-01-14";"10:33:03";"F";"301";"1538";"2247";"65";"0.316";"8.6";"514";"0.142";"529";"2567";"0.794"
"2025-01-14 10:33:33.144";"2025-01-14";"10:33:33";"F";"302";"1610";"2153";"90";"0.252";"9.5";"509";"0.192";"529";"2567";"0.794"
"2025-01-14 10:34:03.136";"2025-01-14";"10:34:03";"F";"303";"1638";"2042";"125";"0.198";"10.4";"502";"0.257";"529";"2567";"0.794"
"2025-01-14 10:34:33.126";"2025-01-14";"10:34:33";"F";"304";"1634";"1900";"190";"0.140";"11.2";"493";"0.351";"529";"2567";"0.794"
"2025-01-14 10:35:03.116";"2025-01-14";"10:35:03";"F";"305";"1573";"1737";"285";"0.094";"11.3";"482";"0.478";"529";"2567";"0.794"
"2025-01-14 10:35:33.099";"2025-01-14";"10:35:33";"F";"306";"1468";"1563";"420";"0.061";"10.8";"467";"0.642";"529";"2567";"0.794"
"2025-01-14 10:35:36.561";"2025-01-14";"10:35:36";"SLCE";"";"Light Curve end ";""
"2025-01-14 10:36:09.345";"2025-01-14";"10:36:09";"SLCS";"";"Light Curve start ";"h08"
"2025-01-14 10:36:09.345";"2025-01-14";"10:36:09";"REG1";"";"#1: alpha: - , ETRm: - , Ik: -   ( beta: - 0.003, ETRmPot: 5.948 )   (Platt et al. 1980) ";""
"2025-01-14 10:36:09.345";"2025-01-14";"10:36:09";"REG2";"";"#1: alpha: 0.223, ETRm: 6.518, Ik: 29.180   (Jassby and Platt 1976) ";""
"2025-01-14 10:36:10.732";"2025-01-14";"10:36:10";"FO";"307";"219";"619";"0";"0.646";"0.0";"-";"-";"219";"619";"0.646"
"2025-01-14 10:36:40.715";"2025-01-14";"10:36:40";"F";"308";"270";"475";"25";"0.432";"4.5";"198";"0.303";"219";"619";"0.646"
"2025-01-14 10:37:10.711";"2025-01-14";"10:37:10";"F";"309";"274";"404";"45";"0.322";"6.1";"184";"0.532";"219";"619";"0.646"
"2025-01-14 10:37:40.700";"2025-01-14";"10:37:40";"F";"310";"278";"360";"65";"0.228";"6.2";"175";"0.719";"219";"619";"0.646"
"2025-01-14 10:38:10.683";"2025-01-14";"10:38:10";"F";"311";"284";"339";"90";"0.162";"6.1";"169";"0.826";"219";"619";"0.646"
"2025-01-14 10:38:40.674";"2025-01-14";"10:38:40";"F";"312";"288";"328";"125";"0.122";"6.4";"167";"0.887";"219";"619";"0.646"
"2025-01-14 10:39:10.660";"2025-01-14";"10:39:10";"F";"313";"292";"317";"190";"0.079";"6.3";"164";"0.953";"219";"619";"0.646"
"2025-01-14 10:39:40.675";"2025-01-14";"10:39:40";"F";"314";"294";"310";"285";"0.052";"6.2";"162";"0.997";"219";"619";"0.646"
"2025-01-14 10:40:10.659";"2025-01-14";"10:40:10";"F";"315";"292";"305";"420";"0.043";"7.6";"161";"1.030";"219";"619";"0.646"
"2025-01-14 10:40:13.784";"2025-01-14";"10:40:13";"SLCE";"";"Light Curve end ";""
"2025-01-14 10:40:45.100";"2025-01-14";"10:40:45";"SLCS";"";"Light Curve start ";"u08"
"2025-01-14 10:40:45.100";"2025-01-14";"10:40:45";"REG1";"";"#1: alpha: 0.279, ETRm: 10.573, Ik: 37.956   ( beta: 0.001, ETRmPot: 10.927 )   (Platt et al. 1980) ";""
"2025-01-14 10:40:45.100";"2025-01-14";"10:40:45";"REG2";"";"#1: alpha: 0.210, ETRm: 10.400, Ik: 49.591   (Jassby and Platt 1976) ";""
"2025-01-14 10:40:46.487";"2025-01-14";"10:40:46";"FO";"316";"583";"2759";"0";"0.789";"0.0";"-";"-";"583";"2759";"0.789"
"2025-01-14 10:41:16.485";"2025-01-14";"10:41:16";"F";"317";"1170";"2251";"25";"0.480";"5.0";"556";"0.226";"583";"2759";"0.789"
"2025-01-14 10:41:46.474";"2025-01-14";"10:41:46";"F";"318";"1315";"2185";"45";"0.398";"7.5";"552";"0.263";"583";"2759";"0.789"
"2025-01-14 10:42:16.463";"2025-01-14";"10:42:16";"F";"319";"1508";"2240";"65";"0.327";"8.9";"556";"0.232";"583";"2759";"0.789"
"2025-01-14 10:42:46.452";"2025-01-14";"10:42:46";"F";"320";"1667";"2244";"90";"0.257";"9.7";"556";"0.230";"583";"2759";"0.789"
"2025-01-14 10:43:16.442";"2025-01-14";"10:43:16";"F";"321";"1722";"2133";"125";"0.193";"10.1";"549";"0.293";"583";"2759";"0.789"
"2025-01-14 10:43:46.431";"2025-01-14";"10:43:46";"F";"322";"1695";"1953";"190";"0.132";"10.5";"536";"0.413";"583";"2759";"0.789"
"2025-01-14 10:44:16.417";"2025-01-14";"10:44:16";"F";"323";"1612";"1772";"285";"0.090";"10.8";"522";"0.557";"583";"2759";"0.789"
"2025-01-14 10:44:46.410";"2025-01-14";"10:44:46";"F";"324";"1510";"1603";"420";"0.058";"10.2";"506";"0.721";"583";"2759";"0.789"
"2025-01-14 10:44:50.092";"2025-01-14";"10:44:50";"SLCE";"";"Light Curve end ";""
"2025-01-14 10:45:30.048";"2025-01-14";"10:45:30";"SLCS";"";"Light Curve start ";"h05"
"2025-01-14 10:45:30.048";"2025-01-14";"10:45:30";"REG1";"";"#1: alpha: - , ETRm: - , Ik: -   ( beta: - 0.007, ETRmPot: 8.231 )   (Platt et al. 1980) ";""
"2025-01-14 10:45:30.048";"2025-01-14";"10:45:30";"REG2";"";"#1: alpha: 0.187, ETRm: 10.086, Ik: 53.805   (Jassby and Platt 1976) ";""
"2025-01-14 10:45:31.468";"2025-01-14";"10:45:31";"FO";"325";"171";"503";"0";"0.660";"0.0";"-";"-";"171";"503";"0.660"
"2025-01-14 10:46:01.450";"2025-01-14";"10:46:01";"F";"326";"217";"437";"25";"0.503";"5.3";"163";"0.151";"171";"503";"0.660"
"2025-01-14 10:46:31.446";"2025-01-14";"10:46:31";"F";"327";"233";"379";"45";"0.385";"7.3";"154";"0.327";"171";"503";"0.660"
"2025-01-14 10:47:01.434";"2025-01-14";"10:47:01";"F";"328";"242";"338";"65";"0.284";"7.8";"147";"0.488";"171";"503";"0.660"
"2025-01-14 10:47:31.424";"2025-01-14";"10:47:31";"F";"329";"248";"318";"90";"0.220";"8.3";"143";"0.582";"171";"503";"0.660"
"2025-01-14 10:48:01.408";"2025-01-14";"10:48:01";"F";"330";"255";"310";"125";"0.177";"9.3";"141";"0.623";"171";"503";"0.660"
"2025-01-14 10:48:31.403";"2025-01-14";"10:48:31";"F";"331";"263";"300";"190";"0.123";"9.8";"139";"0.677";"171";"503";"0.660"
"2025-01-14 10:49:01.389";"2025-01-14";"10:49:01";"F";"332";"267";"292";"285";"0.086";"10.3";"137";"0.723";"171";"503";"0.660"
"2025-01-14 10:49:31.396";"2025-01-14";"10:49:31";"F";"333";"267";"286";"420";"0.066";"11.6";"136";"0.759";"171";"503";"0.660"
"2025-01-14 10:49:33.877";"2025-01-14";"10:49:33";"SLCE";"";"Light Curve end ";""
"2025-01-14 10:50:08.401";"2025-01-14";"10:50:08";"SLCS";"";"Light Curve start ";"u05"
"2025-01-14 10:50:08.401";"2025-01-14";"10:50:08";"REG1";"";"#1: alpha: 0.256, ETRm: 10.116, Ik: 39.580   ( beta: 0.000, ETRmPot: 10.203 )   (Platt et al. 1980) ";""
"2025-01-14 10:50:08.401";"2025-01-14";"10:50:08";"REG2";"";"#1: alpha: 0.190, ETRm: 9.967, Ik: 52.557   (Jassby and Platt 1976) ";""
"2025-01-14 10:50:09.791";"2025-01-14";"10:50:09";"FO";"334";"621";"2821";"0";"0.780";"0.0";"-";"-";"621";"2821";"0.780"
"2025-01-14 10:50:39.779";"2025-01-14";"10:50:39";"F";"335";"1323";"2478";"25";"0.466";"4.9";"603";"0.138";"621";"2821";"0.780"
"2025-01-14 10:51:09.763";"2025-01-14";"10:51:09";"F";"336";"1501";"2400";"45";"0.375";"7.1";"598";"0.175";"621";"2821";"0.780"
"2025-01-14 10:51:39.756";"2025-01-14";"10:51:39";"F";"337";"1700";"2401";"65";"0.292";"8.0";"598";"0.175";"621";"2821";"0.780"
"2025-01-14 10:52:09.740";"2025-01-14";"10:52:09";"F";"338";"1780";"2322";"90";"0.233";"8.8";"593";"0.215";"621";"2821";"0.780"
"2025-01-14 10:52:39.737";"2025-01-14";"10:52:39";"F";"339";"1804";"2210";"125";"0.184";"9.7";"585";"0.276";"621";"2821";"0.780"
"2025-01-14 10:53:09.719";"2025-01-14";"10:53:09";"F";"340";"1795";"2058";"190";"0.128";"10.2";"574";"0.371";"621";"2821";"0.780"
"2025-01-14 10:53:39.707";"2025-01-14";"10:53:39";"F";"341";"1721";"1886";"285";"0.087";"10.4";"560";"0.496";"621";"2821";"0.780"
"2025-01-14 10:54:09.697";"2025-01-14";"10:54:09";"F";"342";"1608";"1704";"420";"0.056";"9.9";"543";"0.656";"621";"2821";"0.780"
"2025-01-14 10:54:12.894";"2025-01-14";"10:54:12";"SLCE";"";"Light Curve end ";""
"2025-01-14 10:54:34.382";"2025-01-14";"10:54:34";"SLCS";"";"Light Curve start ";"h06"
"2025-01-14 10:54:34.382";"2025-01-14";"10:54:34";"REG1";"";"#1: alpha: - , ETRm: - , Ik: -   ( beta: - 0.006, ETRmPot: 5.324 )   (Platt et al. 1980) ";""
"2025-01-14 10:54:34.382";"2025-01-14";"10:54:34";"REG2";"";"#1: alpha: 0.175, ETRm: 6.961, Ik: 39.788   (Jassby and Platt 1976) ";""
"2025-01-14 10:54:35.775";"2025-01-14";"10:54:35";"FO";"343";"198";"576";"0";"0.656";"0.0";"-";"-";"198";"576";"0.656"
"2025-01-14 10:55:05.772";"2025-01-14";"10:55:05";"F";"344";"231";"428";"25";"0.460";"4.8";"177";"0.346";"198";"576";"0.656"
"2025-01-14 10:55:35.755";"2025-01-14";"10:55:35";"F";"345";"243";"346";"45";"0.298";"5.6";"161";"0.665";"198";"576";"0.656"
"2025-01-14 10:56:05.740";"2025-01-14";"10:56:05";"F";"346";"249";"312";"65";"0.202";"5.5";"153";"0.846";"198";"576";"0.656"
"2025-01-14 10:56:35.733";"2025-01-14";"10:56:35";"F";"347";"255";"297";"90";"0.141";"5.3";"150";"0.939";"198";"576";"0.656"
"2025-01-14 10:57:05.726";"2025-01-14";"10:57:05";"F";"348";"257";"292";"125";"0.120";"6.3";"148";"0.973";"198";"576";"0.656"
"2025-01-14 10:57:35.714";"2025-01-14";"10:57:35";"F";"349";"260";"285";"190";"0.088";"7.0";"147";"1.021";"198";"576";"0.656"
"2025-01-14 10:58:05.703";"2025-01-14";"10:58:05";"F";"350";"262";"281";"285";"0.068";"8.1";"145";"1.050";"198";"576";"0.656"
"2025-01-14 10:58:35.695";"2025-01-14";"10:58:35";"F";"351";"263";"276";"420";"0.047";"8.3";"144";"1.087";"198";"576";"0.656"
"2025-01-14 10:58:39.237";"2025-01-14";"10:58:39";"SLCE";"";"Light Curve end ";""
"2025-01-14 10:59:04.255";"2025-01-14";"10:59:04";"SLCS";"";"Light Curve start ";"u06"
"2025-01-14 10:59:04.255";"2025-01-14";"10:59:04";"REG1";"";"#1: alpha: - , ETRm: - , Ik: -   ( beta: 0.000, ETRmPot: 10.908 )   (Platt et al. 1980) ";""
"2025-01-14 10:59:04.255";"2025-01-14";"10:59:04";"REG2";"";"#1: alpha: 0.213, ETRm: 10.856, Ik: 51.067   (Jassby and Platt 1976) ";""
"2025-01-14 10:59:05.654";"2025-01-14";"10:59:05";"FO";"352";"553";"2563";"0";"0.784";"0.0";"-";"-";"553";"2563";"0.784"
"2025-01-14 10:59:35.661";"2025-01-14";"10:59:35";"F";"353";"1194";"2509";"25";"0.524";"5.5";"550";"0.022";"553";"2563";"0.784"
"2025-01-14 11:00:05.654";"2025-01-14";"11:00:05";"F";"354";"1453";"2449";"45";"0.407";"7.7";"548";"0.047";"553";"2563";"0.784"
"2025-01-14 11:00:35.637";"2025-01-14";"11:00:35";"F";"355";"1592";"2360";"65";"0.325";"8.9";"543";"0.086";"553";"2563";"0.784"
"2025-01-14 11:01:05.631";"2025-01-14";"11:01:05";"F";"356";"1664";"2245";"90";"0.259";"9.8";"537";"0.142";"553";"2563";"0.784"
"2025-01-14 11:01:35.622";"2025-01-14";"11:01:35";"F";"357";"1692";"2110";"125";"0.198";"10.4";"529";"0.215";"553";"2563";"0.784"
"2025-01-14 11:02:05.609";"2025-01-14";"11:02:05";"F";"358";"1698";"1971";"190";"0.139";"11.1";"519";"0.300";"553";"2563";"0.784"
"2025-01-14 11:02:35.600";"2025-01-14";"11:02:35";"F";"359";"1650";"1822";"285";"0.094";"11.3";"508";"0.407";"553";"2563";"0.784"
"2025-01-14 11:03:05.583";"2025-01-14";"11:03:05";"F";"360";"1561";"1664";"420";"0.062";"10.9";"495";"0.540";"553";"2563";"0.784"
"2025-01-14 11:03:09.259";"2025-01-14";"11:03:09";"SLCE";"";"Light Curve end ";""
"2025-01-14 11:03:59.851";"2025-01-14";"11:03:59";"SLCS";"";"Light Curve start ";"h11"
"2025-01-14 11:03:59.851";"2025-01-14";"11:03:59";"REG1";"";"#1: alpha: - , ETRm: - , Ik: -   ( beta: - 0.008, ETRmPot: 6.532 )   (Platt et al. 1980) ";""
"2025-01-14 11:03:59.851";"2025-01-14";"11:03:59";"REG2";"";"#1: alpha: 0.129, ETRm: 9.223, Ik: 71.598   (Jassby and Platt 1976) ";""
"2025-01-14 11:04:01.249";"2025-01-14";"11:04:01";"FO";"361";"145";"378";"0";"0.616";"0.0";"-";"-";"145";"378";"0.616"
"2025-01-14 11:04:31.237";"2025-01-14";"11:04:31";"F";"362";"197";"341";"25";"0.422";"4.4";"139";"0.109";"145";"378";"0.616"
"2025-01-14 11:05:01.219";"2025-01-14";"11:05:01";"F";"363";"206";"295";"45";"0.302";"5.7";"131";"0.281";"145";"378";"0.616"
"2025-01-14 11:05:31.215";"2025-01-14";"11:05:31";"F";"364";"207";"268";"65";"0.228";"6.2";"125";"0.410";"145";"378";"0.616"
"2025-01-14 11:06:01.204";"2025-01-14";"11:06:01";"F";"365";"208";"257";"90";"0.191";"7.2";"123";"0.471";"145";"378";"0.616"
"2025-01-14 11:06:31.189";"2025-01-14";"11:06:31";"F";"366";"210";"246";"125";"0.146";"7.7";"120";"0.537";"145";"378";"0.616"
"2025-01-14 11:07:01.184";"2025-01-14";"11:07:01";"F";"367";"211";"236";"190";"0.106";"8.5";"118";"0.602";"145";"378";"0.616"
"2025-01-14 11:07:31.172";"2025-01-14";"11:07:31";"F";"368";"211";"228";"285";"0.075";"9.0";"116";"0.658";"145";"378";"0.616"
"2025-01-14 11:08:01.162";"2025-01-14";"11:08:01";"F";"369";"210";"224";"420";"0.063";"11.1";"115";"0.688";"145";"378";"0.616"
"2025-01-14 11:08:04.759";"2025-01-14";"11:08:04";"SLCE";"";"Light Curve end ";""
"2025-01-14 11:09:22.918";"2025-01-14";"11:09:22";"SLCS";"";"Light Curve start ";"u11"
"2025-01-14 11:09:22.918";"2025-01-14";"11:09:22";"REG1";"";"#1: alpha: - , ETRm: - , Ik: -   ( beta: 0.000, ETRmPot: 10.202 )   (Platt et al. 1980) ";""
"2025-01-14 11:09:22.918";"2025-01-14";"11:09:22";"REG2";"";"#1: alpha: 0.199, ETRm: 10.154, Ik: 50.959   (Jassby and Platt 1976) ";""
"2025-01-14 11:09:24.348";"2025-01-14";"11:09:24";"FO";"370";"489";"2194";"0";"0.777";"0.0";"-";"-";"489";"2194";"0.777"
"2025-01-14 11:09:54.337";"2025-01-14";"11:09:54";"F";"371";"1011";"2029";"25";"0.502";"5.3";"480";"0.081";"489";"2194";"0.777"
"2025-01-14 11:10:24.328";"2025-01-14";"11:10:24";"F";"372";"1257";"2034";"45";"0.382";"7.2";"481";"0.079";"489";"2194";"0.777"
"2025-01-14 11:10:54.309";"2025-01-14";"11:10:54";"F";"373";"1391";"1994";"65";"0.302";"8.2";"478";"0.100";"489";"2194";"0.777"
"2025-01-14 11:11:24.308";"2025-01-14";"11:11:24";"F";"374";"1449";"1907";"90";"0.240";"9.1";"473";"0.150";"489";"2194";"0.777"
"2025-01-14 11:11:54.294";"2025-01-14";"11:11:54";"F";"375";"1460";"1796";"125";"0.187";"9.8";"466";"0.222";"489";"2194";"0.777"
"2025-01-14 11:12:24.279";"2025-01-14";"11:12:24";"F";"376";"1470";"1692";"190";"0.131";"10.5";"459";"0.297";"489";"2194";"0.777"
"2025-01-14 11:12:54.273";"2025-01-14";"11:12:54";"F";"377";"1461";"1602";"285";"0.088";"10.5";"452";"0.370";"489";"2194";"0.777"
"2025-01-14 11:13:24.256";"2025-01-14";"11:13:24";"F";"378";"1434";"1522";"420";"0.058";"10.2";"445";"0.442";"489";"2194";"0.777"
"2025-01-14 11:13:26.807";"2025-01-14";"11:13:26";"SLCE";"";"Light Curve end ";""
"2025-01-14 11:13:45.935";"2025-01-14";"11:13:45";"SLCS";"";"Light Curve start ";"h12"
"2025-01-14 11:13:45.935";"2025-01-14";"11:13:45";"REG1";"";"#1: alpha: - , ETRm: - , Ik: -   ( beta: - 0.003, ETRmPot: 6.528 )   (Platt et al. 1980) ";""
"2025-01-14 11:13:45.935";"2025-01-14";"11:13:45";"REG2";"";"#1: alpha: 0.272, ETRm: 7.152, Ik: 26.339   (Jassby and Platt 1976) ";""
"2025-01-14 11:13:47.333";"2025-01-14";"11:13:47";"FO";"379";"245";"715";"0";"0.657";"0.0";"-";"-";"245";"715";"0.657"
"2025-01-14 11:14:17.316";"2025-01-14";"11:14:17";"F";"380";"303";"623";"25";"0.514";"5.4";"233";"0.148";"245";"715";"0.657"
"2025-01-14 11:14:47.310";"2025-01-14";"11:14:47";"F";"381";"311";"480";"45";"0.352";"6.7";"210";"0.490";"245";"715";"0.657"
"2025-01-14 11:15:17.300";"2025-01-14";"11:15:17";"F";"382";"316";"415";"65";"0.239";"6.5";"196";"0.723";"245";"715";"0.657"
"2025-01-14 11:15:47.284";"2025-01-14";"11:15:47";"F";"383";"321";"387";"90";"0.171";"6.5";"190";"0.848";"245";"715";"0.657"
"2025-01-14 11:16:17.276";"2025-01-14";"11:16:17";"F";"384";"324";"371";"125";"0.127";"6.7";"186";"0.927";"245";"715";"0.657"
"2025-01-14 11:16:47.267";"2025-01-14";"11:16:47";"F";"385";"330";"364";"190";"0.093";"7.4";"184";"0.964";"245";"715";"0.657"
"2025-01-14 11:17:17.251";"2025-01-14";"11:17:17";"F";"386";"332";"356";"285";"0.067";"8.0";"182";"1.008";"245";"715";"0.657"
"2025-01-14 11:17:47.241";"2025-01-14";"11:17:47";"F";"387";"332";"347";"420";"0.043";"7.6";"180";"1.061";"245";"715";"0.657"
"2025-01-14 11:17:50.424";"2025-01-14";"11:17:50";"SLCE";"";"Light Curve end ";""
"2025-01-14 11:18:14.243";"2025-01-14";"11:18:14";"SLCS";"";"Light Curve start ";"u12"
"2025-01-14 11:18:14.243";"2025-01-14";"11:18:14";"REG1";"";"#1: alpha: - , ETRm: - , Ik: -   ( beta: - 0.002, ETRmPot: 9.893 )   (Platt et al. 1980) ";""
"2025-01-14 11:18:14.243";"2025-01-14";"11:18:14";"REG2";"";"#1: alpha: 0.189, ETRm: 10.407, Ik: 55.082   (Jassby and Platt 1976) ";""
"2025-01-14 11:18:15.628";"2025-01-14";"11:18:15";"FO";"388";"618";"2758";"0";"0.776";"0.0";"-";"-";"618";"2758";"0.776"
"2025-01-14 11:18:45.617";"2025-01-14";"11:18:45";"F";"389";"1333";"2610";"25";"0.489";"5.1";"610";"0.057";"618";"2758";"0.776"
"2025-01-14 11:19:15.633";"2025-01-14";"11:19:15";"F";"390";"1581";"2560";"45";"0.382";"7.2";"607";"0.077";"618";"2758";"0.776"
"2025-01-14 11:19:45.617";"2025-01-14";"11:19:45";"F";"391";"1744";"2489";"65";"0.299";"8.2";"603";"0.108";"618";"2758";"0.776"
"2025-01-14 11:20:15.613";"2025-01-14";"11:20:15";"F";"392";"1822";"2394";"90";"0.239";"9.0";"598";"0.152";"618";"2758";"0.776"
"2025-01-14 11:20:45.600";"2025-01-14";"11:20:45";"F";"393";"1857";"2283";"125";"0.187";"9.8";"590";"0.208";"618";"2758";"0.776"
"2025-01-14 11:21:15.590";"2025-01-14";"11:21:15";"F";"394";"1865";"2146";"190";"0.131";"10.5";"581";"0.285";"618";"2758";"0.776"
"2025-01-14 11:21:45.580";"2025-01-14";"11:21:45";"F";"395";"1810";"1988";"285";"0.090";"10.8";"569";"0.387";"618";"2758";"0.776"
"2025-01-14 11:22:15.563";"2025-01-14";"11:22:15";"F";"396";"1700";"1811";"420";"0.061";"10.8";"553";"0.523";"618";"2758";"0.776"
"2025-01-14 11:22:19.511";"2025-01-14";"11:22:19";"SLCE";"";"Light Curve end ";""
"2025-01-14 11:22:38.614";"2025-01-14";"11:22:38";"SLCS";"";"Light Curve start ";"h09"
"2025-01-14 11:22:38.614";"2025-01-14";"11:22:38";"REG1";"";"#1: alpha: - , ETRm: - , Ik: -   ( beta: - 0.003, ETRmPot: 5.919 )   (Platt et al. 1980) ";""
"2025-01-14 11:22:38.614";"2025-01-14";"11:22:38";"REG2";"";"#1: alpha: 0.258, ETRm: 6.517, Ik: 25.298   (Jassby and Platt 1976) ";""
"2025-01-14 11:22:40.000";"2025-01-14";"11:22:40";"FO";"397";"219";"640";"0";"0.658";"0.0";"-";"-";"219";"640";"0.658"
"2025-01-14 11:23:09.998";"2025-01-14";"11:23:09";"F";"398";"279";"527";"25";"0.471";"4.9";"204";"0.214";"219";"640";"0.658"
"2025-01-14 11:23:39.975";"2025-01-14";"11:23:39";"F";"399";"293";"441";"45";"0.336";"6.4";"190";"0.451";"219";"640";"0.658"
"2025-01-14 11:24:09.969";"2025-01-14";"11:24:09";"F";"400";"298";"381";"65";"0.218";"6.0";"178";"0.680";"219";"640";"0.658"
"2025-01-14 11:24:39.959";"2025-01-14";"11:24:39";"F";"401";"303";"359";"90";"0.156";"5.9";"173";"0.783";"219";"640";"0.658"
"2025-01-14 11:25:09.955";"2025-01-14";"11:25:09";"F";"402";"305";"344";"125";"0.113";"5.9";"169";"0.860";"219";"640";"0.658"
"2025-01-14 11:25:39.943";"2025-01-14";"11:25:39";"F";"403";"307";"336";"190";"0.086";"6.9";"167";"0.905";"219";"640";"0.658"
"2025-01-14 11:26:09.921";"2025-01-14";"11:26:09";"F";"404";"307";"326";"285";"0.058";"6.9";"165";"0.963";"219";"640";"0.658"
"2025-01-14 11:26:39.922";"2025-01-14";"11:26:39";"F";"405";"304";"317";"420";"0.041";"7.2";"162";"1.019";"219";"640";"0.658"
"2025-01-14 11:26:43.127";"2025-01-14";"11:26:43";"SLCE";"";"Light Curve end ";""
"2025-01-14 11:27:17.296";"2025-01-14";"11:27:17";"SLCS";"";"Light Curve start ";"u09"
"2025-01-14 11:27:17.296";"2025-01-14";"11:27:17";"REG1";"";"#1: alpha: - , ETRm: - , Ik: -   ( beta: - 0.001, ETRmPot: 10.698 )   (Platt et al. 1980) ";""
"2025-01-14 11:27:17.296";"2025-01-14";"11:27:17";"REG2";"";"#1: alpha: 0.217, ETRm: 10.768, Ik: 49.686   (Jassby and Platt 1976) ";""
"2025-01-14 11:27:18.683";"2025-01-14";"11:27:18";"FO";"406";"463";"2024";"0";"0.771";"0.0";"-";"-";"463";"2024";"0.771"
"2025-01-14 11:27:48.681";"2025-01-14";"11:27:48";"F";"407";"936";"1969";"25";"0.525";"5.5";"460";"0.028";"463";"2024";"0.771"
"2025-01-14 11:28:18.662";"2025-01-14";"11:28:18";"F";"408";"1133";"1944";"45";"0.417";"7.9";"459";"0.041";"463";"2024";"0.771"
"2025-01-14 11:28:48.660";"2025-01-14";"11:28:48";"F";"409";"1289";"1913";"65";"0.326";"8.9";"457";"0.058";"463";"2024";"0.771"
"2025-01-14 11:29:18.661";"2025-01-14";"11:29:18";"F";"410";"1386";"1859";"90";"0.254";"9.6";"454";"0.089";"463";"2024";"0.771"
"2025-01-14 11:29:48.657";"2025-01-14";"11:29:48";"F";"411";"1444";"1797";"125";"0.196";"10.3";"450";"0.126";"463";"2024";"0.771"
"2025-01-14 11:30:18.644";"2025-01-14";"11:30:18";"F";"412";"1483";"1720";"190";"0.138";"11.0";"445";"0.177";"463";"2024";"0.771"
"2025-01-14 11:30:48.635";"2025-01-14";"11:30:48";"F";"413";"1476";"1631";"285";"0.095";"11.4";"439";"0.241";"463";"2024";"0.771"
"2025-01-14 11:31:18.624";"2025-01-14";"11:31:18";"F";"414";"1432";"1525";"420";"0.061";"10.8";"431";"0.327";"463";"2024";"0.771"
"2025-01-14 11:31:22.180";"2025-01-14";"11:31:22";"SLCE";"";"Light Curve end ";""
"2025-01-14 11:31:43.016";"2025-01-14";"11:31:43";"SLCS";"";"Light Curve start ";"h10"
"2025-01-14 11:31:43.016";"2025-01-14";"11:31:43";"REG1";"";"#1: alpha: - , ETRm: - , Ik: -   ( beta: - 0.003, ETRmPot: 5.650 )   (Platt et al. 1980) ";""
"2025-01-14 11:31:43.016";"2025-01-14";"11:31:43";"REG2";"";"#1: alpha: 0.262, ETRm: 6.183, Ik: 23.613   (Jassby and Platt 1976) ";""
"2025-01-14 11:31:44.407";"2025-01-14";"11:31:44";"FO";"415";"215";"601";"0";"0.642";"0.0";"-";"-";"215";"601";"0.642"
"2025-01-14 11:32:14.402";"2025-01-14";"11:32:14";"F";"416";"242";"438";"25";"0.447";"4.7";"190";"0.372";"215";"601";"0.642"
"2025-01-14 11:32:44.385";"2025-01-14";"11:32:44";"F";"417";"247";"372";"45";"0.336";"6.4";"176";"0.616";"215";"601";"0.642"
"2025-01-14 11:33:14.380";"2025-01-14";"11:33:14";"F";"418";"249";"318";"65";"0.217";"5.9";"163";"0.890";"215";"601";"0.642"
"2025-01-14 11:33:44.363";"2025-01-14";"11:33:44";"F";"419";"252";"296";"90";"0.149";"5.6";"157";"1.030";"215";"601";"0.642"
"2025-01-14 11:34:14.359";"2025-01-14";"11:34:14";"F";"420";"256";"286";"125";"0.105";"5.5";"154";"1.101";"215";"601";"0.642"
"2025-01-14 11:34:44.344";"2025-01-14";"11:34:44";"F";"421";"259";"282";"190";"0.082";"6.5";"153";"1.131";"215";"601";"0.642"
"2025-01-14 11:35:14.337";"2025-01-14";"11:35:14";"F";"422";"263";"277";"285";"0.051";"6.1";"152";"1.170";"215";"601";"0.642"
"2025-01-14 11:35:44.327";"2025-01-14";"11:35:44";"F";"423";"265";"276";"420";"0.040";"7.1";"151";"1.178";"215";"601";"0.642"
"2025-01-14 11:35:47.676";"2025-01-14";"11:35:47";"SLCE";"";"Light Curve end ";""
"2025-01-14 11:36:19.559";"2025-01-14";"11:36:19";"SLCS";"";"Light Curve start ";"u10"
"2025-01-14 11:36:19.559";"2025-01-14";"11:36:19";"REG1";"";"#1: alpha: 0.303, ETRm: 11.031, Ik: 36.348   ( beta: 0.001, ETRmPot: 11.318 )   (Platt et al. 1980) ";""
"2025-01-14 11:36:19.559";"2025-01-14";"11:36:19";"REG2";"";"#1: alpha: 0.228, ETRm: 10.854, Ik: 47.630   (Jassby and Platt 1976) ";""
"2025-01-14 11:36:20.955";"2025-01-14";"11:36:20";"FO";"424";"491";"1990";"0";"0.753";"0.0";"-";"-";"491";"1990";"0.753"
"2025-01-14 11:36:50.937";"2025-01-14";"11:36:50";"F";"425";"951";"1956";"25";"0.514";"5.4";"489";"0.017";"491";"1990";"0.753"
"2025-01-14 11:37:20.932";"2025-01-14";"11:37:20";"F";"426";"1083";"1901";"45";"0.430";"8.1";"485";"0.047";"491";"1990";"0.753"
"2025-01-14 11:37:50.917";"2025-01-14";"11:37:50";"F";"427";"1239";"1886";"65";"0.343";"9.4";"484";"0.055";"491";"1990";"0.753"
"2025-01-14 11:38:20.912";"2025-01-14";"11:38:20";"F";"428";"1389";"1889";"90";"0.265";"10.0";"485";"0.053";"491";"1990";"0.753"
"2025-01-14 11:38:50.901";"2025-01-14";"11:38:50";"F";"429";"1479";"1848";"125";"0.200";"10.5";"482";"0.077";"491";"1990";"0.753"
"2025-01-14 11:39:20.904";"2025-01-14";"11:39:20";"F";"430";"1537";"1786";"190";"0.139";"11.1";"478";"0.114";"491";"1990";"0.753"
"2025-01-14 11:39:50.899";"2025-01-14";"11:39:50";"F";"431";"1541";"1702";"285";"0.095";"11.4";"471";"0.169";"491";"1990";"0.753"
"2025-01-14 11:40:20.888";"2025-01-14";"11:40:20";"F";"432";"1492";"1587";"420";"0.060";"10.6";"462";"0.254";"491";"1990";"0.753"
"2025-01-14 11:40:23.986";"2025-01-14";"11:40:23";"SLCE";"";"Light Curve end ";""
