"2024-08-20";"11:43:51";"WinControl (rev 1195) report file"
"Datetime";"Date";"Time";"Type";"No.";"1:F";"1:Fm'";"1:PAR";"1:Y (II)";"1:ETR";"1:Fo'";"1:NPQ";"1:Fo";"1:Fm";"1:Fv/Fm"
"";"";"";"D";"";"Device Nr: #1, JUNIOR-PAM-III (CFMG1129B) ";""
"2024-08-20 07:39:13.973";"2024-08-20";"07:39:13";"SLCS";"";"Light Curve start ";"ct277"
"2024-08-20 07:39:13.973";"2024-08-20";"07:39:13";"REG1";"";"#1: alpha: - , ETRm: - , Ik: -   ( beta: - 0.003, ETRmPot: 23.059 )   (Platt et al. 1980) ";""
"2024-08-20 07:39:13.973";"2024-08-20";"07:39:13";"REG2";"";"#1: alpha: 0.208, ETRm: 24.484, Ik: 117.904   (Jassby and Platt 1976) ";""
"2024-08-20 07:39:15.371";"2024-08-20";"07:39:15";"FO";"1";"84";"238";"0";"0.647";"0.0";"-";"-";"84";"238";"0.647"
"2024-08-20 07:39:45.354";"2024-08-20";"07:39:45";"F";"2";"99";"183";"65";"0.459";"12.5";"76";"0.301";"84";"238";"0.647"
"2024-08-20 07:40:15.339";"2024-08-20";"07:40:15";"F";"3";"101";"175";"90";"0.423";"16.0";"75";"0.360";"84";"238";"0.647"
"2024-08-20 07:40:45.328";"2024-08-20";"07:40:45";"F";"4";"104";"163";"125";"0.362";"19.0";"72";"0.460";"84";"238";"0.647"
"2024-08-20 07:41:15.316";"2024-08-20";"07:41:15";"F";"5";"110";"153";"190";"0.281";"22.4";"70";"0.556";"84";"238";"0.647"
"2024-08-20 07:41:45.305";"2024-08-20";"07:41:45";"F";"6";"115";"143";"285";"0.196";"23.5";"68";"0.664";"84";"238";"0.647"
"2024-08-20 07:42:15.302";"2024-08-20";"07:42:15";"F";"7";"119";"137";"420";"0.131";"23.1";"67";"0.737";"84";"238";"0.647"
"2024-08-20 07:42:45.284";"2024-08-20";"07:42:45";"F";"8";"122";"135";"625";"0.096";"25.2";"66";"0.763";"84";"238";"0.647"
"2024-08-20 07:43:15.294";"2024-08-20";"07:43:15";"F";"9";"124";"134";"820";"0.075";"25.8";"66";"0.776";"84";"238";"0.647"
"2024-08-20 07:43:18.723";"2024-08-20";"07:43:18";"SLCE";"";"Light Curve end ";""
"2024-08-20 07:44:08.993";"2024-08-20";"07:44:08";"SLCS";"";"Light Curve start ";"ct278"
"2024-08-20 07:44:08.993";"2024-08-20";"07:44:08";"REG1";"";"#1: alpha: - , ETRm: - , Ik: -   ( beta: - 0.003, ETRmPot: 12.609 )   (Platt et al. 1980) ";""
"2024-08-20 07:44:08.993";"2024-08-20";"07:44:08";"REG2";"";"#1: alpha: 0.119, ETRm: 14.287, Ik: 119.824   (Jassby and Platt 1976) ";""
"2024-08-20 07:44:10.383";"2024-08-20";"07:44:10";"FO";"10";"116";"300";"0";"0.613";"0.0";"-";"-";"116";"300";"0.613"
"2024-08-20 07:44:40.368";"2024-08-20";"07:44:40";"F";"11";"154";"220";"65";"0.300";"8.2";"102";"0.364";"116";"300";"0.613"
"2024-08-20 07:45:10.356";"2024-08-20";"07:45:10";"F";"12";"149";"197";"90";"0.244";"9.2";"96";"0.523";"116";"300";"0.613"
"2024-08-20 07:45:40.344";"2024-08-20";"07:45:40";"F";"13";"148";"185";"125";"0.200";"10.5";"94";"0.622";"116";"300";"0.613"
"2024-08-20 07:46:10.338";"2024-08-20";"07:46:10";"F";"14";"151";"179";"190";"0.156";"12.4";"92";"0.676";"116";"300";"0.613"
"2024-08-20 07:46:40.327";"2024-08-20";"07:46:40";"F";"15";"154";"173";"285";"0.110";"13.2";"90";"0.734";"116";"300";"0.613"
"2024-08-20 07:47:10.309";"2024-08-20";"07:47:10";"F";"16";"156";"169";"420";"0.077";"13.6";"89";"0.775";"116";"300";"0.613"
"2024-08-20 07:47:40.297";"2024-08-20";"07:47:40";"F";"17";"157";"167";"625";"0.060";"15.8";"89";"0.796";"116";"300";"0.613"
"2024-08-20 07:48:10.285";"2024-08-20";"07:48:10";"F";"18";"157";"164";"820";"0.043";"14.8";"88";"0.829";"116";"300";"0.613"
"2024-08-20 07:48:13.561";"2024-08-20";"07:48:13";"SLCE";"";"Light Curve end ";""
"2024-08-20 07:49:42.053";"2024-08-20";"07:49:42";"SLCS";"";"Light Curve start ";"ct279"
"2024-08-20 07:49:42.053";"2024-08-20";"07:49:42";"REG1";"";"#1: alpha: 0.211, ETRm: 24.922, Ik: 118.173   ( beta: 0.001, ETRmPot: 25.797 )   (Platt et al. 1980) ";""
"2024-08-20 07:49:42.053";"2024-08-20";"07:49:42";"REG2";"";"#1: alpha: 0.162, ETRm: 24.563, Ik: 151.802   (Jassby and Platt 1976) ";""
"2024-08-20 07:49:43.447";"2024-08-20";"07:49:43";"FO";"19";"124";"329";"0";"0.623";"0.0";"-";"-";"124";"329";"0.623"
"2024-08-20 07:50:13.438";"2024-08-20";"07:50:13";"F";"20";"153";"256";"65";"0.402";"11.0";"112";"0.285";"124";"329";"0.623"
"2024-08-20 07:50:43.426";"2024-08-20";"07:50:43";"F";"21";"156";"245";"90";"0.363";"13.7";"110";"0.343";"124";"329";"0.623"
"2024-08-20 07:51:13.415";"2024-08-20";"07:51:13";"F";"22";"163";"236";"125";"0.309";"16.2";"108";"0.394";"124";"329";"0.623"
"2024-08-20 07:51:43.401";"2024-08-20";"07:51:43";"F";"23";"170";"226";"190";"0.248";"19.8";"106";"0.456";"124";"329";"0.623"
"2024-08-20 07:52:13.399";"2024-08-20";"07:52:13";"F";"24";"178";"220";"285";"0.191";"22.9";"104";"0.495";"124";"329";"0.623"
"2024-08-20 07:52:43.377";"2024-08-20";"07:52:43";"F";"25";"184";"213";"420";"0.136";"24.0";"103";"0.545";"124";"329";"0.623"
"2024-08-20 07:53:13.367";"2024-08-20";"07:53:13";"F";"26";"190";"211";"625";"0.100";"26.3";"102";"0.559";"124";"329";"0.623"
"2024-08-20 07:53:43.377";"2024-08-20";"07:53:43";"F";"27";"198";"213";"820";"0.070";"24.1";"103";"0.545";"124";"329";"0.623"
"2024-08-20 07:53:46.696";"2024-08-20";"07:53:46";"SLCE";"";"Light Curve end ";""
"2024-08-20 07:54:24.808";"2024-08-20";"07:54:24";"SLCS";"";"Light Curve start ";"ct280"
"2024-08-20 07:54:24.808";"2024-08-20";"07:54:24";"REG1";"";"#1: alpha: 0.245, ETRm: 43.275, Ik: 176.597   ( beta: 0.007, ETRmPot: 49.068 )   (Platt et al. 1980) ";""
"2024-08-20 07:54:24.808";"2024-08-20";"07:54:24";"REG2";"";"#1: alpha: 0.196, ETRm: 42.795, Ik: 218.239   (Jassby and Platt 1976) ";""
"2024-08-20 07:54:26.202";"2024-08-20";"07:54:26";"FO";"28";"79";"235";"0";"0.664";"0.0";"-";"-";"79";"235";"0.664"
"2024-08-20 07:54:56.197";"2024-08-20";"07:54:56";"F";"29";"102";"195";"65";"0.477";"13.0";"74";"0.205";"79";"235";"0.664"
"2024-08-20 07:55:26.180";"2024-08-20";"07:55:26";"F";"30";"102";"188";"90";"0.457";"17.3";"73";"0.250";"79";"235";"0.664"
"2024-08-20 07:55:56.175";"2024-08-20";"07:55:56";"F";"31";"105";"182";"125";"0.423";"22.2";"72";"0.291";"79";"235";"0.664"
"2024-08-20 07:56:26.157";"2024-08-20";"07:56:26";"F";"32";"110";"175";"190";"0.371";"29.6";"71";"0.343";"79";"235";"0.664"
"2024-08-20 07:56:56.153";"2024-08-20";"07:56:56";"F";"33";"119";"171";"285";"0.304";"36.4";"70";"0.374";"79";"235";"0.664"
"2024-08-20 07:57:26.140";"2024-08-20";"07:57:26";"F";"34";"129";"168";"420";"0.232";"40.9";"70";"0.399";"79";"235";"0.664"
"2024-08-20 07:57:56.120";"2024-08-20";"07:57:56";"F";"35";"137";"163";"625";"0.160";"42.0";"69";"0.442";"79";"235";"0.664"
"2024-08-20 07:58:26.109";"2024-08-20";"07:58:26";"F";"36";"144";"165";"820";"0.127";"43.7";"69";"0.424";"79";"235";"0.664"
"2024-08-20 07:58:29.667";"2024-08-20";"07:58:29";"SLCE";"";"Light Curve end ";""
"2024-08-20 07:59:13.355";"2024-08-20";"07:59:13";"SLCS";"";"Light Curve start ";"ct273"
"2024-08-20 07:59:13.355";"2024-08-20";"07:59:13";"REG1";"";"#1: alpha: - , ETRm: - , Ik: -   ( beta: 0.000, ETRmPot: 21.870 )   (Platt et al. 1980) ";""
"2024-08-20 07:59:13.355";"2024-08-20";"07:59:13";"REG2";"";"#1: alpha: 0.160, ETRm: 21.739, Ik: 135.730   (Jassby and Platt 1976) ";""
"2024-08-20 07:59:14.738";"2024-08-20";"07:59:14";"FO";"37";"114";"344";"0";"0.669";"0.0";"-";"-";"114";"344";"0.669"
"2024-08-20 07:59:44.728";"2024-08-20";"07:59:44";"F";"38";"134";"218";"65";"0.385";"10.5";"96";"0.578";"114";"344";"0.669"
"2024-08-20 08:00:14.715";"2024-08-20";"08:00:14";"F";"39";"135";"205";"90";"0.341";"12.9";"93";"0.678";"114";"344";"0.669"
"2024-08-20 08:00:44.704";"2024-08-20";"08:00:44";"F";"40";"136";"195";"125";"0.303";"15.9";"91";"0.764";"114";"344";"0.669"
"2024-08-20 08:01:14.690";"2024-08-20";"08:01:14";"F";"41";"140";"182";"190";"0.231";"18.4";"88";"0.890";"114";"344";"0.669"
"2024-08-20 08:01:44.686";"2024-08-20";"08:01:44";"F";"42";"144";"171";"285";"0.158";"18.9";"85";"1.012";"114";"344";"0.669"
"2024-08-20 08:02:14.668";"2024-08-20";"08:02:14";"F";"43";"146";"168";"420";"0.131";"23.1";"85";"1.048";"114";"344";"0.669"
"2024-08-20 08:02:44.661";"2024-08-20";"08:02:44";"F";"44";"149";"163";"625";"0.086";"22.6";"83";"1.110";"114";"344";"0.669"
"2024-08-20 08:03:14.665";"2024-08-20";"08:03:14";"F";"45";"150";"160";"820";"0.063";"21.7";"83";"1.150";"114";"344";"0.669"
"2024-08-20 08:03:18.074";"2024-08-20";"08:03:18";"SLCE";"";"Light Curve end ";""
"2024-08-20 08:03:50.315";"2024-08-20";"08:03:50";"SLCS";"";"Light Curve start ";"ct274"
"2024-08-20 08:03:50.315";"2024-08-20";"08:03:50";"REG1";"";"#1: alpha: 0.297, ETRm: 22.475, Ik: 75.594   ( beta: 0.003, ETRmPot: 23.947 )   (Platt et al. 1980) ";""
"2024-08-20 08:03:50.315";"2024-08-20";"08:03:50";"REG2";"";"#1: alpha: 0.224, ETRm: 22.018, Ik: 98.450   (Jassby and Platt 1976) ";""
"2024-08-20 08:03:51.703";"2024-08-20";"08:03:51";"FO";"46";"130";"424";"0";"0.693";"0.0";"-";"-";"130";"424";"0.693"
"2024-08-20 08:04:21.689";"2024-08-20";"08:04:21";"F";"47";"147";"262";"65";"0.439";"12.0";"109";"0.618";"130";"424";"0.693"
"2024-08-20 08:04:51.678";"2024-08-20";"08:04:51";"F";"48";"146";"253";"90";"0.423";"16.0";"108";"0.676";"130";"424";"0.693"
"2024-08-20 08:05:21.666";"2024-08-20";"08:05:21";"F";"49";"149";"234";"125";"0.363";"19.1";"104";"0.812";"130";"424";"0.693"
"2024-08-20 08:05:51.662";"2024-08-20";"08:05:51";"F";"50";"155";"215";"190";"0.279";"22.3";"100";"0.972";"130";"424";"0.693"
"2024-08-20 08:06:21.643";"2024-08-20";"08:06:21";"F";"51";"160";"196";"285";"0.184";"22.0";"96";"1.163";"130";"424";"0.693"
"2024-08-20 08:06:51.639";"2024-08-20";"08:06:51";"F";"52";"165";"187";"420";"0.118";"20.8";"94";"1.267";"130";"424";"0.693"
"2024-08-20 08:07:21.625";"2024-08-20";"08:07:21";"F";"53";"166";"182";"625";"0.088";"23.1";"92";"1.330";"130";"424";"0.693"
"2024-08-20 08:07:51.609";"2024-08-20";"08:07:51";"F";"54";"168";"179";"820";"0.061";"21.0";"92";"1.369";"130";"424";"0.693"
"2024-08-20 08:07:54.797";"2024-08-20";"08:07:54";"SLCE";"";"Light Curve end ";""
"2024-08-20 08:09:06.367";"2024-08-20";"08:09:06";"SLCS";"";"Light Curve start ";"ct275"
"2024-08-20 08:09:06.367";"2024-08-20";"08:09:06";"REG1";"";"#1: alpha: 0.220, ETRm: 19.883, Ik: 90.507   ( beta: 0.005, ETRmPot: 22.318 )   (Platt et al. 1980) ";""
"2024-08-20 08:09:06.367";"2024-08-20";"08:09:06";"REG2";"";"#1: alpha: 0.172, ETRm: 19.297, Ik: 112.279   (Jassby and Platt 1976) ";""
"2024-08-20 08:09:07.759";"2024-08-20";"08:09:07";"FO";"55";"177";"468";"0";"0.622";"0.0";"-";"-";"177";"468";"0.622"
"2024-08-20 08:09:37.749";"2024-08-20";"08:09:37";"F";"56";"214";"336";"65";"0.363";"9.9";"154";"0.393";"177";"468";"0.622"
"2024-08-20 08:10:07.737";"2024-08-20";"08:10:07";"F";"57";"211";"318";"90";"0.336";"12.7";"150";"0.472";"177";"468";"0.622"
"2024-08-20 08:10:37.724";"2024-08-20";"08:10:37";"F";"58";"213";"302";"125";"0.295";"15.5";"147";"0.550";"177";"468";"0.622"
"2024-08-20 08:11:07.707";"2024-08-20";"08:11:07";"F";"59";"220";"286";"190";"0.231";"18.4";"143";"0.636";"177";"468";"0.622"
"2024-08-20 08:11:37.696";"2024-08-20";"08:11:37";"F";"60";"228";"274";"285";"0.168";"20.1";"140";"0.708";"177";"468";"0.622"
"2024-08-20 08:12:07.691";"2024-08-20";"08:12:07";"F";"61";"234";"263";"420";"0.110";"19.4";"137";"0.779";"177";"468";"0.622"
"2024-08-20 08:12:37.677";"2024-08-20";"08:12:37";"F";"62";"238";"256";"625";"0.070";"18.4";"135";"0.828";"177";"468";"0.622"
"2024-08-20 08:13:07.664";"2024-08-20";"08:13:07";"F";"63";"239";"253";"820";"0.055";"18.9";"134";"0.850";"177";"468";"0.622"
"2024-08-20 08:13:11.443";"2024-08-20";"08:13:11";"SLCE";"";"Light Curve end ";""
"2024-08-20 08:13:56.890";"2024-08-20";"08:13:56";"SLCS";"";"Light Curve start ";"ct276"
"2024-08-20 08:13:56.890";"2024-08-20";"08:13:56";"REG1";"";"#1: alpha: 0.181, ETRm: 17.487, Ik: 96.667   ( beta: 0.003, ETRmPot: 19.079 )   (Platt et al. 1980) ";""
"2024-08-20 08:13:56.890";"2024-08-20";"08:13:56";"REG2";"";"#1: alpha: 0.142, ETRm: 17.079, Ik: 120.540   (Jassby and Platt 1976) ";""
"2024-08-20 08:13:58.288";"2024-08-20";"08:13:58";"FO";"64";"118";"278";"0";"0.576";"0.0";"-";"-";"118";"278";"0.576"
"2024-08-20 08:14:28.278";"2024-08-20";"08:14:28";"F";"65";"173";"264";"65";"0.345";"9.4";"115";"0.053";"118";"278";"0.576"
"2024-08-20 08:14:58.274";"2024-08-20";"08:14:58";"F";"66";"186";"263";"90";"0.293";"11.1";"115";"0.057";"118";"278";"0.576"
"2024-08-20 08:15:28.253";"2024-08-20";"08:15:28";"F";"67";"203";"266";"125";"0.237";"12.4";"116";"0.045";"118";"278";"0.576"
"2024-08-20 08:15:58.243";"2024-08-20";"08:15:58";"F";"68";"219";"269";"190";"0.186";"14.8";"116";"0.033";"118";"278";"0.576"
"2024-08-20 08:16:28.238";"2024-08-20";"08:16:28";"F";"69";"232";"271";"285";"0.144";"17.2";"117";"0.026";"118";"278";"0.576"
"2024-08-20 08:16:58.222";"2024-08-20";"08:16:58";"F";"70";"247";"274";"420";"0.099";"17.5";"117";"0.015";"118";"278";"0.576"
"2024-08-20 08:17:28.215";"2024-08-20";"08:17:28";"F";"71";"259";"278";"625";"0.068";"17.9";"118";"0.000";"118";"278";"0.576"
"2024-08-20 08:17:58.195";"2024-08-20";"08:17:58";"F";"72";"264";"277";"820";"0.047";"16.2";"118";"0.004";"118";"278";"0.576"
"2024-08-20 08:18:01.781";"2024-08-20";"08:18:01";"SLCE";"";"Light Curve end ";""
"2024-08-20 08:18:27.547";"2024-08-20";"08:18:27";"SLCS";"";"Light Curve start ";"ct285"
"2024-08-20 08:18:27.547";"2024-08-20";"08:18:27";"REG1";"";"#1: alpha: 0.223, ETRm: 29.584, Ik: 132.954   ( beta: 0.003, ETRmPot: 31.955 )   (Platt et al. 1980) ";""
"2024-08-20 08:18:27.547";"2024-08-20";"08:18:27";"REG2";"";"#1: alpha: 0.174, ETRm: 29.173, Ik: 167.209   (Jassby and Platt 1976) ";""
"2024-08-20 08:18:28.950";"2024-08-20";"08:18:28";"FO";"73";"96";"229";"0";"0.581";"0.0";"-";"-";"96";"229";"0.581"
"2024-08-20 08:18:58.940";"2024-08-20";"08:18:58";"F";"74";"107";"187";"65";"0.428";"11.7";"88";"0.225";"96";"229";"0.581"
"2024-08-20 08:19:28.927";"2024-08-20";"08:19:28";"F";"75";"111";"179";"90";"0.380";"14.4";"86";"0.279";"96";"229";"0.581"
"2024-08-20 08:19:58.915";"2024-08-20";"08:19:58";"F";"76";"114";"175";"125";"0.349";"18.3";"85";"0.309";"96";"229";"0.581"
"2024-08-20 08:20:28.889";"2024-08-20";"08:20:28";"F";"77";"117";"166";"190";"0.295";"23.5";"83";"0.380";"96";"229";"0.581"
"2024-08-20 08:20:58.893";"2024-08-20";"08:20:58";"F";"78";"122";"157";"285";"0.223";"26.7";"81";"0.459";"96";"229";"0.581"
"2024-08-20 08:21:28.869";"2024-08-20";"08:21:28";"F";"79";"126";"150";"420";"0.160";"28.2";"79";"0.527";"96";"229";"0.581"
"2024-08-20 08:21:58.863";"2024-08-20";"08:21:58";"F";"80";"130";"147";"625";"0.116";"30.5";"78";"0.558";"96";"229";"0.581"
"2024-08-20 08:22:28.853";"2024-08-20";"08:22:28";"F";"81";"131";"143";"820";"0.084";"28.9";"77";"0.601";"96";"229";"0.581"
"2024-08-20 08:22:32.042";"2024-08-20";"08:22:32";"SLCE";"";"Light Curve end ";""
"2024-08-20 08:22:51.164";"2024-08-20";"08:22:51";"SLCS";"";"Light Curve start ";"ct286"
"2024-08-20 08:22:51.164";"2024-08-20";"08:22:51";"REG1";"";"#1: alpha: 0.291, ETRm: 28.349, Ik: 97.322   ( beta: 0.003, ETRmPot: 30.230 )   (Platt et al. 1980) ";""
"2024-08-20 08:22:51.164";"2024-08-20";"08:22:51";"REG2";"";"#1: alpha: 0.223, ETRm: 27.899, Ik: 124.853   (Jassby and Platt 1976) ";""
"2024-08-20 08:22:52.560";"2024-08-20";"08:22:52";"FO";"82";"143";"396";"0";"0.639";"0.0";"-";"-";"143";"396";"0.639"
"2024-08-20 08:23:22.574";"2024-08-20";"08:23:22";"F";"83";"162";"315";"65";"0.486";"13.3";"131";"0.257";"143";"396";"0.639"
"2024-08-20 08:23:52.547";"2024-08-20";"08:23:52";"F";"84";"164";"307";"90";"0.466";"17.6";"129";"0.290";"143";"396";"0.639"
"2024-08-20 08:24:22.545";"2024-08-20";"08:24:22";"F";"85";"172";"288";"125";"0.403";"21.2";"126";"0.375";"143";"396";"0.639"
"2024-08-20 08:24:52.532";"2024-08-20";"08:24:52";"F";"86";"184";"267";"190";"0.311";"24.8";"122";"0.483";"143";"396";"0.639"
"2024-08-20 08:25:22.521";"2024-08-20";"08:25:22";"F";"87";"195";"253";"285";"0.229";"27.4";"119";"0.565";"143";"396";"0.639"
"2024-08-20 08:25:52.515";"2024-08-20";"08:25:52";"F";"88";"204";"244";"420";"0.164";"28.9";"117";"0.623";"143";"396";"0.639"
"2024-08-20 08:26:22.487";"2024-08-20";"08:26:22";"F";"89";"211";"235";"625";"0.102";"26.8";"115";"0.685";"143";"396";"0.639"
"2024-08-20 08:26:52.485";"2024-08-20";"08:26:52";"F";"90";"214";"233";"820";"0.082";"28.2";"114";"0.700";"143";"396";"0.639"
"2024-08-20 08:26:55.934";"2024-08-20";"08:26:55";"SLCE";"";"Light Curve end ";""
"2024-08-20 08:28:06.593";"2024-08-20";"08:28:06";"SLCS";"";"Light Curve start ";"ct287"
"2024-08-20 08:28:06.593";"2024-08-20";"08:28:06";"REG1";"";"#1: alpha: - , ETRm: - , Ik: -   ( beta: - 0.006, ETRmPot: 14.056 )   (Platt et al. 1980) ";""
"2024-08-20 08:28:06.593";"2024-08-20";"08:28:06";"REG2";"";"#1: alpha: 0.117, ETRm: 17.981, Ik: 154.083   (Jassby and Platt 1976) ";""
"2024-08-20 08:28:07.997";"2024-08-20";"08:28:07";"FO";"91";"154";"405";"0";"0.620";"0.0";"-";"-";"154";"405";"0.620"
"2024-08-20 08:28:37.988";"2024-08-20";"08:28:37";"F";"92";"218";"323";"65";"0.325";"8.9";"140";"0.254";"154";"405";"0.620"
"2024-08-20 08:29:07.976";"2024-08-20";"08:29:07";"F";"93";"223";"303";"90";"0.264";"10.0";"137";"0.337";"154";"405";"0.620"
"2024-08-20 08:29:37.957";"2024-08-20";"08:29:37";"F";"94";"227";"294";"125";"0.228";"12.0";"135";"0.378";"154";"405";"0.620"
"2024-08-20 08:30:07.953";"2024-08-20";"08:30:07";"F";"95";"236";"285";"190";"0.172";"13.7";"133";"0.421";"154";"405";"0.620"
"2024-08-20 08:30:37.941";"2024-08-20";"08:30:37";"F";"96";"243";"279";"285";"0.129";"15.4";"131";"0.452";"154";"405";"0.620"
"2024-08-20 08:31:07.925";"2024-08-20";"08:31:07";"F";"97";"248";"276";"420";"0.101";"17.8";"131";"0.467";"154";"405";"0.620"
"2024-08-20 08:31:37.911";"2024-08-20";"08:31:37";"F";"98";"252";"270";"625";"0.067";"17.6";"129";"0.500";"154";"405";"0.620"
"2024-08-20 08:32:07.897";"2024-08-20";"08:32:07";"F";"99";"253";"269";"820";"0.059";"20.3";"129";"0.506";"154";"405";"0.620"
"2024-08-20 08:32:11.715";"2024-08-20";"08:32:11";"SLCE";"";"Light Curve end ";""
"2024-08-20 08:32:38.435";"2024-08-20";"08:32:38";"SLCS";"";"Light Curve start ";"ct288"
"2024-08-20 08:32:38.435";"2024-08-20";"08:32:38";"REG1";"";"#1: alpha: 0.228, ETRm: 38.769, Ik: 170.048   ( beta: 0.119, ETRmPot: 103.048 )   (Platt et al. 1980) ";""
"2024-08-20 08:32:38.435";"2024-08-20";"08:32:38";"REG2";"";"#1: alpha: 0.205, ETRm: 36.749, Ik: 179.411   (Jassby and Platt 1976) ";""
"2024-08-20 08:32:39.832";"2024-08-20";"08:32:39";"FO";"100";"89";"241";"0";"0.631";"0.0";"-";"-";"89";"241";"0.631"
"2024-08-20 08:33:09.823";"2024-08-20";"08:33:09";"F";"101";"106";"193";"65";"0.451";"12.3";"82";"0.249";"89";"241";"0.631"
"2024-08-20 08:33:39.831";"2024-08-20";"08:33:39";"F";"102";"104";"185";"90";"0.438";"16.6";"80";"0.303";"89";"241";"0.631"
"2024-08-20 08:34:09.820";"2024-08-20";"08:34:09";"F";"103";"103";"176";"125";"0.415";"21.8";"78";"0.369";"89";"241";"0.631"
"2024-08-20 08:34:39.800";"2024-08-20";"08:34:39";"F";"104";"108";"171";"190";"0.368";"29.4";"77";"0.409";"89";"241";"0.631"
"2024-08-20 08:35:09.788";"2024-08-20";"08:35:09";"F";"105";"115";"161";"285";"0.286";"34.2";"75";"0.497";"89";"241";"0.631"
"2024-08-20 08:35:39.777";"2024-08-20";"08:35:39";"F";"106";"122";"155";"420";"0.213";"37.6";"74";"0.555";"89";"241";"0.631"
"2024-08-20 08:36:09.773";"2024-08-20";"08:36:09";"F";"107";"128";"150";"625";"0.147";"38.6";"73";"0.607";"89";"241";"0.631"
"2024-08-20 08:36:39.753";"2024-08-20";"08:36:39";"F";"108";"132";"146";"820";"0.096";"33.1";"72";"0.651";"89";"241";"0.631"
"2024-08-20 08:36:42.882";"2024-08-20";"08:36:42";"SLCE";"";"Light Curve end ";""
"2024-08-20 08:37:05.665";"2024-08-20";"08:37:05";"SLCS";"";"Light Curve start ";"ct281"
"2024-08-20 08:37:05.665";"2024-08-20";"08:37:05";"REG1";"";"#1: alpha: 0.306, ETRm: 26.265, Ik: 85.864   ( beta: 0.013, ETRmPot: 31.354 )   (Platt et al. 1980) ";""
"2024-08-20 08:37:05.665";"2024-08-20";"08:37:05";"REG2";"";"#1: alpha: 0.256, ETRm: 24.689, Ik: 96.616   (Jassby and Platt 1976) ";""
"2024-08-20 08:37:07.068";"2024-08-20";"08:37:07";"FO";"109";"150";"449";"0";"0.666";"0.0";"-";"-";"150";"449";"0.666"
"2024-08-20 08:37:37.051";"2024-08-20";"08:37:37";"F";"110";"160";"351";"65";"0.544";"14.9";"137";"0.279";"150";"449";"0.666"
"2024-08-20 08:38:07.040";"2024-08-20";"08:38:07";"F";"111";"166";"315";"90";"0.473";"17.9";"131";"0.425";"150";"449";"0.666"
"2024-08-20 08:38:37.034";"2024-08-20";"08:38:37";"F";"112";"169";"279";"125";"0.394";"20.7";"125";"0.609";"150";"449";"0.666"
"2024-08-20 08:39:07.019";"2024-08-20";"08:39:07";"F";"113";"177";"253";"190";"0.300";"23.9";"119";"0.775";"150";"449";"0.666"
"2024-08-20 08:39:37.012";"2024-08-20";"08:39:37";"F";"114";"183";"233";"285";"0.215";"25.7";"115";"0.927";"150";"449";"0.666"
"2024-08-20 08:40:06.999";"2024-08-20";"08:40:06";"F";"115";"187";"220";"420";"0.150";"26.5";"111";"1.041";"150";"449";"0.666"
"2024-08-20 08:40:36.985";"2024-08-20";"08:40:36";"F";"116";"191";"211";"625";"0.095";"24.9";"109";"1.128";"150";"449";"0.666"
"2024-08-20 08:41:06.973";"2024-08-20";"08:41:06";"F";"117";"194";"207";"820";"0.063";"21.7";"108";"1.169";"150";"449";"0.666"
"2024-08-20 08:41:10.452";"2024-08-20";"08:41:10";"SLCE";"";"Light Curve end ";""
"2024-08-20 08:41:58.030";"2024-08-20";"08:41:58";"SLCS";"";"Light Curve start ";"ct282"
"2024-08-20 08:41:58.030";"2024-08-20";"08:41:58";"REG1";"";"#1: alpha: 0.254, ETRm: 27.550, Ik: 108.548   ( beta: 0.006, ETRmPot: 30.828 )   (Platt et al. 1980) ";""
"2024-08-20 08:41:58.030";"2024-08-20";"08:41:58";"REG2";"";"#1: alpha: 0.200, ETRm: 26.974, Ik: 134.855   (Jassby and Platt 1976) ";""
"2024-08-20 08:41:59.417";"2024-08-20";"08:41:59";"FO";"118";"136";"376";"0";"0.638";"0.0";"-";"-";"136";"376";"0.638"
"2024-08-20 08:42:29.412";"2024-08-20";"08:42:29";"F";"119";"168";"289";"65";"0.419";"11.4";"123";"0.301";"136";"376";"0.638"
"2024-08-20 08:42:59.392";"2024-08-20";"08:42:59";"F";"120";"166";"284";"90";"0.415";"15.7";"122";"0.324";"136";"376";"0.638"
"2024-08-20 08:43:29.406";"2024-08-20";"08:43:29";"F";"121";"170";"277";"125";"0.386";"20.3";"120";"0.357";"136";"376";"0.638"
"2024-08-20 08:43:59.393";"2024-08-20";"08:43:59";"F";"122";"177";"253";"190";"0.300";"23.9";"116";"0.486";"136";"376";"0.638"
"2024-08-20 08:44:29.385";"2024-08-20";"08:44:29";"F";"123";"183";"234";"285";"0.218";"26.1";"112";"0.607";"136";"376";"0.638"
"2024-08-20 08:44:59.372";"2024-08-20";"08:44:59";"F";"124";"186";"221";"420";"0.158";"27.9";"108";"0.701";"136";"376";"0.638"
"2024-08-20 08:45:29.353";"2024-08-20";"08:45:29";"F";"125";"191";"212";"625";"0.099";"26.0";"106";"0.774";"136";"376";"0.638"
"2024-08-20 08:45:59.343";"2024-08-20";"08:45:59";"F";"126";"190";"206";"820";"0.078";"26.9";"105";"0.825";"136";"376";"0.638"
"2024-08-20 08:46:02.595";"2024-08-20";"08:46:02";"SLCE";"";"Light Curve end ";""
"2024-08-20 08:47:24.290";"2024-08-20";"08:47:24";"SLCS";"";"Light Curve start ";"ct283"
"2024-08-20 08:47:24.290";"2024-08-20";"08:47:24";"REG1";"";"#1: alpha: - , ETRm: - , Ik: -   ( beta: - 0.004, ETRmPot: 30.825 )   (Platt et al. 1980) ";""
"2024-08-20 08:47:24.290";"2024-08-20";"08:47:24";"REG2";"";"#1: alpha: 0.217, ETRm: 33.077, Ik: 152.285   (Jassby and Platt 1976) ";""
"2024-08-20 08:47:25.694";"2024-08-20";"08:47:25";"FO";"127";"117";"332";"0";"0.648";"0.0";"-";"-";"117";"332";"0.648"
"2024-08-20 08:47:55.677";"2024-08-20";"08:47:55";"F";"128";"129";"261";"65";"0.506";"13.8";"107";"0.272";"117";"332";"0.648"
"2024-08-20 08:48:25.664";"2024-08-20";"08:48:25";"F";"129";"130";"251";"90";"0.482";"18.2";"105";"0.323";"117";"332";"0.648"
"2024-08-20 08:48:55.658";"2024-08-20";"08:48:55";"F";"130";"134";"235";"125";"0.430";"22.6";"102";"0.413";"117";"332";"0.648"
"2024-08-20 08:49:25.643";"2024-08-20";"08:49:25";"F";"131";"142";"214";"190";"0.336";"26.8";"98";"0.551";"117";"332";"0.648"
"2024-08-20 08:49:55.635";"2024-08-20";"08:49:55";"F";"132";"147";"199";"285";"0.261";"31.2";"95";"0.668";"117";"332";"0.648"
"2024-08-20 08:50:25.624";"2024-08-20";"08:50:25";"F";"133";"153";"186";"420";"0.177";"31.2";"92";"0.785";"117";"332";"0.648"
"2024-08-20 08:50:55.605";"2024-08-20";"08:50:55";"F";"134";"158";"181";"625";"0.127";"33.3";"90";"0.834";"117";"332";"0.648"
"2024-08-20 08:51:25.594";"2024-08-20";"08:51:25";"F";"135";"158";"176";"820";"0.102";"35.1";"89";"0.886";"117";"332";"0.648"
"2024-08-20 08:51:29.304";"2024-08-20";"08:51:29";"SLCE";"";"Light Curve end ";""
"2024-08-20 08:52:25.162";"2024-08-20";"08:52:25";"SLCS";"";"Light Curve start ";"ct284"
"2024-08-20 08:52:25.162";"2024-08-20";"08:52:25";"REG1";"";"#1: alpha: 0.221, ETRm: 30.373, Ik: 137.268   ( beta: 0.002, ETRmPot: 31.764 )   (Platt et al. 1980) ";""
"2024-08-20 08:52:25.162";"2024-08-20";"08:52:25";"REG2";"";"#1: alpha: 0.172, ETRm: 29.920, Ik: 174.082   (Jassby and Platt 1976) ";""
"2024-08-20 08:52:26.556";"2024-08-20";"08:52:26";"FO";"136";"130";"326";"0";"0.601";"0.0";"-";"-";"130";"326";"0.601"
"2024-08-20 08:52:56.546";"2024-08-20";"08:52:56";"F";"137";"162";"275";"65";"0.411";"11.2";"121";"0.185";"130";"326";"0.601"
"2024-08-20 08:53:26.553";"2024-08-20";"08:53:26";"F";"138";"158";"257";"90";"0.385";"14.6";"117";"0.268";"130";"326";"0.601"
"2024-08-20 08:53:56.536";"2024-08-20";"08:53:56";"F";"139";"161";"250";"125";"0.356";"18.7";"116";"0.304";"130";"326";"0.601"
"2024-08-20 08:54:26.524";"2024-08-20";"08:54:26";"F";"140";"167";"235";"190";"0.289";"23.1";"113";"0.387";"130";"326";"0.601"
"2024-08-20 08:54:56.518";"2024-08-20";"08:54:56";"F";"141";"175";"227";"285";"0.229";"27.4";"111";"0.436";"130";"326";"0.601"
"2024-08-20 08:55:26.506";"2024-08-20";"08:55:26";"F";"142";"182";"217";"420";"0.161";"28.4";"108";"0.502";"130";"326";"0.601"
"2024-08-20 08:55:56.489";"2024-08-20";"08:55:56";"F";"143";"185";"210";"625";"0.119";"31.2";"107";"0.552";"130";"326";"0.601"
"2024-08-20 08:56:26.481";"2024-08-20";"08:56:26";"F";"144";"188";"206";"820";"0.087";"30.0";"105";"0.583";"130";"326";"0.601"
"2024-08-20 08:56:29.609";"2024-08-20";"08:56:29";"SLCE";"";"Light Curve end ";""
"2024-08-20 08:56:51.611";"2024-08-20";"08:56:51";"SLCS";"";"Light Curve start ";"ct293"
"2024-08-20 08:56:51.611";"2024-08-20";"08:56:51";"REG1";"";"#1: alpha: 0.251, ETRm: 24.290, Ik: 96.680   ( beta: 0.002, ETRmPot: 25.603 )   (Platt et al. 1980) ";""
"2024-08-20 08:56:51.611";"2024-08-20";"08:56:51";"REG2";"";"#1: alpha: 0.192, ETRm: 23.942, Ik: 124.914   (Jassby and Platt 1976) ";""
"2024-08-20 08:56:53.003";"2024-08-20";"08:56:53";"FO";"145";"163";"402";"0";"0.595";"0.0";"-";"-";"163";"402";"0.595"
"2024-08-20 08:57:22.985";"2024-08-20";"08:57:22";"F";"146";"195";"343";"65";"0.431";"11.8";"152";"0.172";"163";"402";"0.595"
"2024-08-20 08:57:52.975";"2024-08-20";"08:57:52";"F";"147";"205";"329";"90";"0.377";"14.3";"150";"0.222";"163";"402";"0.595"
"2024-08-20 08:58:22.961";"2024-08-20";"08:58:22";"F";"148";"210";"325";"125";"0.354";"18.6";"149";"0.237";"163";"402";"0.595"
"2024-08-20 08:58:52.950";"2024-08-20";"08:58:52";"F";"149";"231";"316";"190";"0.269";"21.5";"147";"0.272";"163";"402";"0.595"
"2024-08-20 08:59:22.938";"2024-08-20";"08:59:22";"F";"150";"248";"308";"285";"0.195";"23.3";"145";"0.305";"163";"402";"0.595"
"2024-08-20 08:59:52.931";"2024-08-20";"08:59:52";"F";"151";"260";"301";"420";"0.136";"24.0";"143";"0.336";"163";"402";"0.595"
"2024-08-20 09:00:22.915";"2024-08-20";"09:00:22";"F";"152";"268";"295";"625";"0.092";"24.2";"142";"0.363";"163";"402";"0.595"
"2024-08-20 09:00:52.908";"2024-08-20";"09:00:52";"F";"153";"269";"289";"820";"0.069";"23.8";"141";"0.391";"163";"402";"0.595"
"2024-08-20 09:00:56.191";"2024-08-20";"09:00:56";"SLCE";"";"Light Curve end ";""
"2024-08-20 09:01:50.022";"2024-08-20";"09:01:50";"SLCS";"";"Light Curve start ";"ct294"
"2024-08-20 09:01:50.022";"2024-08-20";"09:01:50";"REG1";"";"#1: alpha: 0.237, ETRm: 34.671, Ik: 146.169   ( beta: 0.003, ETRmPot: 37.319 )   (Platt et al. 1980) ";""
"2024-08-20 09:01:50.022";"2024-08-20";"09:01:50";"REG2";"";"#1: alpha: 0.187, ETRm: 34.169, Ik: 182.818   (Jassby and Platt 1976) ";""
"2024-08-20 09:01:51.412";"2024-08-20";"09:01:51";"FO";"154";"134";"359";"0";"0.627";"0.0";"-";"-";"134";"359";"0.627"
"2024-08-20 09:02:21.400";"2024-08-20";"09:02:21";"F";"155";"166";"295";"65";"0.437";"11.9";"124";"0.217";"134";"359";"0.627"
"2024-08-20 09:02:51.394";"2024-08-20";"09:02:51";"F";"156";"161";"275";"90";"0.415";"15.7";"120";"0.305";"134";"359";"0.627"
"2024-08-20 09:03:21.396";"2024-08-20";"09:03:21";"F";"157";"160";"268";"125";"0.403";"21.2";"119";"0.340";"134";"359";"0.627"
"2024-08-20 09:03:51.389";"2024-08-20";"09:03:51";"F";"158";"169";"251";"190";"0.327";"26.1";"115";"0.430";"134";"359";"0.627"
"2024-08-20 09:04:21.370";"2024-08-20";"09:04:21";"F";"159";"178";"238";"285";"0.252";"30.2";"113";"0.508";"134";"359";"0.627"
"2024-08-20 09:04:51.365";"2024-08-20";"09:04:51";"F";"160";"185";"227";"420";"0.185";"32.6";"110";"0.581";"134";"359";"0.627"
"2024-08-20 09:05:21.357";"2024-08-20";"09:05:21";"F";"161";"190";"220";"625";"0.136";"35.7";"108";"0.632";"134";"359";"0.627"
"2024-08-20 09:05:51.336";"2024-08-20";"09:05:51";"F";"162";"191";"212";"820";"0.099";"34.1";"106";"0.693";"134";"359";"0.627"
"2024-08-20 09:05:54.609";"2024-08-20";"09:05:54";"SLCE";"";"Light Curve end ";""
"2024-08-20 09:06:52.431";"2024-08-20";"09:06:52";"SLCS";"";"Light Curve start ";"ct295"
"2024-08-20 09:06:52.431";"2024-08-20";"09:06:52";"REG1";"";"#1: alpha: 0.215, ETRm: 31.025, Ik: 144.077   ( beta: 0.033, ETRmPot: 48.635 )   (Platt et al. 1980) ";""
"2024-08-20 09:06:52.431";"2024-08-20";"09:06:52";"REG2";"";"#1: alpha: 0.189, ETRm: 29.431, Ik: 155.821   (Jassby and Platt 1976) ";""
"2024-08-20 09:06:53.827";"2024-08-20";"09:06:53";"FO";"163";"103";"286";"0";"0.640";"0.0";"-";"-";"103";"286";"0.640"
"2024-08-20 09:07:23.817";"2024-08-20";"09:07:23";"F";"164";"122";"220";"65";"0.445";"12.1";"93";"0.300";"103";"286";"0.640"
"2024-08-20 09:07:53.807";"2024-08-20";"09:07:53";"F";"165";"123";"210";"90";"0.414";"15.6";"91";"0.362";"103";"286";"0.640"
"2024-08-20 09:08:23.787";"2024-08-20";"09:08:23";"F";"166";"125";"201";"125";"0.378";"19.8";"89";"0.423";"103";"286";"0.640"
"2024-08-20 09:08:53.784";"2024-08-20";"09:08:53";"F";"167";"133";"189";"190";"0.296";"23.6";"87";"0.513";"103";"286";"0.640"
"2024-08-20 09:09:23.767";"2024-08-20";"09:09:23";"F";"168";"137";"178";"285";"0.230";"27.5";"85";"0.607";"103";"286";"0.640"
"2024-08-20 09:09:53.758";"2024-08-20";"09:09:53";"F";"169";"141";"171";"420";"0.175";"30.9";"83";"0.673";"103";"286";"0.640"
"2024-08-20 09:10:23.746";"2024-08-20";"09:10:23";"F";"170";"145";"165";"625";"0.121";"31.8";"81";"0.733";"103";"286";"0.640"
"2024-08-20 09:10:53.730";"2024-08-20";"09:10:53";"F";"171";"146";"158";"820";"0.076";"26.2";"80";"0.810";"103";"286";"0.640"
"2024-08-20 09:10:57.668";"2024-08-20";"09:10:57";"SLCE";"";"Light Curve end ";""
"2024-08-20 09:11:26.249";"2024-08-20";"09:11:26";"SLCS";"";"Light Curve start ";"ct296"
"2024-08-20 09:11:26.249";"2024-08-20";"09:11:26";"REG1";"";"#1: alpha: - , ETRm: - , Ik: -   ( beta: - 0.007, ETRmPot: 35.162 )   (Platt et al. 1980) ";""
"2024-08-20 09:11:26.249";"2024-08-20";"09:11:26";"REG2";"";"#1: alpha: 0.194, ETRm: 39.514, Ik: 204.144   (Jassby and Platt 1976) ";""
"2024-08-20 09:11:27.656";"2024-08-20";"09:11:27";"FO";"172";"105";"290";"0";"0.638";"0.0";"-";"-";"105";"290";"0.638"
"2024-08-20 09:11:57.642";"2024-08-20";"09:11:57";"F";"173";"134";"257";"65";"0.479";"13.1";"100";"0.128";"105";"290";"0.638"
"2024-08-20 09:12:27.630";"2024-08-20";"09:12:27";"F";"174";"136";"253";"90";"0.462";"17.5";"100";"0.146";"105";"290";"0.638"
"2024-08-20 09:12:57.619";"2024-08-20";"09:12:57";"F";"175";"140";"246";"125";"0.431";"22.6";"99";"0.179";"105";"290";"0.638"
"2024-08-20 09:13:27.630";"2024-08-20";"09:13:27";"F";"176";"148";"228";"190";"0.351";"28.0";"96";"0.272";"105";"290";"0.638"
"2024-08-20 09:13:57.610";"2024-08-20";"09:13:57";"F";"177";"156";"216";"285";"0.278";"33.3";"93";"0.343";"105";"290";"0.638"
"2024-08-20 09:14:27.605";"2024-08-20";"09:14:27";"F";"178";"163";"205";"420";"0.205";"36.2";"91";"0.415";"105";"290";"0.638"
"2024-08-20 09:14:57.594";"2024-08-20";"09:14:57";"F";"179";"167";"197";"625";"0.152";"39.9";"90";"0.472";"105";"290";"0.638"
"2024-08-20 09:15:27.578";"2024-08-20";"09:15:27";"F";"180";"167";"190";"820";"0.121";"41.7";"88";"0.526";"105";"290";"0.638"
"2024-08-20 09:15:30.656";"2024-08-20";"09:15:30";"SLCE";"";"Light Curve end ";""
"2024-08-20 09:16:46.225";"2024-08-20";"09:16:46";"SLCS";"";"Light Curve start ";"ct289"
"2024-08-20 09:16:46.225";"2024-08-20";"09:16:46";"REG1";"";"#1: alpha: 0.354, ETRm: 31.892, Ik: 90.080   ( beta: 0.021, ETRmPot: 39.954 )   (Platt et al. 1980) ";""
"2024-08-20 09:16:46.225";"2024-08-20";"09:16:46";"REG2";"";"#1: alpha: 0.295, ETRm: 29.796, Ik: 101.117   (Jassby and Platt 1976) ";""
"2024-08-20 09:16:47.620";"2024-08-20";"09:16:47";"FO";"181";"93";"295";"0";"0.685";"0.0";"-";"-";"93";"295";"0.685"
"2024-08-20 09:17:17.615";"2024-08-20";"09:17:17";"F";"182";"100";"230";"65";"0.565";"15.4";"85";"0.283";"93";"295";"0.685"
"2024-08-20 09:17:47.596";"2024-08-20";"09:17:47";"F";"183";"100";"226";"90";"0.558";"21.1";"85";"0.305";"93";"295";"0.685"
"2024-08-20 09:18:17.594";"2024-08-20";"09:18:17";"F";"184";"104";"206";"125";"0.495";"26.0";"82";"0.432";"93";"295";"0.685"
"2024-08-20 09:18:47.581";"2024-08-20";"09:18:47";"F";"185";"109";"176";"190";"0.381";"30.4";"77";"0.676";"93";"295";"0.685"
"2024-08-20 09:19:17.562";"2024-08-20";"09:19:17";"F";"186";"114";"154";"285";"0.260";"31.1";"72";"0.916";"93";"295";"0.685"
"2024-08-20 09:19:47.552";"2024-08-20";"09:19:47";"F";"187";"118";"143";"420";"0.175";"30.9";"70";"1.063";"93";"295";"0.685"
"2024-08-20 09:20:17.539";"2024-08-20";"09:20:17";"F";"188";"120";"135";"625";"0.111";"29.1";"68";"1.185";"93";"295";"0.685"
"2024-08-20 09:20:47.531";"2024-08-20";"09:20:47";"F";"189";"121";"131";"820";"0.076";"26.2";"67";"1.252";"93";"295";"0.685"
"2024-08-20 09:20:50.959";"2024-08-20";"09:20:50";"SLCE";"";"Light Curve end ";""
"2024-08-20 09:21:20.894";"2024-08-20";"09:21:20";"SLCS";"";"Light Curve start ";"ct290"
"2024-08-20 09:21:20.894";"2024-08-20";"09:21:20";"REG1";"";"#1: alpha: 0.321, ETRm: 41.807, Ik: 130.422   ( beta: 0.022, ETRmPot: 53.762 )   (Platt et al. 1980) ";""
"2024-08-20 09:21:20.894";"2024-08-20";"09:21:20";"REG2";"";"#1: alpha: 0.268, ETRm: 40.335, Ik: 150.470   (Jassby and Platt 1976) ";""
"2024-08-20 09:21:22.285";"2024-08-20";"09:21:22";"FO";"190";"93";"314";"0";"0.704";"0.0";"-";"-";"93";"314";"0.704"
"2024-08-20 09:21:52.273";"2024-08-20";"09:21:52";"F";"191";"105";"256";"65";"0.590";"16.1";"87";"0.227";"93";"314";"0.704"
"2024-08-20 09:22:22.262";"2024-08-20";"09:22:22";"F";"192";"109";"254";"90";"0.571";"21.6";"87";"0.236";"93";"314";"0.704"
"2024-08-20 09:22:52.256";"2024-08-20";"09:22:52";"F";"193";"114";"244";"125";"0.533";"28.0";"86";"0.287";"93";"314";"0.704"
"2024-08-20 09:23:22.260";"2024-08-20";"09:23:22";"F";"194";"120";"209";"190";"0.426";"34.0";"81";"0.502";"93";"314";"0.704"
"2024-08-20 09:23:52.247";"2024-08-20";"09:23:52";"F";"195";"125";"184";"285";"0.321";"38.4";"77";"0.707";"93";"314";"0.704"
"2024-08-20 09:24:22.236";"2024-08-20";"09:24:22";"F";"196";"131";"170";"420";"0.229";"40.4";"74";"0.847";"93";"314";"0.704"
"2024-08-20 09:24:52.232";"2024-08-20";"09:24:52";"F";"197";"137";"164";"625";"0.165";"43.3";"73";"0.915";"93";"314";"0.704"
"2024-08-20 09:25:22.219";"2024-08-20";"09:25:22";"F";"198";"140";"157";"820";"0.108";"37.2";"72";"1.000";"93";"314";"0.704"
"2024-08-20 09:25:25.777";"2024-08-20";"09:25:25";"SLCE";"";"Light Curve end ";""
"2024-08-20 09:25:52.400";"2024-08-20";"09:25:52";"SLCS";"";"Light Curve start ";"ct291"
"2024-08-20 09:25:52.400";"2024-08-20";"09:25:52";"REG1";"";"#1: alpha: - , ETRm: - , Ik: -   ( beta: - 0.006, ETRmPot: 25.243 )   (Platt et al. 1980) ";""
"2024-08-20 09:25:52.400";"2024-08-20";"09:25:52";"REG2";"";"#1: alpha: 0.189, ETRm: 28.917, Ik: 153.115   (Jassby and Platt 1976) ";""
"2024-08-20 09:25:53.790";"2024-08-20";"09:25:53";"FO";"199";"162";"433";"0";"0.626";"0.0";"-";"-";"162";"433";"0.626"
"2024-08-20 09:26:23.786";"2024-08-20";"09:26:23";"F";"200";"163";"301";"65";"0.458";"12.5";"139";"0.439";"162";"433";"0.626"
"2024-08-20 09:26:53.775";"2024-08-20";"09:26:53";"F";"201";"165";"281";"90";"0.413";"15.6";"135";"0.541";"162";"433";"0.626"
"2024-08-20 09:27:23.755";"2024-08-20";"09:27:23";"F";"202";"168";"269";"125";"0.375";"19.7";"132";"0.610";"162";"433";"0.626"
"2024-08-20 09:27:53.752";"2024-08-20";"09:27:53";"F";"203";"177";"251";"190";"0.295";"23.5";"127";"0.725";"162";"433";"0.626"
"2024-08-20 09:28:23.733";"2024-08-20";"09:28:23";"F";"204";"186";"239";"285";"0.222";"26.6";"124";"0.812";"162";"433";"0.626"
"2024-08-20 09:28:53.721";"2024-08-20";"09:28:53";"F";"205";"192";"227";"420";"0.154";"27.2";"121";"0.907";"162";"433";"0.626"
"2024-08-20 09:29:23.716";"2024-08-20";"09:29:23";"F";"206";"197";"221";"625";"0.109";"28.6";"119";"0.959";"162";"433";"0.626"
"2024-08-20 09:29:53.698";"2024-08-20";"09:29:53";"F";"207";"208";"229";"820";"0.092";"31.7";"122";"0.891";"162";"433";"0.626"
"2024-08-20 09:29:56.999";"2024-08-20";"09:29:56";"SLCE";"";"Light Curve end ";""
"2024-08-20 09:31:14.674";"2024-08-20";"09:31:14";"SLCS";"";"Light Curve start ";"ct292"
"2024-08-20 09:31:14.674";"2024-08-20";"09:31:14";"REG1";"";"#1: alpha: 0.179, ETRm: 25.402, Ik: 142.149   ( beta: 0.017, ETRmPot: 35.068 )   (Platt et al. 1980) ";""
"2024-08-20 09:31:14.674";"2024-08-20";"09:31:14";"REG2";"";"#1: alpha: 0.152, ETRm: 24.474, Ik: 161.464   (Jassby and Platt 1976) ";""
"2024-08-20 09:31:16.064";"2024-08-20";"09:31:16";"FO";"208";"174";"421";"0";"0.587";"0.0";"-";"-";"174";"421";"0.587"
"2024-08-20 09:31:46.058";"2024-08-20";"09:31:46";"F";"209";"214";"340";"65";"0.371";"10.1";"158";"0.238";"174";"421";"0.587"
"2024-08-20 09:32:16.041";"2024-08-20";"09:32:16";"F";"210";"214";"323";"90";"0.337";"12.7";"155";"0.303";"174";"421";"0.587"
"2024-08-20 09:32:46.033";"2024-08-20";"09:32:46";"F";"211";"216";"310";"125";"0.303";"15.9";"152";"0.358";"174";"421";"0.587"
"2024-08-20 09:33:16.035";"2024-08-20";"09:33:16";"F";"212";"224";"295";"190";"0.241";"19.2";"148";"0.427";"174";"421";"0.587"
"2024-08-20 09:33:46.030";"2024-08-20";"09:33:46";"F";"213";"231";"285";"285";"0.189";"22.6";"145";"0.477";"174";"421";"0.587"
"2024-08-20 09:34:16.013";"2024-08-20";"09:34:16";"F";"214";"235";"275";"420";"0.145";"25.6";"143";"0.531";"174";"421";"0.587"
"2024-08-20 09:34:46.008";"2024-08-20";"09:34:46";"F";"215";"240";"266";"625";"0.098";"25.7";"140";"0.583";"174";"421";"0.587"
"2024-08-20 09:35:15.992";"2024-08-20";"09:35:15";"F";"216";"241";"258";"820";"0.066";"22.7";"138";"0.632";"174";"421";"0.587"
"2024-08-20 09:35:19.163";"2024-08-20";"09:35:19";"SLCE";"";"Light Curve end ";""
"2024-08-20 09:36:00.858";"2024-08-20";"09:36:00";"SLCS";"";"Light Curve start ";"ct253"
"2024-08-20 09:36:00.858";"2024-08-20";"09:36:00";"REG1";"";"#1: alpha: - , ETRm: - , Ik: -   ( beta: - 0.006, ETRmPot: 33.971 )   (Platt et al. 1980) ";""
"2024-08-20 09:36:00.858";"2024-08-20";"09:36:00";"REG2";"";"#1: alpha: 0.177, ETRm: 37.465, Ik: 211.286   (Jassby and Platt 1976) ";""
"2024-08-20 09:36:02.265";"2024-08-20";"09:36:02";"FO";"217";"103";"263";"0";"0.608";"0.0";"-";"-";"103";"263";"0.608"
"2024-08-20 09:36:32.252";"2024-08-20";"09:36:32";"F";"218";"120";"220";"65";"0.455";"12.4";"96";"0.195";"103";"263";"0.608"
"2024-08-20 09:37:02.240";"2024-08-20";"09:37:02";"F";"219";"122";"209";"90";"0.416";"15.7";"94";"0.258";"103";"263";"0.608"
"2024-08-20 09:37:32.228";"2024-08-20";"09:37:32";"F";"220";"124";"202";"125";"0.386";"20.3";"92";"0.302";"103";"263";"0.608"
"2024-08-20 09:38:02.211";"2024-08-20";"09:38:02";"F";"221";"130";"194";"190";"0.330";"26.3";"90";"0.356";"103";"263";"0.608"
"2024-08-20 09:38:32.199";"2024-08-20";"09:38:32";"F";"222";"138";"189";"285";"0.270";"32.3";"89";"0.392";"103";"263";"0.608"
"2024-08-20 09:39:02.195";"2024-08-20";"09:39:02";"F";"223";"147";"181";"420";"0.188";"33.2";"87";"0.453";"103";"263";"0.608"
"2024-08-20 09:39:32.176";"2024-08-20";"09:39:32";"F";"224";"153";"179";"625";"0.145";"38.1";"87";"0.469";"103";"263";"0.608"
"2024-08-20 09:40:02.171";"2024-08-20";"09:40:02";"F";"225";"156";"176";"820";"0.114";"39.3";"86";"0.494";"103";"263";"0.608"
"2024-08-20 09:40:05.819";"2024-08-20";"09:40:05";"SLCE";"";"Light Curve end ";""
"2024-08-20 09:40:42.128";"2024-08-20";"09:40:42";"SLCS";"";"Light Curve start ";"ct254"
"2024-08-20 09:40:42.128";"2024-08-20";"09:40:42";"REG1";"";"#1: alpha: - , ETRm: - , Ik: -   ( beta: - 0.005, ETRmPot: 39.220 )   (Platt et al. 1980) ";""
"2024-08-20 09:40:42.128";"2024-08-20";"09:40:42";"REG2";"";"#1: alpha: 0.141, ETRm: 41.355, Ik: 292.757   (Jassby and Platt 1976) ";""
"2024-08-20 09:40:43.527";"2024-08-20";"09:40:43";"FO";"226";"74";"185";"0";"0.600";"0.0";"-";"-";"74";"185";"0.600"
"2024-08-20 09:41:13.515";"2024-08-20";"09:41:13";"F";"227";"93";"156";"65";"0.404";"11.0";"69";"0.186";"74";"185";"0.600"
"2024-08-20 09:41:43.505";"2024-08-20";"09:41:43";"F";"228";"95";"150";"90";"0.367";"13.9";"68";"0.233";"74";"185";"0.600"
"2024-08-20 09:42:13.488";"2024-08-20";"09:42:13";"F";"229";"96";"145";"125";"0.338";"17.7";"67";"0.276";"74";"185";"0.600"
"2024-08-20 09:42:43.478";"2024-08-20";"09:42:43";"F";"230";"100";"142";"190";"0.296";"23.6";"66";"0.303";"74";"185";"0.600"
"2024-08-20 09:43:13.452";"2024-08-20";"09:43:13";"F";"231";"102";"136";"285";"0.250";"29.9";"65";"0.360";"74";"185";"0.600"
"2024-08-20 09:43:43.476";"2024-08-20";"09:43:43";"F";"232";"107";"132";"420";"0.189";"33.3";"64";"0.402";"74";"185";"0.600"
"2024-08-20 09:44:13.460";"2024-08-20";"09:44:13";"F";"233";"108";"129";"625";"0.163";"42.8";"63";"0.434";"74";"185";"0.600"
"2024-08-20 09:44:43.449";"2024-08-20";"09:44:43";"F";"234";"110";"125";"820";"0.120";"41.3";"62";"0.480";"74";"185";"0.600"
"2024-08-20 09:44:47.077";"2024-08-20";"09:44:47";"SLCE";"";"Light Curve end ";""
"2024-08-20 09:45:08.396";"2024-08-20";"09:45:08";"SLCS";"";"Light Curve start ";"ct255"
"2024-08-20 09:45:08.396";"2024-08-20";"09:45:08";"REG1";"";"#1: alpha: - , ETRm: - , Ik: -   ( beta: - 0.010, ETRmPot: 20.667 )   (Platt et al. 1980) ";""
"2024-08-20 09:45:08.396";"2024-08-20";"09:45:08";"REG2";"";"#1: alpha: 0.168, ETRm: 27.278, Ik: 162.489   (Jassby and Platt 1976) ";""
"2024-08-20 09:45:09.785";"2024-08-20";"09:45:09";"FO";"235";"139";"378";"0";"0.632";"0.0";"-";"-";"139";"378";"0.632"
"2024-08-20 09:45:39.780";"2024-08-20";"09:45:39";"F";"236";"174";"304";"65";"0.428";"11.7";"128";"0.243";"139";"378";"0.632"
"2024-08-20 09:46:09.768";"2024-08-20";"09:46:09";"F";"237";"174";"287";"90";"0.394";"14.9";"124";"0.317";"139";"378";"0.632"
"2024-08-20 09:46:39.752";"2024-08-20";"09:46:39";"F";"238";"180";"272";"125";"0.338";"17.7";"122";"0.390";"139";"378";"0.632"
"2024-08-20 09:47:09.744";"2024-08-20";"09:47:09";"F";"239";"191";"262";"190";"0.271";"21.6";"120";"0.443";"139";"378";"0.632"
"2024-08-20 09:47:39.731";"2024-08-20";"09:47:39";"F";"240";"201";"249";"285";"0.193";"23.1";"117";"0.518";"139";"378";"0.632"
"2024-08-20 09:48:09.716";"2024-08-20";"09:48:09";"F";"241";"208";"242";"420";"0.140";"24.7";"115";"0.562";"139";"378";"0.632"
"2024-08-20 09:48:39.706";"2024-08-20";"09:48:39";"F";"242";"211";"236";"625";"0.106";"27.8";"114";"0.602";"139";"378";"0.632"
"2024-08-20 09:49:09.698";"2024-08-20";"09:49:09";"F";"243";"212";"233";"820";"0.090";"31.0";"113";"0.622";"139";"378";"0.632"
"2024-08-20 09:49:13.652";"2024-08-20";"09:49:13";"SLCE";"";"Light Curve end ";""
"2024-08-20 09:50:12.848";"2024-08-20";"09:50:12";"SLCS";"";"Light Curve start ";"ct256"
"2024-08-20 09:50:12.848";"2024-08-20";"09:50:12";"REG1";"";"#1: alpha: 0.215, ETRm: 32.553, Ik: 151.172   ( beta: 0.019, ETRmPot: 44.056 )   (Platt et al. 1980) ";""
"2024-08-20 09:50:12.848";"2024-08-20";"09:50:12";"REG2";"";"#1: alpha: 0.180, ETRm: 31.696, Ik: 175.862   (Jassby and Platt 1976) ";""
"2024-08-20 09:50:14.252";"2024-08-20";"09:50:14";"FO";"244";"112";"268";"0";"0.582";"0.0";"-";"-";"112";"268";"0.582"
"2024-08-20 09:50:44.240";"2024-08-20";"09:50:44";"F";"245";"138";"239";"65";"0.423";"11.5";"107";"0.121";"112";"268";"0.582"
"2024-08-20 09:51:14.234";"2024-08-20";"09:51:14";"F";"246";"140";"235";"90";"0.404";"15.3";"106";"0.140";"112";"268";"0.582"
"2024-08-20 09:51:44.222";"2024-08-20";"09:51:44";"F";"247";"144";"232";"125";"0.379";"19.9";"105";"0.155";"112";"268";"0.582"
"2024-08-20 09:52:14.210";"2024-08-20";"09:52:14";"F";"248";"156";"223";"190";"0.300";"23.9";"103";"0.202";"112";"268";"0.582"
"2024-08-20 09:52:44.191";"2024-08-20";"09:52:44";"F";"249";"163";"215";"285";"0.242";"29.0";"102";"0.247";"112";"268";"0.582"
"2024-08-20 09:53:14.181";"2024-08-20";"09:53:14";"F";"250";"170";"208";"420";"0.183";"32.3";"100";"0.288";"112";"268";"0.582"
"2024-08-20 09:53:44.194";"2024-08-20";"09:53:44";"F";"251";"176";"201";"625";"0.124";"32.6";"98";"0.333";"112";"268";"0.582"
"2024-08-20 09:54:14.180";"2024-08-20";"09:54:14";"F";"252";"177";"194";"820";"0.088";"30.3";"97";"0.381";"112";"268";"0.582"
"2024-08-20 09:54:17.587";"2024-08-20";"09:54:17";"SLCE";"";"Light Curve end ";""
"2024-08-20 09:57:31.610";"2024-08-20";"09:57:31";"SLCS";"";"Light Curve start ";"ct249"
"2024-08-20 09:57:31.610";"2024-08-20";"09:57:31";"REG1";"";"#1: alpha: 0.334, ETRm: 30.270, Ik: 90.741   ( beta: 0.027, ETRmPot: 40.279 )   (Platt et al. 1980) ";""
"2024-08-20 09:57:31.610";"2024-08-20";"09:57:31";"REG2";"";"#1: alpha: 0.284, ETRm: 27.748, Ik: 97.601   (Jassby and Platt 1976) ";""
"2024-08-20 09:57:33.010";"2024-08-20";"09:57:33";"FO";"253";"114";"353";"0";"0.677";"0.0";"-";"-";"114";"353";"0.677"
"2024-08-20 09:58:02.993";"2024-08-20";"09:58:02";"F";"254";"127";"307";"65";"0.586";"16.0";"109";"0.150";"114";"353";"0.677"
"2024-08-20 09:58:32.989";"2024-08-20";"09:58:32";"F";"255";"132";"274";"90";"0.518";"19.6";"104";"0.288";"114";"353";"0.677"
"2024-08-20 09:59:02.977";"2024-08-20";"09:59:02";"F";"256";"135";"245";"125";"0.449";"23.6";"100";"0.441";"114";"353";"0.677"
"2024-08-20 09:59:32.958";"2024-08-20";"09:59:32";"F";"257";"141";"218";"190";"0.353";"28.2";"95";"0.619";"114";"353";"0.677"
"2024-08-20 10:00:02.954";"2024-08-20";"10:00:02";"F";"258";"143";"194";"285";"0.263";"31.5";"90";"0.820";"114";"353";"0.677"
"2024-08-20 10:00:32.935";"2024-08-20";"10:00:32";"F";"259";"148";"178";"420";"0.169";"29.8";"87";"0.983";"114";"353";"0.677"
"2024-08-20 10:01:02.924";"2024-08-20";"10:01:02";"F";"260";"151";"166";"625";"0.090";"23.6";"84";"1.127";"114";"353";"0.677"
"2024-08-20 10:01:32.917";"2024-08-20";"10:01:32";"F";"261";"152";"164";"820";"0.073";"25.1";"83";"1.152";"114";"353";"0.677"
"2024-08-20 10:01:36.165";"2024-08-20";"10:01:36";"SLCE";"";"Light Curve end ";""
"2024-08-20 10:02:38.234";"2024-08-20";"10:02:38";"SLCS";"";"Light Curve start ";"ct250"
"2024-08-20 10:02:38.234";"2024-08-20";"10:02:38";"REG1";"";"#1: alpha: 0.312, ETRm: 34.204, Ik: 109.696   ( beta: 0.020, ETRmPot: 43.551 )   (Platt et al. 1980) ";""
"2024-08-20 10:02:38.234";"2024-08-20";"10:02:38";"REG2";"";"#1: alpha: 0.258, ETRm: 32.600, Ik: 126.380   (Jassby and Platt 1976) ";""
"2024-08-20 10:02:39.629";"2024-08-20";"10:02:39";"FO";"262";"144";"408";"0";"0.647";"0.0";"-";"-";"144";"408";"0.647"
"2024-08-20 10:03:09.616";"2024-08-20";"10:03:09";"F";"263";"162";"353";"65";"0.541";"14.8";"136";"0.156";"144";"408";"0.647"
"2024-08-20 10:03:39.627";"2024-08-20";"10:03:39";"F";"264";"164";"336";"90";"0.512";"19.4";"134";"0.214";"144";"408";"0.647"
"2024-08-20 10:04:09.618";"2024-08-20";"10:04:09";"F";"265";"167";"317";"125";"0.473";"24.8";"131";"0.287";"144";"408";"0.647"
"2024-08-20 10:04:39.602";"2024-08-20";"10:04:39";"F";"266";"177";"286";"190";"0.381";"30.4";"125";"0.427";"144";"408";"0.647"
"2024-08-20 10:05:09.589";"2024-08-20";"10:05:09";"F";"267";"184";"257";"285";"0.284";"34.0";"119";"0.588";"144";"408";"0.647"
"2024-08-20 10:05:39.585";"2024-08-20";"10:05:39";"F";"268";"192";"236";"420";"0.186";"32.8";"115";"0.729";"144";"408";"0.647"
"2024-08-20 10:06:09.574";"2024-08-20";"10:06:09";"F";"269";"197";"225";"625";"0.124";"32.6";"112";"0.813";"144";"408";"0.647"
"2024-08-20 10:06:39.561";"2024-08-20";"10:06:39";"F";"270";"199";"218";"820";"0.087";"30.0";"110";"0.872";"144";"408";"0.647"
"2024-08-20 10:06:42.824";"2024-08-20";"10:06:42";"SLCE";"";"Light Curve end ";""
"2024-08-20 10:07:09.071";"2024-08-20";"10:07:09";"SLCS";"";"Light Curve start ";"ct251"
"2024-08-20 10:07:09.071";"2024-08-20";"10:07:09";"REG1";"";"#1: alpha: 0.276, ETRm: 33.061, Ik: 119.609   ( beta: 0.014, ETRmPot: 40.607 )   (Platt et al. 1980) ";""
"2024-08-20 10:07:09.071";"2024-08-20";"10:07:09";"REG2";"";"#1: alpha: 0.228, ETRm: 31.914, Ik: 140.094   (Jassby and Platt 1976) ";""
"2024-08-20 10:07:10.459";"2024-08-20";"10:07:10";"FO";"271";"175";"407";"0";"0.570";"0.0";"-";"-";"175";"407";"0.570"
"2024-08-20 10:07:40.444";"2024-08-20";"10:07:40";"F";"272";"186";"387";"65";"0.519";"14.2";"171";"0.052";"175";"407";"0.570"
"2024-08-20 10:08:10.432";"2024-08-20";"10:08:10";"F";"273";"194";"376";"90";"0.484";"18.3";"169";"0.082";"175";"407";"0.570"
"2024-08-20 10:08:40.427";"2024-08-20";"10:08:40";"F";"274";"208";"367";"125";"0.433";"22.7";"167";"0.109";"175";"407";"0.570"
"2024-08-20 10:09:10.415";"2024-08-20";"10:09:10";"F";"275";"228";"345";"190";"0.339";"27.1";"162";"0.180";"175";"407";"0.570"
"2024-08-20 10:09:40.404";"2024-08-20";"10:09:40";"F";"276";"243";"327";"285";"0.257";"30.8";"158";"0.245";"175";"407";"0.570"
"2024-08-20 10:10:10.383";"2024-08-20";"10:10:10";"F";"277";"252";"311";"420";"0.190";"33.5";"154";"0.309";"175";"407";"0.570"
"2024-08-20 10:10:40.375";"2024-08-20";"10:10:40";"F";"278";"261";"298";"625";"0.124";"32.6";"151";"0.366";"175";"407";"0.570"
"2024-08-20 10:11:10.365";"2024-08-20";"10:11:10";"F";"279";"262";"287";"820";"0.087";"30.0";"148";"0.418";"175";"407";"0.570"
"2024-08-20 10:11:14.040";"2024-08-20";"10:11:14";"SLCE";"";"Light Curve end ";""
"2024-08-20 10:11:41.470";"2024-08-20";"10:11:41";"SLCS";"";"Light Curve start ";"ct252"
"2024-08-20 10:11:41.470";"2024-08-20";"10:11:41";"REG1";"";"#1: alpha: - , ETRm: - , Ik: -   ( beta: - 0.008, ETRmPot: 16.346 )   (Platt et al. 1980) ";""
"2024-08-20 10:11:41.470";"2024-08-20";"10:11:41";"REG2";"";"#1: alpha: 0.116, ETRm: 21.861, Ik: 187.988   (Jassby and Platt 1976) ";""
"2024-08-20 10:11:42.858";"2024-08-20";"10:11:42";"FO";"280";"90";"204";"0";"0.559";"0.0";"-";"-";"90";"204";"0.559"
"2024-08-20 10:12:12.847";"2024-08-20";"10:12:12";"F";"281";"127";"190";"65";"0.332";"9.1";"87";"0.074";"90";"204";"0.559"
"2024-08-20 10:12:42.843";"2024-08-20";"10:12:42";"F";"282";"122";"171";"90";"0.287";"10.8";"83";"0.193";"90";"204";"0.559"
"2024-08-20 10:13:12.823";"2024-08-20";"10:13:12";"F";"283";"120";"159";"125";"0.245";"12.9";"80";"0.283";"90";"204";"0.559"
"2024-08-20 10:13:42.831";"2024-08-20";"10:13:42";"F";"284";"123";"154";"190";"0.201";"16.0";"79";"0.325";"90";"204";"0.559"
"2024-08-20 10:14:12.821";"2024-08-20";"10:14:12";"F";"285";"127";"148";"285";"0.142";"17.0";"77";"0.378";"90";"204";"0.559"
"2024-08-20 10:14:42.814";"2024-08-20";"10:14:42";"F";"286";"128";"146";"420";"0.123";"21.7";"77";"0.397";"90";"204";"0.559"
"2024-08-20 10:15:12.798";"2024-08-20";"10:15:12";"F";"287";"130";"141";"625";"0.078";"20.5";"75";"0.447";"90";"204";"0.559"
"2024-08-20 10:15:42.792";"2024-08-20";"10:15:42";"F";"288";"129";"139";"820";"0.072";"24.8";"75";"0.468";"90";"204";"0.559"
"2024-08-20 10:15:46.092";"2024-08-20";"10:15:46";"SLCE";"";"Light Curve end ";""
"2024-08-20 10:18:27.612";"2024-08-20";"10:18:27";"SLCS";"";"Light Curve start ";"ct261"
"2024-08-20 10:18:27.612";"2024-08-20";"10:18:27";"REG1";"";"#1: alpha: 0.273, ETRm: 30.633, Ik: 112.171   ( beta: 0.002, ETRmPot: 32.189 )   (Platt et al. 1980) ";""
"2024-08-20 10:18:27.612";"2024-08-20";"10:18:27";"REG2";"";"#1: alpha: 0.210, ETRm: 30.213, Ik: 143.775   (Jassby and Platt 1976) ";""
"2024-08-20 10:18:29.015";"2024-08-20";"10:18:29";"FO";"289";"183";"470";"0";"0.611";"0.0";"-";"-";"183";"470";"0.611"
"2024-08-20 10:18:59.002";"2024-08-20";"10:18:59";"F";"290";"205";"401";"65";"0.489";"13.3";"172";"0.172";"183";"470";"0.611"
"2024-08-20 10:19:28.982";"2024-08-20";"10:19:28";"F";"291";"210";"382";"90";"0.450";"17.0";"168";"0.230";"183";"470";"0.611"
"2024-08-20 10:19:58.971";"2024-08-20";"10:19:58";"F";"292";"218";"367";"125";"0.406";"21.3";"165";"0.281";"183";"470";"0.611"
"2024-08-20 10:20:28.959";"2024-08-20";"10:20:28";"F";"293";"238";"350";"190";"0.320";"25.5";"161";"0.343";"183";"470";"0.611"
"2024-08-20 10:20:58.953";"2024-08-20";"10:20:58";"F";"294";"253";"331";"285";"0.236";"28.2";"157";"0.420";"183";"470";"0.611"
"2024-08-20 10:21:28.935";"2024-08-20";"10:21:28";"F";"295";"261";"316";"420";"0.174";"30.7";"154";"0.487";"183";"470";"0.611"
"2024-08-20 10:21:58.930";"2024-08-20";"10:21:58";"F";"296";"268";"303";"625";"0.116";"30.5";"151";"0.551";"183";"470";"0.611"
"2024-08-20 10:22:28.920";"2024-08-20";"10:22:28";"F";"297";"269";"295";"820";"0.088";"30.3";"149";"0.593";"183";"470";"0.611"
"2024-08-20 10:22:32.851";"2024-08-20";"10:22:32";"SLCE";"";"Light Curve end ";""
"2024-08-20 10:23:00.567";"2024-08-20";"10:23:00";"SLCS";"";"Light Curve start ";"ct262"
"2024-08-20 10:23:00.567";"2024-08-20";"10:23:00";"REG1";"";"#1: alpha: 0.249, ETRm: 25.774, Ik: 103.446   ( beta: 0.003, ETRmPot: 27.683 )   (Platt et al. 1980) ";""
"2024-08-20 10:23:00.567";"2024-08-20";"10:23:00";"REG2";"";"#1: alpha: 0.192, ETRm: 25.378, Ik: 131.980   (Jassby and Platt 1976) ";""
"2024-08-20 10:23:01.973";"2024-08-20";"10:23:01";"FO";"298";"145";"349";"0";"0.585";"0.0";"-";"-";"145";"349";"0.585"
"2024-08-20 10:23:31.987";"2024-08-20";"10:23:31";"F";"299";"174";"296";"65";"0.412";"11.2";"135";"0.179";"145";"349";"0.585"
"2024-08-20 10:24:01.969";"2024-08-20";"10:24:01";"F";"300";"172";"282";"90";"0.390";"14.7";"132";"0.238";"145";"349";"0.585"
"2024-08-20 10:24:31.958";"2024-08-20";"10:24:31";"F";"301";"174";"273";"125";"0.363";"19.1";"130";"0.278";"145";"349";"0.585"
"2024-08-20 10:25:01.944";"2024-08-20";"10:25:01";"F";"302";"183";"258";"190";"0.291";"23.2";"126";"0.353";"145";"349";"0.585"
"2024-08-20 10:25:31.932";"2024-08-20";"10:25:31";"F";"303";"191";"241";"285";"0.207";"24.8";"122";"0.448";"145";"349";"0.585"
"2024-08-20 10:26:01.920";"2024-08-20";"10:26:01";"F";"304";"198";"230";"420";"0.139";"24.5";"119";"0.517";"145";"349";"0.585"
"2024-08-20 10:26:31.917";"2024-08-20";"10:26:31";"F";"305";"201";"223";"625";"0.099";"26.0";"117";"0.565";"145";"349";"0.585"
"2024-08-20 10:27:01.904";"2024-08-20";"10:27:01";"F";"306";"203";"219";"820";"0.073";"25.1";"116";"0.594";"145";"349";"0.585"
"2024-08-20 10:27:05.823";"2024-08-20";"10:27:05";"SLCE";"";"Light Curve end ";""
"2024-08-20 10:28:20.229";"2024-08-20";"10:28:20";"SLCS";"";"Light Curve start ";"ct263"
"2024-08-20 10:28:20.229";"2024-08-20";"10:28:20";"REG1";"";"#1: alpha: 0.211, ETRm: 28.564, Ik: 135.651   ( beta: 0.011, ETRmPot: 35.279 )   (Platt et al. 1980) ";""
"2024-08-20 10:28:20.229";"2024-08-20";"10:28:20";"REG2";"";"#1: alpha: 0.174, ETRm: 27.805, Ik: 160.222   (Jassby and Platt 1976) ";""
"2024-08-20 10:28:21.614";"2024-08-20";"10:28:21";"FO";"307";"130";"302";"0";"0.570";"0.0";"-";"-";"130";"302";"0.570"
"2024-08-20 10:28:51.604";"2024-08-20";"10:28:51";"F";"308";"154";"259";"65";"0.405";"11.1";"121";"0.166";"130";"302";"0.570"
"2024-08-20 10:29:21.597";"2024-08-20";"10:29:21";"F";"309";"153";"250";"90";"0.388";"14.7";"119";"0.208";"130";"302";"0.570"
"2024-08-20 10:29:51.581";"2024-08-20";"10:29:51";"F";"310";"157";"241";"125";"0.349";"18.3";"117";"0.253";"130";"302";"0.570"
"2024-08-20 10:30:21.571";"2024-08-20";"10:30:21";"F";"311";"165";"228";"190";"0.276";"22.0";"114";"0.325";"130";"302";"0.570"
"2024-08-20 10:30:51.562";"2024-08-20";"10:30:51";"F";"312";"171";"218";"285";"0.216";"25.9";"112";"0.385";"130";"302";"0.570"
"2024-08-20 10:31:21.552";"2024-08-20";"10:31:21";"F";"313";"176";"209";"420";"0.158";"27.9";"109";"0.445";"130";"302";"0.570"
"2024-08-20 10:31:51.540";"2024-08-20";"10:31:51";"F";"314";"180";"203";"625";"0.113";"29.7";"107";"0.488";"130";"302";"0.570"
"2024-08-20 10:32:21.527";"2024-08-20";"10:32:21";"F";"315";"182";"197";"820";"0.076";"26.2";"106";"0.533";"130";"302";"0.570"
"2024-08-20 10:32:25.189";"2024-08-20";"10:32:25";"SLCE";"";"Light Curve end ";""
"2024-08-20 10:37:35.055";"2024-08-20";"10:37:35";"SLCS";"";"Light Curve start ";"ct264"
"2024-08-20 10:37:35.055";"2024-08-20";"10:37:35";"REG1";"";"#1: alpha: - , ETRm: - , Ik: -   ( beta: - 0.004, ETRmPot: 30.767 )   (Platt et al. 1980) ";""
"2024-08-20 10:37:35.055";"2024-08-20";"10:37:35";"REG2";"";"#1: alpha: 0.202, ETRm: 32.679, Ik: 161.661   (Jassby and Platt 1976) ";""
"2024-08-20 10:37:36.444";"2024-08-20";"10:37:36";"FO";"325";"131";"354";"0";"0.630";"0.0";"-";"-";"131";"354";"0.630"
"2024-08-20 10:38:06.436";"2024-08-20";"10:38:06";"F";"326";"154";"286";"65";"0.462";"12.6";"120";"0.238";"131";"354";"0.630"
"2024-08-20 10:38:36.426";"2024-08-20";"10:38:36";"F";"327";"151";"270";"90";"0.441";"16.7";"117";"0.311";"131";"354";"0.630"
"2024-08-20 10:39:06.409";"2024-08-20";"10:39:06";"F";"328";"153";"262";"125";"0.416";"21.8";"116";"0.351";"131";"354";"0.630"
"2024-08-20 10:39:36.399";"2024-08-20";"10:39:36";"F";"329";"163";"245";"190";"0.335";"26.7";"112";"0.445";"131";"354";"0.630"
"2024-08-20 10:40:06.393";"2024-08-20";"10:40:06";"F";"330";"174";"232";"285";"0.250";"29.9";"110";"0.526";"131";"354";"0.630"
"2024-08-20 10:40:36.377";"2024-08-20";"10:40:36";"F";"331";"182";"220";"420";"0.173";"30.5";"107";"0.609";"131";"354";"0.630"
"2024-08-20 10:41:06.365";"2024-08-20";"10:41:06";"F";"332";"186";"213";"625";"0.127";"33.3";"105";"0.662";"131";"354";"0.630"
"2024-08-20 10:41:36.354";"2024-08-20";"10:41:36";"F";"333";"188";"209";"820";"0.100";"34.4";"104";"0.694";"131";"354";"0.630"
"2024-08-20 10:41:40.297";"2024-08-20";"10:41:40";"SLCE";"";"Light Curve end ";""
"2024-08-20 10:42:29.522";"2024-08-20";"10:42:29";"SLCS";"";"Light Curve start ";"ct257"
"2024-08-20 10:42:29.522";"2024-08-20";"10:42:29";"REG1";"";"#1: alpha: 0.280, ETRm: 40.781, Ik: 145.901   ( beta: 0.013, ETRmPot: 49.127 )   (Platt et al. 1980) ";""
"2024-08-20 10:42:29.522";"2024-08-20";"10:42:29";"REG2";"";"#1: alpha: 0.227, ETRm: 40.045, Ik: 176.298   (Jassby and Platt 1976) ";""
"2024-08-20 10:42:30.921";"2024-08-20";"10:42:30";"FO";"334";"125";"332";"0";"0.623";"0.0";"-";"-";"125";"332";"0.623"
"2024-08-20 10:43:00.912";"2024-08-20";"10:43:00";"F";"335";"143";"329";"65";"0.565";"15.4";"125";"0.009";"125";"332";"0.623"
"2024-08-20 10:43:30.919";"2024-08-20";"10:43:30";"F";"336";"150";"312";"90";"0.519";"19.6";"122";"0.064";"125";"332";"0.623"
"2024-08-20 10:44:00.902";"2024-08-20";"10:44:00";"F";"337";"152";"285";"125";"0.467";"24.5";"118";"0.165";"125";"332";"0.623"
"2024-08-20 10:44:30.892";"2024-08-20";"10:44:30";"F";"338";"157";"253";"190";"0.379";"30.2";"112";"0.312";"125";"332";"0.623"
"2024-08-20 10:45:00.885";"2024-08-20";"10:45:00";"F";"339";"162";"232";"285";"0.302";"36.1";"108";"0.431";"125";"332";"0.623"
"2024-08-20 10:45:30.874";"2024-08-20";"10:45:30";"F";"340";"166";"215";"420";"0.228";"40.2";"104";"0.544";"125";"332";"0.623"
"2024-08-20 10:46:00.860";"2024-08-20";"10:46:00";"F";"341";"170";"202";"625";"0.158";"41.5";"101";"0.644";"125";"332";"0.623"
"2024-08-20 10:46:30.845";"2024-08-20";"10:46:30";"F";"342";"172";"194";"820";"0.113";"38.9";"99";"0.711";"125";"332";"0.623"
"2024-08-20 10:46:34.205";"2024-08-20";"10:46:34";"SLCE";"";"Light Curve end ";""
"2024-08-20 10:47:42.167";"2024-08-20";"10:47:42";"SLCS";"";"Light Curve start ";"ct258"
"2024-08-20 10:47:42.167";"2024-08-20";"10:47:42";"REG1";"";"#1: alpha: 0.326, ETRm: 41.896, Ik: 128.338   ( beta: 0.017, ETRmPot: 51.507 )   (Platt et al. 1980) ";""
"2024-08-20 10:47:42.167";"2024-08-20";"10:47:42";"REG2";"";"#1: alpha: 0.266, ETRm: 40.797, Ik: 153.307   (Jassby and Platt 1976) ";""
"2024-08-20 10:47:43.555";"2024-08-20";"10:47:43";"FO";"343";"107";"289";"0";"0.630";"0.0";"-";"-";"107";"289";"0.630"
"2024-08-20 10:48:13.544";"2024-08-20";"10:48:13";"F";"344";"112";"265";"65";"0.577";"15.8";"104";"0.091";"107";"289";"0.630"
"2024-08-20 10:48:43.527";"2024-08-20";"10:48:43";"F";"345";"113";"256";"90";"0.559";"21.1";"102";"0.129";"107";"289";"0.630"
"2024-08-20 10:49:13.515";"2024-08-20";"10:49:13";"F";"346";"117";"247";"125";"0.526";"27.6";"101";"0.170";"107";"289";"0.630"
"2024-08-20 10:49:43.502";"2024-08-20";"10:49:43";"F";"347";"121";"214";"190";"0.435";"34.7";"95";"0.350";"107";"289";"0.630"
"2024-08-20 10:50:13.500";"2024-08-20";"10:50:13";"F";"348";"127";"191";"285";"0.335";"40.1";"90";"0.513";"107";"289";"0.630"
"2024-08-20 10:50:43.480";"2024-08-20";"10:50:43";"F";"349";"133";"173";"420";"0.231";"40.7";"86";"0.671";"107";"289";"0.630"
"2024-08-20 10:51:13.474";"2024-08-20";"10:51:13";"F";"350";"136";"161";"625";"0.155";"40.7";"83";"0.795";"107";"289";"0.630"
"2024-08-20 10:51:43.458";"2024-08-20";"10:51:43";"F";"351";"138";"156";"820";"0.115";"39.6";"81";"0.853";"107";"289";"0.630"
"2024-08-20 10:51:47.238";"2024-08-20";"10:51:47";"SLCE";"";"Light Curve end ";""
"2024-08-20 10:52:29.936";"2024-08-20";"10:52:29";"SLCS";"";"Light Curve start ";"ct259"
"2024-08-20 10:52:29.936";"2024-08-20";"10:52:29";"REG1";"";"#1: alpha: 0.207, ETRm: 47.818, Ik: 231.105   ( beta: 0.016, ETRmPot: 63.027 )   (Platt et al. 1980) ";""
"2024-08-20 10:52:29.936";"2024-08-20";"10:52:29";"REG2";"";"#1: alpha: 0.170, ETRm: 47.651, Ik: 280.132   (Jassby and Platt 1976) ";""
"2024-08-20 10:52:31.332";"2024-08-20";"10:52:31";"FO";"352";"103";"225";"0";"0.542";"0.0";"-";"-";"103";"225";"0.542"
"2024-08-20 10:53:01.314";"2024-08-20";"10:53:01";"F";"353";"109";"201";"65";"0.458";"12.5";"98";"0.119";"103";"225";"0.542"
"2024-08-20 10:53:31.329";"2024-08-20";"10:53:31";"F";"354";"112";"198";"90";"0.434";"16.4";"97";"0.136";"103";"225";"0.542"
"2024-08-20 10:54:01.309";"2024-08-20";"10:54:01";"F";"355";"116";"192";"125";"0.396";"20.8";"95";"0.172";"103";"225";"0.542"
"2024-08-20 10:54:31.299";"2024-08-20";"10:54:31";"F";"356";"119";"182";"190";"0.346";"27.6";"93";"0.236";"103";"225";"0.542"
"2024-08-20 10:55:01.285";"2024-08-20";"10:55:01";"F";"357";"122";"172";"285";"0.291";"34.8";"90";"0.308";"103";"225";"0.542"
"2024-08-20 10:55:31.278";"2024-08-20";"10:55:31";"F";"358";"125";"164";"420";"0.238";"42.0";"88";"0.372";"103";"225";"0.542"
"2024-08-20 10:56:01.265";"2024-08-20";"10:56:01";"F";"359";"129";"158";"625";"0.184";"48.3";"86";"0.424";"103";"225";"0.542"
"2024-08-20 10:56:31.253";"2024-08-20";"10:56:31";"F";"360";"132";"153";"820";"0.137";"47.2";"85";"0.471";"103";"225";"0.542"
"2024-08-20 10:56:34.879";"2024-08-20";"10:56:34";"SLCE";"";"Light Curve end ";""
"2024-08-20 10:57:37.853";"2024-08-20";"10:57:37";"SLCS";"";"Light Curve start ";"ct260"
"2024-08-20 10:57:37.853";"2024-08-20";"10:57:37";"REG1";"";"#1: alpha: 0.265, ETRm: 42.660, Ik: 160.721   ( beta: 0.028, ETRmPot: 60.380 )   (Platt et al. 1980) ";""
"2024-08-20 10:57:37.853";"2024-08-20";"10:57:37";"REG2";"";"#1: alpha: 0.225, ETRm: 41.566, Ik: 185.138   (Jassby and Platt 1976) ";""
"2024-08-20 10:57:39.255";"2024-08-20";"10:57:39";"FO";"361";"136";"334";"0";"0.593";"0.0";"-";"-";"136";"334";"0.593"
"2024-08-20 10:58:09.244";"2024-08-20";"10:58:09";"F";"362";"152";"311";"65";"0.511";"14.0";"132";"0.074";"136";"334";"0.593"
"2024-08-20 10:58:39.230";"2024-08-20";"10:58:39";"F";"363";"157";"311";"90";"0.495";"18.7";"132";"0.074";"136";"334";"0.593"
"2024-08-20 10:59:09.215";"2024-08-20";"10:59:09";"F";"364";"160";"308";"125";"0.481";"25.3";"131";"0.084";"136";"334";"0.593"
"2024-08-20 10:59:39.202";"2024-08-20";"10:59:39";"F";"365";"170";"282";"190";"0.397";"31.7";"127";"0.184";"136";"334";"0.593"
"2024-08-20 11:00:09.197";"2024-08-20";"11:00:09";"F";"366";"180";"261";"285";"0.310";"37.1";"122";"0.280";"136";"334";"0.593"
"2024-08-20 11:00:39.182";"2024-08-20";"11:00:39";"F";"367";"187";"243";"420";"0.230";"40.6";"118";"0.374";"136";"334";"0.593"
"2024-08-20 11:01:09.172";"2024-08-20";"11:01:09";"F";"368";"192";"231";"625";"0.169";"44.4";"115";"0.446";"136";"334";"0.593"
"2024-08-20 11:01:39.158";"2024-08-20";"11:01:39";"F";"369";"195";"220";"820";"0.114";"39.3";"112";"0.518";"136";"334";"0.593"
"2024-08-20 11:01:42.405";"2024-08-20";"11:01:42";"SLCE";"";"Light Curve end ";""
"2024-08-20 11:02:39.982";"2024-08-20";"11:02:39";"SLCS";"";"Light Curve start ";"ct269"
"2024-08-20 11:02:39.982";"2024-08-20";"11:02:39";"REG1";"";"#1: alpha: 0.219, ETRm: 34.432, Ik: 157.519   ( beta: 0.040, ETRmPot: 57.417 )   (Platt et al. 1980) ";""
"2024-08-20 11:02:39.982";"2024-08-20";"11:02:39";"REG2";"";"#1: alpha: 0.190, ETRm: 33.020, Ik: 173.767   (Jassby and Platt 1976) ";""
"2024-08-20 11:02:41.380";"2024-08-20";"11:02:41";"FO";"370";"114";"261";"0";"0.563";"0.0";"-";"-";"114";"261";"0.563"
"2024-08-20 11:03:11.376";"2024-08-20";"11:03:11";"F";"371";"128";"235";"65";"0.455";"12.4";"109";"0.111";"114";"261";"0.563"
"2024-08-20 11:03:41.382";"2024-08-20";"11:03:41";"F";"372";"129";"222";"90";"0.419";"15.8";"106";"0.176";"114";"261";"0.563"
"2024-08-20 11:04:11.366";"2024-08-20";"11:04:11";"F";"373";"129";"210";"125";"0.386";"20.3";"103";"0.243";"114";"261";"0.563"
"2024-08-20 11:04:41.362";"2024-08-20";"11:04:41";"F";"374";"133";"195";"190";"0.318";"25.4";"99";"0.338";"114";"261";"0.563"
"2024-08-20 11:05:11.348";"2024-08-20";"11:05:11";"F";"375";"137";"185";"285";"0.259";"31.0";"97";"0.411";"114";"261";"0.563"
"2024-08-20 11:05:41.337";"2024-08-20";"11:05:41";"F";"376";"141";"174";"420";"0.190";"33.5";"94";"0.500";"114";"261";"0.563"
"2024-08-20 11:06:11.326";"2024-08-20";"11:06:11";"F";"377";"144";"166";"625";"0.133";"34.9";"91";"0.572";"114";"261";"0.563"
"2024-08-20 11:06:41.315";"2024-08-20";"11:06:41";"F";"378";"146";"160";"820";"0.088";"30.3";"89";"0.631";"114";"261";"0.563"
"2024-08-20 11:06:44.565";"2024-08-20";"11:06:44";"SLCE";"";"Light Curve end ";""
"2024-08-20 11:07:23.331";"2024-08-20";"11:07:23";"SLCS";"";"Light Curve start ";"ct270"
"2024-08-20 11:07:23.331";"2024-08-20";"11:07:23";"REG1";"";"#1: alpha: 0.237, ETRm: 31.886, Ik: 134.814   ( beta: 0.005, ETRmPot: 35.306 )   (Platt et al. 1980) ";""
"2024-08-20 11:07:23.331";"2024-08-20";"11:07:23";"REG2";"";"#1: alpha: 0.187, ETRm: 31.406, Ik: 167.569   (Jassby and Platt 1976) ";""
"2024-08-20 11:07:24.723";"2024-08-20";"11:07:24";"FO";"379";"193";"465";"0";"0.585";"0.0";"-";"-";"193";"465";"0.585"
"2024-08-20 11:07:54.702";"2024-08-20";"11:07:54";"F";"380";"230";"406";"65";"0.433";"11.8";"182";"0.145";"193";"465";"0.585"
"2024-08-20 11:08:24.693";"2024-08-20";"11:08:24";"F";"381";"227";"393";"90";"0.422";"16.0";"179";"0.183";"193";"465";"0.585"
"2024-08-20 11:08:54.684";"2024-08-20";"11:08:54";"F";"382";"231";"375";"125";"0.384";"20.2";"176";"0.240";"193";"465";"0.585"
"2024-08-20 11:09:24.669";"2024-08-20";"11:09:24";"F";"383";"241";"350";"190";"0.311";"24.8";"170";"0.329";"193";"465";"0.585"
"2024-08-20 11:09:54.658";"2024-08-20";"11:09:54";"F";"384";"250";"328";"285";"0.238";"28.5";"164";"0.418";"193";"465";"0.585"
"2024-08-20 11:10:24.647";"2024-08-20";"11:10:24";"F";"385";"257";"312";"420";"0.176";"31.0";"160";"0.490";"193";"465";"0.585"
"2024-08-20 11:10:54.633";"2024-08-20";"11:10:54";"F";"386";"262";"299";"625";"0.124";"32.6";"157";"0.555";"193";"465";"0.585"
"2024-08-20 11:11:24.628";"2024-08-20";"11:11:24";"F";"387";"262";"288";"820";"0.090";"31.0";"154";"0.615";"193";"465";"0.585"
"2024-08-20 11:11:28.522";"2024-08-20";"11:11:28";"SLCE";"";"Light Curve end ";""
"2024-08-20 11:11:47.536";"2024-08-20";"11:11:47";"SLCS";"";"Light Curve start ";"ct271"
"2024-08-20 11:11:47.536";"2024-08-20";"11:11:47";"REG1";"";"#1: alpha: - , ETRm: - , Ik: -   ( beta: - 0.003, ETRmPot: 51.510 )   (Platt et al. 1980) ";""
"2024-08-20 11:11:47.536";"2024-08-20";"11:11:47";"REG2";"";"#1: alpha: 0.209, ETRm: 51.949, Ik: 248.744   (Jassby and Platt 1976) ";""
"2024-08-20 11:11:48.920";"2024-08-20";"11:11:48";"FO";"388";"100";"245";"0";"0.592";"0.0";"-";"-";"100";"245";"0.592"
"2024-08-20 11:12:18.917";"2024-08-20";"11:12:18";"F";"389";"115";"249";"65";"0.538";"14.7";"101";"- 0.016";"100";"245";"0.592"
"2024-08-20 11:12:48.898";"2024-08-20";"11:12:48";"F";"390";"118";"244";"90";"0.516";"19.5";"100";"0.004";"100";"245";"0.592"
"2024-08-20 11:13:18.912";"2024-08-20";"11:13:18";"F";"391";"123";"233";"125";"0.472";"24.8";"98";"0.052";"100";"245";"0.592"
"2024-08-20 11:13:48.900";"2024-08-20";"11:13:48";"F";"392";"129";"221";"190";"0.416";"33.2";"96";"0.109";"100";"245";"0.592"
"2024-08-20 11:14:18.888";"2024-08-20";"11:14:18";"F";"393";"136";"205";"285";"0.337";"40.3";"93";"0.195";"100";"245";"0.592"
"2024-08-20 11:14:48.876";"2024-08-20";"11:14:48";"F";"394";"143";"196";"420";"0.270";"47.6";"91";"0.250";"100";"245";"0.592"
"2024-08-20 11:15:18.866";"2024-08-20";"11:15:18";"F";"395";"150";"186";"625";"0.194";"50.9";"89";"0.317";"100";"245";"0.592"
"2024-08-20 11:15:48.854";"2024-08-20";"11:15:48";"F";"396";"152";"180";"820";"0.156";"53.7";"87";"0.361";"100";"245";"0.592"
"2024-08-20 11:15:52.464";"2024-08-20";"11:15:52";"SLCE";"";"Light Curve end ";""
"2024-08-20 11:17:09.415";"2024-08-20";"11:17:09";"SLCS";"";"Light Curve start ";"ct272"
"2024-08-20 11:17:09.415";"2024-08-20";"11:17:09";"REG1";"";"#1: alpha: 0.254, ETRm: 45.037, Ik: 177.338   ( beta: 0.027, ETRmPot: 63.670 )   (Platt et al. 1980) ";""
"2024-08-20 11:17:09.415";"2024-08-20";"11:17:09";"REG2";"";"#1: alpha: 0.213, ETRm: 44.342, Ik: 208.306   (Jassby and Platt 1976) ";""
"2024-08-20 11:17:10.816";"2024-08-20";"11:17:10";"FO";"397";"148";"338";"0";"0.562";"0.0";"-";"-";"148";"338";"0.562"
"2024-08-20 11:17:40.802";"2024-08-20";"11:17:40";"F";"398";"164";"316";"65";"0.481";"13.1";"144";"0.070";"148";"338";"0.562"
"2024-08-20 11:18:10.789";"2024-08-20";"11:18:10";"F";"399";"165";"318";"90";"0.481";"18.2";"144";"0.063";"148";"338";"0.562"
"2024-08-20 11:18:40.786";"2024-08-20";"11:18:40";"F";"400";"168";"314";"125";"0.465";"24.4";"143";"0.076";"148";"338";"0.562"
"2024-08-20 11:19:10.771";"2024-08-20";"11:19:10";"F";"401";"177";"294";"190";"0.398";"31.8";"139";"0.150";"148";"338";"0.562"
"2024-08-20 11:19:40.760";"2024-08-20";"11:19:40";"F";"402";"187";"276";"285";"0.322";"38.5";"135";"0.225";"148";"338";"0.562"
"2024-08-20 11:20:10.748";"2024-08-20";"11:20:10";"F";"403";"197";"260";"420";"0.242";"42.7";"131";"0.300";"148";"338";"0.562"
"2024-08-20 11:20:40.738";"2024-08-20";"11:20:40";"F";"404";"205";"248";"625";"0.173";"45.4";"128";"0.363";"148";"338";"0.562"
"2024-08-20 11:21:10.724";"2024-08-20";"11:21:10";"F";"405";"208";"238";"820";"0.126";"43.4";"125";"0.420";"148";"338";"0.562"
"2024-08-20 11:21:14.643";"2024-08-20";"11:21:14";"SLCE";"";"Light Curve end ";""
"2024-08-20 11:22:20.823";"2024-08-20";"11:22:20";"SLCS";"";"Light Curve start ";"ct265"
"2024-08-20 11:22:20.823";"2024-08-20";"11:22:20";"REG1";"";"#1: alpha: 0.262, ETRm: 40.020, Ik: 152.476   ( beta: 0.007, ETRmPot: 45.151 )   (Platt et al. 1980) ";""
"2024-08-20 11:22:20.823";"2024-08-20";"11:22:20";"REG2";"";"#1: alpha: 0.208, ETRm: 39.570, Ik: 189.999   (Jassby and Platt 1976) ";""
"2024-08-20 11:22:22.223";"2024-08-20";"11:22:22";"FO";"406";"78";"220";"0";"0.645";"0.0";"-";"-";"78";"220";"0.645"
"2024-08-20 11:22:52.202";"2024-08-20";"11:22:52";"F";"407";"89";"183";"65";"0.514";"14.0";"73";"0.202";"78";"220";"0.645"
"2024-08-20 11:23:22.214";"2024-08-20";"11:23:22";"F";"408";"89";"174";"90";"0.489";"18.5";"71";"0.264";"78";"220";"0.645"
"2024-08-20 11:23:52.201";"2024-08-20";"11:23:52";"F";"409";"93";"163";"125";"0.429";"22.5";"69";"0.350";"78";"220";"0.645"
"2024-08-20 11:24:22.195";"2024-08-20";"11:24:22";"F";"410";"96";"151";"190";"0.364";"29.0";"67";"0.457";"78";"220";"0.645"
"2024-08-20 11:24:52.177";"2024-08-20";"11:24:52";"F";"411";"99";"140";"285";"0.293";"35.1";"65";"0.571";"78";"220";"0.645"
"2024-08-20 11:25:22.173";"2024-08-20";"11:25:22";"F";"412";"102";"132";"420";"0.227";"40.0";"63";"0.667";"78";"220";"0.645"
"2024-08-20 11:25:52.153";"2024-08-20";"11:25:52";"F";"413";"105";"123";"625";"0.146";"38.3";"61";"0.789";"78";"220";"0.645"
"2024-08-20 11:26:22.150";"2024-08-20";"11:26:22";"F";"414";"106";"120";"820";"0.117";"40.3";"60";"0.833";"78";"220";"0.645"
"2024-08-20 11:26:25.838";"2024-08-20";"11:26:25";"SLCE";"";"Light Curve end ";""
"2024-08-20 11:27:34.355";"2024-08-20";"11:27:34";"SLCS";"";"Light Curve start ";"ct266"
"2024-08-20 11:27:34.355";"2024-08-20";"11:27:34";"REG1";"";"#1: alpha: 0.303, ETRm: 41.382, Ik: 136.508   ( beta: 0.004, ETRmPot: 44.098 )   (Platt et al. 1980) ";""
"2024-08-20 11:27:34.355";"2024-08-20";"11:27:34";"REG2";"";"#1: alpha: 0.237, ETRm: 40.812, Ik: 172.257   (Jassby and Platt 1976) ";""
"2024-08-20 11:27:35.755";"2024-08-20";"11:27:35";"FO";"415";"147";"384";"0";"0.617";"0.0";"-";"-";"147";"384";"0.617"
"2024-08-20 11:28:05.742";"2024-08-20";"11:28:05";"F";"416";"167";"365";"65";"0.542";"14.8";"144";"0.052";"147";"384";"0.617"
"2024-08-20 11:28:35.733";"2024-08-20";"11:28:35";"F";"417";"168";"358";"90";"0.531";"20.1";"143";"0.073";"147";"384";"0.617"
"2024-08-20 11:29:05.721";"2024-08-20";"11:29:05";"F";"418";"175";"340";"125";"0.485";"25.5";"140";"0.129";"147";"384";"0.617"
"2024-08-20 11:29:35.695";"2024-08-20";"11:29:35";"F";"419";"183";"310";"190";"0.410";"32.7";"135";"0.239";"147";"384";"0.617"
"2024-08-20 11:30:05.688";"2024-08-20";"11:30:05";"F";"420";"194";"279";"285";"0.305";"36.5";"128";"0.376";"147";"384";"0.617"
"2024-08-20 11:30:35.672";"2024-08-20";"11:30:35";"F";"421";"200";"259";"420";"0.228";"40.2";"124";"0.483";"147";"384";"0.617"
"2024-08-20 11:31:05.674";"2024-08-20";"11:31:05";"F";"422";"204";"242";"625";"0.157";"41.2";"120";"0.587";"147";"384";"0.617"
"2024-08-20 11:31:35.662";"2024-08-20";"11:31:35";"F";"423";"206";"234";"820";"0.120";"41.3";"118";"0.641";"147";"384";"0.617"
"2024-08-20 11:31:38.872";"2024-08-20";"11:31:38";"SLCE";"";"Light Curve end ";""
"2024-08-20 11:32:14.262";"2024-08-20";"11:32:14";"SLCS";"";"Light Curve start ";"ct267"
"2024-08-20 11:32:14.262";"2024-08-20";"11:32:14";"REG1";"";"#1: alpha: 0.218, ETRm: 40.452, Ik: 185.396   ( beta: 0.026, ETRmPot: 58.921 )   (Platt et al. 1980) ";""
"2024-08-20 11:32:14.262";"2024-08-20";"11:32:14";"REG2";"";"#1: alpha: 0.183, ETRm: 39.914, Ik: 218.046   (Jassby and Platt 1976) ";""
"2024-08-20 11:32:15.654";"2024-08-20";"11:32:15";"FO";"424";"107";"253";"0";"0.577";"0.0";"-";"-";"107";"253";"0.577"
"2024-08-20 11:32:45.646";"2024-08-20";"11:32:45";"F";"425";"123";"232";"65";"0.470";"12.8";"103";"0.091";"107";"253";"0.577"
"2024-08-20 11:33:15.648";"2024-08-20";"11:33:15";"F";"426";"125";"224";"90";"0.442";"16.7";"101";"0.129";"107";"253";"0.577"
"2024-08-20 11:33:45.636";"2024-08-20";"11:33:45";"F";"427";"129";"215";"125";"0.400";"21.0";"100";"0.177";"107";"253";"0.577"
"2024-08-20 11:34:15.633";"2024-08-20";"11:34:15";"F";"428";"134";"202";"190";"0.337";"26.9";"97";"0.252";"107";"253";"0.577"
"2024-08-20 11:34:45.622";"2024-08-20";"11:34:45";"F";"429";"139";"192";"285";"0.276";"33.0";"94";"0.318";"107";"253";"0.577"
"2024-08-20 11:35:15.602";"2024-08-20";"11:35:15";"F";"430";"143";"183";"420";"0.219";"38.6";"92";"0.383";"107";"253";"0.577"
"2024-08-20 11:35:45.590";"2024-08-20";"11:35:45";"F";"431";"148";"176";"625";"0.159";"41.7";"90";"0.438";"107";"253";"0.577"
"2024-08-20 11:36:15.581";"2024-08-20";"11:36:15";"F";"432";"151";"170";"820";"0.112";"38.6";"89";"0.488";"107";"253";"0.577"
"2024-08-20 11:36:19.123";"2024-08-20";"11:36:19";"SLCE";"";"Light Curve end ";""
"2024-08-20 11:37:07.223";"2024-08-20";"11:37:07";"SLCS";"";"Light Curve start ";"ct268"
"2024-08-20 11:37:07.223";"2024-08-20";"11:37:07";"REG1";"";"#1: alpha: 0.240, ETRm: 53.575, Ik: 222.803   ( beta: 0.035, ETRmPot: 82.948 )   (Platt et al. 1980) ";""
"2024-08-20 11:37:07.223";"2024-08-20";"11:37:07";"REG2";"";"#1: alpha: 0.202, ETRm: 53.431, Ik: 264.178   (Jassby and Platt 1976) ";""
"2024-08-20 11:37:08.629";"2024-08-20";"11:37:08";"FO";"433";"103";"252";"0";"0.591";"0.0";"-";"-";"103";"252";"0.591"
"2024-08-20 11:37:38.624";"2024-08-20";"11:37:38";"F";"434";"117";"227";"65";"0.485";"13.2";"99";"0.110";"103";"252";"0.591"
"2024-08-20 11:38:08.612";"2024-08-20";"11:38:08";"F";"435";"118";"228";"90";"0.482";"18.2";"99";"0.105";"103";"252";"0.591"
"2024-08-20 11:38:38.599";"2024-08-20";"11:38:38";"F";"436";"120";"225";"125";"0.467";"24.5";"98";"0.120";"103";"252";"0.591"
"2024-08-20 11:39:08.580";"2024-08-20";"11:39:08";"F";"437";"124";"210";"190";"0.410";"32.7";"95";"0.200";"103";"252";"0.591"
"2024-08-20 11:39:38.572";"2024-08-20";"11:39:38";"F";"438";"129";"197";"285";"0.345";"41.3";"92";"0.279";"103";"252";"0.591"
"2024-08-20 11:40:08.558";"2024-08-20";"11:40:08";"F";"439";"135";"186";"420";"0.274";"48.3";"90";"0.355";"103";"252";"0.591"
"2024-08-20 11:40:38.551";"2024-08-20";"11:40:38";"F";"440";"140";"176";"625";"0.205";"53.8";"88";"0.432";"103";"252";"0.591"
"2024-08-20 11:41:08.535";"2024-08-20";"11:41:08";"F";"441";"143";"169";"820";"0.154";"53.0";"86";"0.491";"103";"252";"0.591"
"2024-08-20 11:41:12.283";"2024-08-20";"11:41:12";"SLCE";"";"Light Curve end ";""
