"2025-01-27";"17:41:36";"WinControl (rev 1195) report file"
"Datetime";"Date";"Time";"Type";"No.";"1:F";"1:Fm'";"1:PAR";"1:Y (II)";"1:ETR";"1:Fo'";"1:NPQ";"1:Fo";"1:Fm";"1:Fv/Fm"
"";"";"";"D";"";"Device Nr: #1, JUNIOR-PAM-III (CFMG1014B) ";""
"2025-01-27 13:57:13.609";"2025-01-27";"13:57:13";"SLCS";"";"Light Curve start ";"h107"
"2025-01-27 13:57:13.609";"2025-01-27";"13:57:13";"REG1";"";"#1: Error: First 3 ETR-Values are not increasing ";""
"2025-01-27 13:57:13.609";"2025-01-27";"13:57:13";"REG2";"";"#1: Error: First 3 ETR-Values are not increasing ";""
"2025-01-27 13:57:15.007";"2025-01-27";"13:57:15";"FO";"1";"266";"738";"0";"0.640";"0.0";"-";"-";"266";"738";"0.640"
"2025-01-27 13:57:44.996";"2025-01-27";"13:57:44";"F";"2";"322";"464";"65";"0.306";"8.4";"219";"0.591";"266";"738";"0.640"
"2025-01-27 13:58:14.984";"2025-01-27";"13:58:14";"F";"3";"336";"409";"90";"0.178";"6.7";"206";"0.804";"266";"738";"0.640"
"2025-01-27 13:58:44.975";"2025-01-27";"13:58:44";"F";"4";"344";"384";"125";"0.104";"5.5";"200";"0.922";"266";"738";"0.640"
"2025-01-27 13:59:14.958";"2025-01-27";"13:59:14";"F";"5";"351";"375";"190";"0.064";"5.1";"197";"0.968";"266";"738";"0.640"
"2025-01-27 13:59:44.954";"2025-01-27";"13:59:44";"F";"6";"353";"369";"285";"0.043";"5.1";"196";"1.000";"266";"738";"0.640"
"2025-01-27 14:00:14.965";"2025-01-27";"14:00:14";"F";"7";"354";"366";"420";"0.033";"5.8";"195";"1.016";"266";"738";"0.640"
"2025-01-27 14:00:44.947";"2025-01-27";"14:00:44";"F";"8";"354";"364";"625";"0.027";"7.1";"194";"1.027";"266";"738";"0.640"
"2025-01-27 14:01:14.937";"2025-01-27";"14:01:14";"F";"9";"352";"355";"820";"0.008";"2.8";"192";"1.079";"266";"738";"0.640"
"2025-01-27 14:01:18.292";"2025-01-27";"14:01:18";"SLCE";"";"Light Curve end ";""
"2025-01-27 14:01:50.893";"2025-01-27";"14:01:50";"SLCS";"";"Light Curve start ";"h107"
"2025-01-27 14:01:50.893";"2025-01-27";"14:01:50";"REG1";"";"#1: alpha: - , ETRm: - , Ik: -   ( beta: - 0.003, ETRmPot: 7.617 )   (Platt et al. 1980) ";""
"2025-01-27 14:01:50.893";"2025-01-27";"14:01:50";"REG2";"";"#1: alpha: 0.250, ETRm: 8.351, Ik: 33.464   (Jassby and Platt 1976) ";""
"2025-01-27 14:01:52.288";"2025-01-27";"14:01:52";"FO";"10";"142";"363";"0";"0.609";"0.0";"-";"-";"142";"363";"0.609"
"2025-01-27 14:02:22.274";"2025-01-27";"14:02:22";"F";"11";"166";"341";"25";"0.513";"5.4";"139";"0.065";"142";"363";"0.609"
"2025-01-27 14:02:52.263";"2025-01-27";"14:02:52";"F";"12";"171";"280";"45";"0.389";"7.4";"127";"0.296";"142";"363";"0.609"
"2025-01-27 14:03:22.252";"2025-01-27";"14:03:22";"F";"13";"176";"246";"65";"0.285";"7.8";"120";"0.476";"142";"363";"0.609"
"2025-01-27 14:03:52.247";"2025-01-27";"14:03:52";"F";"14";"179";"222";"90";"0.194";"7.3";"114";"0.635";"142";"363";"0.609"
"2025-01-27 14:04:22.230";"2025-01-27";"14:04:22";"F";"15";"181";"213";"125";"0.150";"7.9";"111";"0.704";"142";"363";"0.609"
"2025-01-27 14:04:52.220";"2025-01-27";"14:04:52";"F";"16";"183";"205";"190";"0.107";"8.5";"109";"0.771";"142";"363";"0.609"
"2025-01-27 14:05:22.215";"2025-01-27";"14:05:22";"F";"17";"186";"201";"285";"0.075";"9.0";"108";"0.806";"142";"363";"0.609"
"2025-01-27 14:05:52.205";"2025-01-27";"14:05:52";"F";"18";"188";"198";"420";"0.051";"9.0";"107";"0.833";"142";"363";"0.609"
"2025-01-27 14:05:55.576";"2025-01-27";"14:05:55";"SLCE";"";"Light Curve end ";""
"2025-01-27 14:06:28.023";"2025-01-27";"14:06:28";"SLCS";"";"Light Curve start ";"u107"
"2025-01-27 14:06:28.023";"2025-01-27";"14:06:28";"REG1";"";"#1: alpha: - , ETRm: - , Ik: -   ( beta: - 0.003, ETRmPot: 9.817 )   (Platt et al. 1980) ";""
"2025-01-27 14:06:28.023";"2025-01-27";"14:06:28";"REG2";"";"#1: alpha: 0.187, ETRm: 10.646, Ik: 56.930   (Jassby and Platt 1976) ";""
"2025-01-27 14:06:29.423";"2025-01-27";"14:06:29";"FO";"19";"549";"2535";"0";"0.783";"0.0";"-";"-";"549";"2535";"0.783"
"2025-01-27 14:06:59.405";"2025-01-27";"14:06:59";"F";"20";"1166";"2248";"25";"0.481";"5.1";"534";"0.128";"549";"2535";"0.783"
"2025-01-27 14:07:29.395";"2025-01-27";"14:07:29";"F";"21";"1346";"2165";"45";"0.378";"7.1";"529";"0.171";"549";"2535";"0.783"
"2025-01-27 14:07:59.384";"2025-01-27";"14:07:59";"F";"22";"1477";"2141";"65";"0.310";"8.5";"528";"0.184";"549";"2535";"0.783"
"2025-01-27 14:08:29.372";"2025-01-27";"14:08:29";"F";"23";"1606";"2120";"90";"0.242";"9.1";"527";"0.196";"549";"2535";"0.783"
"2025-01-27 14:08:59.371";"2025-01-27";"14:08:59";"F";"24";"1664";"2047";"125";"0.187";"9.8";"522";"0.238";"549";"2535";"0.783"
"2025-01-27 14:09:29.358";"2025-01-27";"14:09:29";"F";"25";"1678";"1937";"190";"0.134";"10.7";"515";"0.309";"549";"2535";"0.783"
"2025-01-27 14:09:59.362";"2025-01-27";"14:09:59";"F";"26";"1633";"1797";"285";"0.091";"10.9";"504";"0.411";"549";"2535";"0.783"
"2025-01-27 14:10:29.350";"2025-01-27";"14:10:29";"F";"27";"1542";"1647";"420";"0.064";"11.3";"492";"0.539";"549";"2535";"0.783"
"2025-01-27 14:10:33.071";"2025-01-27";"14:10:33";"SLCE";"";"Light Curve end ";""
"2025-01-27 14:11:21.273";"2025-01-27";"14:11:21";"SLCS";"";"Light Curve start ";"h108"
"2025-01-27 14:11:21.273";"2025-01-27";"14:11:21";"REG1";"";"#1: alpha: - , ETRm: - , Ik: -   ( beta: - 0.003, ETRmPot: 7.647 )   (Platt et al. 1980) ";""
"2025-01-27 14:11:21.273";"2025-01-27";"14:11:21";"REG2";"";"#1: alpha: 0.160, ETRm: 8.516, Ik: 53.336   (Jassby and Platt 1976) ";""
"2025-01-27 14:11:22.680";"2025-01-27";"14:11:22";"FO";"28";"260";"639";"0";"0.593";"0.0";"-";"-";"260";"639";"0.593"
"2025-01-27 14:11:52.676";"2025-01-27";"14:11:52";"F";"29";"323";"555";"25";"0.418";"4.4";"245";"0.151";"260";"639";"0.593"
"2025-01-27 14:12:22.646";"2025-01-27";"14:12:22";"F";"30";"337";"497";"45";"0.322";"6.1";"233";"0.286";"260";"639";"0.593"
"2025-01-27 14:12:52.651";"2025-01-27";"14:12:52";"F";"31";"344";"456";"65";"0.246";"6.7";"224";"0.401";"260";"639";"0.593"
"2025-01-27 14:13:22.636";"2025-01-27";"14:13:22";"F";"32";"349";"431";"90";"0.190";"7.2";"217";"0.483";"260";"639";"0.593"
"2025-01-27 14:13:52.626";"2025-01-27";"14:13:52";"F";"33";"353";"415";"125";"0.149";"7.8";"213";"0.540";"260";"639";"0.593"
"2025-01-27 14:14:22.619";"2025-01-27";"14:14:22";"F";"34";"358";"404";"190";"0.114";"9.1";"210";"0.582";"260";"639";"0.593"
"2025-01-27 14:14:52.609";"2025-01-27";"14:14:52";"F";"35";"362";"389";"285";"0.069";"8.3";"206";"0.643";"260";"639";"0.593"
"2025-01-27 14:15:22.597";"2025-01-27";"14:15:22";"F";"36";"360";"380";"420";"0.053";"9.3";"204";"0.682";"260";"639";"0.593"
"2025-01-27 14:15:25.078";"2025-01-27";"14:15:25";"SLCE";"";"Light Curve end ";""
"2025-01-27 14:16:09.798";"2025-01-27";"14:16:09";"SLCS";"";"Light Curve start ";"u108"
"2025-01-27 14:16:09.798";"2025-01-27";"14:16:09";"REG1";"";"#1: alpha: - , ETRm: - , Ik: -   ( beta: - 0.001, ETRmPot: 10.141 )   (Platt et al. 1980) ";""
"2025-01-27 14:16:09.798";"2025-01-27";"14:16:09";"REG2";"";"#1: alpha: 0.167, ETRm: 10.244, Ik: 61.436   (Jassby and Platt 1976) ";""
"2025-01-27 14:16:11.186";"2025-01-27";"14:16:11";"FO";"37";"597";"2479";"0";"0.759";"0.0";"-";"-";"597";"2479";"0.759"
"2025-01-27 14:16:41.170";"2025-01-27";"14:16:41";"F";"38";"1127";"2012";"25";"0.440";"4.6";"565";"0.232";"597";"2479";"0.759"
"2025-01-27 14:17:11.161";"2025-01-27";"14:17:11";"F";"39";"1239";"1881";"45";"0.341";"6.4";"555";"0.318";"597";"2479";"0.759"
"2025-01-27 14:17:41.151";"2025-01-27";"14:17:41";"F";"40";"1329";"1866";"65";"0.288";"7.9";"553";"0.329";"597";"2479";"0.759"
"2025-01-27 14:18:11.143";"2025-01-27";"14:18:11";"F";"41";"1454";"1897";"90";"0.234";"8.8";"556";"0.307";"597";"2479";"0.759"
"2025-01-27 14:18:41.135";"2025-01-27";"14:18:41";"F";"42";"1558";"1903";"125";"0.181";"9.5";"556";"0.303";"597";"2479";"0.759"
"2025-01-27 14:19:11.122";"2025-01-27";"14:19:11";"F";"43";"1621";"1859";"190";"0.128";"10.2";"553";"0.334";"597";"2479";"0.759"
"2025-01-27 14:19:41.113";"2025-01-27";"14:19:41";"F";"44";"1610";"1768";"285";"0.089";"10.7";"544";"0.402";"597";"2479";"0.759"
"2025-01-27 14:20:11.120";"2025-01-27";"14:20:11";"F";"45";"1538";"1634";"420";"0.059";"10.4";"531";"0.517";"597";"2479";"0.759"
"2025-01-27 14:20:14.976";"2025-01-27";"14:20:14";"SLCE";"";"Light Curve end ";""
"2025-01-27 14:21:01.623";"2025-01-27";"14:21:01";"SLCS";"";"Light Curve start ";"h105"
"2025-01-27 14:21:01.623";"2025-01-27";"14:21:01";"REG1";"";"#1: alpha: - , ETRm: - , Ik: -   ( beta: - 0.003, ETRmPot: 9.347 )   (Platt et al. 1980) ";""
"2025-01-27 14:21:01.623";"2025-01-27";"14:21:01";"REG2";"";"#1: alpha: 0.278, ETRm: 9.910, Ik: 35.676   (Jassby and Platt 1976) ";""
"2025-01-27 14:21:03.012";"2025-01-27";"14:21:03";"FO";"46";"212";"601";"0";"0.647";"0.0";"-";"-";"212";"601";"0.647"
"2025-01-27 14:21:33.004";"2025-01-27";"14:21:33";"F";"47";"237";"528";"25";"0.551";"5.8";"202";"0.138";"212";"601";"0.647"
"2025-01-27 14:22:02.991";"2025-01-27";"14:22:02";"F";"48";"243";"446";"45";"0.455";"8.6";"189";"0.348";"212";"601";"0.647"
"2025-01-27 14:22:32.981";"2025-01-27";"14:22:32";"F";"49";"242";"375";"65";"0.355";"9.7";"175";"0.603";"212";"601";"0.647"
"2025-01-27 14:23:02.975";"2025-01-27";"14:23:02";"F";"50";"243";"324";"90";"0.250";"9.5";"163";"0.855";"212";"601";"0.647"
"2025-01-27 14:23:32.959";"2025-01-27";"14:23:32";"F";"51";"245";"299";"125";"0.181";"9.5";"156";"1.010";"212";"601";"0.647"
"2025-01-27 14:24:02.956";"2025-01-27";"14:24:02";"F";"52";"250";"283";"190";"0.117";"9.3";"152";"1.124";"212";"601";"0.647"
"2025-01-27 14:24:32.944";"2025-01-27";"14:24:32";"F";"53";"254";"277";"285";"0.083";"9.9";"150";"1.170";"212";"601";"0.647"
"2025-01-27 14:25:02.932";"2025-01-27";"14:25:02";"F";"54";"257";"274";"420";"0.062";"10.9";"149";"1.193";"212";"601";"0.647"
"2025-01-27 14:25:06.762";"2025-01-27";"14:25:06";"SLCE";"";"Light Curve end ";""
"2025-01-27 14:25:41.331";"2025-01-27";"14:25:41";"SLCS";"";"Light Curve start ";"u105"
"2025-01-27 14:25:41.331";"2025-01-27";"14:25:41";"REG1";"";"#1: alpha: - , ETRm: - , Ik: -   ( beta: 0.000, ETRmPot: 8.447 )   (Platt et al. 1980) ";""
"2025-01-27 14:25:41.331";"2025-01-27";"14:25:41";"REG2";"";"#1: alpha: 0.207, ETRm: 8.363, Ik: 40.480   (Jassby and Platt 1976) ";""
"2025-01-27 14:25:42.720";"2025-01-27";"14:25:42";"FO";"55";"664";"2599";"0";"0.745";"0.0";"-";"-";"664";"2599";"0.745"
"2025-01-27 14:26:12.711";"2025-01-27";"14:26:12";"F";"56";"1216";"2245";"25";"0.458";"4.8";"638";"0.158";"664";"2599";"0.745"
"2025-01-27 14:26:42.694";"2025-01-27";"14:26:42";"F";"57";"1383";"2153";"45";"0.358";"6.8";"631";"0.207";"664";"2599";"0.745"
"2025-01-27 14:27:12.689";"2025-01-27";"14:27:12";"F";"58";"1514";"2074";"65";"0.270";"7.4";"624";"0.253";"664";"2599";"0.745"
"2025-01-27 14:27:42.679";"2025-01-27";"14:27:42";"F";"59";"1557";"1963";"90";"0.207";"7.8";"613";"0.324";"664";"2599";"0.745"
"2025-01-27 14:28:12.670";"2025-01-27";"14:28:12";"F";"60";"1555";"1845";"125";"0.157";"8.2";"601";"0.409";"664";"2599";"0.745"
"2025-01-27 14:28:42.657";"2025-01-27";"14:28:42";"F";"61";"1543";"1732";"190";"0.109";"8.7";"589";"0.501";"664";"2599";"0.745"
"2025-01-27 14:29:12.643";"2025-01-27";"14:29:12";"F";"62";"1503";"1621";"285";"0.073";"8.7";"575";"0.603";"664";"2599";"0.745"
"2025-01-27 14:29:42.629";"2025-01-27";"14:29:42";"F";"63";"1440";"1511";"420";"0.047";"8.3";"561";"0.720";"664";"2599";"0.745"
"2025-01-27 14:29:45.883";"2025-01-27";"14:29:45";"SLCE";"";"Light Curve end ";""
"2025-01-27 14:30:10.153";"2025-01-27";"14:30:10";"SLCS";"";"Light Curve start ";"h106"
"2025-01-27 14:30:10.153";"2025-01-27";"14:30:10";"REG1";"";"#1: alpha: - , ETRm: - , Ik: -   ( beta: - 0.001, ETRmPot: 8.844 )   (Platt et al. 1980) ";""
"2025-01-27 14:30:10.153";"2025-01-27";"14:30:10";"REG2";"";"#1: alpha: 0.244, ETRm: 8.997, Ik: 36.941   (Jassby and Platt 1976) ";""
"2025-01-27 14:30:11.540";"2025-01-27";"14:30:11";"FO";"64";"169";"462";"0";"0.634";"0.0";"-";"-";"169";"462";"0.634"
"2025-01-27 14:30:41.537";"2025-01-27";"14:30:41";"F";"65";"191";"397";"25";"0.519";"5.4";"159";"0.164";"169";"462";"0.634"
"2025-01-27 14:31:11.516";"2025-01-27";"14:31:11";"F";"66";"194";"329";"45";"0.410";"7.7";"147";"0.404";"169";"462";"0.634"
"2025-01-27 14:31:41.504";"2025-01-27";"14:31:41";"F";"67";"195";"280";"65";"0.304";"8.3";"137";"0.650";"169";"462";"0.634"
"2025-01-27 14:32:11.495";"2025-01-27";"14:32:11";"F";"68";"197";"251";"90";"0.215";"8.1";"129";"0.841";"169";"462";"0.634"
"2025-01-27 14:32:41.486";"2025-01-27";"14:32:41";"F";"69";"200";"239";"125";"0.163";"8.6";"126";"0.933";"169";"462";"0.634"
"2025-01-27 14:33:11.480";"2025-01-27";"14:33:11";"F";"70";"204";"230";"190";"0.113";"9.0";"123";"1.009";"169";"462";"0.634"
"2025-01-27 14:33:41.469";"2025-01-27";"14:33:41";"F";"71";"208";"228";"285";"0.088";"10.5";"123";"1.026";"169";"462";"0.634"
"2025-01-27 14:34:11.451";"2025-01-27";"14:34:11";"F";"72";"212";"223";"420";"0.049";"8.6";"121";"1.072";"169";"462";"0.634"
"2025-01-27 14:34:15.010";"2025-01-27";"14:34:15";"SLCE";"";"Light Curve end ";""
"2025-01-27 14:34:40.318";"2025-01-27";"14:34:40";"SLCS";"";"Light Curve start ";"u106"
"2025-01-27 14:34:40.318";"2025-01-27";"14:34:40";"REG1";"";"#1: alpha: 0.278, ETRm: 13.268, Ik: 47.702   ( beta: 0.000, ETRmPot: 13.430 )   (Platt et al. 1980) ";""
"2025-01-27 14:34:40.318";"2025-01-27";"14:34:40";"REG2";"";"#1: alpha: 0.208, ETRm: 13.062, Ik: 62.771   (Jassby and Platt 1976) ";""
"2025-01-27 14:34:41.718";"2025-01-27";"14:34:41";"FO";"73";"497";"2290";"0";"0.783";"0.0";"-";"-";"497";"2290";"0.783"
"2025-01-27 14:35:11.702";"2025-01-27";"14:35:11";"F";"74";"997";"2086";"25";"0.522";"5.5";"487";"0.098";"497";"2290";"0.783"
"2025-01-27 14:35:41.697";"2025-01-27";"14:35:41";"F";"75";"1132";"2018";"45";"0.439";"8.3";"483";"0.135";"497";"2290";"0.783"
"2025-01-27 14:36:11.679";"2025-01-27";"14:36:11";"F";"76";"1230";"1935";"65";"0.364";"9.9";"478";"0.183";"497";"2290";"0.783"
"2025-01-27 14:36:41.669";"2025-01-27";"14:36:41";"F";"77";"1278";"1811";"90";"0.294";"11.1";"470";"0.264";"497";"2290";"0.783"
"2025-01-27 14:37:11.664";"2025-01-27";"14:37:11";"F";"78";"1289";"1681";"125";"0.233";"12.2";"461";"0.362";"497";"2290";"0.783"
"2025-01-27 14:37:41.651";"2025-01-27";"14:37:41";"F";"79";"1296";"1552";"190";"0.165";"13.2";"451";"0.476";"497";"2290";"0.783"
"2025-01-27 14:38:11.642";"2025-01-27";"14:38:11";"F";"80";"1270";"1432";"285";"0.113";"13.5";"440";"0.599";"497";"2290";"0.783"
"2025-01-27 14:38:41.625";"2025-01-27";"14:38:41";"F";"81";"1220";"1317";"420";"0.074";"13.1";"428";"0.739";"497";"2290";"0.783"
"2025-01-27 14:38:45.021";"2025-01-27";"14:38:45";"SLCE";"";"Light Curve end ";""
"2025-01-27 14:39:09.494";"2025-01-27";"14:39:09";"SLCS";"";"Light Curve start ";"h111"
"2025-01-27 14:39:09.494";"2025-01-27";"14:39:09";"REG1";"";"#1: alpha: - , ETRm: - , Ik: -   ( beta: - 0.003, ETRmPot: 8.248 )   (Platt et al. 1980) ";""
"2025-01-27 14:39:09.494";"2025-01-27";"14:39:09";"REG2";"";"#1: alpha: 0.240, ETRm: 8.805, Ik: 36.692   (Jassby and Platt 1976) ";""
"2025-01-27 14:39:10.893";"2025-01-27";"14:39:10";"FO";"82";"228";"619";"0";"0.632";"0.0";"-";"-";"228";"619";"0.632"
"2025-01-27 14:39:40.874";"2025-01-27";"14:39:40";"F";"83";"270";"567";"25";"0.524";"5.5";"221";"0.092";"228";"619";"0.632"
"2025-01-27 14:40:10.890";"2025-01-27";"14:40:10";"F";"84";"278";"460";"45";"0.396";"7.5";"202";"0.346";"228";"619";"0.632"
"2025-01-27 14:40:40.876";"2025-01-27";"14:40:40";"F";"85";"282";"393";"65";"0.282";"7.7";"188";"0.575";"228";"619";"0.632"
"2025-01-27 14:41:10.869";"2025-01-27";"14:41:10";"F";"86";"285";"364";"90";"0.217";"8.2";"181";"0.701";"228";"619";"0.632"
"2025-01-27 14:41:40.851";"2025-01-27";"14:41:40";"F";"87";"289";"344";"125";"0.160";"8.4";"176";"0.799";"228";"619";"0.632"
"2025-01-27 14:42:10.845";"2025-01-27";"14:42:10";"F";"88";"294";"332";"190";"0.114";"9.1";"173";"0.864";"228";"619";"0.632"
"2025-01-27 14:42:40.835";"2025-01-27";"14:42:40";"F";"89";"299";"324";"285";"0.077";"9.2";"171";"0.910";"228";"619";"0.632"
"2025-01-27 14:43:10.821";"2025-01-27";"14:43:10";"F";"90";"301";"318";"420";"0.053";"9.3";"169";"0.947";"228";"619";"0.632"
"2025-01-27 14:43:14.105";"2025-01-27";"14:43:14";"SLCE";"";"Light Curve end ";""
"2025-01-27 14:43:58.148";"2025-01-27";"14:43:58";"SLCS";"";"Light Curve start ";"u111"
"2025-01-27 14:43:58.148";"2025-01-27";"14:43:58";"REG1";"";"#1: alpha: 0.279, ETRm: 10.267, Ik: 36.772   ( beta: 0.000, ETRmPot: 10.334 )   (Platt et al. 1980) ";""
"2025-01-27 14:43:58.148";"2025-01-27";"14:43:58";"REG2";"";"#1: alpha: 0.206, ETRm: 10.128, Ik: 49.194   (Jassby and Platt 1976) ";""
"2025-01-27 14:43:59.543";"2025-01-27";"14:43:59";"FO";"91";"597";"2514";"0";"0.763";"0.0";"-";"-";"597";"2514";"0.763"
"2025-01-27 14:44:29.527";"2025-01-27";"14:44:29";"F";"92";"1206";"2333";"25";"0.483";"5.1";"586";"0.078";"597";"2514";"0.763"
"2025-01-27 14:44:59.523";"2025-01-27";"14:44:59";"F";"93";"1366";"2239";"45";"0.390";"7.4";"580";"0.123";"597";"2514";"0.763"
"2025-01-27 14:45:29.505";"2025-01-27";"14:45:29";"F";"94";"1412";"2052";"65";"0.312";"8.5";"567";"0.225";"597";"2514";"0.763"
"2025-01-27 14:45:59.494";"2025-01-27";"14:45:59";"F";"95";"1396";"1846";"90";"0.244";"9.2";"550";"0.362";"597";"2514";"0.763"
"2025-01-27 14:46:29.482";"2025-01-27";"14:46:29";"F";"96";"1372";"1690";"125";"0.188";"9.9";"535";"0.488";"597";"2514";"0.763"
"2025-01-27 14:46:59.470";"2025-01-27";"14:46:59";"F";"97";"1361";"1563";"190";"0.129";"10.3";"522";"0.608";"597";"2514";"0.763"
"2025-01-27 14:47:29.469";"2025-01-27";"14:47:29";"F";"98";"1330";"1459";"285";"0.088";"10.5";"510";"0.723";"597";"2514";"0.763"
"2025-01-27 14:47:59.456";"2025-01-27";"14:47:59";"F";"99";"1280";"1357";"420";"0.057";"10.1";"496";"0.853";"597";"2514";"0.763"
"2025-01-27 14:48:03.253";"2025-01-27";"14:48:03";"SLCE";"";"Light Curve end ";""
"2025-01-27 14:48:28.136";"2025-01-27";"14:48:28";"SLCS";"";"Light Curve start ";"h112"
"2025-01-27 14:48:28.136";"2025-01-27";"14:48:28";"REG1";"";"#1: alpha: 0.413, ETRm: 9.554, Ik: 23.126   ( beta: 0.003, ETRmPot: 9.964 )   (Platt et al. 1980) ";""
"2025-01-27 14:48:28.136";"2025-01-27";"14:48:28";"REG2";"";"#1: alpha: 0.308, ETRm: 9.302, Ik: 30.180   (Jassby and Platt 1976) ";""
"2025-01-27 14:48:29.547";"2025-01-27";"14:48:29";"FO";"100";"229";"630";"0";"0.637";"0.0";"-";"-";"229";"630";"0.637"
"2025-01-27 14:48:59.534";"2025-01-27";"14:48:59";"F";"101";"257";"611";"25";"0.579";"6.1";"226";"0.031";"229";"630";"0.637"
"2025-01-27 14:49:29.524";"2025-01-27";"14:49:29";"F";"102";"267";"494";"45";"0.460";"8.7";"208";"0.275";"229";"630";"0.637"
"2025-01-27 14:49:59.535";"2025-01-27";"14:49:59";"F";"103";"269";"405";"65";"0.336";"9.2";"191";"0.556";"229";"630";"0.637"
"2025-01-27 14:50:29.518";"2025-01-27";"14:50:29";"F";"104";"273";"362";"90";"0.246";"9.3";"180";"0.740";"229";"630";"0.637"
"2025-01-27 14:50:59.510";"2025-01-27";"14:50:59";"F";"105";"277";"337";"125";"0.178";"9.3";"174";"0.869";"229";"630";"0.637"
"2025-01-27 14:51:29.494";"2025-01-27";"14:51:29";"F";"106";"284";"322";"190";"0.118";"9.4";"170";"0.957";"229";"630";"0.637"
"2025-01-27 14:51:59.492";"2025-01-27";"14:51:59";"F";"107";"289";"314";"285";"0.080";"9.6";"168";"1.006";"229";"630";"0.637"
"2025-01-27 14:52:29.480";"2025-01-27";"14:52:29";"F";"108";"294";"309";"420";"0.049";"8.6";"166";"1.039";"229";"630";"0.637"
"2025-01-27 14:52:33.260";"2025-01-27";"14:52:33";"SLCE";"";"Light Curve end ";""
"2025-01-27 14:52:49.014";"2025-01-27";"14:52:49";"SLCS";"";"Light Curve start ";"u112"
"2025-01-27 14:52:49.014";"2025-01-27";"14:52:49";"REG1";"";"#1: alpha: 0.270, ETRm: 10.256, Ik: 37.942   ( beta: 0.004, ETRmPot: 11.093 )   (Platt et al. 1980) ";""
"2025-01-27 14:52:49.014";"2025-01-27";"14:52:49";"REG2";"";"#1: alpha: 0.213, ETRm: 9.930, Ik: 46.563   (Jassby and Platt 1976) ";""
"2025-01-27 14:52:50.402";"2025-01-27";"14:52:50";"FO";"109";"604";"2509";"0";"0.759";"0.0";"-";"-";"604";"2509";"0.759"
"2025-01-27 14:53:20.397";"2025-01-27";"14:53:20";"F";"110";"1158";"2262";"25";"0.488";"5.1";"589";"0.109";"604";"2509";"0.759"
"2025-01-27 14:53:50.380";"2025-01-27";"14:53:50";"F";"111";"1322";"2173";"45";"0.392";"7.4";"582";"0.155";"604";"2509";"0.759"
"2025-01-27 14:54:20.369";"2025-01-27";"14:54:20";"F";"112";"1397";"2035";"65";"0.314";"8.6";"572";"0.233";"604";"2509";"0.759"
"2025-01-27 14:54:50.360";"2025-01-27";"14:54:50";"F";"113";"1414";"1879";"90";"0.247";"9.3";"559";"0.335";"604";"2509";"0.759"
"2025-01-27 14:55:20.355";"2025-01-27";"14:55:20";"F";"114";"1409";"1737";"125";"0.189";"9.9";"546";"0.444";"604";"2509";"0.759"
"2025-01-27 14:55:50.345";"2025-01-27";"14:55:50";"F";"115";"1412";"1623";"190";"0.130";"10.4";"534";"0.546";"604";"2509";"0.759"
"2025-01-27 14:56:20.332";"2025-01-27";"14:56:20";"F";"116";"1391";"1522";"285";"0.086";"10.3";"522";"0.648";"604";"2509";"0.759"
"2025-01-27 14:56:50.322";"2025-01-27";"14:56:50";"F";"117";"1347";"1423";"420";"0.053";"9.3";"510";"0.763";"604";"2509";"0.759"
"2025-01-27 14:56:54.118";"2025-01-27";"14:56:54";"SLCE";"";"Light Curve end ";""
"2025-01-27 14:57:35.878";"2025-01-27";"14:57:35";"SLCS";"";"Light Curve start ";"h109"
"2025-01-27 14:57:35.878";"2025-01-27";"14:57:35";"REG1";"";"#1: alpha: - , ETRm: - , Ik: -   ( beta: - 0.003, ETRmPot: 7.432 )   (Platt et al. 1980) ";""
"2025-01-27 14:57:35.878";"2025-01-27";"14:57:35";"REG2";"";"#1: alpha: 0.220, ETRm: 8.032, Ik: 36.489   (Jassby and Platt 1976) ";""
"2025-01-27 14:57:37.267";"2025-01-27";"14:57:37";"FO";"118";"268";"682";"0";"0.607";"0.0";"-";"-";"268";"682";"0.607"
"2025-01-27 14:58:07.261";"2025-01-27";"14:58:07";"F";"119";"315";"578";"25";"0.455";"4.8";"250";"0.180";"268";"682";"0.607"
"2025-01-27 14:58:37.250";"2025-01-27";"14:58:37";"F";"120";"328";"525";"45";"0.375";"7.1";"240";"0.299";"268";"682";"0.607"
"2025-01-27 14:59:07.239";"2025-01-27";"14:59:07";"F";"121";"336";"457";"65";"0.265";"7.2";"225";"0.492";"268";"682";"0.607"
"2025-01-27 14:59:37.229";"2025-01-27";"14:59:37";"F";"122";"344";"426";"90";"0.192";"7.3";"217";"0.601";"268";"682";"0.607"
"2025-01-27 15:00:07.231";"2025-01-27";"15:00:07";"F";"123";"348";"406";"125";"0.143";"7.5";"212";"0.680";"268";"682";"0.607"
"2025-01-27 15:00:37.228";"2025-01-27";"15:00:37";"F";"124";"354";"394";"190";"0.102";"8.1";"208";"0.731";"268";"682";"0.607"
"2025-01-27 15:01:07.217";"2025-01-27";"15:01:07";"F";"125";"356";"384";"285";"0.073";"8.7";"205";"0.776";"268";"682";"0.607"
"2025-01-27 15:01:37.200";"2025-01-27";"15:01:37";"F";"126";"359";"377";"420";"0.048";"8.5";"203";"0.809";"268";"682";"0.607"
"2025-01-27 15:01:40.501";"2025-01-27";"15:01:40";"SLCE";"";"Light Curve end ";""
"2025-01-27 15:01:57.305";"2025-01-27";"15:01:57";"SLCS";"";"Light Curve start ";"u109"
"2025-01-27 15:01:57.305";"2025-01-27";"15:01:57";"REG1";"";"#1: alpha: 0.260, ETRm: 11.407, Ik: 43.923   ( beta: 0.003, ETRmPot: 12.083 )   (Platt et al. 1980) ";""
"2025-01-27 15:01:57.305";"2025-01-27";"15:01:57";"REG2";"";"#1: alpha: 0.200, ETRm: 11.174, Ik: 55.911   (Jassby and Platt 1976) ";""
"2025-01-27 15:01:58.705";"2025-01-27";"15:01:58";"FO";"127";"499";"2224";"0";"0.776";"0.0";"-";"-";"499";"2224";"0.776"
"2025-01-27 15:02:28.692";"2025-01-27";"15:02:28";"F";"128";"853";"1615";"25";"0.472";"5.0";"460";"0.377";"499";"2224";"0.776"
"2025-01-27 15:02:58.683";"2025-01-27";"15:02:58";"F";"129";"951";"1578";"45";"0.397";"7.5";"457";"0.409";"499";"2224";"0.776"
"2025-01-27 15:03:28.671";"2025-01-27";"15:03:28";"F";"130";"1054";"1573";"65";"0.330";"9.0";"457";"0.414";"499";"2224";"0.776"
"2025-01-27 15:03:58.662";"2025-01-27";"15:03:58";"F";"131";"1120";"1527";"90";"0.267";"10.1";"453";"0.456";"499";"2224";"0.776"
"2025-01-27 15:04:28.651";"2025-01-27";"15:04:28";"F";"132";"1144";"1438";"125";"0.204";"10.7";"444";"0.547";"499";"2224";"0.776"
"2025-01-27 15:04:58.631";"2025-01-27";"15:04:58";"F";"133";"1149";"1342";"190";"0.144";"11.5";"435";"0.657";"499";"2224";"0.776"
"2025-01-27 15:05:28.626";"2025-01-27";"15:05:28";"F";"134";"1125";"1244";"285";"0.096";"11.5";"424";"0.788";"499";"2224";"0.776"
"2025-01-27 15:05:58.615";"2025-01-27";"15:05:58";"F";"135";"1079";"1150";"420";"0.062";"10.9";"413";"0.934";"499";"2224";"0.776"
"2025-01-27 15:06:02.337";"2025-01-27";"15:06:02";"SLCE";"";"Light Curve end ";""
"2025-01-27 15:06:29.893";"2025-01-27";"15:06:29";"SLCS";"";"Light Curve start ";"h110"
"2025-01-27 15:06:29.893";"2025-01-27";"15:06:29";"REG1";"";"#1: alpha: - , ETRm: - , Ik: -   ( beta: - 0.002, ETRmPot: 9.597 )   (Platt et al. 1980) ";""
"2025-01-27 15:06:29.893";"2025-01-27";"15:06:29";"REG2";"";"#1: alpha: 0.267, ETRm: 10.000, Ik: 37.416   (Jassby and Platt 1976) ";""
"2025-01-27 15:06:31.298";"2025-01-27";"15:06:31";"FO";"136";"164";"425";"0";"0.614";"0.0";"-";"-";"164";"425";"0.614"
"2025-01-27 15:07:01.284";"2025-01-27";"15:07:01";"F";"137";"180";"369";"25";"0.512";"5.4";"155";"0.152";"164";"425";"0.614"
"2025-01-27 15:07:31.267";"2025-01-27";"15:07:31";"F";"138";"186";"347";"45";"0.464";"8.8";"151";"0.225";"164";"425";"0.614"
"2025-01-27 15:08:01.257";"2025-01-27";"15:08:01";"F";"139";"185";"287";"65";"0.355";"9.7";"138";"0.481";"164";"425";"0.614"
"2025-01-27 15:08:31.250";"2025-01-27";"15:08:31";"F";"140";"188";"251";"90";"0.251";"9.5";"129";"0.693";"164";"425";"0.614"
"2025-01-27 15:09:01.244";"2025-01-27";"15:09:01";"F";"141";"190";"232";"125";"0.181";"9.5";"124";"0.832";"164";"425";"0.614"
"2025-01-27 15:09:31.230";"2025-01-27";"15:09:31";"F";"142";"195";"222";"190";"0.122";"9.7";"121";"0.914";"164";"425";"0.614"
"2025-01-27 15:10:01.242";"2025-01-27";"15:10:01";"F";"143";"199";"217";"285";"0.083";"9.9";"120";"0.959";"164";"425";"0.614"
"2025-01-27 15:10:31.228";"2025-01-27";"15:10:31";"F";"144";"201";"214";"420";"0.061";"10.8";"119";"0.986";"164";"425";"0.614"
"2025-01-27 15:10:35.018";"2025-01-27";"15:10:35";"SLCE";"";"Light Curve end ";""
"2025-01-27 15:10:54.326";"2025-01-27";"15:10:54";"SLCS";"";"Light Curve start ";"u110"
"2025-01-27 15:10:54.326";"2025-01-27";"15:10:54";"REG1";"";"#1: alpha: 0.295, ETRm: 10.730, Ik: 36.402   ( beta: 0.002, ETRmPot: 11.184 )   (Platt et al. 1980) ";""
"2025-01-27 15:10:54.326";"2025-01-27";"15:10:54";"REG2";"";"#1: alpha: 0.224, ETRm: 10.518, Ik: 46.879   (Jassby and Platt 1976) ";""
"2025-01-27 15:10:55.719";"2025-01-27";"15:10:55";"FO";"145";"472";"1866";"0";"0.747";"0.0";"-";"-";"472";"1866";"0.747"
"2025-01-27 15:11:25.701";"2025-01-27";"15:11:25";"F";"146";"859";"1675";"25";"0.487";"5.1";"459";"0.114";"472";"1866";"0.747"
"2025-01-27 15:11:55.692";"2025-01-27";"15:11:55";"F";"147";"919";"1600";"45";"0.426";"8.1";"453";"0.166";"472";"1866";"0.747"
"2025-01-27 15:12:25.680";"2025-01-27";"15:12:25";"F";"148";"1044";"1570";"65";"0.335";"9.1";"451";"0.189";"472";"1866";"0.747"
"2025-01-27 15:12:55.669";"2025-01-27";"15:12:55";"F";"149";"1116";"1506";"90";"0.259";"9.8";"445";"0.239";"472";"1866";"0.747"
"2025-01-27 15:13:25.664";"2025-01-27";"15:13:25";"F";"150";"1139";"1416";"125";"0.196";"10.3";"437";"0.318";"472";"1866";"0.747"
"2025-01-27 15:13:55.654";"2025-01-27";"15:13:55";"F";"151";"1137";"1314";"190";"0.135";"10.8";"427";"0.420";"472";"1866";"0.747"
"2025-01-27 15:14:25.637";"2025-01-27";"15:14:25";"F";"152";"1113";"1224";"285";"0.091";"10.9";"417";"0.525";"472";"1866";"0.747"
"2025-01-27 15:14:55.630";"2025-01-27";"15:14:55";"F";"153";"1084";"1151";"420";"0.058";"10.2";"408";"0.621";"472";"1866";"0.747"
"2025-01-27 15:14:59.542";"2025-01-27";"15:14:59";"SLCE";"";"Light Curve end ";""
"2025-01-27 15:15:27.841";"2025-01-27";"15:15:27";"SLCS";"";"Light Curve start ";"h115"
"2025-01-27 15:15:27.841";"2025-01-27";"15:15:27";"REG1";"";"#1: alpha: - , ETRm: - , Ik: -   ( beta: - 0.002, ETRmPot: 10.704 )   (Platt et al. 1980) ";""
"2025-01-27 15:15:27.841";"2025-01-27";"15:15:27";"REG2";"";"#1: alpha: 0.169, ETRm: 10.995, Ik: 65.066   (Jassby and Platt 1976) ";""
"2025-01-27 15:15:29.243";"2025-01-27";"15:15:29";"FO";"154";"270";"645";"0";"0.581";"0.0";"-";"-";"270";"645";"0.581"
"2025-01-27 15:15:59.224";"2025-01-27";"15:15:59";"F";"155";"344";"616";"25";"0.442";"4.6";"265";"0.047";"270";"645";"0.581"
"2025-01-27 15:16:29.221";"2025-01-27";"15:16:29";"F";"156";"362";"576";"45";"0.372";"7.0";"257";"0.120";"270";"645";"0.581"
"2025-01-27 15:16:59.209";"2025-01-27";"15:16:59";"F";"157";"367";"522";"65";"0.297";"8.1";"246";"0.236";"270";"645";"0.581"
"2025-01-27 15:17:29.192";"2025-01-27";"15:17:29";"F";"158";"372";"490";"90";"0.241";"9.1";"238";"0.316";"270";"645";"0.581"
"2025-01-27 15:17:59.182";"2025-01-27";"15:17:59";"F";"159";"378";"467";"125";"0.191";"10.0";"233";"0.381";"270";"645";"0.581"
"2025-01-27 15:18:29.178";"2025-01-27";"15:18:29";"F";"160";"384";"446";"190";"0.139";"11.1";"228";"0.446";"270";"645";"0.581"
"2025-01-27 15:18:59.163";"2025-01-27";"15:18:59";"F";"161";"385";"425";"285";"0.094";"11.3";"222";"0.518";"270";"645";"0.581"
"2025-01-27 15:19:29.148";"2025-01-27";"15:19:29";"F";"162";"382";"408";"420";"0.064";"11.3";"217";"0.581";"270";"645";"0.581"
"2025-01-27 15:19:32.231";"2025-01-27";"15:19:32";"SLCE";"";"Light Curve end ";""
"2025-01-27 15:20:00.599";"2025-01-27";"15:20:00";"SLCS";"";"Light Curve start ";"u115"
"2025-01-27 15:20:00.599";"2025-01-27";"15:20:00";"REG1";"";"#1: alpha: 0.269, ETRm: 8.032, Ik: 29.882   ( beta: 0.002, ETRmPot: 8.435 )   (Platt et al. 1980) ";""
"2025-01-27 15:20:00.599";"2025-01-27";"15:20:00";"REG2";"";"#1: alpha: 0.206, ETRm: 7.825, Ik: 38.070   (Jassby and Platt 1976) ";""
"2025-01-27 15:20:01.997";"2025-01-27";"15:20:01";"FO";"163";"660";"2468";"0";"0.733";"0.0";"-";"-";"660";"2468";"0.733"
"2025-01-27 15:20:31.995";"2025-01-27";"15:20:31";"F";"164";"1223";"2181";"25";"0.439";"4.6";"638";"0.132";"660";"2468";"0.733"
"2025-01-27 15:21:01.984";"2025-01-27";"15:21:01";"F";"165";"1380";"2087";"45";"0.339";"6.4";"629";"0.183";"660";"2468";"0.733"
"2025-01-27 15:21:31.966";"2025-01-27";"15:21:31";"F";"166";"1512";"2062";"65";"0.267";"7.3";"627";"0.197";"660";"2468";"0.733"
"2025-01-27 15:22:01.960";"2025-01-27";"15:22:01";"F";"167";"1615";"2022";"90";"0.201";"7.6";"623";"0.221";"660";"2468";"0.733"
"2025-01-27 15:22:31.952";"2025-01-27";"15:22:31";"F";"168";"1651";"1942";"125";"0.150";"7.9";"615";"0.271";"660";"2468";"0.733"
"2025-01-27 15:23:01.941";"2025-01-27";"15:23:01";"F";"169";"1647";"1832";"190";"0.101";"8.1";"604";"0.347";"660";"2468";"0.733"
"2025-01-27 15:23:31.922";"2025-01-27";"15:23:31";"F";"170";"1595";"1710";"285";"0.067";"8.0";"590";"0.443";"660";"2468";"0.733"
"2025-01-27 15:24:01.920";"2025-01-27";"15:24:01";"F";"171";"1514";"1581";"420";"0.042";"7.4";"574";"0.561";"660";"2468";"0.733"
"2025-01-27 15:24:05.013";"2025-01-27";"15:24:05";"SLCE";"";"Light Curve end ";""
"2025-01-27 15:24:27.480";"2025-01-27";"15:24:27";"SLCS";"";"Light Curve start ";"h116"
"2025-01-27 15:24:27.480";"2025-01-27";"15:24:27";"REG1";"";"#1: alpha: - , ETRm: - , Ik: -   ( beta: - 0.003, ETRmPot: 8.453 )   (Platt et al. 1980) ";""
"2025-01-27 15:24:27.480";"2025-01-27";"15:24:27";"REG2";"";"#1: alpha: 0.258, ETRm: 9.168, Ik: 35.589   (Jassby and Platt 1976) ";""
"2025-01-27 15:24:28.887";"2025-01-27";"15:24:28";"FO";"172";"167";"480";"0";"0.652";"0.0";"-";"-";"167";"480";"0.652"
"2025-01-27 15:24:58.877";"2025-01-27";"15:24:58";"F";"173";"187";"440";"25";"0.575";"6.0";"162";"0.091";"167";"480";"0.652"
"2025-01-27 15:25:28.865";"2025-01-27";"15:25:28";"F";"174";"191";"323";"45";"0.409";"7.7";"143";"0.486";"167";"480";"0.652"
"2025-01-27 15:25:58.855";"2025-01-27";"15:25:58";"F";"175";"194";"276";"65";"0.297";"8.1";"133";"0.739";"167";"480";"0.652"
"2025-01-27 15:26:28.839";"2025-01-27";"15:26:28";"F";"176";"194";"249";"90";"0.221";"8.4";"126";"0.928";"167";"480";"0.652"
"2025-01-27 15:26:58.828";"2025-01-27";"15:26:58";"F";"177";"196";"234";"125";"0.162";"8.5";"122";"1.051";"167";"480";"0.652"
"2025-01-27 15:27:28.816";"2025-01-27";"15:27:28";"F";"178";"200";"228";"190";"0.123";"9.8";"121";"1.105";"167";"480";"0.652"
"2025-01-27 15:27:58.804";"2025-01-27";"15:27:58";"F";"179";"203";"221";"285";"0.081";"9.7";"119";"1.172";"167";"480";"0.652"
"2025-01-27 15:28:28.784";"2025-01-27";"15:28:28";"F";"180";"205";"217";"420";"0.055";"9.7";"117";"1.212";"167";"480";"0.652"
"2025-01-27 15:28:32.206";"2025-01-27";"15:28:32";"SLCE";"";"Light Curve end ";""
"2025-01-27 15:29:01.022";"2025-01-27";"15:29:01";"SLCS";"";"Light Curve start ";"u116"
"2025-01-27 15:29:01.022";"2025-01-27";"15:29:01";"REG1";"";"#1: alpha: - , ETRm: - , Ik: -   ( beta: - 0.001, ETRmPot: 11.105 )   (Platt et al. 1980) ";""
"2025-01-27 15:29:01.022";"2025-01-27";"15:29:01";"REG2";"";"#1: alpha: 0.195, ETRm: 11.323, Ik: 57.954   (Jassby and Platt 1976) ";""
"2025-01-27 15:29:02.420";"2025-01-27";"15:29:02";"FO";"181";"497";"1837";"0";"0.729";"0.0";"-";"-";"497";"1837";"0.729"
"2025-01-27 15:29:32.410";"2025-01-27";"15:29:32";"F";"182";"891";"1719";"25";"0.482";"5.1";"488";"0.069";"497";"1837";"0.729"
"2025-01-27 15:30:02.412";"2025-01-27";"15:30:02";"F";"183";"968";"1613";"45";"0.400";"7.6";"479";"0.139";"497";"1837";"0.729"
"2025-01-27 15:30:32.400";"2025-01-27";"15:30:32";"F";"184";"1022";"1515";"65";"0.325";"8.9";"470";"0.213";"497";"1837";"0.729"
"2025-01-27 15:31:02.389";"2025-01-27";"15:31:02";"F";"185";"1045";"1411";"90";"0.259";"9.8";"459";"0.302";"497";"1837";"0.729"
"2025-01-27 15:31:32.385";"2025-01-27";"15:31:32";"F";"186";"1048";"1312";"125";"0.201";"10.6";"448";"0.400";"497";"1837";"0.729"
"2025-01-27 15:32:02.368";"2025-01-27";"15:32:02";"F";"187";"1054";"1230";"190";"0.143";"11.4";"438";"0.493";"497";"1837";"0.729"
"2025-01-27 15:32:32.366";"2025-01-27";"15:32:32";"F";"188";"1040";"1153";"285";"0.098";"11.7";"428";"0.593";"497";"1837";"0.729"
"2025-01-27 15:33:02.346";"2025-01-27";"15:33:02";"F";"189";"1008";"1079";"420";"0.066";"11.6";"418";"0.703";"497";"1837";"0.729"
"2025-01-27 15:33:05.818";"2025-01-27";"15:33:05";"SLCE";"";"Light Curve end ";""
"2025-01-27 15:33:20.944";"2025-01-27";"15:33:20";"SLCS";"";"Light Curve start ";"h113"
"2025-01-27 15:33:20.944";"2025-01-27";"15:33:20";"REG1";"";"#1: alpha: - , ETRm: - , Ik: -   ( beta: - 0.002, ETRmPot: 7.436 )   (Platt et al. 1980) ";""
"2025-01-27 15:33:20.944";"2025-01-27";"15:33:20";"REG2";"";"#1: alpha: 0.266, ETRm: 7.706, Ik: 29.015   (Jassby and Platt 1976) ";""
"2025-01-27 15:33:22.335";"2025-01-27";"15:33:22";"FO";"190";"171";"473";"0";"0.638";"0.0";"-";"-";"171";"473";"0.638"
"2025-01-27 15:33:52.331";"2025-01-27";"15:33:52";"F";"191";"201";"438";"25";"0.541";"5.7";"166";"0.080";"171";"473";"0.638"
"2025-01-27 15:34:22.315";"2025-01-27";"15:34:22";"F";"192";"208";"323";"45";"0.356";"6.7";"146";"0.464";"171";"473";"0.638"
"2025-01-27 15:34:52.305";"2025-01-27";"15:34:52";"F";"193";"211";"285";"65";"0.260";"7.1";"138";"0.660";"171";"473";"0.638"
"2025-01-27 15:35:22.298";"2025-01-27";"15:35:22";"F";"194";"212";"261";"90";"0.188";"7.1";"132";"0.812";"171";"473";"0.638"
"2025-01-27 15:35:52.283";"2025-01-27";"15:35:52";"F";"195";"214";"250";"125";"0.144";"7.6";"129";"0.892";"171";"473";"0.638"
"2025-01-27 15:36:22.270";"2025-01-27";"15:36:22";"F";"196";"218";"243";"190";"0.103";"8.2";"127";"0.947";"171";"473";"0.638"
"2025-01-27 15:36:52.263";"2025-01-27";"15:36:52";"F";"197";"222";"239";"285";"0.071";"8.5";"126";"0.979";"171";"473";"0.638"
"2025-01-27 15:37:22.250";"2025-01-27";"15:37:22";"F";"198";"224";"234";"420";"0.043";"7.6";"125";"1.021";"171";"473";"0.638"
"2025-01-27 15:37:25.750";"2025-01-27";"15:37:25";"SLCE";"";"Light Curve end ";""
"2025-01-27 15:37:59.287";"2025-01-27";"15:37:59";"SLCS";"";"Light Curve start ";"u113"
"2025-01-27 15:37:59.287";"2025-01-27";"15:37:59";"REG1";"";"#1: alpha: 0.286, ETRm: 9.800, Ik: 34.245   ( beta: 0.004, ETRmPot: 10.573 )   (Platt et al. 1980) ";""
"2025-01-27 15:37:59.287";"2025-01-27";"15:37:59";"REG2";"";"#1: alpha: 0.224, ETRm: 9.479, Ik: 42.375   (Jassby and Platt 1976) ";""
"2025-01-27 15:38:00.685";"2025-01-27";"15:38:00";"FO";"199";"485";"2000";"0";"0.758";"0.0";"-";"-";"485";"2000";"0.758"
"2025-01-27 15:38:30.675";"2025-01-27";"15:38:30";"F";"200";"867";"1684";"25";"0.485";"5.1";"464";"0.188";"485";"2000";"0.758"
"2025-01-27 15:39:00.663";"2025-01-27";"15:39:00";"F";"201";"986";"1611";"45";"0.388";"7.3";"458";"0.241";"485";"2000";"0.758"
"2025-01-27 15:39:30.645";"2025-01-27";"15:39:30";"F";"202";"1094";"1602";"65";"0.317";"8.7";"457";"0.248";"485";"2000";"0.758"
"2025-01-27 15:40:00.661";"2025-01-27";"15:40:00";"F";"203";"1217";"1613";"90";"0.246";"9.3";"458";"0.240";"485";"2000";"0.758"
"2025-01-27 15:40:30.653";"2025-01-27";"15:40:30";"F";"204";"1297";"1584";"125";"0.181";"9.5";"456";"0.263";"485";"2000";"0.758"
"2025-01-27 15:41:00.639";"2025-01-27";"15:41:00";"F";"205";"1338";"1523";"190";"0.121";"9.7";"451";"0.313";"485";"2000";"0.758"
"2025-01-27 15:41:30.629";"2025-01-27";"15:41:30";"F";"206";"1337";"1457";"285";"0.082";"9.8";"445";"0.373";"485";"2000";"0.758"
"2025-01-27 15:42:00.620";"2025-01-27";"15:42:00";"F";"207";"1319";"1388";"420";"0.050";"8.8";"438";"0.441";"485";"2000";"0.758"
"2025-01-27 15:42:03.905";"2025-01-27";"15:42:03";"SLCE";"";"Light Curve end ";""
"2025-01-27 15:42:22.877";"2025-01-27";"15:42:22";"SLCS";"";"Light Curve start ";"h114"
"2025-01-27 15:42:22.877";"2025-01-27";"15:42:22";"REG1";"";"#1: alpha: - , ETRm: - , Ik: -   ( beta: - 0.005, ETRmPot: 9.195 )   (Platt et al. 1980) ";""
"2025-01-27 15:42:22.877";"2025-01-27";"15:42:22";"REG2";"";"#1: alpha: 0.185, ETRm: 10.473, Ik: 56.732   (Jassby and Platt 1976) ";""
"2025-01-27 15:42:24.271";"2025-01-27";"15:42:24";"FO";"208";"212";"488";"0";"0.566";"0.0";"-";"-";"212";"488";"0.566"
"2025-01-27 15:42:54.269";"2025-01-27";"15:42:54";"F";"209";"255";"485";"25";"0.474";"5.0";"211";"0.006";"212";"488";"0.566"
"2025-01-27 15:43:24.255";"2025-01-27";"15:43:24";"F";"210";"264";"431";"45";"0.387";"7.3";"200";"0.132";"212";"488";"0.566"
"2025-01-27 15:43:54.241";"2025-01-27";"15:43:54";"F";"211";"266";"376";"65";"0.293";"8.0";"188";"0.298";"212";"488";"0.566"
"2025-01-27 15:44:24.227";"2025-01-27";"15:44:24";"F";"212";"267";"350";"90";"0.237";"9.0";"181";"0.394";"212";"488";"0.566"
"2025-01-27 15:44:54.223";"2025-01-27";"15:44:54";"F";"213";"270";"332";"125";"0.187";"9.8";"176";"0.470";"212";"488";"0.566"
"2025-01-27 15:45:24.213";"2025-01-27";"15:45:24";"F";"214";"274";"314";"190";"0.127";"10.1";"171";"0.554";"212";"488";"0.566"
"2025-01-27 15:45:54.195";"2025-01-27";"15:45:54";"F";"215";"276";"303";"285";"0.089";"10.7";"168";"0.611";"212";"488";"0.566"
"2025-01-27 15:46:24.190";"2025-01-27";"15:46:24";"F";"216";"274";"293";"420";"0.065";"11.5";"164";"0.666";"212";"488";"0.566"
"2025-01-27 15:46:27.571";"2025-01-27";"15:46:27";"SLCE";"";"Light Curve end ";""
"2025-01-27 15:47:00.864";"2025-01-27";"15:47:00";"SLCS";"";"Light Curve start ";"u114"
"2025-01-27 15:47:00.864";"2025-01-27";"15:47:00";"REG1";"";"#1: alpha: 0.269, ETRm: 9.994, Ik: 37.169   ( beta: 0.000, ETRmPot: 10.011 )   (Platt et al. 1980) ";""
"2025-01-27 15:47:00.864";"2025-01-27";"15:47:00";"REG2";"";"#1: alpha: 0.198, ETRm: 9.854, Ik: 49.835   (Jassby and Platt 1976) ";""
"2025-01-27 15:47:02.253";"2025-01-27";"15:47:02";"FO";"217";"579";"2439";"0";"0.763";"0.0";"-";"-";"579";"2439";"0.763"
"2025-01-27 15:47:32.243";"2025-01-27";"15:47:32";"F";"218";"1088";"2057";"25";"0.471";"4.9";"555";"0.186";"579";"2439";"0.763"
"2025-01-27 15:48:02.231";"2025-01-27";"15:48:02";"F";"219";"1253";"2020";"45";"0.380";"7.2";"552";"0.207";"579";"2439";"0.763"
"2025-01-27 15:48:32.222";"2025-01-27";"15:48:32";"F";"220";"1367";"1953";"65";"0.300";"8.2";"547";"0.249";"579";"2439";"0.763"
"2025-01-27 15:49:02.211";"2025-01-27";"15:49:02";"F";"221";"1404";"1838";"90";"0.236";"8.9";"537";"0.327";"579";"2439";"0.763"
"2025-01-27 15:49:32.207";"2025-01-27";"15:49:32";"F";"222";"1410";"1724";"125";"0.182";"9.6";"527";"0.415";"579";"2439";"0.763"
"2025-01-27 15:50:02.216";"2025-01-27";"15:50:02";"F";"223";"1414";"1618";"190";"0.126";"10.1";"517";"0.507";"579";"2439";"0.763"
"2025-01-27 15:50:32.201";"2025-01-27";"15:50:32";"F";"224";"1387";"1515";"285";"0.084";"10.1";"506";"0.610";"579";"2439";"0.763"
"2025-01-27 15:51:02.188";"2025-01-27";"15:51:02";"F";"225";"1327";"1406";"420";"0.056";"9.9";"493";"0.735";"579";"2439";"0.763"
"2025-01-27 15:51:05.755";"2025-01-27";"15:51:05";"SLCE";"";"Light Curve end ";""
"2025-01-27 15:51:21.848";"2025-01-27";"15:51:21";"SLCS";"";"Light Curve start ";"h119"
"2025-01-27 15:51:21.848";"2025-01-27";"15:51:21";"REG1";"";"#1: alpha: - , ETRm: - , Ik: -   ( beta: - 0.004, ETRmPot: 6.551 )   (Platt et al. 1980) ";""
"2025-01-27 15:51:21.848";"2025-01-27";"15:51:21";"REG2";"";"#1: alpha: 0.162, ETRm: 7.704, Ik: 47.634   (Jassby and Platt 1976) ";""
"2025-01-27 15:51:23.245";"2025-01-27";"15:51:23";"FO";"226";"250";"614";"0";"0.593";"0.0";"-";"-";"250";"614";"0.593"
"2025-01-27 15:51:53.233";"2025-01-27";"15:51:53";"F";"227";"308";"578";"25";"0.467";"4.9";"244";"0.062";"250";"614";"0.593"
"2025-01-27 15:52:23.216";"2025-01-27";"15:52:23";"F";"228";"317";"453";"45";"0.300";"5.7";"218";"0.355";"250";"614";"0.593"
"2025-01-27 15:52:53.211";"2025-01-27";"15:52:53";"F";"229";"321";"409";"65";"0.215";"5.9";"208";"0.501";"250";"614";"0.593"
"2025-01-27 15:53:23.200";"2025-01-27";"15:53:23";"F";"230";"325";"389";"90";"0.165";"6.2";"202";"0.578";"250";"614";"0.593"
"2025-01-27 15:53:53.191";"2025-01-27";"15:53:53";"F";"231";"326";"377";"125";"0.135";"7.1";"199";"0.629";"250";"614";"0.593"
"2025-01-27 15:54:23.172";"2025-01-27";"15:54:23";"F";"232";"330";"368";"190";"0.103";"8.2";"197";"0.668";"250";"614";"0.593"
"2025-01-27 15:54:53.163";"2025-01-27";"15:54:53";"F";"233";"333";"359";"285";"0.072";"8.6";"194";"0.710";"250";"614";"0.593"
"2025-01-27 15:55:23.153";"2025-01-27";"15:55:23";"F";"234";"334";"350";"420";"0.046";"8.1";"191";"0.754";"250";"614";"0.593"
"2025-01-27 15:55:26.594";"2025-01-27";"15:55:26";"SLCE";"";"Light Curve end ";""
"2025-01-27 15:56:52.376";"2025-01-27";"15:56:52";"SLCS";"";"Light Curve start ";"u119"
"2025-01-27 15:56:52.376";"2025-01-27";"15:56:52";"REG1";"";"#1: alpha: 0.258, ETRm: 8.954, Ik: 34.758   ( beta: 0.003, ETRmPot: 9.477 )   (Platt et al. 1980) ";""
"2025-01-27 15:56:52.376";"2025-01-27";"15:56:52";"REG2";"";"#1: alpha: 0.198, ETRm: 8.726, Ik: 43.961   (Jassby and Platt 1976) ";""
"2025-01-27 15:56:53.784";"2025-01-27";"15:56:53";"FO";"235";"552";"2226";"0";"0.752";"0.0";"-";"-";"552";"2226";"0.752"
"2025-01-27 15:57:23.774";"2025-01-27";"15:57:23";"F";"236";"966";"1720";"25";"0.438";"4.6";"514";"0.294";"552";"2226";"0.752"
"2025-01-27 15:57:53.755";"2025-01-27";"15:57:53";"F";"237";"1079";"1670";"45";"0.354";"6.7";"510";"0.333";"552";"2226";"0.752"
"2025-01-27 15:58:23.752";"2025-01-27";"15:58:23";"F";"238";"1192";"1666";"65";"0.285";"7.8";"510";"0.336";"552";"2226";"0.752"
"2025-01-27 15:58:53.740";"2025-01-27";"15:58:53";"F";"239";"1246";"1595";"90";"0.219";"8.3";"503";"0.396";"552";"2226";"0.752"
"2025-01-27 15:59:23.728";"2025-01-27";"15:59:23";"F";"240";"1233";"1477";"125";"0.165";"8.7";"490";"0.507";"552";"2226";"0.752"
"2025-01-27 15:59:53.742";"2025-01-27";"15:59:53";"F";"241";"1205";"1359";"190";"0.113";"9.0";"477";"0.638";"552";"2226";"0.752"
"2025-01-27 16:00:23.731";"2025-01-27";"16:00:23";"F";"242";"1161";"1255";"285";"0.075";"9.0";"463";"0.774";"552";"2226";"0.752"
"2025-01-27 16:00:53.710";"2025-01-27";"16:00:53";"F";"243";"1106";"1161";"420";"0.047";"8.3";"450";"0.917";"552";"2226";"0.752"
"2025-01-27 16:00:57.452";"2025-01-27";"16:00:57";"SLCE";"";"Light Curve end ";""
"2025-01-27 16:01:10.067";"2025-01-27";"16:01:10";"SLCS";"";"Light Curve start ";"h120"
"2025-01-27 16:01:10.067";"2025-01-27";"16:01:10";"REG1";"";"#1: alpha: - , ETRm: - , Ik: -   ( beta: - 0.004, ETRmPot: 6.356 )   (Platt et al. 1980) ";""
"2025-01-27 16:01:10.067";"2025-01-27";"16:01:10";"REG2";"";"#1: alpha: 0.313, ETRm: 7.162, Ik: 22.871   (Jassby and Platt 1976) ";""
"2025-01-27 16:01:11.465";"2025-01-27";"16:01:11";"FO";"244";"192";"578";"0";"0.668";"0.0";"-";"-";"192";"578";"0.668"
"2025-01-27 16:01:41.452";"2025-01-27";"16:01:41";"F";"245";"226";"478";"25";"0.527";"5.5";"180";"0.209";"192";"578";"0.668"
"2025-01-27 16:02:11.445";"2025-01-27";"16:02:11";"F";"246";"230";"383";"45";"0.399";"7.5";"164";"0.509";"192";"578";"0.668"
"2025-01-27 16:02:41.430";"2025-01-27";"16:02:41";"F";"247";"234";"316";"65";"0.259";"7.1";"151";"0.829";"192";"578";"0.668"
"2025-01-27 16:03:11.418";"2025-01-27";"16:03:11";"F";"248";"239";"288";"90";"0.170";"6.4";"144";"1.007";"192";"578";"0.668"
"2025-01-27 16:03:41.406";"2025-01-27";"16:03:41";"F";"249";"242";"276";"125";"0.123";"6.5";"141";"1.094";"192";"578";"0.668"
"2025-01-27 16:04:11.404";"2025-01-27";"16:04:11";"F";"250";"247";"268";"190";"0.078";"6.2";"139";"1.157";"192";"578";"0.668"
"2025-01-27 16:04:41.393";"2025-01-27";"16:04:41";"F";"251";"249";"266";"285";"0.064";"7.7";"138";"1.173";"192";"578";"0.668"
"2025-01-27 16:05:11.378";"2025-01-27";"16:05:11";"F";"252";"251";"264";"420";"0.049";"8.6";"138";"1.189";"192";"578";"0.668"
"2025-01-27 16:05:14.694";"2025-01-27";"16:05:14";"SLCE";"";"Light Curve end ";""
"2025-01-27 16:05:34.768";"2025-01-27";"16:05:34";"SLCS";"";"Light Curve start ";"u120"
"2025-01-27 16:05:34.768";"2025-01-27";"16:05:34";"REG1";"";"#1: alpha: 0.259, ETRm: 9.497, Ik: 36.599   ( beta: 0.000, ETRmPot: 9.532 )   (Platt et al. 1980) ";""
"2025-01-27 16:05:34.768";"2025-01-27";"16:05:34";"REG2";"";"#1: alpha: 0.191, ETRm: 9.362, Ik: 48.911   (Jassby and Platt 1976) ";""
"2025-01-27 16:05:36.161";"2025-01-27";"16:05:36";"FO";"253";"587";"2316";"0";"0.747";"0.0";"-";"-";"587";"2316";"0.747"
"2025-01-27 16:06:06.151";"2025-01-27";"16:06:06";"F";"254";"1070";"1933";"25";"0.446";"4.7";"559";"0.198";"587";"2316";"0.747"
"2025-01-27 16:06:36.132";"2025-01-27";"16:06:36";"F";"255";"1176";"1848";"45";"0.364";"6.9";"552";"0.253";"587";"2316";"0.747"
"2025-01-27 16:07:06.121";"2025-01-27";"16:07:06";"F";"256";"1288";"1810";"65";"0.288";"7.9";"548";"0.280";"587";"2316";"0.747"
"2025-01-27 16:07:36.117";"2025-01-27";"16:07:36";"F";"257";"1328";"1712";"90";"0.224";"8.5";"539";"0.353";"587";"2316";"0.747"
"2025-01-27 16:08:06.100";"2025-01-27";"16:08:06";"F";"258";"1324";"1599";"125";"0.172";"9.0";"527";"0.448";"587";"2316";"0.747"
"2025-01-27 16:08:36.096";"2025-01-27";"16:08:36";"F";"259";"1313";"1492";"190";"0.120";"9.6";"515";"0.552";"587";"2316";"0.747"
"2025-01-27 16:09:06.086";"2025-01-27";"16:09:06";"F";"260";"1279";"1394";"285";"0.082";"9.8";"503";"0.661";"587";"2316";"0.747"
"2025-01-27 16:09:36.073";"2025-01-27";"16:09:36";"F";"261";"1222";"1291";"420";"0.053";"9.3";"489";"0.794";"587";"2316";"0.747"
"2025-01-27 16:09:39.351";"2025-01-27";"16:09:39";"SLCE";"";"Light Curve end ";""
"2025-01-27 16:10:05.449";"2025-01-27";"16:10:05";"SLCS";"";"Light Curve start ";"h117"
"2025-01-27 16:10:05.449";"2025-01-27";"16:10:05";"REG1";"";"#1: alpha: - , ETRm: - , Ik: -   ( beta: - 0.003, ETRmPot: 8.587 )   (Platt et al. 1980) ";""
"2025-01-27 16:10:05.449";"2025-01-27";"16:10:05";"REG2";"";"#1: alpha: 0.172, ETRm: 9.304, Ik: 54.223   (Jassby and Platt 1976) ";""
"2025-01-27 16:10:06.855";"2025-01-27";"16:10:06";"FO";"262";"259";"682";"0";"0.620";"0.0";"-";"-";"259";"682";"0.620"
"2025-01-27 16:10:36.846";"2025-01-27";"16:10:36";"F";"263";"320";"600";"25";"0.467";"4.9";"246";"0.137";"259";"682";"0.620"
"2025-01-27 16:11:06.843";"2025-01-27";"16:11:06";"F";"264";"333";"518";"45";"0.357";"6.7";"231";"0.317";"259";"682";"0.620"
"2025-01-27 16:11:36.824";"2025-01-27";"16:11:36";"F";"265";"339";"458";"65";"0.260";"7.1";"218";"0.489";"259";"682";"0.620"
"2025-01-27 16:12:06.814";"2025-01-27";"16:12:06";"F";"266";"346";"433";"90";"0.201";"7.6";"213";"0.575";"259";"682";"0.620"
"2025-01-27 16:12:36.808";"2025-01-27";"16:12:36";"F";"267";"349";"419";"125";"0.167";"8.8";"209";"0.628";"259";"682";"0.620"
"2025-01-27 16:13:06.793";"2025-01-27";"16:13:06";"F";"268";"356";"405";"190";"0.121";"9.7";"206";"0.684";"259";"682";"0.620"
"2025-01-27 16:13:36.787";"2025-01-27";"16:13:36";"F";"269";"361";"393";"285";"0.081";"9.7";"202";"0.735";"259";"682";"0.620"
"2025-01-27 16:14:06.760";"2025-01-27";"16:14:06";"F";"270";"361";"382";"420";"0.055";"9.7";"200";"0.785";"259";"682";"0.620"
"2025-01-27 16:14:10.216";"2025-01-27";"16:14:10";"SLCE";"";"Light Curve end ";""
"2025-01-27 16:15:06.498";"2025-01-27";"16:15:06";"SLCS";"";"Light Curve start ";"u117"
"2025-01-27 16:15:06.498";"2025-01-27";"16:15:06";"REG1";"";"#1: alpha: - , ETRm: - , Ik: -   ( beta: 0.000, ETRmPot: 10.600 )   (Platt et al. 1980) ";""
"2025-01-27 16:15:06.498";"2025-01-27";"16:15:06";"REG2";"";"#1: alpha: 0.194, ETRm: 10.539, Ik: 54.294   (Jassby and Platt 1976) ";""
"2025-01-27 16:15:07.887";"2025-01-27";"16:15:07";"FO";"271";"622";"2512";"0";"0.752";"0.0";"-";"-";"622";"2512";"0.752"
"2025-01-27 16:15:37.878";"2025-01-27";"16:15:37";"F";"272";"1094";"2069";"25";"0.471";"4.9";"591";"0.214";"622";"2512";"0.752"
"2025-01-27 16:16:07.865";"2025-01-27";"16:16:07";"F";"273";"1234";"2020";"45";"0.389";"7.4";"587";"0.244";"622";"2512";"0.752"
"2025-01-27 16:16:37.860";"2025-01-27";"16:16:37";"F";"274";"1311";"1905";"65";"0.312";"8.5";"577";"0.319";"622";"2512";"0.752"
"2025-01-27 16:17:07.850";"2025-01-27";"16:17:07";"F";"275";"1323";"1756";"90";"0.247";"9.3";"562";"0.431";"622";"2512";"0.752"
"2025-01-27 16:17:37.835";"2025-01-27";"16:17:37";"F";"276";"1321";"1633";"125";"0.191";"10.0";"549";"0.538";"622";"2512";"0.752"
"2025-01-27 16:18:07.831";"2025-01-27";"16:18:07";"F";"277";"1321";"1525";"190";"0.134";"10.7";"536";"0.647";"622";"2512";"0.752"
"2025-01-27 16:18:37.818";"2025-01-27";"16:18:37";"F";"278";"1294";"1425";"285";"0.092";"11.0";"523";"0.763";"622";"2512";"0.752"
"2025-01-27 16:19:07.803";"2025-01-27";"16:19:07";"F";"279";"1243";"1323";"420";"0.060";"10.6";"509";"0.899";"622";"2512";"0.752"
"2025-01-27 16:19:11.188";"2025-01-27";"16:19:11";"SLCE";"";"Light Curve end ";""
"2025-01-27 16:19:54.098";"2025-01-27";"16:19:54";"SLCS";"";"Light Curve start ";"h118"
"2025-01-27 16:19:54.098";"2025-01-27";"16:19:54";"REG1";"";"#1: alpha: - , ETRm: - , Ik: -   ( beta: - 0.001, ETRmPot: 7.662 )   (Platt et al. 1980) ";""
"2025-01-27 16:19:54.098";"2025-01-27";"16:19:54";"REG2";"";"#1: alpha: 0.161, ETRm: 7.861, Ik: 48.832   (Jassby and Platt 1976) ";""
"2025-01-27 16:19:55.520";"2025-01-27";"16:19:55";"FO";"280";"242";"561";"0";"0.569";"0.0";"-";"-";"242";"561";"0.569"
"2025-01-27 16:20:25.518";"2025-01-27";"16:20:25";"F";"281";"340";"551";"25";"0.383";"4.0";"240";"0.018";"242";"561";"0.569"
"2025-01-27 16:20:55.504";"2025-01-27";"16:20:55";"F";"282";"354";"511";"45";"0.307";"5.8";"232";"0.098";"242";"561";"0.569"
"2025-01-27 16:21:25.496";"2025-01-27";"16:21:25";"F";"283";"361";"476";"65";"0.242";"6.6";"225";"0.179";"242";"561";"0.569"
"2025-01-27 16:21:55.482";"2025-01-27";"16:21:55";"F";"284";"369";"455";"90";"0.189";"7.1";"220";"0.233";"242";"561";"0.569"
"2025-01-27 16:22:25.465";"2025-01-27";"16:22:25";"F";"285";"375";"438";"125";"0.144";"7.6";"216";"0.281";"242";"561";"0.569"
"2025-01-27 16:22:55.463";"2025-01-27";"16:22:55";"F";"286";"380";"419";"190";"0.093";"7.4";"211";"0.339";"242";"561";"0.569"
"2025-01-27 16:23:25.453";"2025-01-27";"16:23:25";"F";"287";"376";"406";"285";"0.074";"8.9";"208";"0.382";"242";"561";"0.569"
"2025-01-27 16:23:55.440";"2025-01-27";"16:23:55";"F";"288";"368";"385";"420";"0.044";"7.8";"202";"0.457";"242";"561";"0.569"
"2025-01-27 16:23:59.310";"2025-01-27";"16:23:59";"SLCE";"";"Light Curve end ";""
"2025-01-27 16:24:22.048";"2025-01-27";"16:24:22";"SLCS";"";"Light Curve start ";"u118"
"2025-01-27 16:24:22.048";"2025-01-27";"16:24:22";"REG1";"";"#1: alpha: 0.264, ETRm: 8.228, Ik: 31.140   ( beta: 0.005, ETRmPot: 9.081 )   (Platt et al. 1980) ";""
"2025-01-27 16:24:22.048";"2025-01-27";"16:24:22";"REG2";"";"#1: alpha: 0.212, ETRm: 7.837, Ik: 37.019   (Jassby and Platt 1976) ";""
"2025-01-27 16:24:23.433";"2025-01-27";"16:24:23";"FO";"289";"606";"2543";"0";"0.762";"0.0";"-";"-";"606";"2543";"0.762"
"2025-01-27 16:24:53.423";"2025-01-27";"16:24:53";"F";"290";"1089";"1937";"25";"0.438";"4.6";"564";"0.313";"606";"2543";"0.762"
"2025-01-27 16:25:23.410";"2025-01-27";"16:25:23";"F";"291";"1209";"1838";"45";"0.342";"6.5";"555";"0.384";"606";"2543";"0.762"
"2025-01-27 16:25:53.409";"2025-01-27";"16:25:53";"F";"292";"1305";"1792";"65";"0.272";"7.4";"551";"0.419";"606";"2543";"0.762"
"2025-01-27 16:26:23.395";"2025-01-27";"16:26:23";"F";"293";"1365";"1729";"90";"0.211";"8.0";"545";"0.471";"606";"2543";"0.762"
"2025-01-27 16:26:53.387";"2025-01-27";"16:26:53";"F";"294";"1382";"1639";"125";"0.157";"8.2";"536";"0.552";"606";"2543";"0.762"
"2025-01-27 16:27:23.376";"2025-01-27";"16:27:23";"F";"295";"1390";"1547";"190";"0.101";"8.1";"525";"0.644";"606";"2543";"0.762"
"2025-01-27 16:27:53.364";"2025-01-27";"16:27:53";"F";"296";"1367";"1461";"285";"0.064";"7.7";"515";"0.741";"606";"2543";"0.762"
"2025-01-27 16:28:23.350";"2025-01-27";"16:28:23";"F";"297";"1321";"1376";"420";"0.040";"7.1";"504";"0.848";"606";"2543";"0.762"
"2025-01-27 16:28:26.647";"2025-01-27";"16:28:26";"SLCE";"";"Light Curve end ";""
"2025-01-27 16:28:39.316";"2025-01-27";"16:28:39";"SLCS";"";"Light Curve start ";"h123"
"2025-01-27 16:28:39.316";"2025-01-27";"16:28:39";"REG1";"";"#1: alpha: - , ETRm: - , Ik: -   ( beta: - 0.001, ETRmPot: 9.088 )   (Platt et al. 1980) ";""
"2025-01-27 16:28:39.316";"2025-01-27";"16:28:39";"REG2";"";"#1: alpha: 0.145, ETRm: 9.217, Ik: 63.768   (Jassby and Platt 1976) ";""
"2025-01-27 16:28:40.711";"2025-01-27";"16:28:40";"FO";"298";"269";"552";"0";"0.513";"0.0";"-";"-";"269";"552";"0.513"
"2025-01-27 16:29:10.704";"2025-01-27";"16:29:10";"F";"299";"337";"545";"25";"0.382";"4.0";"267";"0.013";"269";"552";"0.513"
"2025-01-27 16:29:40.692";"2025-01-27";"16:29:40";"F";"300";"359";"518";"45";"0.307";"5.8";"261";"0.066";"269";"552";"0.513"
"2025-01-27 16:30:10.701";"2025-01-27";"16:30:10";"F";"301";"368";"493";"65";"0.254";"6.9";"254";"0.120";"269";"552";"0.513"
"2025-01-27 16:30:40.683";"2025-01-27";"16:30:40";"F";"302";"375";"473";"90";"0.207";"7.8";"249";"0.167";"269";"552";"0.513"
"2025-01-27 16:31:10.671";"2025-01-27";"16:31:10";"F";"303";"380";"452";"125";"0.159";"8.3";"243";"0.221";"269";"552";"0.513"
"2025-01-27 16:31:40.662";"2025-01-27";"16:31:40";"F";"304";"385";"435";"190";"0.115";"9.2";"238";"0.269";"269";"552";"0.513"
"2025-01-27 16:32:10.651";"2025-01-27";"16:32:10";"F";"305";"383";"417";"285";"0.082";"9.8";"232";"0.324";"269";"552";"0.513"
"2025-01-27 16:32:40.636";"2025-01-27";"16:32:40";"F";"306";"379";"400";"420";"0.053";"9.3";"227";"0.380";"269";"552";"0.513"
"2025-01-27 16:32:43.965";"2025-01-27";"16:32:43";"SLCE";"";"Light Curve end ";""
"2025-01-27 16:32:57.195";"2025-01-27";"16:32:57";"SLCS";"";"Light Curve start ";"u123"
"2025-01-27 16:32:57.195";"2025-01-27";"16:32:57";"REG1";"";"#1: alpha: - , ETRm: - , Ik: -   ( beta: 0.000, ETRmPot: 10.170 )   (Platt et al. 1980) ";""
"2025-01-27 16:32:57.195";"2025-01-27";"16:32:57";"REG2";"";"#1: alpha: 0.183, ETRm: 10.059, Ik: 55.040   (Jassby and Platt 1976) ";""
"2025-01-27 16:32:58.591";"2025-01-27";"16:32:58";"FO";"307";"558";"2352";"0";"0.763";"0.0";"-";"-";"558";"2352";"0.763"
"2025-01-27 16:33:28.577";"2025-01-27";"16:33:28";"F";"308";"1068";"1943";"25";"0.450";"4.7";"531";"0.210";"558";"2352";"0.763"
"2025-01-27 16:33:58.575";"2025-01-27";"16:33:58";"F";"309";"1192";"1869";"45";"0.362";"6.8";"526";"0.258";"558";"2352";"0.763"
"2025-01-27 16:34:28.561";"2025-01-27";"16:34:28";"F";"310";"1329";"1901";"65";"0.301";"8.2";"528";"0.237";"558";"2352";"0.763"
"2025-01-27 16:34:58.546";"2025-01-27";"16:34:58";"F";"311";"1451";"1899";"90";"0.236";"8.9";"528";"0.239";"558";"2352";"0.763"
"2025-01-27 16:35:28.536";"2025-01-27";"16:35:28";"F";"312";"1496";"1829";"125";"0.182";"9.6";"523";"0.286";"558";"2352";"0.763"
"2025-01-27 16:35:58.532";"2025-01-27";"16:35:58";"F";"313";"1506";"1725";"190";"0.127";"10.1";"514";"0.363";"558";"2352";"0.763"
"2025-01-27 16:36:28.513";"2025-01-27";"16:36:28";"F";"314";"1467";"1608";"285";"0.088";"10.5";"503";"0.463";"558";"2352";"0.763"
"2025-01-27 16:36:58.507";"2025-01-27";"16:36:58";"F";"315";"1398";"1483";"420";"0.057";"10.1";"490";"0.586";"558";"2352";"0.763"
"2025-01-27 16:37:02.097";"2025-01-27";"16:37:02";"SLCE";"";"Light Curve end ";""
"2025-01-27 16:37:16.957";"2025-01-27";"16:37:16";"SLCS";"";"Light Curve start ";"h124"
"2025-01-27 16:37:16.957";"2025-01-27";"16:37:16";"REG1";"";"#1: alpha: - , ETRm: - , Ik: -   ( beta: - 0.001, ETRmPot: 6.007 )   (Platt et al. 1980) ";""
"2025-01-27 16:37:16.957";"2025-01-27";"16:37:16";"REG2";"";"#1: alpha: 0.273, ETRm: 6.134, Ik: 22.476   (Jassby and Platt 1976) ";""
"2025-01-27 16:37:18.348";"2025-01-27";"16:37:18";"FO";"316";"207";"553";"0";"0.626";"0.0";"-";"-";"207";"553";"0.626"
"2025-01-27 16:37:48.330";"2025-01-27";"16:37:48";"F";"317";"239";"443";"25";"0.460";"4.8";"189";"0.248";"207";"553";"0.626"
"2025-01-27 16:38:18.327";"2025-01-27";"16:38:18";"F";"318";"244";"366";"45";"0.333";"6.3";"174";"0.511";"207";"553";"0.626"
"2025-01-27 16:38:48.315";"2025-01-27";"16:38:48";"F";"319";"250";"322";"65";"0.224";"6.1";"163";"0.717";"207";"553";"0.626"
"2025-01-27 16:39:18.298";"2025-01-27";"16:39:18";"F";"320";"255";"303";"90";"0.158";"6.0";"158";"0.825";"207";"553";"0.626"
"2025-01-27 16:39:48.296";"2025-01-27";"16:39:48";"F";"321";"259";"292";"125";"0.113";"5.9";"155";"0.894";"207";"553";"0.626"
"2025-01-27 16:40:18.299";"2025-01-27";"16:40:18";"F";"322";"266";"287";"190";"0.073";"5.8";"154";"0.927";"207";"553";"0.626"
"2025-01-27 16:40:48.287";"2025-01-27";"16:40:48";"F";"323";"268";"283";"285";"0.053";"6.3";"153";"0.954";"207";"553";"0.626"
"2025-01-27 16:41:18.278";"2025-01-27";"16:41:18";"F";"324";"270";"280";"420";"0.036";"6.4";"152";"0.975";"207";"553";"0.626"
"2025-01-27 16:41:22.044";"2025-01-27";"16:41:22";"SLCE";"";"Light Curve end ";""
"2025-01-27 16:41:46.192";"2025-01-27";"16:41:46";"SLCS";"";"Light Curve start ";"u124"
"2025-01-27 16:41:46.192";"2025-01-27";"16:41:46";"REG1";"";"#1: alpha: 0.211, ETRm: 7.655, Ik: 36.215   ( beta: 0.000, ETRmPot: 7.730 )   (Platt et al. 1980) ";""
"2025-01-27 16:41:46.192";"2025-01-27";"16:41:46";"REG2";"";"#1: alpha: 0.155, ETRm: 7.563, Ik: 48.791   (Jassby and Platt 1976) ";""
"2025-01-27 16:41:47.586";"2025-01-27";"16:41:47";"FO";"325";"554";"1943";"0";"0.715";"0.0";"-";"-";"554";"1943";"0.715"
"2025-01-27 16:42:17.583";"2025-01-27";"16:42:17";"F";"326";"1032";"1638";"25";"0.370";"3.9";"526";"0.186";"554";"1943";"0.715"
"2025-01-27 16:42:47.570";"2025-01-27";"16:42:47";"F";"327";"1126";"1566";"45";"0.281";"5.3";"518";"0.241";"554";"1943";"0.715"
"2025-01-27 16:43:17.559";"2025-01-27";"16:43:17";"F";"328";"1204";"1578";"65";"0.237";"6.5";"520";"0.231";"554";"1943";"0.715"
"2025-01-27 16:43:47.547";"2025-01-27";"16:43:47";"F";"329";"1321";"1629";"90";"0.189";"7.1";"525";"0.193";"554";"1943";"0.715"
"2025-01-27 16:44:17.534";"2025-01-27";"16:44:17";"F";"330";"1406";"1636";"125";"0.141";"7.4";"526";"0.188";"554";"1943";"0.715"
"2025-01-27 16:44:47.522";"2025-01-27";"16:44:47";"F";"331";"1423";"1573";"190";"0.095";"7.6";"519";"0.235";"554";"1943";"0.715"
"2025-01-27 16:45:17.511";"2025-01-27";"16:45:17";"F";"332";"1379";"1474";"285";"0.064";"7.7";"508";"0.318";"554";"1943";"0.715"
"2025-01-27 16:45:47.499";"2025-01-27";"16:45:47";"F";"333";"1298";"1356";"420";"0.043";"7.6";"493";"0.433";"554";"1943";"0.715"
"2025-01-27 16:45:51.183";"2025-01-27";"16:45:51";"SLCE";"";"Light Curve end ";""
"2025-01-27 16:46:09.447";"2025-01-27";"16:46:09";"SLCS";"";"Light Curve start ";"h121"
"2025-01-27 16:46:09.447";"2025-01-27";"16:46:09";"REG1";"";"#1: alpha: - , ETRm: - , Ik: -   ( beta: - 0.005, ETRmPot: 6.610 )   (Platt et al. 1980) ";""
"2025-01-27 16:46:09.447";"2025-01-27";"16:46:09";"REG2";"";"#1: alpha: 0.158, ETRm: 7.780, Ik: 49.350   (Jassby and Platt 1976) ";""
"2025-01-27 16:46:10.837";"2025-01-27";"16:46:10";"FO";"334";"218";"541";"0";"0.597";"0.0";"-";"-";"218";"541";"0.597"
"2025-01-27 16:46:40.826";"2025-01-27";"16:46:40";"F";"335";"268";"435";"25";"0.384";"4.0";"199";"0.244";"218";"541";"0.597"
"2025-01-27 16:47:10.816";"2025-01-27";"16:47:10";"F";"336";"278";"406";"45";"0.315";"6.0";"192";"0.333";"218";"541";"0.597"
"2025-01-27 16:47:40.811";"2025-01-27";"16:47:40";"F";"337";"284";"372";"65";"0.237";"6.5";"184";"0.454";"218";"541";"0.597"
"2025-01-27 16:48:10.794";"2025-01-27";"16:48:10";"F";"338";"290";"349";"90";"0.169";"6.4";"178";"0.550";"218";"541";"0.597"
"2025-01-27 16:48:40.783";"2025-01-27";"16:48:40";"F";"339";"288";"331";"125";"0.130";"6.8";"174";"0.634";"218";"541";"0.597"
"2025-01-27 16:49:10.779";"2025-01-27";"16:49:10";"F";"340";"291";"323";"190";"0.099";"7.9";"171";"0.675";"218";"541";"0.597"
"2025-01-27 16:49:40.767";"2025-01-27";"16:49:40";"F";"341";"292";"314";"285";"0.070";"8.4";"169";"0.723";"218";"541";"0.597"
"2025-01-27 16:50:10.775";"2025-01-27";"16:50:10";"F";"342";"291";"306";"420";"0.049";"8.6";"166";"0.768";"218";"541";"0.597"
"2025-01-27 16:50:13.884";"2025-01-27";"16:50:13";"SLCE";"";"Light Curve end ";""
"2025-01-27 16:50:42.923";"2025-01-27";"16:50:42";"SLCS";"";"Light Curve start ";"u121"
"2025-01-27 16:50:42.923";"2025-01-27";"16:50:42";"REG1";"";"#1: alpha: 0.232, ETRm: 8.026, Ik: 34.590   ( beta: 0.001, ETRmPot: 8.273 )   (Platt et al. 1980) ";""
"2025-01-27 16:50:42.923";"2025-01-27";"16:50:42";"REG2";"";"#1: alpha: 0.175, ETRm: 7.881, Ik: 44.986   (Jassby and Platt 1976) ";""
"2025-01-27 16:50:44.339";"2025-01-27";"16:50:44";"FO";"343";"653";"2631";"0";"0.752";"0.0";"-";"-";"653";"2631";"0.752"
"2025-01-27 16:51:14.319";"2025-01-27";"16:51:14";"F";"344";"1381";"2338";"25";"0.409";"4.3";"633";"0.125";"653";"2631";"0.752"
"2025-01-27 16:51:44.313";"2025-01-27";"16:51:44";"F";"345";"1548";"2249";"45";"0.312";"5.9";"627";"0.170";"653";"2631";"0.752"
"2025-01-27 16:52:14.297";"2025-01-27";"16:52:14";"F";"346";"1654";"2209";"65";"0.251";"6.9";"623";"0.191";"653";"2631";"0.752"
"2025-01-27 16:52:44.294";"2025-01-27";"16:52:44";"F";"347";"1753";"2174";"90";"0.194";"7.3";"621";"0.210";"653";"2631";"0.752"
"2025-01-27 16:53:14.283";"2025-01-27";"16:53:14";"F";"348";"1788";"2097";"125";"0.147";"7.7";"614";"0.255";"653";"2631";"0.752"
"2025-01-27 16:53:44.270";"2025-01-27";"16:53:44";"F";"349";"1785";"1989";"190";"0.103";"8.2";"605";"0.323";"653";"2631";"0.752"
"2025-01-27 16:54:14.242";"2025-01-27";"16:54:14";"F";"350";"1736";"1864";"285";"0.069";"8.3";"592";"0.411";"653";"2631";"0.752"
"2025-01-27 16:54:44.250";"2025-01-27";"16:54:44";"F";"351";"1650";"1725";"420";"0.043";"7.6";"578";"0.525";"653";"2631";"0.752"
"2025-01-27 16:54:46.692";"2025-01-27";"16:54:46";"SLCE";"";"Light Curve end ";""
"2025-01-27 16:55:01.762";"2025-01-27";"16:55:01";"SLCS";"";"Light Curve start ";"h122"
"2025-01-27 16:55:01.762";"2025-01-27";"16:55:01";"REG1";"";"#1: alpha: - , ETRm: - , Ik: -   ( beta: - 0.002, ETRmPot: 6.862 )   (Platt et al. 1980) ";""
"2025-01-27 16:55:01.762";"2025-01-27";"16:55:01";"REG2";"";"#1: alpha: 0.161, ETRm: 7.353, Ik: 45.542   (Jassby and Platt 1976) ";""
"2025-01-27 16:55:03.153";"2025-01-27";"16:55:03";"FO";"352";"213";"529";"0";"0.597";"0.0";"-";"-";"213";"529";"0.597"
"2025-01-27 16:55:33.151";"2025-01-27";"16:55:33";"F";"353";"261";"415";"25";"0.371";"3.9";"192";"0.275";"213";"529";"0.597"
"2025-01-27 16:56:03.139";"2025-01-27";"16:56:03";"F";"354";"267";"379";"45";"0.296";"5.6";"184";"0.396";"213";"529";"0.597"
"2025-01-27 16:56:33.120";"2025-01-27";"16:56:33";"F";"355";"273";"357";"65";"0.235";"6.4";"178";"0.482";"213";"529";"0.597"
"2025-01-27 16:57:03.116";"2025-01-27";"16:57:03";"F";"356";"281";"341";"90";"0.176";"6.7";"174";"0.551";"213";"529";"0.597"
"2025-01-27 16:57:33.098";"2025-01-27";"16:57:33";"F";"357";"286";"331";"125";"0.136";"7.1";"172";"0.598";"213";"529";"0.597"
"2025-01-27 16:58:03.096";"2025-01-27";"16:58:03";"F";"358";"292";"321";"190";"0.090";"7.2";"169";"0.648";"213";"529";"0.597"
"2025-01-27 16:58:33.084";"2025-01-27";"16:58:33";"F";"359";"295";"315";"285";"0.063";"7.5";"167";"0.679";"213";"529";"0.597"
"2025-01-27 16:59:03.066";"2025-01-27";"16:59:03";"F";"360";"296";"310";"420";"0.045";"7.9";"166";"0.706";"213";"529";"0.597"
"2025-01-27 16:59:06.563";"2025-01-27";"16:59:06";"SLCE";"";"Light Curve end ";""
"2025-01-27 16:59:39.546";"2025-01-27";"16:59:39";"SLCS";"";"Light Curve start ";"u122"
"2025-01-27 16:59:39.546";"2025-01-27";"16:59:39";"REG1";"";"#1: alpha: 0.221, ETRm: 7.963, Ik: 36.024   ( beta: 0.004, ETRmPot: 8.744 )   (Platt et al. 1980) ";""
"2025-01-27 16:59:39.546";"2025-01-27";"16:59:39";"REG2";"";"#1: alpha: 0.176, ETRm: 7.653, Ik: 43.450   (Jassby and Platt 1976) ";""
"2025-01-27 16:59:40.944";"2025-01-27";"16:59:40";"FO";"361";"631";"2527";"0";"0.750";"0.0";"-";"-";"631";"2527";"0.750"
"2025-01-27 17:00:10.960";"2025-01-27";"17:00:10";"F";"362";"1289";"2173";"25";"0.407";"4.3";"606";"0.163";"631";"2527";"0.750"
"2025-01-27 17:00:40.944";"2025-01-27";"17:00:40";"F";"363";"1450";"2069";"45";"0.299";"5.7";"598";"0.221";"631";"2527";"0.750"
"2025-01-27 17:01:10.938";"2025-01-27";"17:01:10";"F";"364";"1515";"2012";"65";"0.247";"6.7";"593";"0.256";"631";"2527";"0.750"
"2025-01-27 17:01:40.924";"2025-01-27";"17:01:40";"F";"365";"1590";"1984";"90";"0.199";"7.5";"591";"0.274";"631";"2527";"0.750"
"2025-01-27 17:02:10.920";"2025-01-27";"17:02:10";"F";"366";"1658";"1950";"125";"0.150";"7.9";"588";"0.296";"631";"2527";"0.750"
"2025-01-27 17:02:40.909";"2025-01-27";"17:02:40";"F";"367";"1675";"1861";"190";"0.100";"8.0";"579";"0.358";"631";"2527";"0.750"
"2025-01-27 17:03:10.898";"2025-01-27";"17:03:10";"F";"368";"1625";"1737";"285";"0.064";"7.7";"567";"0.455";"631";"2527";"0.750"
"2025-01-27 17:03:40.885";"2025-01-27";"17:03:40";"F";"369";"1538";"1602";"420";"0.040";"7.1";"551";"0.577";"631";"2527";"0.750"
"2025-01-27 17:03:44.712";"2025-01-27";"17:03:44";"SLCE";"";"Light Curve end ";""
"2025-01-27 17:04:00.902";"2025-01-27";"17:04:00";"SLCS";"";"Light Curve start ";"h103"
"2025-01-27 17:04:00.902";"2025-01-27";"17:04:00";"REG1";"";"#1: alpha: - , ETRm: - , Ik: -   ( beta: - 0.002, ETRmPot: 5.537 )   (Platt et al. 1980) ";""
"2025-01-27 17:04:00.902";"2025-01-27";"17:04:00";"REG2";"";"#1: alpha: 0.237, ETRm: 5.968, Ik: 25.166   (Jassby and Platt 1976) ";""
"2025-01-27 17:04:02.294";"2025-01-27";"17:04:02";"FO";"370";"219";"635";"0";"0.655";"0.0";"-";"-";"219";"635";"0.655"
"2025-01-27 17:04:32.277";"2025-01-27";"17:04:32";"F";"371";"274";"483";"25";"0.433";"4.5";"198";"0.315";"219";"635";"0.655"
"2025-01-27 17:05:02.273";"2025-01-27";"17:05:02";"F";"372";"282";"404";"45";"0.302";"5.7";"183";"0.572";"219";"635";"0.655"
"2025-01-27 17:05:32.262";"2025-01-27";"17:05:32";"F";"373";"288";"369";"65";"0.220";"6.0";"175";"0.721";"219";"635";"0.655"
"2025-01-27 17:06:02.250";"2025-01-27";"17:06:02";"F";"374";"295";"346";"90";"0.147";"5.6";"170";"0.835";"219";"635";"0.655"
"2025-01-27 17:06:32.233";"2025-01-27";"17:06:32";"F";"375";"299";"334";"125";"0.105";"5.5";"167";"0.901";"219";"635";"0.655"
"2025-01-27 17:07:02.223";"2025-01-27";"17:07:02";"F";"376";"302";"326";"190";"0.074";"5.9";"165";"0.948";"219";"635";"0.655"
"2025-01-27 17:07:32.218";"2025-01-27";"17:07:32";"F";"377";"305";"321";"285";"0.050";"6.0";"164";"0.978";"219";"635";"0.655"
"2025-01-27 17:08:02.208";"2025-01-27";"17:08:02";"F";"378";"304";"316";"420";"0.038";"6.7";"162";"1.009";"219";"635";"0.655"
"2025-01-27 17:08:05.605";"2025-01-27";"17:08:05";"SLCE";"";"Light Curve end ";""
"2025-01-27 17:08:19.548";"2025-01-27";"17:08:19";"SLCS";"";"Light Curve start ";"u103"
"2025-01-27 17:08:19.548";"2025-01-27";"17:08:19";"REG1";"";"#1: alpha: 0.227, ETRm: 7.555, Ik: 33.225   ( beta: 0.010, ETRmPot: 9.067 )   (Platt et al. 1980) ";""
"2025-01-27 17:08:19.548";"2025-01-27";"17:08:19";"REG2";"";"#1: alpha: 0.201, ETRm: 6.909, Ik: 34.457   (Jassby and Platt 1976) ";""
"2025-01-27 17:08:20.960";"2025-01-27";"17:08:20";"FO";"379";"524";"2460";"0";"0.787";"0.0";"-";"-";"524";"2460";"0.787"
"2025-01-27 17:08:50.942";"2025-01-27";"17:08:50";"F";"380";"945";"1607";"25";"0.412";"4.3";"471";"0.531";"524";"2460";"0.787"
"2025-01-27 17:09:20.929";"2025-01-27";"17:09:20";"F";"381";"1046";"1507";"45";"0.306";"5.8";"462";"0.632";"524";"2460";"0.787"
"2025-01-27 17:09:50.925";"2025-01-27";"17:09:50";"F";"382";"1127";"1495";"65";"0.246";"6.7";"461";"0.645";"524";"2460";"0.787"
"2025-01-27 17:10:20.929";"2025-01-27";"17:10:20";"F";"383";"1220";"1510";"90";"0.192";"7.3";"462";"0.629";"524";"2460";"0.787"
"2025-01-27 17:10:50.916";"2025-01-27";"17:10:50";"F";"384";"1288";"1500";"125";"0.141";"7.4";"461";"0.640";"524";"2460";"0.787"
"2025-01-27 17:11:20.908";"2025-01-27";"17:11:20";"F";"385";"1292";"1425";"190";"0.093";"7.4";"454";"0.726";"524";"2460";"0.787"
"2025-01-27 17:11:50.897";"2025-01-27";"17:11:50";"F";"386";"1245";"1321";"285";"0.058";"6.9";"443";"0.862";"524";"2460";"0.787"
"2025-01-27 17:12:20.893";"2025-01-27";"17:12:20";"F";"387";"1183";"1221";"420";"0.031";"5.5";"431";"1.015";"524";"2460";"0.787"
"2025-01-27 17:12:24.752";"2025-01-27";"17:12:24";"SLCE";"";"Light Curve end ";""
"2025-01-27 17:12:40.455";"2025-01-27";"17:12:40";"SLCS";"";"Light Curve start ";"h104"
"2025-01-27 17:12:40.455";"2025-01-27";"17:12:40";"REG1";"";"#1: alpha: - , ETRm: - , Ik: -   ( beta: - 0.004, ETRmPot: 7.149 )   (Platt et al. 1980) ";""
"2025-01-27 17:12:40.455";"2025-01-27";"17:12:40";"REG2";"";"#1: alpha: 0.143, ETRm: 8.240, Ik: 57.794   (Jassby and Platt 1976) ";""
"2025-01-27 17:12:41.853";"2025-01-27";"17:12:41";"FO";"388";"193";"509";"0";"0.621";"0.0";"-";"-";"193";"509";"0.621"
"2025-01-27 17:13:11.834";"2025-01-27";"17:13:11";"F";"389";"281";"453";"25";"0.380";"4.0";"184";"0.124";"193";"509";"0.621"
"2025-01-27 17:13:41.831";"2025-01-27";"17:13:41";"F";"390";"300";"425";"45";"0.294";"5.6";"180";"0.198";"193";"509";"0.621"
"2025-01-27 17:14:11.819";"2025-01-27";"17:14:11";"F";"391";"309";"403";"65";"0.233";"6.4";"175";"0.263";"193";"509";"0.621"
"2025-01-27 17:14:41.806";"2025-01-27";"17:14:41";"F";"392";"316";"387";"90";"0.183";"6.9";"172";"0.315";"193";"509";"0.621"
"2025-01-27 17:15:11.794";"2025-01-27";"17:15:11";"F";"393";"323";"377";"125";"0.143";"7.5";"170";"0.350";"193";"509";"0.621"
"2025-01-27 17:15:41.786";"2025-01-27";"17:15:41";"F";"394";"328";"363";"190";"0.096";"7.7";"167";"0.402";"193";"509";"0.621"
"2025-01-27 17:16:11.769";"2025-01-27";"17:16:11";"F";"395";"326";"353";"285";"0.076";"9.1";"165";"0.442";"193";"509";"0.621"
"2025-01-27 17:16:41.763";"2025-01-27";"17:16:41";"F";"396";"320";"337";"420";"0.050";"8.8";"162";"0.510";"193";"509";"0.621"
"2025-01-27 17:16:45.721";"2025-01-27";"17:16:45";"SLCE";"";"Light Curve end ";""
"2025-01-27 17:17:03.685";"2025-01-27";"17:17:03";"SLCS";"";"Light Curve start ";"u104"
"2025-01-27 17:17:03.685";"2025-01-27";"17:17:03";"REG1";"";"#1: alpha: 0.222, ETRm: 8.356, Ik: 37.694   ( beta: 0.005, ETRmPot: 9.274 )   (Platt et al. 1980) ";""
"2025-01-27 17:17:03.685";"2025-01-27";"17:17:03";"REG2";"";"#1: alpha: 0.178, ETRm: 8.017, Ik: 45.116   (Jassby and Platt 1976) ";""
"2025-01-27 17:17:05.078";"2025-01-27";"17:17:05";"FO";"397";"547";"2263";"0";"0.758";"0.0";"-";"-";"547";"2263";"0.758"
"2025-01-27 17:17:35.068";"2025-01-27";"17:17:35";"F";"398";"1052";"1778";"25";"0.408";"4.3";"513";"0.273";"547";"2263";"0.758"
"2025-01-27 17:18:05.063";"2025-01-27";"17:18:05";"F";"399";"1164";"1691";"45";"0.312";"5.9";"506";"0.338";"547";"2263";"0.758"
"2025-01-27 17:18:35.051";"2025-01-27";"17:18:35";"F";"400";"1231";"1659";"65";"0.258";"7.0";"503";"0.364";"547";"2263";"0.758"
"2025-01-27 17:19:05.042";"2025-01-27";"17:19:05";"F";"401";"1312";"1653";"90";"0.206";"7.8";"502";"0.369";"547";"2263";"0.758"
"2025-01-27 17:19:35.028";"2025-01-27";"17:19:35";"F";"402";"1361";"1612";"125";"0.156";"8.2";"498";"0.404";"547";"2263";"0.758"
"2025-01-27 17:20:05.039";"2025-01-27";"17:20:05";"F";"403";"1362";"1521";"190";"0.105";"8.4";"489";"0.488";"547";"2263";"0.758"
"2025-01-27 17:20:35.029";"2025-01-27";"17:20:35";"F";"404";"1324";"1421";"285";"0.068";"8.1";"478";"0.593";"547";"2263";"0.758"
"2025-01-27 17:21:05.011";"2025-01-27";"17:21:05";"F";"405";"1264";"1320";"420";"0.042";"7.4";"466";"0.714";"547";"2263";"0.758"
"2025-01-27 17:21:08.493";"2025-01-27";"17:21:08";"SLCE";"";"Light Curve end ";""
"2025-01-27 17:21:28.098";"2025-01-27";"17:21:28";"SLCS";"";"Light Curve start ";"h101"
"2025-01-27 17:21:28.098";"2025-01-27";"17:21:28";"REG1";"";"#1: alpha: - , ETRm: - , Ik: -   ( beta: - 0.002, ETRmPot: 5.285 )   (Platt et al. 1980) ";""
"2025-01-27 17:21:28.098";"2025-01-27";"17:21:28";"REG2";"";"#1: alpha: 0.155, ETRm: 5.744, Ik: 37.155   (Jassby and Platt 1976) ";""
"2025-01-27 17:21:29.497";"2025-01-27";"17:21:29";"FO";"406";"215";"568";"0";"0.621";"0.0";"-";"-";"215";"568";"0.621"
"2025-01-27 17:21:59.480";"2025-01-27";"17:21:59";"F";"407";"261";"406";"25";"0.357";"3.7";"187";"0.399";"215";"568";"0.621"
"2025-01-27 17:22:29.471";"2025-01-27";"17:22:29";"F";"408";"268";"360";"45";"0.256";"4.8";"176";"0.578";"215";"568";"0.621"
"2025-01-27 17:22:59.454";"2025-01-27";"17:22:59";"F";"409";"274";"334";"65";"0.180";"4.9";"170";"0.701";"215";"568";"0.621"
"2025-01-27 17:23:29.455";"2025-01-27";"17:23:29";"F";"410";"280";"325";"90";"0.138";"5.2";"168";"0.748";"215";"568";"0.621"
"2025-01-27 17:23:59.436";"2025-01-27";"17:23:59";"F";"411";"285";"317";"125";"0.101";"5.3";"165";"0.792";"215";"568";"0.621"
"2025-01-27 17:24:29.426";"2025-01-27";"17:24:29";"F";"412";"287";"310";"190";"0.074";"5.9";"163";"0.832";"215";"568";"0.621"
"2025-01-27 17:24:59.419";"2025-01-27";"17:24:59";"F";"413";"288";"305";"285";"0.056";"6.7";"162";"0.862";"215";"568";"0.621"
"2025-01-27 17:25:29.402";"2025-01-27";"17:25:29";"F";"414";"289";"299";"420";"0.033";"5.8";"160";"0.900";"215";"568";"0.621"
"2025-01-27 17:25:33.023";"2025-01-27";"17:25:33";"SLCE";"";"Light Curve end ";""
"2025-01-27 17:25:46.812";"2025-01-27";"17:25:46";"SLCS";"";"Light Curve start ";"u101"
"2025-01-27 17:25:46.812";"2025-01-27";"17:25:46";"REG1";"";"#1: alpha: 0.221, ETRm: 8.900, Ik: 40.290   ( beta: 0.001, ETRmPot: 9.165 )   (Platt et al. 1980) ";""
"2025-01-27 17:25:46.812";"2025-01-27";"17:25:46";"REG2";"";"#1: alpha: 0.166, ETRm: 8.757, Ik: 52.683   (Jassby and Platt 1976) ";""
"2025-01-27 17:25:48.207";"2025-01-27";"17:25:48";"FO";"415";"521";"2412";"0";"0.784";"0.0";"-";"-";"521";"2412";"0.784"
"2025-01-27 17:26:18.199";"2025-01-27";"17:26:18";"F";"416";"1153";"1991";"25";"0.421";"4.4";"498";"0.211";"521";"2412";"0.784"
"2025-01-27 17:26:48.188";"2025-01-27";"17:26:48";"F";"417";"1304";"1904";"45";"0.315";"6.0";"493";"0.267";"521";"2412";"0.784"
"2025-01-27 17:27:18.171";"2025-01-27";"17:27:18";"F";"418";"1409";"1906";"65";"0.261";"7.1";"493";"0.265";"521";"2412";"0.784"
"2025-01-27 17:27:48.167";"2025-01-27";"17:27:48";"F";"419";"1528";"1934";"90";"0.210";"7.9";"495";"0.247";"521";"2412";"0.784"
"2025-01-27 17:28:18.149";"2025-01-27";"17:28:18";"F";"420";"1603";"1914";"125";"0.162";"8.5";"493";"0.260";"521";"2412";"0.784"
"2025-01-27 17:28:48.137";"2025-01-27";"17:28:48";"F";"421";"1620";"1826";"190";"0.113";"9.0";"487";"0.321";"521";"2412";"0.784"
"2025-01-27 17:29:18.118";"2025-01-27";"17:29:18";"F";"422";"1577";"1707";"285";"0.076";"9.1";"478";"0.413";"521";"2412";"0.784"
"2025-01-27 17:29:48.119";"2025-01-27";"17:29:48";"F";"423";"1499";"1576";"420";"0.049";"8.6";"467";"0.530";"521";"2412";"0.784"
"2025-01-27 17:29:51.197";"2025-01-27";"17:29:51";"SLCE";"";"Light Curve end ";""
"2025-01-27 17:30:21.630";"2025-01-27";"17:30:21";"SLCS";"";"Light Curve start ";"h102"
"2025-01-27 17:30:21.630";"2025-01-27";"17:30:21";"REG1";"";"#1: alpha: 1.632, ETRm: 4.902, Ik: 3.003   ( beta: 0.000, ETRmPot: 4.914 )   (Platt et al. 1980) ";""
"2025-01-27 17:30:21.630";"2025-01-27";"17:30:21";"REG2";"";"#1: alpha: 2.117, ETRm: 4.850, Ik: 2.291   (Jassby and Platt 1976) ";""
"2025-01-27 17:30:23.022";"2025-01-27";"17:30:23";"FO";"424";"182";"579";"0";"0.686";"0.0";"-";"-";"182";"579";"0.686"
"2025-01-27 17:30:53.004";"2025-01-27";"17:30:53";"F";"425";"209";"393";"25";"0.468";"4.9";"158";"0.473";"182";"579";"0.686"
"2025-01-27 17:31:23.001";"2025-01-27";"17:31:23";"F";"426";"213";"303";"45";"0.297";"5.6";"141";"0.911";"182";"579";"0.686"
"2025-01-27 17:31:52.992";"2025-01-27";"17:31:52";"F";"427";"218";"266";"65";"0.180";"4.9";"133";"1.177";"182";"579";"0.686"
"2025-01-27 17:32:22.978";"2025-01-27";"17:32:22";"F";"428";"223";"253";"90";"0.119";"4.5";"130";"1.289";"182";"579";"0.686"
"2025-01-27 17:32:52.967";"2025-01-27";"17:32:52";"F";"429";"227";"248";"125";"0.085";"4.5";"128";"1.335";"182";"579";"0.686"
"2025-01-27 17:33:22.949";"2025-01-27";"17:33:22";"F";"430";"231";"246";"190";"0.061";"4.9";"128";"1.354";"182";"579";"0.686"
"2025-01-27 17:33:52.940";"2025-01-27";"17:33:52";"F";"431";"233";"242";"285";"0.037";"4.4";"127";"1.393";"182";"579";"0.686"
"2025-01-27 17:34:22.931";"2025-01-27";"17:34:22";"F";"432";"234";"241";"420";"0.029";"5.1";"126";"1.402";"182";"579";"0.686"
"2025-01-27 17:34:26.807";"2025-01-27";"17:34:26";"SLCE";"";"Light Curve end ";""
"2025-01-27 17:34:49.450";"2025-01-27";"17:34:49";"SLCS";"";"Light Curve start ";"u102"
"2025-01-27 17:34:49.450";"2025-01-27";"17:34:49";"REG1";"";"#1: alpha: - , ETRm: - , Ik: -   ( beta: - 0.265, ETRmPot: - 6.576 )   (Platt et al. 1980) ";""
"2025-01-27 17:34:49.450";"2025-01-27";"17:34:49";"REG2";"";"#1: alpha: 0.234, ETRm: 5.009, Ik: 21.440   (Jassby and Platt 1976) ";""
"2025-01-27 17:34:50.847";"2025-01-27";"17:34:50";"FO";"433";"594";"2585";"0";"0.770";"0.0";"-";"-";"594";"2585";"0.770"
"2025-01-27 17:35:20.835";"2025-01-27";"17:35:20";"F";"434";"1074";"1726";"25";"0.378";"4.0";"533";"0.498";"594";"2585";"0.770"
"2025-01-27 17:35:50.816";"2025-01-27";"17:35:50";"F";"435";"1169";"1602";"45";"0.270";"5.1";"521";"0.614";"594";"2585";"0.770"
"2025-01-27 17:36:20.813";"2025-01-27";"17:36:20";"F";"436";"1233";"1547";"65";"0.203";"5.5";"515";"0.671";"594";"2585";"0.770"
"2025-01-27 17:36:50.796";"2025-01-27";"17:36:50";"F";"437";"1284";"1507";"90";"0.148";"5.6";"510";"0.715";"594";"2585";"0.770"
"2025-01-27 17:37:20.785";"2025-01-27";"17:37:20";"F";"438";"1316";"1468";"125";"0.104";"5.5";"506";"0.761";"594";"2585";"0.770"
"2025-01-27 17:37:50.772";"2025-01-27";"17:37:50";"F";"439";"1329";"1419";"190";"0.063";"5.0";"500";"0.822";"594";"2585";"0.770"
"2025-01-27 17:38:20.762";"2025-01-27";"17:38:20";"F";"440";"1309";"1363";"285";"0.040";"4.8";"493";"0.897";"594";"2585";"0.770"
"2025-01-27 17:38:50.752";"2025-01-27";"17:38:50";"F";"441";"1266";"1292";"420";"0.020";"3.5";"483";"1.001";"594";"2585";"0.770"
"2025-01-27 17:38:54.089";"2025-01-27";"17:38:54";"SLCE";"";"Light Curve end ";""
