"2025-03-24";"17:03:03";"WinControl (rev 1195) report file"
"Datetime";"Date";"Time";"Type";"No.";"1:F";"1:Fm'";"1:PAR";"1:Y (II)";"1:ETR";"1:Fo'";"1:qP";"1:NPQ";"1:Fo";"1:Fm";"1:Fv/Fm"
"";"";"";"D";"";"Device Nr: #1, JUNIOR-PAM-III (CFMG1014B) ";""
"2025-03-24 13:29:24.849";"2025-03-24";"13:29:24";"SLCS";"";"Light Curve start ";"h331"
"2025-03-24 13:29:24.849";"2025-03-24";"13:29:24";"REG1";"";"#1: alpha: 0.182, ETRm: 9.979, Ik: 54.781   ( beta: 0.009, ETRmPot: 12.274 )   (Platt et al. 1980) ";""
"2025-03-24 13:29:24.849";"2025-03-24";"13:29:24";"REG2";"";"#1: alpha: 0.152, ETRm: 9.536, Ik: 62.932   (Jassby and Platt 1976) ";""
"2025-03-24 13:29:26.252";"2025-03-24";"13:29:26";"FO";"1";"199";"304";"0";"0.345";"0.0";"-";"-";"-";"199";"304";"0.345"
"2025-03-24 13:29:56.244";"2025-03-24";"13:29:56";"F";"2";"218";"330";"25";"0.339";"3.6";"210";"0.933";"- 0.079";"199";"304";"0.345"
"2025-03-24 13:30:26.223";"2025-03-24";"13:30:26";"F";"3";"218";"317";"45";"0.312";"5.9";"204";"0.876";"- 0.041";"199";"304";"0.345"
"2025-03-24 13:30:56.221";"2025-03-24";"13:30:56";"F";"4";"219";"301";"65";"0.272";"7.4";"198";"0.796";"0.010";"199";"304";"0.345"
"2025-03-24 13:31:26.211";"2025-03-24";"13:31:26";"F";"5";"219";"281";"90";"0.221";"8.4";"189";"0.674";"0.082";"199";"304";"0.345"
"2025-03-24 13:31:56.199";"2025-03-24";"13:31:56";"F";"6";"220";"266";"125";"0.173";"9.1";"182";"0.548";"0.143";"199";"304";"0.345"
"2025-03-24 13:32:26.184";"2025-03-24";"13:32:26";"F";"7";"222";"254";"190";"0.126";"10.1";"176";"0.410";"0.197";"199";"304";"0.345"
"2025-03-24 13:32:56.172";"2025-03-24";"13:32:56";"F";"8";"224";"244";"285";"0.082";"9.8";"171";"0.274";"0.246";"199";"304";"0.345"
"2025-03-24 13:33:26.161";"2025-03-24";"13:33:26";"F";"9";"226";"238";"420";"0.050";"8.8";"168";"0.171";"0.277";"199";"304";"0.345"
"2025-03-24 13:33:29.969";"2025-03-24";"13:33:29";"SLCE";"";"Light Curve end ";""
"2025-03-24 13:33:44.852";"2025-03-24";"13:33:44";"SLCS";"";"Light Curve start ";"u331"
"2025-03-24 13:33:44.852";"2025-03-24";"13:33:44";"REG1";"";"#1: alpha: 0.284, ETRm: 11.681, Ik: 41.137   ( beta: 0.001, ETRmPot: 11.945 )   (Platt et al. 1980) ";""
"2025-03-24 13:33:44.852";"2025-03-24";"13:33:44";"REG2";"";"#1: alpha: 0.212, ETRm: 11.521, Ik: 54.423   (Jassby and Platt 1976) ";""
"2025-03-24 13:33:46.246";"2025-03-24";"13:33:46";"FO";"10";"551";"2088";"0";"0.736";"0.0";"-";"-";"-";"551";"2088";"0.736"
"2025-03-24 13:34:16.237";"2025-03-24";"13:34:16";"F";"11";"886";"1761";"25";"0.497";"5.2";"525";"0.708";"0.186";"551";"2088";"0.736"
"2025-03-24 13:34:46.217";"2025-03-24";"13:34:46";"F";"12";"953";"1622";"45";"0.412";"7.8";"512";"0.603";"0.287";"551";"2088";"0.736"
"2025-03-24 13:35:16.214";"2025-03-24";"13:35:16";"F";"13";"1035";"1586";"65";"0.347";"9.5";"509";"0.512";"0.317";"551";"2088";"0.736"
"2025-03-24 13:35:46.195";"2025-03-24";"13:35:46";"F";"14";"1112";"1541";"90";"0.278";"10.5";"504";"0.414";"0.355";"551";"2088";"0.736"
"2025-03-24 13:36:16.192";"2025-03-24";"13:36:16";"F";"15";"1144";"1456";"125";"0.214";"11.2";"494";"0.324";"0.434";"551";"2088";"0.736"
"2025-03-24 13:36:46.182";"2025-03-24";"13:36:46";"F";"16";"1142";"1336";"190";"0.145";"11.6";"480";"0.227";"0.563";"551";"2088";"0.736"
"2025-03-24 13:37:16.164";"2025-03-24";"13:37:16";"F";"17";"1097";"1215";"285";"0.097";"11.6";"463";"0.157";"0.719";"551";"2088";"0.736"
"2025-03-24 13:37:46.152";"2025-03-24";"13:37:46";"F";"18";"1031";"1104";"420";"0.066";"11.6";"446";"0.111";"0.891";"551";"2088";"0.736"
"2025-03-24 13:37:49.968";"2025-03-24";"13:37:49";"SLCE";"";"Light Curve end ";""
"2025-03-24 13:38:08.876";"2025-03-24";"13:38:08";"SLCS";"";"Light Curve start ";"h332"
"2025-03-24 13:38:08.876";"2025-03-24";"13:38:08";"REG1";"";"#1: alpha: - , ETRm: - , Ik: -   ( beta: - 0.006, ETRmPot: 9.925 )   (Platt et al. 1980) ";""
"2025-03-24 13:38:08.876";"2025-03-24";"13:38:08";"REG2";"";"#1: alpha: 0.198, ETRm: 11.406, Ik: 57.493   (Jassby and Platt 1976) ";""
"2025-03-24 13:38:10.279";"2025-03-24";"13:38:10";"FO";"19";"216";"502";"0";"0.570";"0.0";"-";"-";"-";"216";"502";"0.570"
"2025-03-24 13:38:40.262";"2025-03-24";"13:38:40";"F";"20";"239";"470";"25";"0.491";"5.2";"210";"0.888";"0.068";"216";"502";"0.570"
"2025-03-24 13:39:10.257";"2025-03-24";"13:39:10";"F";"21";"242";"419";"45";"0.422";"8.0";"199";"0.805";"0.198";"216";"502";"0.570"
"2025-03-24 13:39:40.238";"2025-03-24";"13:39:40";"F";"22";"245";"369";"65";"0.336";"9.2";"187";"0.681";"0.360";"216";"502";"0.570"
"2025-03-24 13:40:10.227";"2025-03-24";"13:40:10";"F";"23";"251";"333";"90";"0.246";"9.3";"177";"0.526";"0.508";"216";"502";"0.570"
"2025-03-24 13:40:40.217";"2025-03-24";"13:40:40";"F";"24";"255";"315";"125";"0.190";"10.0";"172";"0.420";"0.594";"216";"502";"0.570"
"2025-03-24 13:41:10.215";"2025-03-24";"13:41:10";"F";"25";"259";"302";"190";"0.142";"11.3";"168";"0.321";"0.662";"216";"502";"0.570"
"2025-03-24 13:41:40.194";"2025-03-24";"13:41:40";"F";"26";"263";"293";"285";"0.102";"12.2";"165";"0.234";"0.713";"216";"502";"0.570"
"2025-03-24 13:42:10.186";"2025-03-24";"13:42:10";"F";"27";"266";"286";"420";"0.070";"12.3";"163";"0.163";"0.755";"216";"502";"0.570"
"2025-03-24 13:42:13.590";"2025-03-24";"13:42:13";"SLCE";"";"Light Curve end ";""
"2025-03-24 13:42:43.453";"2025-03-24";"13:42:43";"SLCS";"";"Light Curve start ";"u332"
"2025-03-24 13:42:43.453";"2025-03-24";"13:42:43";"REG1";"";"#1: alpha: 0.285, ETRm: 10.380, Ik: 36.452   ( beta: 0.011, ETRmPot: 12.312 )   (Platt et al. 1980) ";""
"2025-03-24 13:42:43.453";"2025-03-24";"13:42:43";"REG2";"";"#1: alpha: 0.233, ETRm: 9.714, Ik: 41.661   (Jassby and Platt 1976) ";""
"2025-03-24 13:42:44.843";"2025-03-24";"13:42:44";"FO";"28";"546";"1983";"0";"0.725";"0.0";"-";"-";"-";"546";"1983";"0.725"
"2025-03-24 13:43:14.840";"2025-03-24";"13:43:14";"F";"29";"865";"1668";"25";"0.481";"5.1";"519";"0.699";"0.189";"546";"1983";"0.725"
"2025-03-24 13:43:44.841";"2025-03-24";"13:43:44";"F";"30";"962";"1564";"45";"0.385";"7.3";"508";"0.570";"0.268";"546";"1983";"0.725"
"2025-03-24 13:44:14.840";"2025-03-24";"13:44:14";"F";"31";"1029";"1554";"65";"0.338";"9.2";"507";"0.501";"0.276";"546";"1983";"0.725"
"2025-03-24 13:44:44.822";"2025-03-24";"13:44:44";"F";"32";"1158";"1602";"90";"0.277";"10.5";"512";"0.407";"0.238";"546";"1983";"0.725"
"2025-03-24 13:45:14.811";"2025-03-24";"13:45:14";"F";"33";"1320";"1641";"125";"0.196";"10.3";"516";"0.285";"0.208";"546";"1983";"0.725"
"2025-03-24 13:45:44.807";"2025-03-24";"13:45:44";"F";"34";"1368";"1559";"190";"0.123";"9.8";"508";"0.182";"0.272";"546";"1983";"0.725"
"2025-03-24 13:46:14.795";"2025-03-24";"13:46:14";"F";"35";"1320";"1432";"285";"0.078";"9.3";"494";"0.119";"0.385";"546";"1983";"0.725"
"2025-03-24 13:46:44.779";"2025-03-24";"13:46:44";"F";"36";"1260";"1324";"420";"0.048";"8.5";"480";"0.076";"0.498";"546";"1983";"0.725"
"2025-03-24 13:46:48.153";"2025-03-24";"13:46:48";"SLCE";"";"Light Curve end ";""
"2025-03-24 13:47:15.238";"2025-03-24";"13:47:15";"SLCS";"";"Light Curve start ";"h329"
"2025-03-24 13:47:15.238";"2025-03-24";"13:47:15";"REG1";"";"#1: alpha: 0.266, ETRm: 9.631, Ik: 36.252   ( beta: 0.001, ETRmPot: 9.829 )   (Platt et al. 1980) ";""
"2025-03-24 13:47:15.238";"2025-03-24";"13:47:15";"REG2";"";"#1: alpha: 0.197, ETRm: 9.501, Ik: 48.131   (Jassby and Platt 1976) ";""
"2025-03-24 13:47:16.633";"2025-03-24";"13:47:16";"FO";"37";"243";"450";"0";"0.460";"0.0";"-";"-";"-";"243";"450";"0.460"
"2025-03-24 13:47:46.621";"2025-03-24";"13:47:46";"F";"38";"266";"451";"25";"0.410";"4.3";"243";"0.889";"- 0.002";"243";"450";"0.460"
"2025-03-24 13:48:16.605";"2025-03-24";"13:48:16";"F";"39";"273";"440";"45";"0.380";"7.2";"240";"0.835";"0.023";"243";"450";"0.460"
"2025-03-24 13:48:46.594";"2025-03-24";"13:48:46";"F";"40";"274";"396";"65";"0.308";"8.4";"226";"0.718";"0.136";"243";"450";"0.460"
"2025-03-24 13:49:16.589";"2025-03-24";"13:49:16";"F";"41";"278";"364";"90";"0.236";"8.9";"216";"0.581";"0.236";"243";"450";"0.460"
"2025-03-24 13:49:46.579";"2025-03-24";"13:49:46";"F";"42";"283";"343";"125";"0.175";"9.2";"208";"0.444";"0.312";"243";"450";"0.460"
"2025-03-24 13:50:16.566";"2025-03-24";"13:50:16";"F";"43";"289";"328";"190";"0.119";"9.5";"202";"0.310";"0.372";"243";"450";"0.460"
"2025-03-24 13:50:46.558";"2025-03-24";"13:50:46";"F";"44";"294";"320";"285";"0.081";"9.7";"199";"0.215";"0.406";"243";"450";"0.460"
"2025-03-24 13:51:16.546";"2025-03-24";"13:51:16";"F";"45";"297";"314";"420";"0.054";"9.5";"197";"0.145";"0.433";"243";"450";"0.460"
"2025-03-24 13:51:20.061";"2025-03-24";"13:51:20";"SLCE";"";"Light Curve end ";""
"2025-03-24 13:51:30.067";"2025-03-24";"13:51:30";"SLCS";"";"Light Curve start ";"u329"
"2025-03-24 13:51:30.067";"2025-03-24";"13:51:30";"REG1";"";"#1: alpha: - , ETRm: - , Ik: -   ( beta: 0.000, ETRmPot: 9.337 )   (Platt et al. 1980) ";""
"2025-03-24 13:51:30.067";"2025-03-24";"13:51:30";"REG2";"";"#1: alpha: 0.161, ETRm: 9.242, Ik: 57.238   (Jassby and Platt 1976) ";""
"2025-03-24 13:51:31.461";"2025-03-24";"13:51:31";"FO";"46";"635";"2367";"0";"0.732";"0.0";"-";"-";"-";"635";"2367";"0.732"
"2025-03-24 13:52:01.448";"2025-03-24";"13:52:01";"F";"47";"936";"1577";"25";"0.406";"4.3";"560";"0.630";"0.501";"635";"2367";"0.732"
"2025-03-24 13:52:31.442";"2025-03-24";"13:52:31";"F";"48";"1000";"1480";"45";"0.324";"6.1";"547";"0.514";"0.599";"635";"2367";"0.732"
"2025-03-24 13:53:01.426";"2025-03-24";"13:53:01";"F";"49";"1067";"1460";"65";"0.269";"7.3";"544";"0.429";"0.621";"635";"2367";"0.732"
"2025-03-24 13:53:31.423";"2025-03-24";"13:53:31";"F";"50";"1134";"1443";"90";"0.214";"8.1";"542";"0.343";"0.640";"635";"2367";"0.732"
"2025-03-24 13:54:01.432";"2025-03-24";"13:54:01";"F";"51";"1168";"1402";"125";"0.167";"8.8";"536";"0.270";"0.688";"635";"2367";"0.732"
"2025-03-24 13:54:31.421";"2025-03-24";"13:54:31";"F";"52";"1188";"1345";"190";"0.117";"9.3";"527";"0.192";"0.760";"635";"2367";"0.732"
"2025-03-24 13:55:01.409";"2025-03-24";"13:55:01";"F";"53";"1177";"1280";"285";"0.080";"9.6";"517";"0.135";"0.849";"635";"2367";"0.732"
"2025-03-24 13:55:31.392";"2025-03-24";"13:55:31";"F";"54";"1139";"1203";"420";"0.053";"9.3";"504";"0.092";"0.968";"635";"2367";"0.732"
"2025-03-24 13:55:34.692";"2025-03-24";"13:55:34";"SLCE";"";"Light Curve end ";""
"2025-03-24 13:55:51.113";"2025-03-24";"13:55:51";"SLCS";"";"Light Curve start ";"h330"
"2025-03-24 13:55:51.113";"2025-03-24";"13:55:51";"REG1";"";"#1: alpha: - , ETRm: - , Ik: -   ( beta: - 0.002, ETRmPot: 9.843 )   (Platt et al. 1980) ";""
"2025-03-24 13:55:51.113";"2025-03-24";"13:55:51";"REG2";"";"#1: alpha: 0.150, ETRm: 10.151, Ik: 67.676   (Jassby and Platt 1976) ";""
"2025-03-24 13:55:52.521";"2025-03-24";"13:55:52";"FO";"55";"229";"349";"0";"0.344";"0.0";"-";"-";"-";"229";"349";"0.344"
"2025-03-24 13:56:22.503";"2025-03-24";"13:56:22";"F";"56";"243";"383";"25";"0.366";"3.8";"243";"1.000";"- 0.089";"229";"349";"0.344"
"2025-03-24 13:56:52.498";"2025-03-24";"13:56:52";"F";"57";"249";"371";"45";"0.329";"6.2";"238";"0.917";"- 0.059";"229";"349";"0.344"
"2025-03-24 13:57:22.487";"2025-03-24";"13:57:22";"F";"58";"255";"354";"65";"0.280";"7.6";"231";"0.805";"- 0.014";"229";"349";"0.344"
"2025-03-24 13:57:52.477";"2025-03-24";"13:57:52";"F";"59";"263";"338";"90";"0.222";"8.4";"224";"0.658";"0.033";"229";"349";"0.344"
"2025-03-24 13:58:22.466";"2025-03-24";"13:58:22";"F";"60";"269";"327";"125";"0.177";"9.3";"219";"0.537";"0.067";"229";"349";"0.344"
"2025-03-24 13:58:52.449";"2025-03-24";"13:58:52";"F";"61";"279";"317";"190";"0.120";"9.6";"215";"0.373";"0.101";"229";"349";"0.344"
"2025-03-24 13:59:22.436";"2025-03-24";"13:59:22";"F";"62";"284";"312";"285";"0.090";"10.8";"212";"0.280";"0.119";"229";"349";"0.344"
"2025-03-24 13:59:52.431";"2025-03-24";"13:59:52";"F";"63";"289";"307";"420";"0.059";"10.4";"210";"0.186";"0.137";"229";"349";"0.344"
"2025-03-24 13:59:55.627";"2025-03-24";"13:59:55";"SLCE";"";"Light Curve end ";""
"2025-03-24 14:00:33.004";"2025-03-24";"14:00:33";"SLCS";"";"Light Curve start ";"u330"
"2025-03-24 14:00:33.004";"2025-03-24";"14:00:33";"REG1";"";"#1: alpha: 0.173, ETRm: 7.120, Ik: 41.146   ( beta: 0.001, ETRmPot: 7.298 )   (Platt et al. 1980) ";""
"2025-03-24 14:00:33.004";"2025-03-24";"14:00:33";"REG2";"";"#1: alpha: 0.130, ETRm: 7.012, Ik: 54.123   (Jassby and Platt 1976) ";""
"2025-03-24 14:00:34.400";"2025-03-24";"14:00:34";"FO";"64";"888";"1955";"0";"0.546";"0.0";"-";"-";"-";"888";"1955";"0.546"
"2025-03-24 14:01:04.388";"2025-03-24";"14:01:04";"F";"65";"1050";"1594";"25";"0.341";"3.6";"805";"0.689";"0.226";"888";"1955";"0.546"
"2025-03-24 14:01:34.373";"2025-03-24";"14:01:34";"F";"66";"1136";"1510";"45";"0.248";"4.7";"783";"0.514";"0.295";"888";"1955";"0.546"
"2025-03-24 14:02:04.369";"2025-03-24";"14:02:04";"F";"67";"1173";"1472";"65";"0.203";"5.5";"773";"0.428";"0.328";"888";"1955";"0.546"
"2025-03-24 14:02:34.359";"2025-03-24";"14:02:34";"F";"68";"1209";"1450";"90";"0.166";"6.3";"767";"0.353";"0.348";"888";"1955";"0.546"
"2025-03-24 14:03:04.346";"2025-03-24";"14:03:04";"F";"69";"1233";"1415";"125";"0.129";"6.8";"757";"0.277";"0.382";"888";"1955";"0.546"
"2025-03-24 14:03:34.334";"2025-03-24";"14:03:34";"F";"70";"1252";"1376";"190";"0.090";"7.2";"746";"0.197";"0.421";"888";"1955";"0.546"
"2025-03-24 14:04:04.346";"2025-03-24";"14:04:04";"F";"71";"1238";"1318";"285";"0.061";"7.3";"728";"0.136";"0.483";"888";"1955";"0.546"
"2025-03-24 14:04:34.335";"2025-03-24";"14:04:34";"F";"72";"1201";"1250";"420";"0.039";"6.9";"707";"0.090";"0.564";"888";"1955";"0.546"
"2025-03-24 14:04:37.430";"2025-03-24";"14:04:37";"SLCE";"";"Light Curve end ";""
"2025-03-24 14:04:52.443";"2025-03-24";"14:04:52";"SLCS";"";"Light Curve start ";"h335"
"2025-03-24 14:04:52.443";"2025-03-24";"14:04:52";"REG1";"";"#1: alpha: 0.303, ETRm: 17.966, Ik: 59.258   ( beta: 0.010, ETRmPot: 20.688 )   (Platt et al. 1980) ";""
"2025-03-24 14:04:52.443";"2025-03-24";"14:04:52";"REG2";"";"#1: alpha: 0.242, ETRm: 17.532, Ik: 72.306   (Jassby and Platt 1976) ";""
"2025-03-24 14:04:53.834";"2025-03-24";"14:04:53";"FO";"73";"141";"342";"0";"0.588";"0.0";"-";"-";"-";"141";"342";"0.588"
"2025-03-24 14:05:23.822";"2025-03-24";"14:05:23";"F";"74";"155";"328";"25";"0.527";"5.5";"139";"0.915";"0.043";"141";"342";"0.588"
"2025-03-24 14:05:53.813";"2025-03-24";"14:05:53";"F";"75";"161";"326";"45";"0.506";"9.6";"138";"0.878";"0.049";"141";"342";"0.588"
"2025-03-24 14:06:23.802";"2025-03-24";"14:06:23";"F";"76";"164";"308";"65";"0.468";"12.8";"135";"0.832";"0.110";"141";"342";"0.588"
"2025-03-24 14:06:53.783";"2025-03-24";"14:06:53";"F";"77";"165";"272";"90";"0.393";"14.9";"127";"0.738";"0.257";"141";"342";"0.588"
"2025-03-24 14:07:23.779";"2025-03-24";"14:07:23";"F";"78";"166";"242";"125";"0.314";"16.5";"120";"0.623";"0.413";"141";"342";"0.588"
"2025-03-24 14:07:53.764";"2025-03-24";"14:07:53";"F";"79";"169";"216";"190";"0.218";"17.4";"114";"0.461";"0.583";"141";"342";"0.588"
"2025-03-24 14:08:23.759";"2025-03-24";"14:08:23";"F";"80";"172";"202";"285";"0.149";"17.8";"110";"0.326";"0.693";"141";"342";"0.588"
"2025-03-24 14:08:53.747";"2025-03-24";"14:08:53";"F";"81";"177";"196";"420";"0.097";"17.1";"108";"0.216";"0.745";"141";"342";"0.588"
"2025-03-24 14:08:57.420";"2025-03-24";"14:08:57";"SLCE";"";"Light Curve end ";""
"2025-03-24 14:09:09.859";"2025-03-24";"14:09:09";"SLCS";"";"Light Curve start ";"u335"
"2025-03-24 14:09:09.859";"2025-03-24";"14:09:09";"REG1";"";"#1: alpha: 0.275, ETRm: 11.868, Ik: 43.101   ( beta: 0.003, ETRmPot: 12.552 )   (Platt et al. 1980) ";""
"2025-03-24 14:09:09.859";"2025-03-24";"14:09:09";"REG2";"";"#1: alpha: 0.210, ETRm: 11.644, Ik: 55.352   (Jassby and Platt 1976) ";""
"2025-03-24 14:09:11.257";"2025-03-24";"14:09:11";"FO";"82";"562";"2220";"0";"0.747";"0.0";"-";"-";"-";"562";"2220";"0.747"
"2025-03-24 14:09:41.238";"2025-03-24";"14:09:41";"F";"83";"849";"1645";"25";"0.484";"5.1";"516";"0.705";"0.350";"562";"2220";"0.747"
"2025-03-24 14:10:11.234";"2025-03-24";"14:10:11";"F";"84";"905";"1540";"45";"0.412";"7.8";"505";"0.614";"0.442";"562";"2220";"0.747"
"2025-03-24 14:10:41.218";"2025-03-24";"14:10:41";"F";"85";"978";"1500";"65";"0.348";"9.5";"501";"0.523";"0.480";"562";"2220";"0.747"
"2025-03-24 14:11:11.207";"2025-03-24";"14:11:11";"F";"86";"1049";"1461";"90";"0.282";"10.7";"497";"0.427";"0.520";"562";"2220";"0.747"
"2025-03-24 14:11:41.195";"2025-03-24";"14:11:41";"F";"87";"1102";"1409";"125";"0.218";"11.4";"491";"0.334";"0.576";"562";"2220";"0.747"
"2025-03-24 14:12:11.185";"2025-03-24";"14:12:11";"F";"88";"1143";"1341";"190";"0.148";"11.8";"482";"0.231";"0.655";"562";"2220";"0.747"
"2025-03-24 14:12:41.174";"2025-03-24";"14:12:41";"F";"89";"1149";"1274";"285";"0.098";"11.7";"473";"0.156";"0.743";"562";"2220";"0.747"
"2025-03-24 14:13:11.167";"2025-03-24";"14:13:11";"F";"90";"1128";"1207";"420";"0.065";"11.5";"464";"0.106";"0.839";"562";"2220";"0.747"
"2025-03-24 14:13:14.711";"2025-03-24";"14:13:14";"SLCE";"";"Light Curve end ";""
"2025-03-24 14:13:29.807";"2025-03-24";"14:13:29";"SLCS";"";"Light Curve start ";"h336"
"2025-03-24 14:13:29.807";"2025-03-24";"14:13:29";"REG1";"";"#1: alpha: 0.266, ETRm: 11.459, Ik: 43.041   ( beta: 0.004, ETRmPot: 12.402 )   (Platt et al. 1980) ";""
"2025-03-24 14:13:29.807";"2025-03-24";"14:13:29";"REG2";"";"#1: alpha: 0.206, ETRm: 11.191, Ik: 54.419   (Jassby and Platt 1976) ";""
"2025-03-24 14:13:31.202";"2025-03-24";"14:13:31";"FO";"91";"218";"474";"0";"0.540";"0.0";"-";"-";"-";"218";"474";"0.540"
"2025-03-24 14:14:01.217";"2025-03-24";"14:14:01";"F";"92";"241";"439";"25";"0.451";"4.7";"210";"0.865";"0.080";"218";"474";"0.540"
"2025-03-24 14:14:31.209";"2025-03-24";"14:14:31";"F";"93";"247";"418";"45";"0.409";"7.7";"205";"0.803";"0.134";"218";"474";"0.540"
"2025-03-24 14:15:01.189";"2025-03-24";"14:15:01";"F";"94";"247";"375";"65";"0.341";"9.3";"194";"0.707";"0.264";"218";"474";"0.540"
"2025-03-24 14:15:31.179";"2025-03-24";"14:15:31";"F";"95";"252";"345";"90";"0.270";"10.2";"186";"0.585";"0.374";"218";"474";"0.540"
"2025-03-24 14:16:01.169";"2025-03-24";"14:16:01";"F";"96";"255";"326";"125";"0.218";"11.4";"180";"0.486";"0.454";"218";"474";"0.540"
"2025-03-24 14:16:31.165";"2025-03-24";"14:16:31";"F";"97";"261";"305";"190";"0.144";"11.5";"174";"0.336";"0.554";"218";"474";"0.540"
"2025-03-24 14:17:01.154";"2025-03-24";"14:17:01";"F";"98";"265";"291";"285";"0.089";"10.7";"169";"0.213";"0.629";"218";"474";"0.540"
"2025-03-24 14:17:31.138";"2025-03-24";"14:17:31";"F";"99";"269";"287";"420";"0.063";"11.1";"168";"0.151";"0.652";"218";"474";"0.540"
"2025-03-24 14:17:34.726";"2025-03-24";"14:17:34";"SLCE";"";"Light Curve end ";""
"2025-03-24 14:17:45.558";"2025-03-24";"14:17:45";"SLCS";"";"Light Curve start ";"u336"
"2025-03-24 14:17:45.558";"2025-03-24";"14:17:45";"REG1";"";"#1: alpha: 0.304, ETRm: 11.095, Ik: 36.524   ( beta: 0.003, ETRmPot: 11.732 )   (Platt et al. 1980) ";""
"2025-03-24 14:17:45.558";"2025-03-24";"14:17:45";"REG2";"";"#1: alpha: 0.234, ETRm: 10.826, Ik: 46.238   (Jassby and Platt 1976) ";""
"2025-03-24 14:17:46.952";"2025-03-24";"14:17:46";"FO";"100";"676";"2187";"0";"0.691";"0.0";"-";"-";"-";"676";"2187";"0.691"
"2025-03-24 14:18:16.935";"2025-03-24";"14:18:16";"F";"101";"995";"2040";"25";"0.512";"5.4";"661";"0.758";"0.072";"676";"2187";"0.691"
"2025-03-24 14:18:46.925";"2025-03-24";"14:18:46";"F";"102";"1009";"1805";"45";"0.441";"8.3";"634";"0.680";"0.212";"676";"2187";"0.691"
"2025-03-24 14:19:16.917";"2025-03-24";"14:19:16";"F";"103";"1006";"1537";"65";"0.345";"9.4";"598";"0.565";"0.423";"676";"2187";"0.691"
"2025-03-24 14:19:46.907";"2025-03-24";"14:19:46";"F";"104";"972";"1328";"90";"0.268";"10.1";"563";"0.465";"0.647";"676";"2187";"0.691"
"2025-03-24 14:20:16.897";"2025-03-24";"14:20:16";"F";"105";"973";"1225";"125";"0.206";"10.8";"544";"0.370";"0.785";"676";"2187";"0.691"
"2025-03-24 14:20:46.879";"2025-03-24";"14:20:46";"F";"106";"998";"1161";"190";"0.140";"11.2";"531";"0.259";"0.884";"676";"2187";"0.691"
"2025-03-24 14:21:16.877";"2025-03-24";"14:21:16";"F";"107";"1007";"1110";"285";"0.093";"11.1";"520";"0.175";"0.970";"676";"2187";"0.691"
"2025-03-24 14:21:46.858";"2025-03-24";"14:21:46";"F";"108";"998";"1061";"420";"0.059";"10.4";"509";"0.114";"1.061";"676";"2187";"0.691"
"2025-03-24 14:21:50.199";"2025-03-24";"14:21:50";"SLCE";"";"Light Curve end ";""
"2025-03-24 14:22:08.437";"2025-03-24";"14:22:08";"SLCS";"";"Light Curve start ";"h333"
"2025-03-24 14:22:08.437";"2025-03-24";"14:22:08";"REG1";"";"#1: alpha: 0.276, ETRm: 13.050, Ik: 47.224   ( beta: 0.005, ETRmPot: 14.230 )   (Platt et al. 1980) ";""
"2025-03-24 14:22:08.437";"2025-03-24";"14:22:08";"REG2";"";"#1: alpha: 0.214, ETRm: 12.766, Ik: 59.573   (Jassby and Platt 1976) ";""
"2025-03-24 14:22:09.834";"2025-03-24";"14:22:09";"FO";"109";"198";"441";"0";"0.551";"0.0";"-";"-";"-";"198";"441";"0.551"
"2025-03-24 14:22:39.824";"2025-03-24";"14:22:39";"F";"110";"222";"411";"25";"0.460";"4.8";"192";"0.863";"0.073";"198";"441";"0.551"
"2025-03-24 14:23:09.807";"2025-03-24";"14:23:09";"F";"111";"229";"406";"45";"0.436";"8.2";"191";"0.823";"0.086";"198";"441";"0.551"
"2025-03-24 14:23:39.821";"2025-03-24";"14:23:39";"F";"112";"234";"376";"65";"0.378";"10.3";"184";"0.740";"0.173";"198";"441";"0.551"
"2025-03-24 14:24:09.813";"2025-03-24";"14:24:09";"F";"113";"235";"337";"90";"0.303";"11.5";"174";"0.626";"0.309";"198";"441";"0.551"
"2025-03-24 14:24:39.792";"2025-03-24";"14:24:39";"F";"114";"241";"318";"125";"0.242";"12.7";"169";"0.517";"0.387";"198";"441";"0.551"
"2025-03-24 14:25:09.790";"2025-03-24";"14:25:09";"F";"115";"247";"295";"190";"0.163";"13.0";"162";"0.361";"0.495";"198";"441";"0.551"
"2025-03-24 14:25:39.771";"2025-03-24";"14:25:39";"F";"116";"252";"281";"285";"0.103";"12.3";"158";"0.236";"0.569";"198";"441";"0.551"
"2025-03-24 14:26:09.767";"2025-03-24";"14:26:09";"F";"117";"257";"277";"420";"0.072";"12.7";"156";"0.165";"0.592";"198";"441";"0.551"
"2025-03-24 14:26:12.904";"2025-03-24";"14:26:12";"SLCE";"";"Light Curve end ";""
"2025-03-24 14:26:42.999";"2025-03-24";"14:26:42";"SLCS";"";"Light Curve start ";"u333"
"2025-03-24 14:26:42.999";"2025-03-24";"14:26:42";"REG1";"";"#1: alpha: - , ETRm: - , Ik: -   ( beta: 0.000, ETRmPot: 9.339 )   (Platt et al. 1980) ";""
"2025-03-24 14:26:42.999";"2025-03-24";"14:26:42";"REG2";"";"#1: alpha: 0.154, ETRm: 9.283, Ik: 60.115   (Jassby and Platt 1976) ";""
"2025-03-24 14:26:44.397";"2025-03-24";"14:26:44";"FO";"118";"713";"2403";"0";"0.703";"0.0";"-";"-";"-";"713";"2403";"0.703"
"2025-03-24 14:27:14.380";"2025-03-24";"14:27:14";"F";"119";"1048";"1751";"25";"0.401";"4.2";"642";"0.634";"0.372";"713";"2403";"0.703"
"2025-03-24 14:27:44.375";"2025-03-24";"14:27:44";"F";"120";"1121";"1644";"45";"0.318";"6.0";"627";"0.514";"0.462";"713";"2403";"0.703"
"2025-03-24 14:28:14.365";"2025-03-24";"14:28:14";"F";"121";"1191";"1613";"65";"0.262";"7.2";"623";"0.426";"0.490";"713";"2403";"0.703"
"2025-03-24 14:28:44.348";"2025-03-24";"14:28:44";"F";"122";"1250";"1583";"90";"0.210";"7.9";"618";"0.345";"0.518";"713";"2403";"0.703"
"2025-03-24 14:29:14.343";"2025-03-24";"14:29:14";"F";"123";"1283";"1537";"125";"0.165";"8.7";"611";"0.274";"0.563";"713";"2403";"0.703"
"2025-03-24 14:29:44.333";"2025-03-24";"14:29:44";"F";"124";"1300";"1468";"190";"0.114";"9.1";"600";"0.194";"0.637";"713";"2403";"0.703"
"2025-03-24 14:30:14.321";"2025-03-24";"14:30:14";"F";"125";"1279";"1396";"285";"0.084";"10.1";"587";"0.145";"0.721";"713";"2403";"0.703"
"2025-03-24 14:30:44.306";"2025-03-24";"14:30:44";"F";"126";"1236";"1304";"420";"0.052";"9.2";"570";"0.093";"0.843";"713";"2403";"0.703"
"2025-03-24 14:30:47.557";"2025-03-24";"14:30:47";"SLCE";"";"Light Curve end ";""
"2025-03-24 14:31:12.729";"2025-03-24";"14:31:12";"SLCS";"";"Light Curve start ";"h334"
"2025-03-24 14:31:12.729";"2025-03-24";"14:31:12";"REG1";"";"#1: alpha: - , ETRm: - , Ik: -   ( beta: - 0.005, ETRmPot: 14.041 )   (Platt et al. 1980) ";""
"2025-03-24 14:31:12.729";"2025-03-24";"14:31:12";"REG2";"";"#1: alpha: 0.201, ETRm: 15.416, Ik: 76.716   (Jassby and Platt 1976) ";""
"2025-03-24 14:31:14.121";"2025-03-24";"14:31:14";"FO";"127";"160";"400";"0";"0.600";"0.0";"-";"-";"-";"160";"400";"0.600"
"2025-03-24 14:31:44.109";"2025-03-24";"14:31:44";"F";"128";"177";"380";"25";"0.534";"5.6";"157";"0.910";"0.053";"160";"400";"0.600"
"2025-03-24 14:32:14.096";"2025-03-24";"14:32:14";"F";"129";"186";"364";"45";"0.489";"9.2";"154";"0.848";"0.099";"160";"400";"0.600"
"2025-03-24 14:32:44.087";"2025-03-24";"14:32:44";"F";"130";"187";"312";"65";"0.401";"10.9";"144";"0.744";"0.282";"160";"400";"0.600"
"2025-03-24 14:33:14.070";"2025-03-24";"14:33:14";"F";"131";"188";"269";"90";"0.301";"11.4";"134";"0.600";"0.487";"160";"400";"0.600"
"2025-03-24 14:33:44.080";"2025-03-24";"14:33:44";"F";"132";"181";"241";"125";"0.249";"13.1";"127";"0.526";"0.660";"160";"400";"0.600"
"2025-03-24 14:34:14.068";"2025-03-24";"14:34:14";"F";"133";"195";"239";"190";"0.184";"14.7";"126";"0.389";"0.674";"160";"400";"0.600"
"2025-03-24 14:34:44.058";"2025-03-24";"14:34:44";"F";"134";"198";"230";"285";"0.139";"16.6";"123";"0.299";"0.739";"160";"400";"0.600"
"2025-03-24 14:35:14.050";"2025-03-24";"14:35:14";"F";"135";"203";"223";"420";"0.090";"15.9";"121";"0.196";"0.794";"160";"400";"0.600"
"2025-03-24 14:35:17.535";"2025-03-24";"14:35:17";"SLCE";"";"Light Curve end ";""
"2025-03-24 14:35:42.508";"2025-03-24";"14:35:42";"SLCS";"";"Light Curve start ";"u334"
"2025-03-24 14:35:42.508";"2025-03-24";"14:35:42";"REG1";"";"#1: alpha: 0.232, ETRm: 10.416, Ik: 44.961   ( beta: 0.003, ETRmPot: 11.103 )   (Platt et al. 1980) ";""
"2025-03-24 14:35:42.508";"2025-03-24";"14:35:42";"REG2";"";"#1: alpha: 0.178, ETRm: 10.209, Ik: 57.365   (Jassby and Platt 1976) ";""
"2025-03-24 14:35:43.899";"2025-03-24";"14:35:43";"FO";"136";"760";"2447";"0";"0.689";"0.0";"-";"-";"-";"760";"2447";"0.689"
"2025-03-24 14:36:13.889";"2025-03-24";"14:36:13";"F";"137";"862";"1513";"25";"0.430";"4.5";"638";"0.744";"0.617";"760";"2447";"0.689"
"2025-03-24 14:36:43.879";"2025-03-24";"14:36:43";"F";"138";"905";"1391";"45";"0.349";"6.6";"615";"0.626";"0.759";"760";"2447";"0.689"
"2025-03-24 14:37:13.870";"2025-03-24";"14:37:13";"F";"139";"958";"1368";"65";"0.300";"8.2";"610";"0.541";"0.789";"760";"2447";"0.689"
"2025-03-24 14:37:43.858";"2025-03-24";"14:37:43";"F";"140";"1025";"1354";"90";"0.243";"9.2";"608";"0.441";"0.807";"760";"2447";"0.689"
"2025-03-24 14:38:13.840";"2025-03-24";"14:38:13";"F";"141";"1076";"1327";"125";"0.189";"9.9";"602";"0.346";"0.844";"760";"2447";"0.689"
"2025-03-24 14:38:43.837";"2025-03-24";"14:38:43";"F";"142";"1108";"1278";"190";"0.133";"10.6";"592";"0.248";"0.915";"760";"2447";"0.689"
"2025-03-24 14:39:13.827";"2025-03-24";"14:39:13";"F";"143";"1109";"1211";"285";"0.084";"10.1";"577";"0.161";"1.021";"760";"2447";"0.689"
"2025-03-24 14:39:43.811";"2025-03-24";"14:39:43";"F";"144";"1092";"1158";"420";"0.057";"10.1";"565";"0.111";"1.113";"760";"2447";"0.689"
"2025-03-24 14:39:47.525";"2025-03-24";"14:39:47";"SLCE";"";"Light Curve end ";""
"2025-03-24 14:40:05.650";"2025-03-24";"14:40:05";"SLCS";"";"Light Curve start ";"h339"
"2025-03-24 14:40:05.650";"2025-03-24";"14:40:05";"REG1";"";"#1: alpha: - , ETRm: - , Ik: -   ( beta: - 0.010, ETRmPot: 10.662 )   (Platt et al. 1980) ";""
"2025-03-24 14:40:05.650";"2025-03-24";"14:40:05";"REG2";"";"#1: alpha: 0.214, ETRm: 13.496, Ik: 63.117   (Jassby and Platt 1976) ";""
"2025-03-24 14:40:07.054";"2025-03-24";"14:40:07";"FO";"145";"244";"573";"0";"0.574";"0.0";"-";"-";"-";"244";"573";"0.574"
"2025-03-24 14:40:37.043";"2025-03-24";"14:40:37";"F";"146";"257";"554";"25";"0.536";"5.6";"240";"0.946";"0.034";"244";"573";"0.574"
"2025-03-24 14:41:07.033";"2025-03-24";"14:41:07";"F";"147";"275";"529";"45";"0.480";"9.1";"236";"0.867";"0.083";"244";"573";"0.574"
"2025-03-24 14:41:37.020";"2025-03-24";"14:41:37";"F";"148";"270";"445";"65";"0.393";"10.7";"217";"0.768";"0.288";"244";"573";"0.574"
"2025-03-24 14:42:07.011";"2025-03-24";"14:42:07";"F";"149";"284";"385";"90";"0.262";"9.9";"202";"0.552";"0.488";"244";"573";"0.574"
"2025-03-24 14:42:37.002";"2025-03-24";"14:42:37";"F";"150";"274";"367";"125";"0.253";"13.3";"197";"0.547";"0.561";"244";"573";"0.574"
"2025-03-24 14:43:06.989";"2025-03-24";"14:43:06";"F";"151";"290";"336";"190";"0.137";"10.9";"188";"0.311";"0.705";"244";"573";"0.574"
"2025-03-24 14:43:36.977";"2025-03-24";"14:43:36";"F";"152";"292";"333";"285";"0.123";"14.7";"187";"0.281";"0.721";"244";"573";"0.574"
"2025-03-24 14:44:06.983";"2025-03-24";"14:44:06";"F";"153";"300";"329";"420";"0.088";"15.5";"185";"0.201";"0.742";"244";"573";"0.574"
"2025-03-24 14:44:10.283";"2025-03-24";"14:44:10";"SLCE";"";"Light Curve end ";""
"2025-03-24 14:44:33.712";"2025-03-24";"14:44:33";"SLCS";"";"Light Curve start ";"u339"
"2025-03-24 14:44:33.712";"2025-03-24";"14:44:33";"REG1";"";"#1: alpha: 0.293, ETRm: 9.605, Ik: 32.797   ( beta: 0.002, ETRmPot: 10.076 )   (Platt et al. 1980) ";""
"2025-03-24 14:44:33.712";"2025-03-24";"14:44:33";"REG2";"";"#1: alpha: 0.223, ETRm: 9.388, Ik: 42.121   (Jassby and Platt 1976) ";""
"2025-03-24 14:44:35.100";"2025-03-24";"14:44:35";"FO";"154";"701";"1970";"0";"0.644";"0.0";"-";"-";"-";"701";"1970";"0.644"
"2025-03-24 14:45:05.097";"2025-03-24";"14:45:05";"F";"155";"949";"1816";"25";"0.477";"5.0";"680";"0.763";"0.085";"701";"1970";"0.644"
"2025-03-24 14:45:35.083";"2025-03-24";"14:45:35";"F";"156";"980";"1615";"45";"0.393";"7.4";"650";"0.658";"0.220";"701";"1970";"0.644"
"2025-03-24 14:46:05.075";"2025-03-24";"14:46:05";"F";"157";"1037";"1515";"65";"0.316";"8.6";"633";"0.542";"0.300";"701";"1970";"0.644"
"2025-03-24 14:46:35.064";"2025-03-24";"14:46:35";"F";"158";"1060";"1398";"90";"0.242";"9.1";"612";"0.430";"0.409";"701";"1970";"0.644"
"2025-03-24 14:47:05.053";"2025-03-24";"14:47:05";"F";"159";"1053";"1278";"125";"0.176";"9.2";"588";"0.326";"0.541";"701";"1970";"0.644"
"2025-03-24 14:47:35.036";"2025-03-24";"14:47:35";"F";"160";"1042";"1186";"190";"0.121";"9.7";"568";"0.233";"0.661";"701";"1970";"0.644"
"2025-03-24 14:48:05.026";"2025-03-24";"14:48:05";"F";"161";"1024";"1113";"285";"0.080";"9.6";"550";"0.158";"0.770";"701";"1970";"0.644"
"2025-03-24 14:48:35.016";"2025-03-24";"14:48:35";"F";"162";"1001";"1055";"420";"0.051";"9.0";"536";"0.104";"0.867";"701";"1970";"0.644"
"2025-03-24 14:48:38.454";"2025-03-24";"14:48:38";"SLCE";"";"Light Curve end ";""
"2025-03-24 14:49:06.163";"2025-03-24";"14:49:06";"SLCS";"";"Light Curve start ";"h340"
"2025-03-24 14:49:06.163";"2025-03-24";"14:49:06";"REG1";"";"#1: alpha: - , ETRm: - , Ik: -   ( beta: - 0.008, ETRmPot: 11.182 )   (Platt et al. 1980) ";""
"2025-03-24 14:49:06.163";"2025-03-24";"14:49:06";"REG2";"";"#1: alpha: 0.201, ETRm: 13.442, Ik: 66.867   (Jassby and Platt 1976) ";""
"2025-03-24 14:49:07.558";"2025-03-24";"14:49:07";"FO";"163";"162";"333";"0";"0.514";"0.0";"-";"-";"-";"162";"333";"0.514"
"2025-03-24 14:49:37.550";"2025-03-24";"14:49:37";"F";"164";"179";"348";"25";"0.486";"5.1";"165";"0.923";"- 0.043";"162";"333";"0.514"
"2025-03-24 14:50:07.532";"2025-03-24";"14:50:07";"F";"165";"184";"338";"45";"0.456";"8.6";"163";"0.880";"- 0.015";"162";"333";"0.514"
"2025-03-24 14:50:37.525";"2025-03-24";"14:50:37";"F";"166";"185";"292";"65";"0.366";"10.0";"152";"0.764";"0.140";"162";"333";"0.514"
"2025-03-24 14:51:07.516";"2025-03-24";"14:51:07";"F";"167";"189";"269";"90";"0.297";"11.2";"145";"0.645";"0.238";"162";"333";"0.514"
"2025-03-24 14:51:37.503";"2025-03-24";"14:51:37";"F";"168";"194";"251";"125";"0.227";"11.9";"140";"0.514";"0.327";"162";"333";"0.514"
"2025-03-24 14:52:07.487";"2025-03-24";"14:52:07";"F";"169";"199";"234";"190";"0.150";"12.0";"134";"0.350";"0.423";"162";"333";"0.514"
"2025-03-24 14:52:37.477";"2025-03-24";"14:52:37";"F";"170";"202";"229";"285";"0.118";"14.1";"133";"0.281";"0.454";"162";"333";"0.514"
"2025-03-24 14:53:07.464";"2025-03-24";"14:53:07";"F";"171";"205";"224";"420";"0.085";"15.0";"131";"0.204";"0.487";"162";"333";"0.514"
"2025-03-24 14:53:11.187";"2025-03-24";"14:53:11";"SLCE";"";"Light Curve end ";""
"2025-03-24 14:53:24.803";"2025-03-24";"14:53:24";"SLCS";"";"Light Curve start ";"u340"
"2025-03-24 14:53:24.803";"2025-03-24";"14:53:24";"REG1";"";"#1: alpha: 0.268, ETRm: 11.177, Ik: 41.633   ( beta: 0.001, ETRmPot: 11.441 )   (Platt et al. 1980) ";""
"2025-03-24 14:53:24.803";"2025-03-24";"14:53:24";"REG2";"";"#1: alpha: 0.202, ETRm: 11.004, Ik: 54.558   (Jassby and Platt 1976) ";""
"2025-03-24 14:53:26.211";"2025-03-24";"14:53:26";"FO";"172";"688";"2235";"0";"0.692";"0.0";"-";"-";"-";"688";"2235";"0.692"
"2025-03-24 14:53:56.213";"2025-03-24";"14:53:56";"F";"173";"1076";"2078";"25";"0.482";"5.1";"672";"0.713";"0.076";"688";"2235";"0.692"
"2025-03-24 14:54:26.191";"2025-03-24";"14:54:26";"F";"174";"1069";"1791";"45";"0.403";"7.6";"639";"0.627";"0.248";"688";"2235";"0.692"
"2025-03-24 14:54:56.193";"2025-03-24";"14:54:56";"F";"175";"1051";"1562";"65";"0.327";"8.9";"607";"0.535";"0.431";"688";"2235";"0.692"
"2025-03-24 14:55:26.184";"2025-03-24";"14:55:26";"F";"176";"1026";"1386";"90";"0.260";"9.8";"579";"0.446";"0.613";"688";"2235";"0.692"
"2025-03-24 14:55:56.176";"2025-03-24";"14:55:56";"F";"177";"1014";"1268";"125";"0.200";"10.5";"557";"0.357";"0.763";"688";"2235";"0.692"
"2025-03-24 14:56:26.160";"2025-03-24";"14:56:26";"F";"178";"1021";"1188";"190";"0.141";"11.3";"541";"0.258";"0.881";"688";"2235";"0.692"
"2025-03-24 14:56:56.154";"2025-03-24";"14:56:56";"F";"179";"1015";"1121";"285";"0.095";"11.4";"527";"0.178";"0.994";"688";"2235";"0.692"
"2025-03-24 14:57:26.144";"2025-03-24";"14:57:26";"F";"180";"996";"1062";"420";"0.062";"10.9";"513";"0.120";"1.105";"688";"2235";"0.692"
"2025-03-24 14:57:28.557";"2025-03-24";"14:57:28";"SLCE";"";"Light Curve end ";""
"2025-03-24 14:57:59.007";"2025-03-24";"14:57:59";"SLCS";"";"Light Curve start ";"h337"
"2025-03-24 14:57:59.007";"2025-03-24";"14:57:59";"REG1";"";"#1: alpha: - , ETRm: - , Ik: -   ( beta: - 0.002, ETRmPot: 9.701 )   (Platt et al. 1980) ";""
"2025-03-24 14:57:59.007";"2025-03-24";"14:57:59";"REG2";"";"#1: alpha: 0.183, ETRm: 10.105, Ik: 55.100   (Jassby and Platt 1976) ";""
"2025-03-24 14:58:00.398";"2025-03-24";"14:58:00";"FO";"181";"172";"288";"0";"0.403";"0.0";"-";"-";"-";"172";"288";"0.403"
"2025-03-24 14:58:30.393";"2025-03-24";"14:58:30";"F";"182";"185";"306";"25";"0.395";"4.1";"178";"0.945";"- 0.059";"172";"288";"0.403"
"2025-03-24 14:59:00.376";"2025-03-24";"14:59:00";"F";"183";"190";"306";"45";"0.379";"7.2";"178";"0.906";"- 0.059";"172";"288";"0.403"
"2025-03-24 14:59:30.371";"2025-03-24";"14:59:30";"F";"184";"192";"278";"65";"0.309";"8.4";"168";"0.782";"0.036";"172";"288";"0.403"
"2025-03-24 15:00:00.360";"2025-03-24";"15:00:00";"F";"185";"193";"254";"90";"0.240";"9.1";"159";"0.642";"0.134";"172";"288";"0.403"
"2025-03-24 15:00:30.351";"2025-03-24";"15:00:30";"F";"186";"195";"237";"125";"0.177";"9.3";"152";"0.494";"0.215";"172";"288";"0.403"
"2025-03-24 15:01:00.339";"2025-03-24";"15:01:00";"F";"187";"198";"226";"190";"0.124";"9.9";"148";"0.359";"0.274";"172";"288";"0.403"
"2025-03-24 15:01:30.322";"2025-03-24";"15:01:30";"F";"188";"200";"219";"285";"0.087";"10.4";"145";"0.257";"0.315";"172";"288";"0.403"
"2025-03-24 15:02:00.319";"2025-03-24";"15:02:00";"F";"189";"203";"216";"420";"0.060";"10.6";"143";"0.178";"0.333";"172";"288";"0.403"
"2025-03-24 15:02:03.953";"2025-03-24";"15:02:03";"SLCE";"";"Light Curve end ";""
"2025-03-24 15:02:18.610";"2025-03-24";"15:02:18";"SLCS";"";"Light Curve start ";"u337"
"2025-03-24 15:02:18.610";"2025-03-24";"15:02:18";"REG1";"";"#1: alpha: 0.244, ETRm: 8.645, Ik: 35.407   ( beta: 0.004, ETRmPot: 9.423 )   (Platt et al. 1980) ";""
"2025-03-24 15:02:18.610";"2025-03-24";"15:02:18";"REG2";"";"#1: alpha: 0.190, ETRm: 8.356, Ik: 43.946   (Jassby and Platt 1976) ";""
"2025-03-24 15:02:20.007";"2025-03-24";"15:02:20";"FO";"190";"606";"1918";"0";"0.684";"0.0";"-";"-";"-";"606";"1918";"0.684"
"2025-03-24 15:02:49.998";"2025-03-24";"15:02:49";"F";"191";"764";"1292";"25";"0.409";"4.3";"526";"0.689";"0.485";"606";"1918";"0.684"
"2025-03-24 15:03:19.978";"2025-03-24";"15:03:19";"F";"192";"820";"1220";"45";"0.328";"6.2";"513";"0.566";"0.572";"606";"1918";"0.684"
"2025-03-24 15:03:49.996";"2025-03-24";"15:03:49";"F";"193";"886";"1233";"65";"0.281";"7.7";"516";"0.484";"0.556";"606";"1918";"0.684"
"2025-03-24 15:04:19.982";"2025-03-24";"15:04:19";"F";"194";"999";"1289";"90";"0.225";"8.5";"525";"0.380";"0.488";"606";"1918";"0.684"
"2025-03-24 15:04:49.966";"2025-03-24";"15:04:49";"F";"195";"1047";"1243";"125";"0.158";"8.3";"517";"0.270";"0.543";"606";"1918";"0.684"
"2025-03-24 15:05:19.963";"2025-03-24";"15:05:19";"F";"196";"1044";"1167";"190";"0.105";"8.4";"504";"0.186";"0.644";"606";"1918";"0.684"
"2025-03-24 15:05:49.950";"2025-03-24";"15:05:49";"F";"197";"1049";"1129";"285";"0.071";"8.5";"496";"0.126";"0.699";"606";"1918";"0.684"
"2025-03-24 15:06:19.939";"2025-03-24";"15:06:19";"F";"198";"1054";"1103";"420";"0.044";"7.8";"491";"0.080";"0.739";"606";"1918";"0.684"
"2025-03-24 15:06:23.116";"2025-03-24";"15:06:23";"SLCE";"";"Light Curve end ";""
"2025-03-24 15:06:39.612";"2025-03-24";"15:06:39";"SLCS";"";"Light Curve start ";"h338"
"2025-03-24 15:06:39.612";"2025-03-24";"15:06:39";"REG1";"";"#1: alpha: - , ETRm: - , Ik: -   ( beta: 0.000, ETRmPot: 14.202 )   (Platt et al. 1980) ";""
"2025-03-24 15:06:39.612";"2025-03-24";"15:06:39";"REG2";"";"#1: alpha: 0.204, ETRm: 13.987, Ik: 68.619   (Jassby and Platt 1976) ";""
"2025-03-24 15:06:41.015";"2025-03-24";"15:06:41";"FO";"199";"211";"405";"0";"0.479";"0.0";"-";"-";"-";"211";"405";"0.479"
"2025-03-24 15:07:11.008";"2025-03-24";"15:07:11";"F";"200";"226";"428";"25";"0.472";"5.0";"217";"0.957";"- 0.054";"211";"405";"0.479"
"2025-03-24 15:07:41.000";"2025-03-24";"15:07:41";"F";"201";"235";"432";"45";"0.456";"8.6";"218";"0.921";"- 0.062";"211";"405";"0.479"
"2025-03-24 15:08:10.987";"2025-03-24";"15:08:10";"F";"202";"237";"385";"65";"0.384";"10.5";"205";"0.822";"0.052";"211";"405";"0.479"
"2025-03-24 15:08:40.970";"2025-03-24";"15:08:40";"F";"203";"235";"336";"90";"0.301";"11.4";"191";"0.697";"0.205";"211";"405";"0.479"
"2025-03-24 15:09:10.966";"2025-03-24";"15:09:10";"F";"204";"238";"313";"125";"0.240";"12.6";"183";"0.577";"0.294";"211";"405";"0.479"
"2025-03-24 15:09:40.947";"2025-03-24";"15:09:40";"F";"205";"244";"295";"190";"0.173";"13.8";"177";"0.432";"0.373";"211";"405";"0.479"
"2025-03-24 15:10:10.944";"2025-03-24";"15:10:10";"F";"206";"249";"284";"285";"0.123";"14.7";"173";"0.315";"0.426";"211";"405";"0.479"
"2025-03-24 15:10:40.928";"2025-03-24";"15:10:40";"F";"207";"253";"275";"420";"0.080";"14.1";"169";"0.208";"0.473";"211";"405";"0.479"
"2025-03-24 15:10:44.072";"2025-03-24";"15:10:44";"SLCE";"";"Light Curve end ";""
"2025-03-24 15:10:58.243";"2025-03-24";"15:10:58";"SLCS";"";"Light Curve start ";"u338"
"2025-03-24 15:10:58.243";"2025-03-24";"15:10:58";"REG1";"";"#1: alpha: 0.225, ETRm: 11.010, Ik: 48.904   ( beta: 0.001, ETRmPot: 11.242 )   (Platt et al. 1980) ";""
"2025-03-24 15:10:58.243";"2025-03-24";"15:10:58";"REG2";"";"#1: alpha: 0.169, ETRm: 10.851, Ik: 64.266   (Jassby and Platt 1976) ";""
"2025-03-24 15:10:59.651";"2025-03-24";"15:10:59";"FO";"208";"543";"1973";"0";"0.725";"0.0";"-";"-";"-";"543";"1973";"0.725"
"2025-03-24 15:11:29.643";"2025-03-24";"15:11:29";"F";"209";"764";"1349";"25";"0.434";"4.6";"482";"0.675";"0.463";"543";"1973";"0.725"
"2025-03-24 15:11:59.631";"2025-03-24";"15:11:59";"F";"210";"818";"1252";"45";"0.347";"6.6";"469";"0.554";"0.576";"543";"1973";"0.725"
"2025-03-24 15:12:29.613";"2025-03-24";"15:12:29";"F";"211";"866";"1234";"65";"0.298";"8.1";"466";"0.479";"0.599";"543";"1973";"0.725"
"2025-03-24 15:12:59.603";"2025-03-24";"15:12:59";"F";"212";"936";"1242";"90";"0.246";"9.3";"467";"0.395";"0.589";"543";"1973";"0.725"
"2025-03-24 15:13:29.598";"2025-03-24";"15:13:29";"F";"213";"991";"1229";"125";"0.194";"10.2";"465";"0.312";"0.605";"543";"1973";"0.725"
"2025-03-24 15:13:59.608";"2025-03-24";"15:13:59";"F";"214";"1021";"1182";"190";"0.136";"10.9";"459";"0.223";"0.669";"543";"1973";"0.725"
"2025-03-24 15:14:29.597";"2025-03-24";"15:14:29";"F";"215";"1009";"1112";"285";"0.093";"11.1";"448";"0.155";"0.774";"543";"1973";"0.725"
"2025-03-24 15:14:59.585";"2025-03-24";"15:14:59";"F";"216";"969";"1033";"420";"0.062";"10.9";"434";"0.107";"0.910";"543";"1973";"0.725"
"2025-03-24 15:15:03.172";"2025-03-24";"15:15:03";"SLCE";"";"Light Curve end ";""
"2025-03-24 15:15:34.643";"2025-03-24";"15:15:34";"SLCS";"";"Light Curve start ";"h343"
"2025-03-24 15:15:34.643";"2025-03-24";"15:15:34";"REG1";"";"#1: alpha: - , ETRm: - , Ik: -   ( beta: - 0.002, ETRmPot: 12.079 )   (Platt et al. 1980) ";""
"2025-03-24 15:15:34.643";"2025-03-24";"15:15:34";"REG2";"";"#1: alpha: 0.193, ETRm: 12.387, Ik: 64.047   (Jassby and Platt 1976) ";""
"2025-03-24 15:15:36.033";"2025-03-24";"15:15:36";"FO";"217";"155";"310";"0";"0.500";"0.0";"-";"-";"-";"155";"310";"0.500"
"2025-03-24 15:16:06.018";"2025-03-24";"15:16:06";"F";"218";"176";"319";"25";"0.448";"4.7";"157";"0.883";"- 0.028";"155";"310";"0.500"
"2025-03-24 15:16:36.013";"2025-03-24";"15:16:36";"F";"219";"181";"304";"45";"0.405";"7.7";"153";"0.815";"0.020";"155";"310";"0.500"
"2025-03-24 15:17:06.002";"2025-03-24";"15:17:06";"F";"220";"183";"283";"65";"0.353";"9.6";"148";"0.741";"0.095";"155";"310";"0.500"
"2025-03-24 15:17:35.991";"2025-03-24";"15:17:35";"F";"221";"186";"259";"90";"0.282";"10.7";"141";"0.619";"0.197";"155";"310";"0.500"
"2025-03-24 15:18:05.980";"2025-03-24";"15:18:05";"F";"222";"190";"243";"125";"0.218";"11.4";"136";"0.495";"0.276";"155";"310";"0.500"
"2025-03-24 15:18:35.968";"2025-03-24";"15:18:35";"F";"223";"194";"230";"190";"0.157";"12.5";"132";"0.367";"0.348";"155";"310";"0.500"
"2025-03-24 15:19:05.951";"2025-03-24";"15:19:05";"F";"224";"198";"220";"285";"0.100";"12.0";"129";"0.242";"0.409";"155";"310";"0.500"
"2025-03-24 15:19:35.941";"2025-03-24";"15:19:35";"F";"225";"200";"216";"420";"0.074";"13.1";"127";"0.180";"0.435";"155";"310";"0.500"
"2025-03-24 15:19:39.578";"2025-03-24";"15:19:39";"SLCE";"";"Light Curve end ";""
"2025-03-24 15:20:14.596";"2025-03-24";"15:20:14";"SLCS";"";"Light Curve start ";"u343"
"2025-03-24 15:20:14.596";"2025-03-24";"15:20:14";"REG1";"";"#1: alpha: 0.178, ETRm: 8.165, Ik: 45.897   ( beta: 0.002, ETRmPot: 8.671 )   (Platt et al. 1980) ";""
"2025-03-24 15:20:14.596";"2025-03-24";"15:20:14";"REG2";"";"#1: alpha: 0.137, ETRm: 8.006, Ik: 58.591   (Jassby and Platt 1976) ";""
"2025-03-24 15:20:15.976";"2025-03-24";"15:20:15";"FO";"226";"837";"2444";"0";"0.658";"0.0";"-";"-";"-";"837";"2444";"0.658"
"2025-03-24 15:20:45.969";"2025-03-24";"15:20:45";"F";"227";"1019";"1572";"25";"0.352";"3.7";"703";"0.636";"0.555";"837";"2444";"0.658"
"2025-03-24 15:21:15.963";"2025-03-24";"15:21:15";"F";"228";"1076";"1475";"45";"0.271";"5.1";"683";"0.504";"0.657";"837";"2444";"0.658"
"2025-03-24 15:21:45.955";"2025-03-24";"15:21:45";"F";"229";"1118";"1449";"65";"0.228";"6.2";"678";"0.429";"0.687";"837";"2444";"0.658"
"2025-03-24 15:22:15.939";"2025-03-24";"15:22:15";"F";"230";"1165";"1436";"90";"0.189";"7.1";"675";"0.356";"0.702";"837";"2444";"0.658"
"2025-03-24 15:22:45.934";"2025-03-24";"15:22:45";"F";"231";"1205";"1414";"125";"0.148";"7.8";"670";"0.281";"0.728";"837";"2444";"0.658"
"2025-03-24 15:23:15.920";"2025-03-24";"15:23:15";"F";"232";"1227";"1367";"190";"0.102";"8.1";"659";"0.198";"0.788";"837";"2444";"0.658"
"2025-03-24 15:23:45.931";"2025-03-24";"15:23:45";"F";"233";"1214";"1304";"285";"0.069";"8.3";"644";"0.136";"0.874";"837";"2444";"0.658"
"2025-03-24 15:24:15.920";"2025-03-24";"15:24:15";"F";"234";"1183";"1237";"420";"0.044";"7.8";"627";"0.089";"0.976";"837";"2444";"0.658"
"2025-03-24 15:24:19.583";"2025-03-24";"15:24:19";"SLCE";"";"Light Curve end ";""
"2025-03-24 15:24:57.734";"2025-03-24";"15:24:57";"SLCS";"";"Light Curve start ";"h344"
"2025-03-24 15:24:57.734";"2025-03-24";"15:24:57";"REG1";"";"#1: alpha: 0.220, ETRm: 11.398, Ik: 51.731   ( beta: 0.002, ETRmPot: 11.931 )   (Platt et al. 1980) ";""
"2025-03-24 15:24:57.734";"2025-03-24";"15:24:57";"REG2";"";"#1: alpha: 0.168, ETRm: 11.226, Ik: 66.822   (Jassby and Platt 1976) ";""
"2025-03-24 15:24:59.129";"2025-03-24";"15:24:59";"FO";"235";"232";"475";"0";"0.512";"0.0";"-";"-";"-";"232";"475";"0.512"
"2025-03-24 15:25:29.111";"2025-03-24";"15:25:29";"F";"236";"259";"423";"25";"0.388";"4.1";"219";"0.804";"0.123";"232";"475";"0.512"
"2025-03-24 15:25:59.107";"2025-03-24";"15:25:59";"F";"237";"265";"412";"45";"0.357";"6.7";"216";"0.750";"0.153";"232";"475";"0.512"
"2025-03-24 15:26:29.094";"2025-03-24";"15:26:29";"F";"238";"268";"387";"65";"0.307";"8.4";"209";"0.669";"0.227";"232";"475";"0.512"
"2025-03-24 15:26:59.086";"2025-03-24";"15:26:59";"F";"239";"274";"367";"90";"0.253";"9.6";"203";"0.567";"0.294";"232";"475";"0.512"
"2025-03-24 15:27:29.075";"2025-03-24";"15:27:29";"F";"240";"278";"349";"125";"0.203";"10.7";"197";"0.467";"0.361";"232";"475";"0.512"
"2025-03-24 15:27:59.058";"2025-03-24";"15:27:59";"F";"241";"286";"332";"190";"0.139";"11.1";"192";"0.329";"0.431";"232";"475";"0.512"
"2025-03-24 15:28:29.050";"2025-03-24";"15:28:29";"F";"242";"290";"320";"285";"0.094";"11.3";"188";"0.227";"0.484";"232";"475";"0.512"
"2025-03-24 15:28:59.043";"2025-03-24";"15:28:59";"F";"243";"293";"313";"420";"0.064";"11.3";"185";"0.156";"0.518";"232";"475";"0.512"
"2025-03-24 15:29:02.336";"2025-03-24";"15:29:02";"SLCE";"";"Light Curve end ";""
"2025-03-24 15:29:22.186";"2025-03-24";"15:29:22";"SLCS";"";"Light Curve start ";"u344"
"2025-03-24 15:29:22.186";"2025-03-24";"15:29:22";"REG1";"";"#1: alpha: 0.209, ETRm: 9.077, Ik: 43.520   ( beta: 0.006, ETRmPot: 10.312 )   (Platt et al. 1980) ";""
"2025-03-24 15:29:22.186";"2025-03-24";"15:29:22";"REG2";"";"#1: alpha: 0.168, ETRm: 8.726, Ik: 52.090   (Jassby and Platt 1976) ";""
"2025-03-24 15:29:23.592";"2025-03-24";"15:29:23";"FO";"244";"669";"1892";"0";"0.646";"0.0";"-";"-";"-";"669";"1892";"0.646"
"2025-03-24 15:29:53.580";"2025-03-24";"15:29:53";"F";"245";"721";"1144";"25";"0.370";"3.9";"543";"0.704";"0.654";"669";"1892";"0.646"
"2025-03-24 15:30:23.562";"2025-03-24";"15:30:23";"F";"246";"724";"1051";"45";"0.311";"5.9";"521";"0.617";"0.800";"669";"1892";"0.646"
"2025-03-24 15:30:53.557";"2025-03-24";"15:30:53";"F";"247";"753";"1036";"65";"0.273";"7.5";"518";"0.546";"0.826";"669";"1892";"0.646"
"2025-03-24 15:31:23.546";"2025-03-24";"15:31:23";"F";"248";"781";"1002";"90";"0.221";"8.4";"509";"0.448";"0.888";"669";"1892";"0.646"
"2025-03-24 15:31:53.535";"2025-03-24";"15:31:53";"F";"249";"803";"961";"125";"0.164";"8.6";"498";"0.341";"0.969";"669";"1892";"0.646"
"2025-03-24 15:32:23.520";"2025-03-24";"15:32:23";"F";"250";"828";"933";"190";"0.113";"9.0";"491";"0.238";"1.028";"669";"1892";"0.646"
"2025-03-24 15:32:53.515";"2025-03-24";"15:32:53";"F";"251";"844";"911";"285";"0.074";"8.9";"485";"0.157";"1.077";"669";"1892";"0.646"
"2025-03-24 15:33:23.504";"2025-03-24";"15:33:23";"F";"252";"848";"889";"420";"0.046";"8.1";"478";"0.100";"1.128";"669";"1892";"0.646"
"2025-03-24 15:33:26.823";"2025-03-24";"15:33:26";"SLCE";"";"Light Curve end ";""
"2025-03-24 15:33:40.241";"2025-03-24";"15:33:40";"SLCS";"";"Light Curve start ";"h341"
"2025-03-24 15:33:40.241";"2025-03-24";"15:33:40";"REG1";"";"#1: alpha: 0.239, ETRm: 10.973, Ik: 45.940   ( beta: 0.001, ETRmPot: 11.370 )   (Platt et al. 1980) ";""
"2025-03-24 15:33:40.241";"2025-03-24";"15:33:40";"REG2";"";"#1: alpha: 0.181, ETRm: 10.808, Ik: 59.824   (Jassby and Platt 1976) ";""
"2025-03-24 15:33:41.637";"2025-03-24";"15:33:41";"FO";"253";"229";"461";"0";"0.503";"0.0";"-";"-";"-";"229";"461";"0.503"
"2025-03-24 15:34:11.625";"2025-03-24";"15:34:11";"F";"254";"249";"416";"25";"0.401";"4.2";"217";"0.839";"0.108";"229";"461";"0.503"
"2025-03-24 15:34:41.622";"2025-03-24";"15:34:41";"F";"255";"259";"410";"45";"0.368";"7.0";"216";"0.778";"0.124";"229";"461";"0.503"
"2025-03-24 15:35:11.610";"2025-03-24";"15:35:11";"F";"256";"262";"383";"65";"0.316";"8.6";"208";"0.691";"0.204";"229";"461";"0.503"
"2025-03-24 15:35:41.595";"2025-03-24";"15:35:41";"F";"257";"265";"358";"90";"0.260";"9.8";"200";"0.589";"0.288";"229";"461";"0.503"
"2025-03-24 15:36:11.588";"2025-03-24";"15:36:11";"F";"258";"270";"335";"125";"0.194";"10.2";"193";"0.458";"0.376";"229";"461";"0.503"
"2025-03-24 15:36:41.572";"2025-03-24";"15:36:41";"F";"259";"277";"321";"190";"0.137";"10.9";"188";"0.331";"0.436";"229";"461";"0.503"
"2025-03-24 15:37:11.567";"2025-03-24";"15:37:11";"F";"260";"283";"311";"285";"0.090";"10.8";"185";"0.222";"0.482";"229";"461";"0.503"
"2025-03-24 15:37:41.557";"2025-03-24";"15:37:41";"F";"261";"287";"306";"420";"0.062";"10.9";"183";"0.154";"0.507";"229";"461";"0.503"
"2025-03-24 15:37:45.072";"2025-03-24";"15:37:45";"SLCE";"";"Light Curve end ";""
"2025-03-24 15:38:09.088";"2025-03-24";"15:38:09";"SLCS";"";"Light Curve start ";"u341"
"2025-03-24 15:38:09.088";"2025-03-24";"15:38:09";"REG1";"";"#1: alpha: 0.187, ETRm: 9.825, Ik: 52.525   ( beta: 0.010, ETRmPot: 12.121 )   (Platt et al. 1980) ";""
"2025-03-24 15:38:09.088";"2025-03-24";"15:38:09";"REG2";"";"#1: alpha: 0.155, ETRm: 9.371, Ik: 60.582   (Jassby and Platt 1976) ";""
"2025-03-24 15:38:10.487";"2025-03-24";"15:38:10";"FO";"262";"611";"1615";"0";"0.622";"0.0";"-";"-";"-";"611";"1615";"0.622"
"2025-03-24 15:38:40.475";"2025-03-24";"15:38:40";"F";"263";"646";"1006";"25";"0.358";"3.8";"497";"0.707";"0.605";"611";"1615";"0.622"
"2025-03-24 15:39:10.465";"2025-03-24";"15:39:10";"F";"264";"663";"946";"45";"0.299";"5.7";"482";"0.610";"0.707";"611";"1615";"0.622"
"2025-03-24 15:39:40.453";"2025-03-24";"15:39:40";"F";"265";"694";"946";"65";"0.266";"7.3";"482";"0.543";"0.707";"611";"1615";"0.622"
"2025-03-24 15:40:10.438";"2025-03-24";"15:40:10";"F";"266";"734";"951";"90";"0.228";"8.6";"483";"0.464";"0.698";"611";"1615";"0.622"
"2025-03-24 15:40:40.426";"2025-03-24";"15:40:40";"F";"267";"767";"934";"125";"0.179";"9.4";"479";"0.367";"0.729";"611";"1615";"0.622"
"2025-03-24 15:41:10.414";"2025-03-24";"15:41:10";"F";"268";"786";"894";"190";"0.121";"9.7";"468";"0.254";"0.806";"611";"1615";"0.622"
"2025-03-24 15:41:40.404";"2025-03-24";"15:41:40";"F";"269";"790";"858";"285";"0.079";"9.5";"458";"0.170";"0.882";"611";"1615";"0.622"
"2025-03-24 15:42:10.396";"2025-03-24";"15:42:10";"F";"270";"789";"830";"420";"0.049";"8.6";"450";"0.108";"0.946";"611";"1615";"0.622"
"2025-03-24 15:42:14.141";"2025-03-24";"15:42:14";"SLCE";"";"Light Curve end ";""
"2025-03-24 15:42:44.878";"2025-03-24";"15:42:44";"SLCS";"";"Light Curve start ";"h342"
"2025-03-24 15:42:44.878";"2025-03-24";"15:42:44";"REG1";"";"#1: alpha: 0.318, ETRm: 10.418, Ik: 32.724   ( beta: 0.000, ETRmPot: 10.505 )   (Platt et al. 1980) ";""
"2025-03-24 15:42:44.878";"2025-03-24";"15:42:44";"REG2";"";"#1: alpha: 0.229, ETRm: 10.330, Ik: 45.024   (Jassby and Platt 1976) ";""
"2025-03-24 15:42:46.277";"2025-03-24";"15:42:46";"FO";"271";"175";"319";"0";"0.451";"0.0";"-";"-";"-";"175";"319";"0.451"
"2025-03-24 15:43:16.268";"2025-03-24";"15:43:16";"F";"272";"192";"359";"25";"0.465";"4.9";"186";"0.965";"- 0.111";"175";"319";"0.451"
"2025-03-24 15:43:46.270";"2025-03-24";"15:43:46";"F";"273";"195";"335";"45";"0.418";"7.9";"180";"0.903";"- 0.048";"175";"319";"0.451"
"2025-03-24 15:44:16.266";"2025-03-24";"15:44:16";"F";"274";"196";"301";"65";"0.349";"9.5";"169";"0.795";"0.060";"175";"319";"0.451"
"2025-03-24 15:44:46.249";"2025-03-24";"15:44:46";"F";"275";"199";"273";"90";"0.271";"10.2";"160";"0.655";"0.168";"175";"319";"0.451"
"2025-03-24 15:45:16.246";"2025-03-24";"15:45:16";"F";"276";"202";"252";"125";"0.198";"10.4";"153";"0.505";"0.266";"175";"319";"0.451"
"2025-03-24 15:45:46.229";"2025-03-24";"15:45:46";"F";"277";"207";"236";"190";"0.123";"9.8";"147";"0.326";"0.352";"175";"319";"0.451"
"2025-03-24 15:46:16.217";"2025-03-24";"15:46:16";"F";"278";"211";"230";"285";"0.083";"9.9";"144";"0.221";"0.387";"175";"319";"0.451"
"2025-03-24 15:46:46.209";"2025-03-24";"15:46:46";"F";"279";"215";"229";"420";"0.061";"10.8";"144";"0.165";"0.393";"175";"319";"0.451"
"2025-03-24 15:46:49.630";"2025-03-24";"15:46:49";"SLCE";"";"Light Curve end ";""
"2025-03-24 15:47:05.057";"2025-03-24";"15:47:05";"SLCS";"";"Light Curve start ";"u342"
"2025-03-24 15:47:05.057";"2025-03-24";"15:47:05";"REG1";"";"#1: alpha: 0.193, ETRm: 9.930, Ik: 51.486   ( beta: 0.006, ETRmPot: 11.434 )   (Platt et al. 1980) ";""
"2025-03-24 15:47:05.057";"2025-03-24";"15:47:05";"REG2";"";"#1: alpha: 0.154, ETRm: 9.626, Ik: 62.515   (Jassby and Platt 1976) ";""
"2025-03-24 15:47:06.451";"2025-03-24";"15:47:06";"FO";"280";"585";"1625";"0";"0.640";"0.0";"-";"-";"-";"585";"1625";"0.640"
"2025-03-24 15:47:36.434";"2025-03-24";"15:47:36";"F";"281";"653";"1024";"25";"0.362";"3.8";"483";"0.686";"0.587";"585";"1625";"0.640"
"2025-03-24 15:48:06.428";"2025-03-24";"15:48:06";"F";"282";"673";"967";"45";"0.304";"5.7";"470";"0.592";"0.680";"585";"1625";"0.640"
"2025-03-24 15:48:36.420";"2025-03-24";"15:48:36";"F";"283";"705";"967";"65";"0.271";"7.4";"470";"0.527";"0.680";"585";"1625";"0.640"
"2025-03-24 15:49:06.402";"2025-03-24";"15:49:06";"F";"284";"749";"975";"90";"0.232";"8.8";"472";"0.449";"0.667";"585";"1625";"0.640"
"2025-03-24 15:49:36.393";"2025-03-24";"15:49:36";"F";"285";"782";"954";"125";"0.180";"9.5";"467";"0.353";"0.703";"585";"1625";"0.640"
"2025-03-24 15:50:06.381";"2025-03-24";"15:50:06";"F";"286";"802";"913";"190";"0.122";"9.7";"457";"0.243";"0.780";"585";"1625";"0.640"
"2025-03-24 15:50:36.375";"2025-03-24";"15:50:36";"F";"287";"803";"874";"285";"0.081";"9.7";"447";"0.166";"0.859";"585";"1625";"0.640"
"2025-03-24 15:51:06.366";"2025-03-24";"15:51:06";"F";"288";"796";"840";"420";"0.052";"9.2";"438";"0.109";"0.935";"585";"1625";"0.640"
"2025-03-24 15:51:09.761";"2025-03-24";"15:51:09";"SLCE";"";"Light Curve end ";""
"2025-03-24 15:51:35.331";"2025-03-24";"15:51:35";"SLCS";"";"Light Curve start ";"h347"
"2025-03-24 15:51:35.331";"2025-03-24";"15:51:35";"REG1";"";"#1: alpha: 0.261, ETRm: 10.418, Ik: 39.871   ( beta: 0.002, ETRmPot: 10.976 )   (Platt et al. 1980) ";""
"2025-03-24 15:51:35.331";"2025-03-24";"15:51:35";"REG2";"";"#1: alpha: 0.204, ETRm: 10.164, Ik: 49.943   (Jassby and Platt 1976) ";""
"2025-03-24 15:51:36.736";"2025-03-24";"15:51:36";"FO";"289";"269";"553";"0";"0.514";"0.0";"-";"-";"-";"269";"553";"0.514"
"2025-03-24 15:52:06.723";"2025-03-24";"15:52:06";"F";"290";"292";"547";"25";"0.466";"4.9";"268";"0.914";"0.011";"269";"553";"0.514"
"2025-03-24 15:52:36.713";"2025-03-24";"15:52:36";"F";"291";"300";"499";"45";"0.399";"7.5";"256";"0.819";"0.108";"269";"553";"0.514"
"2025-03-24 15:53:06.694";"2025-03-24";"15:53:06";"F";"292";"304";"444";"65";"0.315";"8.6";"240";"0.686";"0.245";"269";"553";"0.514"
"2025-03-24 15:53:36.691";"2025-03-24";"15:53:36";"F";"293";"308";"405";"90";"0.240";"9.1";"228";"0.548";"0.365";"269";"553";"0.514"
"2025-03-24 15:54:06.696";"2025-03-24";"15:54:06";"F";"294";"314";"385";"125";"0.184";"9.7";"222";"0.436";"0.436";"269";"553";"0.514"
"2025-03-24 15:54:36.690";"2025-03-24";"15:54:36";"F";"295";"321";"369";"190";"0.130";"10.4";"216";"0.314";"0.499";"269";"553";"0.514"
"2025-03-24 15:55:06.678";"2025-03-24";"15:55:06";"F";"296";"326";"360";"285";"0.094";"11.3";"213";"0.231";"0.536";"269";"553";"0.514"
"2025-03-24 15:55:36.660";"2025-03-24";"15:55:36";"F";"297";"331";"350";"420";"0.054";"9.5";"210";"0.136";"0.580";"269";"553";"0.514"
"2025-03-24 15:55:39.855";"2025-03-24";"15:55:39";"SLCE";"";"Light Curve end ";""
"2025-03-24 15:56:11.761";"2025-03-24";"15:56:11";"SLCS";"";"Light Curve start ";"u347"
"2025-03-24 15:56:11.761";"2025-03-24";"15:56:11";"REG1";"";"#1: alpha: 0.137, ETRm: 5.329, Ik: 38.921   ( beta: 0.001, ETRmPot: 5.602 )   (Platt et al. 1980) ";""
"2025-03-24 15:56:11.761";"2025-03-24";"15:56:11";"REG2";"";"#1: alpha: 0.106, ETRm: 5.200, Ik: 48.996   (Jassby and Platt 1976) ";""
"2025-03-24 15:56:13.149";"2025-03-24";"15:56:13";"FO";"298";"1012";"2252";"0";"0.551";"0.0";"-";"-";"-";"1012";"2252";"0.551"
"2025-03-24 15:56:43.146";"2025-03-24";"15:56:43";"F";"299";"1322";"1843";"25";"0.283";"3.0";"920";"0.564";"0.222";"1012";"2252";"0.551"
"2025-03-24 15:57:13.134";"2025-03-24";"15:57:13";"F";"300";"1402";"1735";"45";"0.192";"3.6";"892";"0.395";"0.298";"1012";"2252";"0.551"
"2025-03-24 15:57:43.123";"2025-03-24";"15:57:43";"F";"301";"1424";"1683";"65";"0.154";"4.2";"879";"0.322";"0.338";"1012";"2252";"0.551"
"2025-03-24 15:58:13.107";"2025-03-24";"15:58:13";"F";"302";"1450";"1655";"90";"0.124";"4.7";"871";"0.261";"0.361";"1012";"2252";"0.551"
"2025-03-24 15:58:43.102";"2025-03-24";"15:58:43";"F";"303";"1466";"1625";"125";"0.098";"5.1";"862";"0.208";"0.386";"1012";"2252";"0.551"
"2025-03-24 15:59:13.089";"2025-03-24";"15:59:13";"F";"304";"1468";"1576";"190";"0.069";"5.5";"848";"0.148";"0.429";"1012";"2252";"0.551"
"2025-03-24 15:59:43.082";"2025-03-24";"15:59:43";"F";"305";"1440";"1511";"285";"0.047";"5.6";"829";"0.104";"0.490";"1012";"2252";"0.551"
"2025-03-24 16:00:13.066";"2025-03-24";"16:00:13";"F";"306";"1394";"1434";"420";"0.028";"4.9";"806";"0.064";"0.570";"1012";"2252";"0.551"
"2025-03-24 16:00:16.218";"2025-03-24";"16:00:16";"SLCE";"";"Light Curve end ";""
"2025-03-24 16:00:38.213";"2025-03-24";"16:00:38";"SLCS";"";"Light Curve start ";"h348"
"2025-03-24 16:00:38.213";"2025-03-24";"16:00:38";"REG1";"";"#1: alpha: - , ETRm: - , Ik: -   ( beta: - 0.005, ETRmPot: 8.616 )   (Platt et al. 1980) ";""
"2025-03-24 16:00:38.213";"2025-03-24";"16:00:38";"REG2";"";"#1: alpha: 0.167, ETRm: 9.807, Ik: 58.849   (Jassby and Platt 1976) ";""
"2025-03-24 16:00:39.604";"2025-03-24";"16:00:39";"FO";"307";"276";"536";"0";"0.485";"0.0";"-";"-";"-";"276";"536";"0.485"
"2025-03-24 16:01:09.591";"2025-03-24";"16:01:09";"F";"308";"314";"551";"25";"0.430";"4.5";"280";"0.875";"- 0.027";"276";"536";"0.485"
"2025-03-24 16:01:39.586";"2025-03-24";"16:01:39";"F";"309";"325";"503";"45";"0.354";"6.7";"267";"0.754";"0.066";"276";"536";"0.485"
"2025-03-24 16:02:09.573";"2025-03-24";"16:02:09";"F";"310";"331";"459";"65";"0.279";"7.6";"254";"0.624";"0.168";"276";"536";"0.485"
"2025-03-24 16:02:39.565";"2025-03-24";"16:02:39";"F";"311";"339";"433";"90";"0.217";"8.2";"246";"0.503";"0.238";"276";"536";"0.485"
"2025-03-24 16:03:09.554";"2025-03-24";"16:03:09";"F";"312";"345";"415";"125";"0.169";"8.9";"240";"0.400";"0.292";"276";"536";"0.485"
"2025-03-24 16:03:39.565";"2025-03-24";"16:03:39";"F";"313";"354";"402";"190";"0.119";"9.5";"236";"0.289";"0.333";"276";"536";"0.485"
"2025-03-24 16:04:09.553";"2025-03-24";"16:04:09";"F";"314";"360";"394";"285";"0.086";"10.3";"233";"0.211";"0.360";"276";"536";"0.485"
"2025-03-24 16:04:39.544";"2025-03-24";"16:04:39";"F";"315";"362";"385";"420";"0.060";"10.6";"230";"0.148";"0.392";"276";"536";"0.485"
"2025-03-24 16:04:42.656";"2025-03-24";"16:04:42";"SLCE";"";"Light Curve end ";""
"2025-03-24 16:05:13.323";"2025-03-24";"16:05:13";"SLCS";"";"Light Curve start ";"u348"
"2025-03-24 16:05:13.323";"2025-03-24";"16:05:13";"REG1";"";"#1: alpha: - , ETRm: - , Ik: -   ( beta: 0.000, ETRmPot: 6.996 )   (Platt et al. 1980) ";""
"2025-03-24 16:05:13.323";"2025-03-24";"16:05:13";"REG2";"";"#1: alpha: 0.153, ETRm: 6.916, Ik: 45.140   (Jassby and Platt 1976) ";""
"2025-03-24 16:05:14.716";"2025-03-24";"16:05:14";"FO";"316";"989";"2541";"0";"0.611";"0.0";"-";"-";"-";"989";"2541";"0.611"
"2025-03-24 16:05:44.707";"2025-03-24";"16:05:44";"F";"317";"1197";"1875";"25";"0.362";"3.8";"869";"0.674";"0.355";"989";"2541";"0.611"
"2025-03-24 16:06:14.700";"2025-03-24";"16:06:14";"F";"318";"1277";"1756";"45";"0.273";"5.2";"842";"0.524";"0.447";"989";"2541";"0.611"
"2025-03-24 16:06:44.687";"2025-03-24";"16:06:44";"F";"319";"1350";"1724";"65";"0.217";"5.9";"835";"0.421";"0.474";"989";"2541";"0.611"
"2025-03-24 16:07:14.678";"2025-03-24";"16:07:14";"F";"320";"1407";"1701";"90";"0.173";"6.5";"830";"0.338";"0.494";"989";"2541";"0.611"
"2025-03-24 16:07:44.667";"2025-03-24";"16:07:44";"F";"321";"1430";"1643";"125";"0.130";"6.8";"816";"0.258";"0.547";"989";"2541";"0.611"
"2025-03-24 16:08:14.655";"2025-03-24";"16:08:14";"F";"322";"1424";"1561";"190";"0.088";"7.0";"795";"0.179";"0.628";"989";"2541";"0.611"
"2025-03-24 16:08:44.643";"2025-03-24";"16:08:44";"F";"323";"1386";"1474";"285";"0.060";"7.2";"772";"0.125";"0.724";"989";"2541";"0.611"
"2025-03-24 16:09:14.633";"2025-03-24";"16:09:14";"F";"324";"1330";"1384";"420";"0.039";"6.9";"746";"0.085";"0.836";"989";"2541";"0.611"
"2025-03-24 16:09:18.127";"2025-03-24";"16:09:18";"SLCE";"";"Light Curve end ";""
"2025-03-24 16:09:29.753";"2025-03-24";"16:09:29";"SLCS";"";"Light Curve start ";"h345"
"2025-03-24 16:09:29.753";"2025-03-24";"16:09:29";"REG1";"";"#1: alpha: - , ETRm: - , Ik: -   ( beta: 0.000, ETRmPot: 8.325 )   (Platt et al. 1980) ";""
"2025-03-24 16:09:29.753";"2025-03-24";"16:09:29";"REG2";"";"#1: alpha: 0.224, ETRm: 8.245, Ik: 36.810   (Jassby and Platt 1976) ";""
"2025-03-24 16:09:31.142";"2025-03-24";"16:09:31";"FO";"325";"261";"665";"0";"0.608";"0.0";"-";"-";"-";"261";"665";"0.608"
"2025-03-24 16:10:01.127";"2025-03-24";"16:10:01";"F";"326";"287";"544";"25";"0.472";"5.0";"240";"0.845";"0.222";"261";"665";"0.608"
"2025-03-24 16:10:31.120";"2025-03-24";"16:10:31";"F";"327";"288";"457";"45";"0.370";"7.0";"221";"0.716";"0.455";"261";"665";"0.608"
"2025-03-24 16:11:01.109";"2025-03-24";"16:11:01";"F";"328";"294";"405";"65";"0.274";"7.5";"208";"0.563";"0.642";"261";"665";"0.608"
"2025-03-24 16:11:31.102";"2025-03-24";"16:11:31";"F";"329";"300";"378";"90";"0.206";"7.8";"201";"0.441";"0.759";"261";"665";"0.608"
"2025-03-24 16:12:01.082";"2025-03-24";"16:12:01";"F";"330";"306";"360";"125";"0.150";"7.9";"196";"0.329";"0.847";"261";"665";"0.608"
"2025-03-24 16:12:31.078";"2025-03-24";"16:12:31";"F";"331";"312";"349";"190";"0.106";"8.5";"193";"0.237";"0.905";"261";"665";"0.608"
"2025-03-24 16:13:01.068";"2025-03-24";"16:13:01";"F";"332";"316";"342";"285";"0.076";"9.1";"190";"0.171";"0.944";"261";"665";"0.608"
"2025-03-24 16:13:31.051";"2025-03-24";"16:13:31";"F";"333";"320";"335";"420";"0.045";"7.9";"188";"0.102";"0.985";"261";"665";"0.608"
"2025-03-24 16:13:34.501";"2025-03-24";"16:13:34";"SLCE";"";"Light Curve end ";""
"2025-03-24 16:13:49.667";"2025-03-24";"16:13:49";"SLCS";"";"Light Curve start ";"u345"
"2025-03-24 16:13:49.667";"2025-03-24";"16:13:49";"REG1";"";"#1: alpha: 0.207, ETRm: 7.128, Ik: 34.446   ( beta: 0.002, ETRmPot: 7.442 )   (Platt et al. 1980) ";""
"2025-03-24 16:13:49.667";"2025-03-24";"16:13:49";"REG2";"";"#1: alpha: 0.158, ETRm: 6.975, Ik: 44.189   (Jassby and Platt 1976) ";""
"2025-03-24 16:13:51.059";"2025-03-24";"16:13:51";"FO";"334";"665";"2216";"0";"0.700";"0.0";"-";"-";"-";"665";"2216";"0.700"
"2025-03-24 16:14:21.052";"2025-03-24";"16:14:21";"F";"335";"837";"1336";"25";"0.374";"3.9";"555";"0.639";"0.659";"665";"2216";"0.700"
"2025-03-24 16:14:51.040";"2025-03-24";"16:14:51";"F";"336";"910";"1256";"45";"0.275";"5.2";"541";"0.484";"0.764";"665";"2216";"0.700"
"2025-03-24 16:15:21.033";"2025-03-24";"16:15:21";"F";"337";"948";"1218";"65";"0.222";"6.1";"534";"0.395";"0.819";"665";"2216";"0.700"
"2025-03-24 16:15:51.016";"2025-03-24";"16:15:51";"F";"338";"985";"1193";"90";"0.174";"6.6";"529";"0.313";"0.858";"665";"2216";"0.700"
"2025-03-24 16:16:21.005";"2025-03-24";"16:16:21";"F";"339";"1016";"1171";"125";"0.132";"6.9";"525";"0.240";"0.892";"665";"2216";"0.700"
"2025-03-24 16:16:50.996";"2025-03-24";"16:16:50";"F";"340";"1040";"1144";"190";"0.091";"7.3";"519";"0.166";"0.937";"665";"2216";"0.700"
"2025-03-24 16:17:20.986";"2025-03-24";"16:17:20";"F";"341";"1045";"1112";"285";"0.060";"7.2";"512";"0.112";"0.993";"665";"2216";"0.700"
"2025-03-24 16:17:50.981";"2025-03-24";"16:17:50";"F";"342";"1030";"1071";"420";"0.038";"6.7";"503";"0.072";"1.069";"665";"2216";"0.700"
"2025-03-24 16:17:54.523";"2025-03-24";"16:17:54";"SLCE";"";"Light Curve end ";""
"2025-03-24 16:18:19.644";"2025-03-24";"16:18:19";"SLCS";"";"Light Curve start ";"h346"
"2025-03-24 16:18:19.644";"2025-03-24";"16:18:19";"REG1";"";"#1: alpha: - , ETRm: - , Ik: -   ( beta: 0.000, ETRmPot: 9.993 )   (Platt et al. 1980) ";""
"2025-03-24 16:18:19.644";"2025-03-24";"16:18:19";"REG2";"";"#1: alpha: 0.221, ETRm: 9.908, Ik: 44.810   (Jassby and Platt 1976) ";""
"2025-03-24 16:18:21.031";"2025-03-24";"16:18:21";"FO";"343";"234";"516";"0";"0.547";"0.0";"-";"-";"-";"234";"516";"0.547"
"2025-03-24 16:18:51.029";"2025-03-24";"16:18:51";"F";"344";"255";"492";"25";"0.482";"5.1";"229";"0.901";"0.049";"234";"516";"0.547"
"2025-03-24 16:19:21.014";"2025-03-24";"16:19:21";"F";"345";"260";"436";"45";"0.404";"7.6";"216";"0.800";"0.183";"234";"516";"0.547"
"2025-03-24 16:19:51.005";"2025-03-24";"16:19:51";"F";"346";"263";"389";"65";"0.324";"8.8";"204";"0.681";"0.326";"234";"516";"0.547"
"2025-03-24 16:20:20.988";"2025-03-24";"16:20:20";"F";"347";"269";"359";"90";"0.251";"9.5";"195";"0.549";"0.437";"234";"516";"0.547"
"2025-03-24 16:20:50.983";"2025-03-24";"16:20:50";"F";"348";"274";"333";"125";"0.177";"9.3";"187";"0.404";"0.550";"234";"516";"0.547"
"2025-03-24 16:21:20.973";"2025-03-24";"16:21:20";"F";"349";"273";"314";"190";"0.131";"10.5";"181";"0.308";"0.643";"234";"516";"0.547"
"2025-03-24 16:21:50.955";"2025-03-24";"16:21:50";"F";"350";"286";"311";"285";"0.080";"9.6";"180";"0.191";"0.659";"234";"516";"0.547"
"2025-03-24 16:22:20.948";"2025-03-24";"16:22:20";"F";"351";"292";"310";"420";"0.058";"10.2";"180";"0.138";"0.665";"234";"516";"0.547"
"2025-03-24 16:22:24.633";"2025-03-24";"16:22:24";"SLCE";"";"Light Curve end ";""
"2025-03-24 16:22:36.310";"2025-03-24";"16:22:36";"SLCS";"";"Light Curve start ";"u346"
"2025-03-24 16:22:36.310";"2025-03-24";"16:22:36";"REG1";"";"#1: alpha: 0.222, ETRm: 9.258, Ik: 41.789   ( beta: 0.003, ETRmPot: 10.041 )   (Platt et al. 1980) ";""
"2025-03-24 16:22:36.310";"2025-03-24";"16:22:36";"REG2";"";"#1: alpha: 0.173, ETRm: 9.001, Ik: 51.943   (Jassby and Platt 1976) ";""
"2025-03-24 16:22:37.713";"2025-03-24";"16:22:37";"FO";"352";"762";"2592";"0";"0.706";"0.0";"-";"-";"-";"762";"2592";"0.706"
"2025-03-24 16:23:07.702";"2025-03-24";"16:23:07";"F";"353";"1090";"1888";"25";"0.423";"4.4";"687";"0.664";"0.373";"762";"2592";"0.706"
"2025-03-24 16:23:37.708";"2025-03-24";"16:23:37";"F";"354";"1177";"1747";"45";"0.326";"6.2";"667";"0.528";"0.484";"762";"2592";"0.706"
"2025-03-24 16:24:07.696";"2025-03-24";"16:24:07";"F";"355";"1233";"1692";"65";"0.271";"7.4";"659";"0.444";"0.532";"762";"2592";"0.706"
"2025-03-24 16:24:37.688";"2025-03-24";"16:24:37";"F";"356";"1289";"1652";"90";"0.220";"8.3";"653";"0.363";"0.569";"762";"2592";"0.706"
"2025-03-24 16:25:07.677";"2025-03-24";"16:25:07";"F";"357";"1328";"1603";"125";"0.172";"9.0";"645";"0.287";"0.617";"762";"2592";"0.706"
"2025-03-24 16:25:37.664";"2025-03-24";"16:25:37";"F";"358";"1354";"1533";"190";"0.117";"9.3";"633";"0.199";"0.691";"762";"2592";"0.706"
"2025-03-24 16:26:07.653";"2025-03-24";"16:26:07";"F";"359";"1339";"1451";"285";"0.077";"9.2";"619";"0.135";"0.786";"762";"2592";"0.706"
"2025-03-24 16:26:37.639";"2025-03-24";"16:26:37";"F";"360";"1297";"1364";"420";"0.049";"8.6";"603";"0.088";"0.900";"762";"2592";"0.706"
"2025-03-24 16:26:40.990";"2025-03-24";"16:26:40";"SLCE";"";"Light Curve end ";""
"2025-03-24 16:26:53.950";"2025-03-24";"16:26:53";"SLCS";"";"Light Curve start ";"h327"
"2025-03-24 16:26:53.950";"2025-03-24";"16:26:53";"REG1";"";"#1: alpha: - , ETRm: - , Ik: -   ( beta: - 0.002, ETRmPot: 8.973 )   (Platt et al. 1980) ";""
"2025-03-24 16:26:53.950";"2025-03-24";"16:26:53";"REG2";"";"#1: alpha: 0.263, ETRm: 9.280, Ik: 35.298   (Jassby and Platt 1976) ";""
"2025-03-24 16:26:55.339";"2025-03-24";"16:26:55";"FO";"361";"217";"491";"0";"0.558";"0.0";"-";"-";"-";"217";"491";"0.558"
"2025-03-24 16:27:25.333";"2025-03-24";"16:27:25";"F";"362";"240";"526";"25";"0.544";"5.7";"224";"0.947";"- 0.067";"217";"491";"0.558"
"2025-03-24 16:27:55.317";"2025-03-24";"16:27:55";"F";"363";"246";"423";"45";"0.418";"7.9";"203";"0.805";"0.161";"217";"491";"0.558"
"2025-03-24 16:28:25.311";"2025-03-24";"16:28:25";"F";"364";"248";"366";"65";"0.322";"8.8";"189";"0.667";"0.342";"217";"491";"0.558"
"2025-03-24 16:28:55.294";"2025-03-24";"16:28:55";"F";"365";"253";"334";"90";"0.243";"9.2";"180";"0.526";"0.470";"217";"491";"0.558"
"2025-03-24 16:29:25.285";"2025-03-24";"16:29:25";"F";"366";"258";"311";"125";"0.170";"8.9";"173";"0.384";"0.579";"217";"491";"0.558"
"2025-03-24 16:29:55.274";"2025-03-24";"16:29:55";"F";"367";"266";"299";"190";"0.110";"8.8";"169";"0.254";"0.642";"217";"491";"0.558"
"2025-03-24 16:30:25.267";"2025-03-24";"16:30:25";"F";"368";"271";"295";"285";"0.081";"9.7";"168";"0.189";"0.664";"217";"491";"0.558"
"2025-03-24 16:30:55.254";"2025-03-24";"16:30:55";"F";"369";"276";"292";"420";"0.055";"9.7";"167";"0.128";"0.682";"217";"491";"0.558"
"2025-03-24 16:30:58.317";"2025-03-24";"16:30:58";"SLCE";"";"Light Curve end ";""
"2025-03-24 16:31:18.306";"2025-03-24";"16:31:18";"SLCS";"";"Light Curve start ";"u327"
"2025-03-24 16:31:18.306";"2025-03-24";"16:31:18";"REG1";"";"#1: alpha: 0.226, ETRm: 9.700, Ik: 42.843   ( beta: 0.005, ETRmPot: 10.780 )   (Platt et al. 1980) ";""
"2025-03-24 16:31:18.306";"2025-03-24";"16:31:18";"REG2";"";"#1: alpha: 0.180, ETRm: 9.370, Ik: 52.005   (Jassby and Platt 1976) ";""
"2025-03-24 16:31:19.707";"2025-03-24";"16:31:19";"FO";"370";"742";"2790";"0";"0.734";"0.0";"-";"-";"-";"742";"2790";"0.734"
"2025-03-24 16:31:49.696";"2025-03-24";"16:31:49";"F";"371";"1085";"1894";"25";"0.427";"4.5";"659";"0.655";"0.473";"742";"2790";"0.734"
"2025-03-24 16:32:19.687";"2025-03-24";"16:32:19";"F";"372";"1152";"1745";"45";"0.340";"6.4";"640";"0.537";"0.599";"742";"2790";"0.734"
"2025-03-24 16:32:49.675";"2025-03-24";"16:32:49";"F";"373";"1212";"1692";"65";"0.284";"7.8";"633";"0.453";"0.649";"742";"2790";"0.734"
"2025-03-24 16:33:19.665";"2025-03-24";"16:33:19";"F";"374";"1265";"1645";"90";"0.231";"8.7";"626";"0.373";"0.696";"742";"2790";"0.734"
"2025-03-24 16:33:49.672";"2025-03-24";"16:33:49";"F";"375";"1300";"1583";"125";"0.179";"9.4";"617";"0.293";"0.762";"742";"2790";"0.734"
"2025-03-24 16:34:19.656";"2025-03-24";"16:34:19";"F";"376";"1315";"1497";"190";"0.122";"9.7";"603";"0.204";"0.864";"742";"2790";"0.734"
"2025-03-24 16:34:49.650";"2025-03-24";"16:34:49";"F";"377";"1288";"1400";"285";"0.080";"9.6";"587";"0.138";"0.993";"742";"2790";"0.734"
"2025-03-24 16:35:19.636";"2025-03-24";"16:35:19";"F";"378";"1243";"1309";"420";"0.050";"8.8";"570";"0.089";"1.131";"742";"2790";"0.734"
"2025-03-24 16:35:22.840";"2025-03-24";"16:35:22";"SLCE";"";"Light Curve end ";""
"2025-03-24 16:35:36.997";"2025-03-24";"16:35:36";"SLCS";"";"Light Curve start ";"h328"
"2025-03-24 16:35:36.997";"2025-03-24";"16:35:36";"REG1";"";"#1: alpha: - , ETRm: - , Ik: -   ( beta: - 0.001, ETRmPot: 7.740 )   (Platt et al. 1980) ";""
"2025-03-24 16:35:36.997";"2025-03-24";"16:35:36";"REG2";"";"#1: alpha: 0.280, ETRm: 7.836, Ik: 27.985   (Jassby and Platt 1976) ";""
"2025-03-24 16:35:38.395";"2025-03-24";"16:35:38";"FO";"379";"242";"563";"0";"0.570";"0.0";"-";"-";"-";"242";"563";"0.570"
"2025-03-24 16:36:08.388";"2025-03-24";"16:36:08";"F";"380";"274";"538";"25";"0.491";"5.2";"237";"0.877";"0.046";"242";"563";"0.570"
"2025-03-24 16:36:38.376";"2025-03-24";"16:36:38";"F";"381";"279";"474";"45";"0.411";"7.8";"224";"0.780";"0.188";"242";"563";"0.570"
"2025-03-24 16:37:08.367";"2025-03-24";"16:37:08";"F";"382";"281";"400";"65";"0.298";"8.1";"206";"0.613";"0.408";"242";"563";"0.570"
"2025-03-24 16:37:38.351";"2025-03-24";"16:37:38";"F";"383";"285";"359";"90";"0.206";"7.8";"194";"0.448";"0.568";"242";"563";"0.570"
"2025-03-24 16:38:08.341";"2025-03-24";"16:38:08";"F";"384";"289";"336";"125";"0.140";"7.4";"188";"0.318";"0.676";"242";"563";"0.570"
"2025-03-24 16:38:38.335";"2025-03-24";"16:38:38";"F";"385";"295";"324";"190";"0.090";"7.2";"184";"0.207";"0.738";"242";"563";"0.570"
"2025-03-24 16:39:08.321";"2025-03-24";"16:39:08";"F";"386";"300";"321";"285";"0.065";"7.8";"183";"0.152";"0.754";"242";"563";"0.570"
"2025-03-24 16:39:38.314";"2025-03-24";"16:39:38";"F";"387";"303";"318";"420";"0.047";"8.3";"182";"0.110";"0.770";"242";"563";"0.570"
"2025-03-24 16:39:41.991";"2025-03-24";"16:39:41";"SLCE";"";"Light Curve end ";""
"2025-03-24 16:39:56.571";"2025-03-24";"16:39:56";"SLCS";"";"Light Curve start ";"u328"
"2025-03-24 16:39:56.571";"2025-03-24";"16:39:56";"REG1";"";"#1: alpha: 0.245, ETRm: 10.158, Ik: 41.459   ( beta: 0.006, ETRmPot: 11.342 )   (Platt et al. 1980) ";""
"2025-03-24 16:39:56.571";"2025-03-24";"16:39:56";"REG2";"";"#1: alpha: 0.193, ETRm: 9.809, Ik: 50.713   (Jassby and Platt 1976) ";""
"2025-03-24 16:39:57.973";"2025-03-24";"16:39:57";"FO";"388";"590";"2305";"0";"0.744";"0.0";"-";"-";"-";"590";"2305";"0.744"
"2025-03-24 16:40:27.960";"2025-03-24";"16:40:27";"F";"389";"804";"1436";"25";"0.440";"4.6";"511";"0.683";"0.605";"590";"2305";"0.744"
"2025-03-24 16:40:57.952";"2025-03-24";"16:40:57";"F";"390";"856";"1332";"45";"0.357";"6.7";"497";"0.570";"0.730";"590";"2305";"0.744"
"2025-03-24 16:41:27.935";"2025-03-24";"16:41:27";"F";"391";"912";"1316";"65";"0.307";"8.4";"495";"0.492";"0.752";"590";"2305";"0.744"
"2025-03-24 16:41:57.927";"2025-03-24";"16:41:57";"F";"392";"969";"1292";"90";"0.250";"9.5";"491";"0.403";"0.784";"590";"2305";"0.744"
"2025-03-24 16:42:27.912";"2025-03-24";"16:42:27";"F";"393";"1000";"1234";"125";"0.190";"10.0";"483";"0.312";"0.868";"590";"2305";"0.744"
"2025-03-24 16:42:57.908";"2025-03-24";"16:42:57";"F";"394";"1006";"1150";"190";"0.125";"10.0";"469";"0.211";"1.004";"590";"2305";"0.744"
"2025-03-24 16:43:27.889";"2025-03-24";"16:43:27";"F";"395";"988";"1075";"285";"0.081";"9.7";"456";"0.141";"1.144";"590";"2305";"0.744"
"2025-03-24 16:43:57.900";"2025-03-24";"16:43:57";"F";"396";"959";"1013";"420";"0.053";"9.3";"445";"0.095";"1.275";"590";"2305";"0.744"
"2025-03-24 16:44:01.135";"2025-03-24";"16:44:01";"SLCE";"";"Light Curve end ";""
"2025-03-24 16:44:37.225";"2025-03-24";"16:44:37";"SLCS";"";"Light Curve start ";"h325"
"2025-03-24 16:44:37.225";"2025-03-24";"16:44:37";"REG1";"";"#1: alpha: - , ETRm: - , Ik: -   ( beta: - 0.004, ETRmPot: 7.087 )   (Platt et al. 1980) ";""
"2025-03-24 16:44:37.225";"2025-03-24";"16:44:37";"REG2";"";"#1: alpha: 0.222, ETRm: 7.925, Ik: 35.622   (Jassby and Platt 1976) ";""
"2025-03-24 16:44:38.612";"2025-03-24";"16:44:38";"FO";"397";"263";"587";"0";"0.552";"0.0";"-";"-";"-";"263";"587";"0.552"
"2025-03-24 16:45:08.597";"2025-03-24";"16:45:08";"F";"398";"293";"538";"25";"0.455";"4.8";"253";"0.860";"0.091";"263";"587";"0.552"
"2025-03-24 16:45:38.593";"2025-03-24";"16:45:38";"F";"399";"300";"477";"45";"0.371";"7.0";"238";"0.741";"0.231";"263";"587";"0.552"
"2025-03-24 16:46:08.578";"2025-03-24";"16:46:08";"F";"400";"303";"413";"65";"0.266";"7.3";"221";"0.573";"0.421";"263";"587";"0.552"
"2025-03-24 16:46:38.572";"2025-03-24";"16:46:38";"F";"401";"311";"384";"90";"0.190";"7.2";"213";"0.427";"0.529";"263";"587";"0.552"
"2025-03-24 16:47:08.560";"2025-03-24";"16:47:08";"F";"402";"318";"370";"125";"0.141";"7.4";"208";"0.321";"0.586";"263";"587";"0.552"
"2025-03-24 16:47:38.550";"2025-03-24";"16:47:38";"F";"403";"323";"358";"190";"0.098";"7.8";"204";"0.227";"0.640";"263";"587";"0.552"
"2025-03-24 16:48:08.533";"2025-03-24";"16:48:08";"F";"404";"329";"353";"285";"0.068";"8.1";"203";"0.160";"0.663";"263";"587";"0.552"
"2025-03-24 16:48:38.527";"2025-03-24";"16:48:38";"F";"405";"332";"350";"420";"0.051";"9.0";"202";"0.122";"0.677";"263";"587";"0.552"
"2025-03-24 16:48:42.016";"2025-03-24";"16:48:42";"SLCE";"";"Light Curve end ";""
"2025-03-24 16:49:15.374";"2025-03-24";"16:49:15";"SLCS";"";"Light Curve start ";"u325"
"2025-03-24 16:49:15.374";"2025-03-24";"16:49:15";"REG1";"";"#1: alpha: 0.228, ETRm: 7.256, Ik: 31.794   ( beta: 0.004, ETRmPot: 7.921 )   (Platt et al. 1980) ";""
"2025-03-24 16:49:15.374";"2025-03-24";"16:49:15";"REG2";"";"#1: alpha: 0.184, ETRm: 6.938, Ik: 37.691   (Jassby and Platt 1976) ";""
"2025-03-24 16:49:16.768";"2025-03-24";"16:49:16";"FO";"406";"709";"2712";"0";"0.739";"0.0";"-";"-";"-";"709";"2712";"0.739"
"2025-03-24 16:49:46.757";"2025-03-24";"16:49:46";"F";"407";"1058";"1773";"25";"0.403";"4.2";"623";"0.622";"0.530";"709";"2712";"0.739"
"2025-03-24 16:50:16.743";"2025-03-24";"16:50:16";"F";"408";"1156";"1643";"45";"0.296";"5.6";"606";"0.470";"0.651";"709";"2712";"0.739"
"2025-03-24 16:50:46.728";"2025-03-24";"16:50:46";"F";"409";"1215";"1591";"65";"0.236";"6.4";"599";"0.379";"0.705";"709";"2712";"0.739"
"2025-03-24 16:51:16.717";"2025-03-24";"16:51:16";"F";"410";"1271";"1555";"90";"0.183";"6.9";"594";"0.296";"0.744";"709";"2712";"0.739"
"2025-03-24 16:51:46.714";"2025-03-24";"16:51:46";"F";"411";"1310";"1516";"125";"0.136";"7.1";"588";"0.222";"0.789";"709";"2712";"0.739"
"2025-03-24 16:52:16.695";"2025-03-24";"16:52:16";"F";"412";"1335";"1470";"190";"0.092";"7.3";"581";"0.152";"0.845";"709";"2712";"0.739"
"2025-03-24 16:52:46.693";"2025-03-24";"16:52:46";"F";"413";"1327";"1411";"285";"0.060";"7.2";"571";"0.100";"0.922";"709";"2712";"0.739"
"2025-03-24 16:53:16.681";"2025-03-24";"16:53:16";"F";"414";"1296";"1343";"420";"0.035";"6.2";"560";"0.060";"1.019";"709";"2712";"0.739"
"2025-03-24 16:53:20.178";"2025-03-24";"16:53:20";"SLCE";"";"Light Curve end ";""
"2025-03-24 16:53:50.064";"2025-03-24";"16:53:50";"SLCS";"";"Light Curve start ";"h326"
"2025-03-24 16:53:50.064";"2025-03-24";"16:53:50";"REG1";"";"#1: alpha: - , ETRm: - , Ik: -   ( beta: - 0.003, ETRmPot: 7.908 )   (Platt et al. 1980) ";""
"2025-03-24 16:53:50.064";"2025-03-24";"16:53:50";"REG2";"";"#1: alpha: 0.218, ETRm: 8.556, Ik: 39.186   (Jassby and Platt 1976) ";""
"2025-03-24 16:53:51.457";"2025-03-24";"16:53:51";"FO";"415";"198";"529";"0";"0.626";"0.0";"-";"-";"-";"198";"529";"0.626"
"2025-03-24 16:54:21.448";"2025-03-24";"16:54:21";"F";"416";"226";"420";"25";"0.462";"4.9";"180";"0.808";"0.260";"198";"529";"0.626"
"2025-03-24 16:54:51.436";"2025-03-24";"16:54:51";"F";"417";"230";"376";"45";"0.388";"7.3";"172";"0.716";"0.407";"198";"529";"0.626"
"2025-03-24 16:55:21.428";"2025-03-24";"16:55:21";"F";"418";"234";"325";"65";"0.280";"7.6";"160";"0.552";"0.628";"198";"529";"0.626"
"2025-03-24 16:55:51.415";"2025-03-24";"16:55:51";"F";"419";"238";"299";"90";"0.204";"7.7";"154";"0.421";"0.769";"198";"529";"0.626"
"2025-03-24 16:56:21.406";"2025-03-24";"16:56:21";"F";"420";"241";"285";"125";"0.154";"8.1";"150";"0.326";"0.856";"198";"529";"0.626"
"2025-03-24 16:56:51.395";"2025-03-24";"16:56:51";"F";"421";"246";"276";"190";"0.109";"8.7";"147";"0.233";"0.917";"198";"529";"0.626"
"2025-03-24 16:57:21.383";"2025-03-24";"16:57:21";"F";"422";"250";"270";"285";"0.074";"8.9";"146";"0.161";"0.959";"198";"529";"0.626"
"2025-03-24 16:57:51.374";"2025-03-24";"16:57:51";"F";"423";"253";"267";"420";"0.052";"9.2";"145";"0.115";"0.981";"198";"529";"0.626"
"2025-03-24 16:57:54.767";"2025-03-24";"16:57:54";"SLCE";"";"Light Curve end ";""
"2025-03-24 16:58:24.233";"2025-03-24";"16:58:24";"SLCS";"";"Light Curve start ";"u326"
"2025-03-24 16:58:24.233";"2025-03-24";"16:58:24";"REG1";"";"#1: alpha: 0.177, ETRm: 6.402, Ik: 36.214   ( beta: 0.003, ETRmPot: 7.057 )   (Platt et al. 1980) ";""
"2025-03-24 16:58:24.233";"2025-03-24";"16:58:24";"REG2";"";"#1: alpha: 0.143, ETRm: 6.134, Ik: 42.965   (Jassby and Platt 1976) ";""
"2025-03-24 16:58:25.622";"2025-03-24";"16:58:25";"FO";"424";"989";"2770";"0";"0.643";"0.0";"-";"-";"-";"989";"2770";"0.643"
"2025-03-24 16:58:55.604";"2025-03-24";"16:58:55";"F";"425";"1404";"2097";"25";"0.330";"3.5";"887";"0.573";"0.321";"989";"2770";"0.643"
"2025-03-24 16:59:25.600";"2025-03-24";"16:59:25";"F";"426";"1489";"1966";"45";"0.243";"4.6";"863";"0.432";"0.409";"989";"2770";"0.643"
"2025-03-24 16:59:55.591";"2025-03-24";"16:59:55";"F";"427";"1550";"1930";"65";"0.197";"5.4";"856";"0.354";"0.435";"989";"2770";"0.643"
"2025-03-24 17:00:25.570";"2025-03-24";"17:00:25";"F";"428";"1619";"1919";"90";"0.156";"5.9";"854";"0.282";"0.443";"989";"2770";"0.643"
"2025-03-24 17:00:55.567";"2025-03-24";"17:00:55";"F";"429";"1654";"1879";"125";"0.120";"6.3";"846";"0.218";"0.474";"989";"2770";"0.643"
"2025-03-24 17:01:25.557";"2025-03-24";"17:01:25";"F";"430";"1657";"1803";"190";"0.081";"6.5";"830";"0.150";"0.536";"989";"2770";"0.643"
"2025-03-24 17:01:55.546";"2025-03-24";"17:01:55";"F";"431";"1602";"1692";"285";"0.053";"6.3";"806";"0.102";"0.637";"989";"2770";"0.643"
"2025-03-24 17:02:25.529";"2025-03-24";"17:02:25";"F";"432";"1516";"1566";"420";"0.032";"5.6";"776";"0.063";"0.769";"989";"2770";"0.643"
"2025-03-24 17:02:29.373";"2025-03-24";"17:02:29";"SLCE";"";"Light Curve end ";""
