"2024-07-26";"12:47:27";"WinControl (rev 1195) report file"
"Datetime";"Date";"Time";"Type";"No.";"1:F";"1:Fm'";"1:PAR";"1:Y (II)";"1:ETR";"1:Fo'";"1:NPQ";"1:Fo";"1:Fm";"1:Fv/Fm"
"";"";"";"D";"";"Device Nr: #1, JUNIOR-PAM-III (CFMG1129B) ";""
"2024-07-26 08:37:56.295";"2024-07-26";"08:37:56";"SLCS";"";"Light Curve start ";"ct49"
"2024-07-26 08:37:56.295";"2024-07-26";"08:37:56";"REG1";"";"#1: Error: First 3 ETR-Values are not increasing ";""
"2024-07-26 08:37:56.295";"2024-07-26";"08:37:56";"REG2";"";"#1: Error: First 3 ETR-Values are not increasing ";""
"2024-07-26 08:37:57.696";"2024-07-26";"08:37:57";"FO";"1";"277";"277";"0";"0.000";"0.0";"-";"-";"277";"277";"0.000"
"2024-07-26 08:38:27.688";"2024-07-26";"08:38:27";"F";"2";"281";"281";"65";"0.000";"0.0";"281";"- 0.014";"277";"277";"0.000"
"2024-07-26 08:38:57.680";"2024-07-26";"08:38:57";"F";"3";"282";"282";"90";"0.000";"0.0";"282";"- 0.018";"277";"277";"0.000"
"2024-07-26 08:39:27.666";"2024-07-26";"08:39:27";"F";"4";"283";"283";"125";"0.000";"0.0";"283";"- 0.021";"277";"277";"0.000"
"2024-07-26 08:39:57.657";"2024-07-26";"08:39:57";"F";"5";"283";"283";"190";"0.000";"0.0";"283";"- 0.021";"277";"277";"0.000"
"2024-07-26 08:40:27.638";"2024-07-26";"08:40:27";"F";"6";"282";"283";"285";"0.004";"0.5";"283";"- 0.021";"277";"277";"0.000"
"2024-07-26 08:40:57.634";"2024-07-26";"08:40:57";"F";"7";"283";"284";"420";"0.004";"0.7";"284";"- 0.025";"277";"277";"0.000"
"2024-07-26 08:41:27.619";"2024-07-26";"08:41:27";"F";"8";"282";"283";"625";"0.004";"1.1";"283";"- 0.021";"277";"277";"0.000"
"2024-07-26 08:41:57.630";"2024-07-26";"08:41:57";"F";"9";"281";"281";"820";"0.000";"0.0";"281";"- 0.014";"277";"277";"0.000"
"2024-07-26 08:42:01.010";"2024-07-26";"08:42:01";"SLCE";"";"Light Curve end ";""
"2024-07-26 08:46:51.730";"2024-07-26";"08:46:51";"SLCS";"";"Light Curve start ";"ct50"
"2024-07-26 08:46:51.730";"2024-07-26";"08:46:51";"REG1";"";"#1: Error: First 3 ETR-Values are not increasing ";""
"2024-07-26 08:46:51.730";"2024-07-26";"08:46:51";"REG2";"";"#1: Error: First 3 ETR-Values are not increasing ";""
"2024-07-26 08:46:53.133";"2024-07-26";"08:46:53";"FO";"10";"229";"229";"0";"0.000";"0.0";"-";"-";"229";"229";"0.000"
"2024-07-26 08:47:23.119";"2024-07-26";"08:47:23";"F";"11";"235";"235";"65";"0.000";"0.0";"235";"- 0.026";"229";"229";"0.000"
"2024-07-26 08:47:53.103";"2024-07-26";"08:47:53";"F";"12";"235";"236";"90";"0.004";"0.2";"236";"- 0.030";"229";"229";"0.000"
"2024-07-26 08:48:23.091";"2024-07-26";"08:48:23";"F";"13";"235";"235";"125";"0.000";"0.0";"235";"- 0.026";"229";"229";"0.000"
"2024-07-26 08:48:53.085";"2024-07-26";"08:48:53";"F";"14";"235";"235";"190";"0.000";"0.0";"235";"- 0.026";"229";"229";"0.000"
"2024-07-26 08:49:23.076";"2024-07-26";"08:49:23";"F";"15";"236";"236";"285";"0.000";"0.0";"236";"- 0.030";"229";"229";"0.000"
"2024-07-26 08:49:53.063";"2024-07-26";"08:49:53";"F";"16";"234";"234";"420";"0.000";"0.0";"234";"- 0.021";"229";"229";"0.000"
"2024-07-26 08:50:23.052";"2024-07-26";"08:50:23";"F";"17";"232";"232";"625";"0.000";"0.0";"232";"- 0.013";"229";"229";"0.000"
"2024-07-26 08:50:53.033";"2024-07-26";"08:50:53";"F";"18";"230";"232";"820";"0.009";"3.1";"232";"- 0.013";"229";"229";"0.000"
"2024-07-26 08:50:56.153";"2024-07-26";"08:50:56";"SLCE";"";"Light Curve end ";""
"2024-07-26 08:56:30.950";"2024-07-26";"08:56:30";"SLCS";"";"Light Curve start ";"ct51"
"2024-07-26 08:56:30.950";"2024-07-26";"08:56:30";"REG1";"";"#1: Error: First 3 ETR-Values are not increasing ";""
"2024-07-26 08:56:30.950";"2024-07-26";"08:56:30";"REG2";"";"#1: Error: First 3 ETR-Values are not increasing ";""
"2024-07-26 08:56:32.342";"2024-07-26";"08:56:32";"FO";"19";"172";"172";"0";"0.000";"0.0";"-";"-";"172";"172";"0.000"
"2024-07-26 08:57:02.322";"2024-07-26";"08:57:02";"F";"20";"184";"185";"65";"0.005";"0.1";"185";"- 0.070";"172";"172";"0.000"
"2024-07-26 08:57:32.315";"2024-07-26";"08:57:32";"F";"21";"188";"188";"90";"0.000";"0.0";"188";"- 0.085";"172";"172";"0.000"
"2024-07-26 08:58:02.299";"2024-07-26";"08:58:02";"F";"22";"189";"191";"125";"0.010";"0.5";"191";"- 0.099";"172";"172";"0.000"
"2024-07-26 08:58:32.294";"2024-07-26";"08:58:32";"F";"23";"190";"190";"190";"0.000";"0.0";"190";"- 0.095";"172";"172";"0.000"
"2024-07-26 08:59:02.284";"2024-07-26";"08:59:02";"F";"24";"190";"191";"285";"0.005";"0.6";"191";"- 0.099";"172";"172";"0.000"
"2024-07-26 08:59:32.266";"2024-07-26";"08:59:32";"F";"25";"189";"190";"420";"0.005";"0.9";"190";"- 0.095";"172";"172";"0.000"
"2024-07-26 09:00:02.260";"2024-07-26";"09:00:02";"F";"26";"187";"188";"625";"0.005";"1.3";"188";"- 0.085";"172";"172";"0.000"
"2024-07-26 09:00:32.241";"2024-07-26";"09:00:32";"F";"27";"187";"187";"820";"0.000";"0.0";"187";"- 0.080";"172";"172";"0.000"
"2024-07-26 09:00:35.663";"2024-07-26";"09:00:35";"SLCE";"";"Light Curve end ";""
"2024-07-26 09:01:19.285";"2024-07-26";"09:01:19";"SLCS";"";"Light Curve start ";"ct52"
"2024-07-26 09:01:19.285";"2024-07-26";"09:01:19";"REG1";"";"#1: Error: First 3 ETR-Values are not increasing ";""
"2024-07-26 09:01:19.285";"2024-07-26";"09:01:19";"REG2";"";"#1: Error: First 3 ETR-Values are not increasing ";""
"2024-07-26 09:01:20.689";"2024-07-26";"09:01:20";"FO";"28";"202";"202";"0";"0.000";"0.0";"-";"-";"202";"202";"0.000"
"2024-07-26 09:01:50.705";"2024-07-26";"09:01:50";"F";"29";"254";"259";"65";"0.019";"0.5";"259";"- 0.220";"202";"202";"0.000"
"2024-07-26 09:02:20.692";"2024-07-26";"09:02:20";"F";"30";"297";"297";"90";"0.000";"0.0";"297";"- 0.320";"202";"202";"0.000"
"2024-07-26 09:02:50.680";"2024-07-26";"09:02:50";"F";"31";"322";"323";"125";"0.003";"0.2";"323";"- 0.375";"202";"202";"0.000"
"2024-07-26 09:03:20.664";"2024-07-26";"09:03:20";"F";"32";"337";"337";"190";"0.000";"0.0";"337";"- 0.401";"202";"202";"0.000"
"2024-07-26 09:03:50.651";"2024-07-26";"09:03:50";"F";"33";"347";"347";"285";"0.000";"0.0";"347";"- 0.418";"202";"202";"0.000"
"2024-07-26 09:04:20.641";"2024-07-26";"09:04:20";"F";"34";"349";"350";"420";"0.003";"0.5";"350";"- 0.423";"202";"202";"0.000"
"2024-07-26 09:04:50.632";"2024-07-26";"09:04:50";"F";"35";"351";"351";"625";"0.000";"0.0";"351";"- 0.425";"202";"202";"0.000"
"2024-07-26 09:05:20.623";"2024-07-26";"09:05:20";"F";"36";"349";"350";"820";"0.003";"1.0";"350";"- 0.423";"202";"202";"0.000"
"2024-07-26 09:05:24.302";"2024-07-26";"09:05:24";"SLCE";"";"Light Curve end ";""
"2024-07-26 09:07:38.232";"2024-07-26";"09:07:38";"SLCS";"";"Light Curve start ";"ct53"
"2024-07-26 09:07:38.232";"2024-07-26";"09:07:38";"REG1";"";"#1: alpha: 0.003, ETRm: 0.521, Ik: 175.448   ( beta: 0.063, ETRmPot: 30.920 )   (Platt et al. 1980) ";""
"2024-07-26 09:07:38.232";"2024-07-26";"09:07:38";"REG2";"";"#1: alpha: 0.003, ETRm: 0.489, Ik: 189.323   (Jassby and Platt 1976) ";""
"2024-07-26 09:07:39.635";"2024-07-26";"09:07:39";"FO";"37";"374";"376";"0";"0.005";"0.0";"-";"-";"374";"376";"0.005"
"2024-07-26 09:08:09.625";"2024-07-26";"09:08:09";"F";"38";"377";"378";"65";"0.003";"0.1";"376";"- 0.005";"374";"376";"0.005"
"2024-07-26 09:08:39.606";"2024-07-26";"09:08:39";"F";"39";"377";"379";"90";"0.005";"0.2";"377";"- 0.008";"374";"376";"0.005"
"2024-07-26 09:09:09.594";"2024-07-26";"09:09:09";"F";"40";"375";"377";"125";"0.005";"0.3";"375";"- 0.003";"374";"376";"0.005"
"2024-07-26 09:09:39.588";"2024-07-26";"09:09:39";"F";"41";"374";"376";"190";"0.005";"0.4";"374";"0.000";"374";"376";"0.005"
"2024-07-26 09:10:09.577";"2024-07-26";"09:10:09";"F";"42";"371";"373";"285";"0.005";"0.6";"371";"0.008";"374";"376";"0.005"
"2024-07-26 09:10:39.562";"2024-07-26";"09:10:39";"F";"43";"369";"369";"420";"0.000";"0.0";"367";"0.019";"374";"376";"0.005"
"2024-07-26 09:11:09.554";"2024-07-26";"09:11:09";"F";"44";"366";"368";"625";"0.005";"1.3";"366";"0.022";"374";"376";"0.005"
"2024-07-26 09:11:39.536";"2024-07-26";"09:11:39";"F";"45";"362";"362";"820";"0.000";"0.0";"360";"0.039";"374";"376";"0.005"
"2024-07-26 09:11:42.897";"2024-07-26";"09:11:42";"SLCE";"";"Light Curve end ";""
"2024-07-26 09:13:30.728";"2024-07-26";"09:13:30";"SLCS";"";"Light Curve start ";"ct54"
"2024-07-26 09:13:30.728";"2024-07-26";"09:13:30";"REG1";"";"#1: Error: First 3 ETR-Values are not increasing ";""
"2024-07-26 09:13:30.728";"2024-07-26";"09:13:30";"REG2";"";"#1: Error: First 3 ETR-Values are not increasing ";""
"2024-07-26 09:13:32.128";"2024-07-26";"09:13:32";"FO";"46";"103";"103";"0";"0.000";"0.0";"-";"-";"103";"103";"0.000"
"2024-07-26 09:14:02.123";"2024-07-26";"09:14:02";"F";"47";"99";"99";"65";"0.000";"0.0";"99";"0.040";"103";"103";"0.000"
"2024-07-26 09:14:32.111";"2024-07-26";"09:14:32";"F";"48";"96";"98";"90";"0.020";"0.8";"98";"0.051";"103";"103";"0.000"
"2024-07-26 09:15:02.094";"2024-07-26";"09:15:02";"F";"49";"95";"95";"125";"0.000";"0.0";"95";"0.084";"103";"103";"0.000"
"2024-07-26 09:15:32.089";"2024-07-26";"09:15:32";"F";"50";"92";"93";"190";"0.011";"0.9";"93";"0.108";"103";"103";"0.000"
"2024-07-26 09:16:02.078";"2024-07-26";"09:16:02";"F";"51";"90";"92";"285";"0.022";"2.6";"92";"0.120";"103";"103";"0.000"
"2024-07-26 09:16:32.064";"2024-07-26";"09:16:32";"F";"52";"89";"91";"420";"0.022";"3.9";"91";"0.132";"103";"103";"0.000"
"2024-07-26 09:17:02.055";"2024-07-26";"09:17:02";"F";"53";"88";"89";"625";"0.011";"2.9";"89";"0.157";"103";"103";"0.000"
"2024-07-26 09:17:32.041";"2024-07-26";"09:17:32";"F";"54";"87";"87";"820";"0.000";"0.0";"87";"0.184";"103";"103";"0.000"
"2024-07-26 09:17:35.129";"2024-07-26";"09:17:35";"SLCE";"";"Light Curve end ";""
"2024-07-26 09:18:12.081";"2024-07-26";"09:18:12";"SLCS";"";"Light Curve start ";"ct55"
"2024-07-26 09:18:12.081";"2024-07-26";"09:18:12";"REG1";"";"#1: Error: First 3 ETR-Values are not increasing ";""
"2024-07-26 09:18:12.081";"2024-07-26";"09:18:12";"REG2";"";"#1: Error: First 3 ETR-Values are not increasing ";""
"2024-07-26 09:18:13.475";"2024-07-26";"09:18:13";"FO";"55";"207";"212";"0";"0.024";"0.0";"-";"-";"207";"212";"0.024"
"2024-07-26 09:18:43.467";"2024-07-26";"09:18:43";"F";"56";"206";"209";"65";"0.014";"0.4";"204";"0.014";"207";"212";"0.024"
"2024-07-26 09:19:13.449";"2024-07-26";"09:19:13";"F";"57";"201";"202";"90";"0.005";"0.2";"197";"0.050";"207";"212";"0.024"
"2024-07-26 09:19:43.437";"2024-07-26";"09:19:43";"F";"58";"196";"197";"125";"0.005";"0.3";"193";"0.076";"207";"212";"0.024"
"2024-07-26 09:20:13.435";"2024-07-26";"09:20:13";"F";"59";"193";"195";"190";"0.010";"0.8";"191";"0.087";"207";"212";"0.024"
"2024-07-26 09:20:43.414";"2024-07-26";"09:20:43";"F";"60";"187";"187";"285";"0.000";"0.0";"183";"0.134";"207";"212";"0.024"
"2024-07-26 09:21:13.408";"2024-07-26";"09:21:13";"F";"61";"182";"184";"420";"0.011";"1.9";"180";"0.152";"207";"212";"0.024"
"2024-07-26 09:21:43.412";"2024-07-26";"09:21:43";"F";"62";"177";"178";"625";"0.006";"1.6";"174";"0.191";"207";"212";"0.024"
"2024-07-26 09:22:13.407";"2024-07-26";"09:22:13";"F";"63";"173";"173";"820";"0.000";"0.0";"170";"0.225";"207";"212";"0.024"
"2024-07-26 09:22:17.275";"2024-07-26";"09:22:17";"SLCE";"";"Light Curve end ";""
"2024-07-26 09:23:12.104";"2024-07-26";"09:23:12";"SLCS";"";"Light Curve start ";"ct56"
"2024-07-26 09:23:12.104";"2024-07-26";"09:23:12";"REG1";"";"#1: alpha: - , ETRm: - , Ik: -   ( beta: - 0.222, ETRmPot: 12.631 )   (Platt et al. 1980) ";""
"2024-07-26 09:23:12.104";"2024-07-26";"09:23:12";"REG2";"";"#1: alpha: 0.003, ETRm: 62.360, Ik: 22917.313   (Jassby and Platt 1976) ";""
"2024-07-26 09:23:13.495";"2024-07-26";"09:23:13";"FO";"64";"235";"235";"0";"0.000";"0.0";"-";"-";"235";"235";"0.000"
"2024-07-26 09:23:43.491";"2024-07-26";"09:23:43";"F";"65";"228";"229";"65";"0.004";"0.1";"229";"0.026";"235";"235";"0.000"
"2024-07-26 09:24:13.480";"2024-07-26";"09:24:13";"F";"66";"222";"223";"90";"0.004";"0.2";"223";"0.054";"235";"235";"0.000"
"2024-07-26 09:24:43.466";"2024-07-26";"09:24:43";"F";"67";"218";"219";"125";"0.005";"0.3";"219";"0.073";"235";"235";"0.000"
"2024-07-26 09:25:13.453";"2024-07-26";"09:25:13";"F";"68";"215";"216";"190";"0.005";"0.4";"216";"0.088";"235";"235";"0.000"
"2024-07-26 09:25:43.439";"2024-07-26";"09:25:43";"F";"69";"212";"213";"285";"0.005";"0.6";"213";"0.103";"235";"235";"0.000"
"2024-07-26 09:26:13.433";"2024-07-26";"09:26:13";"F";"70";"209";"211";"420";"0.009";"1.6";"211";"0.114";"235";"235";"0.000"
"2024-07-26 09:26:43.422";"2024-07-26";"09:26:43";"F";"71";"207";"207";"625";"0.000";"0.0";"207";"0.135";"235";"235";"0.000"
"2024-07-26 09:27:13.411";"2024-07-26";"09:27:13";"F";"72";"204";"206";"820";"0.010";"3.4";"206";"0.141";"235";"235";"0.000"
"2024-07-26 09:27:16.675";"2024-07-26";"09:27:16";"SLCE";"";"Light Curve end ";""
"2024-07-26 09:27:59.141";"2024-07-26";"09:27:59";"SLCS";"";"Light Curve start ";"ct57"
"2024-07-26 09:27:59.141";"2024-07-26";"09:27:59";"REG1";"";"#1: Error: First 3 ETR-Values are not increasing ";""
"2024-07-26 09:27:59.141";"2024-07-26";"09:27:59";"REG2";"";"#1: Error: First 3 ETR-Values are not increasing ";""
"2024-07-26 09:28:00.540";"2024-07-26";"09:28:00";"FO";"74";"171";"171";"0";"0.000";"0.0";"-";"-";"171";"171";"0.000"
"2024-07-26 09:28:30.534";"2024-07-26";"09:28:30";"F";"75";"181";"183";"65";"0.011";"0.3";"183";"- 0.066";"171";"171";"0.000"
"2024-07-26 09:29:00.517";"2024-07-26";"09:29:00";"F";"76";"186";"187";"90";"0.005";"0.2";"187";"- 0.086";"171";"171";"0.000"
"2024-07-26 09:29:30.511";"2024-07-26";"09:29:30";"F";"77";"188";"188";"125";"0.000";"0.0";"188";"- 0.090";"171";"171";"0.000"
"2024-07-26 09:30:00.501";"2024-07-26";"09:30:00";"F";"78";"189";"190";"190";"0.005";"0.4";"190";"- 0.100";"171";"171";"0.000"
"2024-07-26 09:30:30.481";"2024-07-26";"09:30:30";"F";"79";"189";"189";"285";"0.000";"0.0";"189";"- 0.095";"171";"171";"0.000"
"2024-07-26 09:31:00.479";"2024-07-26";"09:31:00";"F";"80";"188";"192";"420";"0.021";"3.7";"192";"- 0.109";"171";"171";"0.000"
"2024-07-26 09:31:30.467";"2024-07-26";"09:31:30";"F";"81";"188";"191";"625";"0.016";"4.2";"191";"- 0.105";"171";"171";"0.000"
"2024-07-26 09:32:00.469";"2024-07-26";"09:32:00";"F";"82";"188";"189";"820";"0.005";"1.7";"189";"- 0.095";"171";"171";"0.000"
"2024-07-26 09:32:04.182";"2024-07-26";"09:32:04";"SLCE";"";"Light Curve end ";""
"2024-07-26 09:33:44.601";"2024-07-26";"09:33:44";"SLCS";"";"Light Curve start ";"ct58"
"2024-07-26 09:33:44.601";"2024-07-26";"09:33:44";"REG1";"";"#1: Error: First 3 ETR-Values are not increasing ";""
"2024-07-26 09:33:44.601";"2024-07-26";"09:33:44";"REG2";"";"#1: Error: First 3 ETR-Values are not increasing ";""
"2024-07-26 09:33:45.991";"2024-07-26";"09:33:45";"FO";"83";"182";"183";"0";"0.005";"0.0";"-";"-";"182";"183";"0.005"
"2024-07-26 09:34:15.985";"2024-07-26";"09:34:15";"F";"84";"191";"191";"65";"0.000";"0.0";"190";"- 0.042";"182";"183";"0.005"
"2024-07-26 09:34:45.975";"2024-07-26";"09:34:45";"F";"85";"194";"196";"90";"0.010";"0.4";"195";"- 0.066";"182";"183";"0.005"
"2024-07-26 09:35:15.961";"2024-07-26";"09:35:15";"F";"86";"195";"196";"125";"0.005";"0.3";"195";"- 0.066";"182";"183";"0.005"
"2024-07-26 09:35:45.949";"2024-07-26";"09:35:45";"F";"87";"195";"197";"190";"0.010";"0.8";"196";"- 0.071";"182";"183";"0.005"
"2024-07-26 09:36:15.934";"2024-07-26";"09:36:15";"F";"88";"196";"196";"285";"0.000";"0.0";"195";"- 0.066";"182";"183";"0.005"
"2024-07-26 09:36:45.924";"2024-07-26";"09:36:45";"F";"89";"196";"196";"420";"0.000";"0.0";"195";"- 0.066";"182";"183";"0.005"
"2024-07-26 09:37:15.910";"2024-07-26";"09:37:15";"F";"90";"193";"194";"625";"0.005";"1.3";"193";"- 0.057";"182";"183";"0.005"
"2024-07-26 09:37:45.906";"2024-07-26";"09:37:45";"F";"91";"193";"195";"820";"0.010";"3.4";"194";"- 0.062";"182";"183";"0.005"
"2024-07-26 09:37:49.049";"2024-07-26";"09:37:49";"SLCE";"";"Light Curve end ";""
"2024-07-26 09:39:00.451";"2024-07-26";"09:39:00";"SLCS";"";"Light Curve start ";"ct59"
"2024-07-26 09:39:00.451";"2024-07-26";"09:39:00";"REG1";"";"#1: Error: First 3 ETR-Values are not increasing ";""
"2024-07-26 09:39:00.451";"2024-07-26";"09:39:00";"REG2";"";"#1: Error: First 3 ETR-Values are not increasing ";""
"2024-07-26 09:39:01.847";"2024-07-26";"09:39:01";"FO";"92";"136";"136";"0";"0.000";"0.0";"-";"-";"136";"136";"0.000"
"2024-07-26 09:39:31.831";"2024-07-26";"09:39:31";"F";"93";"137";"137";"65";"0.000";"0.0";"137";"- 0.007";"136";"136";"0.000"
"2024-07-26 09:40:01.821";"2024-07-26";"09:40:01";"F";"94";"136";"137";"90";"0.007";"0.3";"137";"- 0.007";"136";"136";"0.000"
"2024-07-26 09:40:31.816";"2024-07-26";"09:40:31";"F";"95";"137";"137";"125";"0.000";"0.0";"137";"- 0.007";"136";"136";"0.000"
"2024-07-26 09:41:01.796";"2024-07-26";"09:41:01";"F";"96";"137";"139";"190";"0.014";"1.1";"139";"- 0.022";"136";"136";"0.000"
"2024-07-26 09:41:31.786";"2024-07-26";"09:41:31";"F";"97";"136";"136";"285";"0.000";"0.0";"136";"0.000";"136";"136";"0.000"
"2024-07-26 09:42:01.799";"2024-07-26";"09:42:01";"F";"98";"137";"137";"420";"0.000";"0.0";"137";"- 0.007";"136";"136";"0.000"
"2024-07-26 09:42:31.790";"2024-07-26";"09:42:31";"F";"99";"135";"135";"625";"0.000";"0.0";"135";"0.007";"136";"136";"0.000"
"2024-07-26 09:43:01.775";"2024-07-26";"09:43:01";"F";"100";"134";"136";"820";"0.015";"5.2";"136";"0.000";"136";"136";"0.000"
"2024-07-26 09:43:05.744";"2024-07-26";"09:43:05";"SLCE";"";"Light Curve end ";""
"2024-07-26 09:44:06.485";"2024-07-26";"09:44:06";"SLCS";"";"Light Curve start ";"ct60"
"2024-07-26 09:44:06.485";"2024-07-26";"09:44:06";"REG1";"";"#1: alpha: - , ETRm: - , Ik: -   ( beta: - 0.096, ETRmPot: 13.571 )   (Platt et al. 1980) ";""
"2024-07-26 09:44:06.485";"2024-07-26";"09:44:06";"REG2";"";"#1: alpha: 0.013, ETRm: 458.891, Ik: 35255.541   (Jassby and Platt 1976) ";""
"2024-07-26 09:44:07.887";"2024-07-26";"09:44:07";"FO";"101";"92";"95";"0";"0.032";"0.0";"-";"-";"92";"95";"0.032"
"2024-07-26 09:44:37.874";"2024-07-26";"09:44:37";"F";"102";"96";"97";"65";"0.010";"0.3";"94";"- 0.021";"92";"95";"0.032"
"2024-07-26 09:45:07.866";"2024-07-26";"09:45:07";"F";"103";"96";"98";"90";"0.020";"0.8";"95";"- 0.031";"92";"95";"0.032"
"2024-07-26 09:45:37.851";"2024-07-26";"09:45:37";"F";"104";"95";"97";"125";"0.021";"1.1";"94";"- 0.021";"92";"95";"0.032"
"2024-07-26 09:46:07.843";"2024-07-26";"09:46:07";"F";"105";"97";"99";"190";"0.020";"1.6";"96";"- 0.040";"92";"95";"0.032"
"2024-07-26 09:46:37.827";"2024-07-26";"09:46:37";"F";"106";"96";"98";"285";"0.020";"2.4";"95";"- 0.031";"92";"95";"0.032"
"2024-07-26 09:47:07.819";"2024-07-26";"09:47:07";"F";"107";"96";"97";"420";"0.010";"1.8";"94";"- 0.021";"92";"95";"0.032"
"2024-07-26 09:47:37.811";"2024-07-26";"09:47:37";"F";"108";"97";"98";"625";"0.010";"2.6";"95";"- 0.031";"92";"95";"0.032"
"2024-07-26 09:48:07.798";"2024-07-26";"09:48:07";"F";"109";"94";"99";"820";"0.051";"17.6";"96";"- 0.040";"92";"95";"0.032"
"2024-07-26 09:48:11.457";"2024-07-26";"09:48:11";"SLCE";"";"Light Curve end ";""
"2024-07-26 09:49:59.223";"2024-07-26";"09:49:59";"SLCS";"";"Light Curve start ";"ct61"
"2024-07-26 09:49:59.223";"2024-07-26";"09:49:59";"REG1";"";"#1: Error: First 3 ETR-Values are not increasing ";""
"2024-07-26 09:49:59.223";"2024-07-26";"09:49:59";"REG2";"";"#1: Error: First 3 ETR-Values are not increasing ";""
"2024-07-26 09:50:00.609";"2024-07-26";"09:50:00";"FO";"110";"162";"165";"0";"0.018";"0.0";"-";"-";"162";"165";"0.018"
"2024-07-26 09:50:30.600";"2024-07-26";"09:50:30";"F";"111";"176";"177";"65";"0.006";"0.2";"174";"- 0.068";"162";"165";"0.018"
"2024-07-26 09:51:00.591";"2024-07-26";"09:51:00";"F";"112";"173";"174";"90";"0.006";"0.2";"171";"- 0.052";"162";"165";"0.018"
"2024-07-26 09:51:30.579";"2024-07-26";"09:51:30";"F";"113";"172";"174";"125";"0.011";"0.6";"171";"- 0.052";"162";"165";"0.018"
"2024-07-26 09:52:00.582";"2024-07-26";"09:52:00";"F";"114";"170";"172";"190";"0.012";"1.0";"169";"- 0.041";"162";"165";"0.018"
"2024-07-26 09:52:30.575";"2024-07-26";"09:52:30";"F";"115";"170";"170";"285";"0.000";"0.0";"167";"- 0.029";"162";"165";"0.018"
"2024-07-26 09:53:00.557";"2024-07-26";"09:53:00";"F";"116";"168";"168";"420";"0.000";"0.0";"165";"- 0.018";"162";"165";"0.018"
"2024-07-26 09:53:30.547";"2024-07-26";"09:53:30";"F";"117";"166";"168";"625";"0.012";"3.2";"165";"- 0.018";"162";"165";"0.018"
"2024-07-26 09:54:00.537";"2024-07-26";"09:54:00";"F";"118";"165";"165";"820";"0.000";"0.0";"162";"0.000";"162";"165";"0.018"
"2024-07-26 09:54:03.646";"2024-07-26";"09:54:03";"SLCE";"";"Light Curve end ";""
"2024-07-26 09:54:48.585";"2024-07-26";"09:54:48";"SLCS";"";"Light Curve start ";"ct62"
"2024-07-26 09:54:48.585";"2024-07-26";"09:54:48";"REG1";"";"#1: Error: First 3 ETR-Values are not increasing ";""
"2024-07-26 09:54:48.585";"2024-07-26";"09:54:48";"REG2";"";"#1: Error: First 3 ETR-Values are not increasing ";""
"2024-07-26 09:54:49.976";"2024-07-26";"09:54:49";"FO";"119";"127";"130";"0";"0.023";"0.0";"-";"-";"127";"130";"0.023"
"2024-07-26 09:55:19.967";"2024-07-26";"09:55:19";"F";"120";"156";"158";"65";"0.013";"0.4";"154";"- 0.177";"127";"130";"0.023"
"2024-07-26 09:55:49.952";"2024-07-26";"09:55:49";"F";"121";"172";"174";"90";"0.011";"0.4";"169";"- 0.253";"127";"130";"0.023"
"2024-07-26 09:56:19.944";"2024-07-26";"09:56:19";"F";"122";"185";"186";"125";"0.005";"0.3";"180";"- 0.301";"127";"130";"0.023"
"2024-07-26 09:56:49.931";"2024-07-26";"09:56:49";"F";"123";"196";"196";"190";"0.000";"0.0";"189";"- 0.337";"127";"130";"0.023"
"2024-07-26 09:57:19.922";"2024-07-26";"09:57:19";"F";"124";"203";"204";"285";"0.005";"0.6";"197";"- 0.363";"127";"130";"0.023"
"2024-07-26 09:57:49.907";"2024-07-26";"09:57:49";"F";"125";"210";"211";"420";"0.005";"0.9";"203";"- 0.384";"127";"130";"0.023"
"2024-07-26 09:58:19.889";"2024-07-26";"09:58:19";"F";"126";"214";"214";"625";"0.000";"0.0";"206";"- 0.393";"127";"130";"0.023"
"2024-07-26 09:58:49.886";"2024-07-26";"09:58:49";"F";"127";"218";"219";"820";"0.005";"1.7";"211";"- 0.406";"127";"130";"0.023"
"2024-07-26 09:58:53.039";"2024-07-26";"09:58:53";"SLCE";"";"Light Curve end ";""
"2024-07-26 10:00:54.498";"2024-07-26";"10:00:54";"SLCS";"";"Light Curve start ";"ct63"
"2024-07-26 10:00:54.498";"2024-07-26";"10:00:54";"REG1";"";"#1: Error: First 3 ETR-Values are not increasing ";""
"2024-07-26 10:00:54.498";"2024-07-26";"10:00:54";"REG2";"";"#1: Error: First 3 ETR-Values are not increasing ";""
"2024-07-26 10:00:55.881";"2024-07-26";"10:00:55";"FO";"128";"174";"175";"0";"0.006";"0.0";"-";"-";"174";"175";"0.006"
"2024-07-26 10:01:25.876";"2024-07-26";"10:01:25";"F";"129";"175";"175";"65";"0.000";"0.0";"174";"0.000";"174";"175";"0.006"
"2024-07-26 10:01:55.884";"2024-07-26";"10:01:55";"F";"130";"175";"175";"90";"0.000";"0.0";"174";"0.000";"174";"175";"0.006"
"2024-07-26 10:02:25.875";"2024-07-26";"10:02:25";"F";"131";"173";"174";"125";"0.006";"0.3";"173";"0.006";"174";"175";"0.006"
"2024-07-26 10:02:55.855";"2024-07-26";"10:02:55";"F";"132";"173";"175";"190";"0.011";"0.9";"174";"0.000";"174";"175";"0.006"
"2024-07-26 10:03:25.842";"2024-07-26";"10:03:25";"F";"133";"174";"174";"285";"0.000";"0.0";"173";"0.006";"174";"175";"0.006"
"2024-07-26 10:03:55.836";"2024-07-26";"10:03:55";"F";"134";"173";"174";"420";"0.006";"1.1";"173";"0.006";"174";"175";"0.006"
"2024-07-26 10:04:25.828";"2024-07-26";"10:04:25";"F";"135";"172";"173";"625";"0.006";"1.6";"172";"0.012";"174";"175";"0.006"
"2024-07-26 10:04:55.813";"2024-07-26";"10:04:55";"F";"136";"171";"172";"820";"0.006";"2.1";"171";"0.017";"174";"175";"0.006"
"2024-07-26 10:04:59.732";"2024-07-26";"10:04:59";"SLCE";"";"Light Curve end ";""
"2024-07-26 10:05:27.908";"2024-07-26";"10:05:27";"SLCS";"";"Light Curve start ";"ct64"
"2024-07-26 10:05:27.908";"2024-07-26";"10:05:27";"REG1";"";"#1: alpha: - , ETRm: - , Ik: -   ( beta: - 0.005, ETRmPot: 7.445 )   (Platt et al. 1980) ";""
"2024-07-26 10:05:27.908";"2024-07-26";"10:05:27";"REG2";"";"#1: alpha: 0.080, ETRm: 10.562, Ik: 131.408   (Jassby and Platt 1976) ";""
"2024-07-26 10:05:29.297";"2024-07-26";"10:05:29";"FO";"137";"98";"195";"0";"0.497";"0.0";"-";"-";"98";"195";"0.497"
"2024-07-26 10:05:59.286";"2024-07-26";"10:05:59";"F";"138";"103";"131";"65";"0.214";"5.8";"79";"0.489";"98";"195";"0.497"
"2024-07-26 10:06:29.278";"2024-07-26";"10:06:29";"F";"139";"102";"124";"90";"0.177";"6.7";"76";"0.573";"98";"195";"0.497"
"2024-07-26 10:06:59.265";"2024-07-26";"10:06:59";"F";"140";"104";"121";"125";"0.140";"7.4";"75";"0.612";"98";"195";"0.497"
"2024-07-26 10:07:29.255";"2024-07-26";"10:07:29";"F";"141";"104";"117";"190";"0.111";"8.9";"73";"0.667";"98";"195";"0.497"
"2024-07-26 10:07:59.238";"2024-07-26";"10:07:59";"F";"142";"105";"113";"285";"0.071";"8.5";"72";"0.726";"98";"195";"0.497"
"2024-07-26 10:08:29.227";"2024-07-26";"10:08:29";"F";"143";"107";"113";"420";"0.053";"9.3";"72";"0.726";"98";"195";"0.497"
"2024-07-26 10:08:59.213";"2024-07-26";"10:08:59";"F";"144";"106";"111";"625";"0.045";"11.8";"71";"0.757";"98";"195";"0.497"
"2024-07-26 10:09:29.209";"2024-07-26";"10:09:29";"F";"145";"108";"112";"820";"0.036";"12.4";"71";"0.741";"98";"195";"0.497"
"2024-07-26 10:09:32.808";"2024-07-26";"10:09:32";"SLCE";"";"Light Curve end ";""
"2024-07-26 10:10:26.837";"2024-07-26";"10:10:26";"SLCS";"";"Light Curve start ";"ct65"
"2024-07-26 10:10:26.837";"2024-07-26";"10:10:26";"REG1";"";"#1: Error: First 3 ETR-Values are not increasing ";""
"2024-07-26 10:10:26.837";"2024-07-26";"10:10:26";"REG2";"";"#1: Error: First 3 ETR-Values are not increasing ";""
"2024-07-26 10:10:28.228";"2024-07-26";"10:10:28";"FO";"146";"155";"156";"0";"0.006";"0.0";"-";"-";"155";"156";"0.006"
"2024-07-26 10:10:58.214";"2024-07-26";"10:10:58";"F";"147";"152";"155";"65";"0.019";"0.5";"154";"0.006";"155";"156";"0.006"
"2024-07-26 10:11:28.204";"2024-07-26";"10:11:28";"F";"148";"155";"156";"90";"0.006";"0.2";"155";"0.000";"155";"156";"0.006"
"2024-07-26 10:11:58.212";"2024-07-26";"10:11:58";"F";"149";"156";"156";"125";"0.000";"0.0";"155";"0.000";"155";"156";"0.006"
"2024-07-26 10:12:28.194";"2024-07-26";"10:12:28";"F";"150";"156";"158";"190";"0.013";"1.0";"157";"- 0.013";"155";"156";"0.006"
"2024-07-26 10:12:58.188";"2024-07-26";"10:12:58";"F";"151";"155";"155";"285";"0.000";"0.0";"154";"0.006";"155";"156";"0.006"
"2024-07-26 10:13:28.162";"2024-07-26";"10:13:28";"F";"152";"154";"157";"420";"0.019";"3.4";"156";"- 0.006";"155";"156";"0.006"
"2024-07-26 10:13:58.158";"2024-07-26";"10:13:58";"F";"153";"154";"156";"625";"0.013";"3.4";"155";"0.000";"155";"156";"0.006"
"2024-07-26 10:14:28.148";"2024-07-26";"10:14:28";"F";"154";"153";"154";"820";"0.006";"2.1";"153";"0.013";"155";"156";"0.006"
"2024-07-26 10:14:31.317";"2024-07-26";"10:14:31";"SLCE";"";"Light Curve end ";""
"2024-07-26 10:15:53.180";"2024-07-26";"10:15:53";"SLCS";"";"Light Curve start ";"ct66"
"2024-07-26 10:15:53.180";"2024-07-26";"10:15:53";"REG1";"";"#1: Error: First 3 ETR-Values are not increasing ";""
"2024-07-26 10:15:53.180";"2024-07-26";"10:15:53";"REG2";"";"#1: Error: First 3 ETR-Values are not increasing ";""
"2024-07-26 10:15:54.580";"2024-07-26";"10:15:54";"FO";"155";"105";"108";"0";"0.028";"0.0";"-";"-";"105";"108";"0.028"
"2024-07-26 10:16:24.573";"2024-07-26";"10:16:24";"F";"156";"103";"106";"65";"0.028";"0.8";"103";"0.019";"105";"108";"0.028"
"2024-07-26 10:16:54.557";"2024-07-26";"10:16:54";"F";"157";"101";"102";"90";"0.010";"0.4";"99";"0.059";"105";"108";"0.028"
"2024-07-26 10:17:24.549";"2024-07-26";"10:17:24";"F";"158";"99";"100";"125";"0.010";"0.5";"97";"0.080";"105";"108";"0.028"
"2024-07-26 10:17:54.541";"2024-07-26";"10:17:54";"F";"159";"99";"101";"190";"0.020";"1.6";"98";"0.069";"105";"108";"0.028"
"2024-07-26 10:18:24.530";"2024-07-26";"10:18:24";"F";"160";"98";"99";"285";"0.010";"1.2";"96";"0.091";"105";"108";"0.028"
"2024-07-26 10:18:54.514";"2024-07-26";"10:18:54";"F";"161";"97";"100";"420";"0.030";"5.3";"97";"0.080";"105";"108";"0.028"
"2024-07-26 10:19:24.502";"2024-07-26";"10:19:24";"F";"162";"96";"98";"625";"0.020";"5.3";"96";"0.102";"105";"108";"0.028"
"2024-07-26 10:19:54.492";"2024-07-26";"10:19:54";"F";"163";"96";"98";"820";"0.020";"6.9";"96";"0.102";"105";"108";"0.028"
"2024-07-26 10:19:58.062";"2024-07-26";"10:19:58";"SLCE";"";"Light Curve end ";""
"2024-07-26 10:21:30.729";"2024-07-26";"10:21:30";"SLCS";"";"Light Curve start ";"ct67"
"2024-07-26 10:21:30.729";"2024-07-26";"10:21:30";"REG1";"";"#1: alpha: - , ETRm: - , Ik: -   ( beta: - 0.002, ETRmPot: 0.779 )   (Platt et al. 1980) ";""
"2024-07-26 10:21:30.729";"2024-07-26";"10:21:30";"REG2";"";"#1: alpha: 0.006, ETRm: 123.048, Ik: 20207.288   (Jassby and Platt 1976) ";""
"2024-07-26 10:21:32.122";"2024-07-26";"10:21:32";"FO";"164";"79";"85";"0";"0.071";"0.0";"-";"-";"79";"85";"0.071"
"2024-07-26 10:22:02.135";"2024-07-26";"10:22:02";"F";"165";"75";"78";"65";"0.038";"1.0";"73";"0.090";"79";"85";"0.071"
"2024-07-26 10:22:32.127";"2024-07-26";"10:22:32";"F";"166";"72";"75";"90";"0.040";"1.5";"70";"0.133";"79";"85";"0.071"
"2024-07-26 10:23:02.115";"2024-07-26";"10:23:02";"F";"167";"72";"72";"125";"0.000";"0.0";"68";"0.181";"79";"85";"0.071"
"2024-07-26 10:23:32.104";"2024-07-26";"10:23:32";"F";"168";"68";"70";"190";"0.029";"2.3";"66";"0.214";"79";"85";"0.071"
"2024-07-26 10:24:02.085";"2024-07-26";"10:24:02";"F";"169";"68";"68";"285";"0.000";"0.0";"64";"0.250";"79";"85";"0.071"
"2024-07-26 10:24:32.080";"2024-07-26";"10:24:32";"F";"170";"67";"68";"420";"0.015";"2.6";"64";"0.250";"79";"85";"0.071"
"2024-07-26 10:25:02.063";"2024-07-26";"10:25:02";"F";"171";"66";"67";"625";"0.015";"3.9";"63";"0.269";"79";"85";"0.071"
"2024-07-26 10:25:32.049";"2024-07-26";"10:25:32";"F";"172";"66";"67";"820";"0.015";"5.2";"63";"0.269";"79";"85";"0.071"
"2024-07-26 10:25:35.642";"2024-07-26";"10:25:35";"SLCE";"";"Light Curve end ";""
"2024-07-26 10:27:53.204";"2024-07-26";"10:27:53";"SLCS";"";"Light Curve start ";"ct68"
"2024-07-26 10:27:53.204";"2024-07-26";"10:27:53";"REG1";"";"#1: Error: First 3 ETR-Values are not increasing ";""
"2024-07-26 10:27:53.204";"2024-07-26";"10:27:53";"REG2";"";"#1: Error: First 3 ETR-Values are not increasing ";""
"2024-07-26 10:27:54.609";"2024-07-26";"10:27:54";"FO";"173";"195";"195";"0";"0.000";"0.0";"-";"-";"195";"195";"0.000"
"2024-07-26 10:28:24.597";"2024-07-26";"10:28:24";"F";"174";"190";"190";"65";"0.000";"0.0";"190";"0.026";"195";"195";"0.000"
"2024-07-26 10:28:54.578";"2024-07-26";"10:28:54";"F";"175";"187";"189";"90";"0.011";"0.4";"189";"0.032";"195";"195";"0.000"
"2024-07-26 10:29:24.574";"2024-07-26";"10:29:24";"F";"176";"185";"187";"125";"0.011";"0.6";"187";"0.043";"195";"195";"0.000"
"2024-07-26 10:29:54.563";"2024-07-26";"10:29:54";"F";"177";"185";"186";"190";"0.005";"0.4";"186";"0.048";"195";"195";"0.000"
"2024-07-26 10:30:24.543";"2024-07-26";"10:30:24";"F";"178";"183";"185";"285";"0.011";"1.3";"185";"0.054";"195";"195";"0.000"
"2024-07-26 10:30:54.534";"2024-07-26";"10:30:54";"F";"179";"179";"183";"420";"0.022";"3.9";"183";"0.066";"195";"195";"0.000"
"2024-07-26 10:31:24.529";"2024-07-26";"10:31:24";"F";"180";"179";"180";"625";"0.006";"1.6";"180";"0.083";"195";"195";"0.000"
"2024-07-26 10:31:54.528";"2024-07-26";"10:31:54";"F";"181";"177";"178";"820";"0.006";"2.1";"178";"0.096";"195";"195";"0.000"
"2024-07-26 10:31:57.786";"2024-07-26";"10:31:57";"SLCE";"";"Light Curve end ";""
"2024-07-26 10:32:27.275";"2024-07-26";"10:32:27";"SLCS";"";"Light Curve start ";"ct71"
"2024-07-26 10:32:27.275";"2024-07-26";"10:32:27";"REG1";"";"#1: Error: First 3 ETR-Values are not increasing ";""
"2024-07-26 10:32:27.275";"2024-07-26";"10:32:27";"REG2";"";"#1: Error: First 3 ETR-Values are not increasing ";""
"2024-07-26 10:32:28.681";"2024-07-26";"10:32:28";"FO";"182";"94";"96";"0";"0.021";"0.0";"-";"-";"94";"96";"0.021"
"2024-07-26 10:32:58.664";"2024-07-26";"10:32:58";"F";"183";"97";"100";"65";"0.030";"0.8";"98";"- 0.040";"94";"96";"0.021"
"2024-07-26 10:33:28.652";"2024-07-26";"10:33:28";"F";"184";"94";"95";"90";"0.011";"0.4";"93";"0.011";"94";"96";"0.021"
"2024-07-26 10:33:58.643";"2024-07-26";"10:33:58";"F";"185";"92";"93";"125";"0.011";"0.6";"91";"0.032";"94";"96";"0.021"
"2024-07-26 10:34:28.630";"2024-07-26";"10:34:28";"F";"186";"88";"89";"190";"0.011";"0.9";"87";"0.079";"94";"96";"0.021"
"2024-07-26 10:34:58.622";"2024-07-26";"10:34:58";"F";"187";"86";"86";"285";"0.000";"0.0";"84";"0.116";"94";"96";"0.021"
"2024-07-26 10:35:28.611";"2024-07-26";"10:35:28";"F";"188";"84";"84";"420";"0.000";"0.0";"82";"0.143";"94";"96";"0.021"
"2024-07-26 10:35:58.595";"2024-07-26";"10:35:58";"F";"189";"82";"82";"625";"0.000";"0.0";"81";"0.171";"94";"96";"0.021"
"2024-07-26 10:36:28.589";"2024-07-26";"10:36:28";"F";"190";"79";"80";"820";"0.013";"4.5";"79";"0.200";"94";"96";"0.021"
"2024-07-26 10:36:31.687";"2024-07-26";"10:36:31";"SLCE";"";"Light Curve end ";""
"2024-07-26 10:37:22.118";"2024-07-26";"10:37:22";"SLCS";"";"Light Curve start ";"ct69"
"2024-07-26 10:37:22.118";"2024-07-26";"10:37:22";"REG1";"";"#1: alpha: 0.003, ETRm: 6.062, Ik: 2079.866   ( beta: 0.017, ETRmPot: 102.033 )   (Platt et al. 1980) ";""
"2024-07-26 10:37:22.118";"2024-07-26";"10:37:22";"REG2";"";"#1: alpha: 0.003, ETRm: 3.209, Ik: 1100.306   (Jassby and Platt 1976) ";""
"2024-07-26 10:37:23.518";"2024-07-26";"10:37:23";"FO";"191";"217";"218";"0";"0.005";"0.0";"-";"-";"217";"218";"0.005"
"2024-07-26 10:37:53.506";"2024-07-26";"10:37:53";"F";"192";"214";"215";"65";"0.005";"0.1";"214";"0.014";"217";"218";"0.005"
"2024-07-26 10:38:23.492";"2024-07-26";"10:38:23";"F";"193";"212";"213";"90";"0.005";"0.2";"212";"0.023";"217";"218";"0.005"
"2024-07-26 10:38:53.483";"2024-07-26";"10:38:53";"F";"194";"213";"213";"125";"0.000";"0.0";"212";"0.023";"217";"218";"0.005"
"2024-07-26 10:39:23.465";"2024-07-26";"10:39:23";"F";"195";"214";"216";"190";"0.009";"0.7";"215";"0.009";"217";"218";"0.005"
"2024-07-26 10:39:53.460";"2024-07-26";"10:39:53";"F";"196";"214";"215";"285";"0.005";"0.6";"214";"0.014";"217";"218";"0.005"
"2024-07-26 10:40:23.445";"2024-07-26";"10:40:23";"F";"197";"214";"215";"420";"0.005";"0.9";"214";"0.014";"217";"218";"0.005"
"2024-07-26 10:40:53.436";"2024-07-26";"10:40:53";"F";"198";"213";"215";"625";"0.009";"2.4";"214";"0.014";"217";"218";"0.005"
"2024-07-26 10:41:23.424";"2024-07-26";"10:41:23";"F";"199";"214";"215";"820";"0.005";"1.7";"214";"0.014";"217";"218";"0.005"
"2024-07-26 10:41:26.579";"2024-07-26";"10:41:26";"SLCE";"";"Light Curve end ";""
"2024-07-26 10:41:41.567";"2024-07-26";"10:41:41";"SLCS";"";"Light Curve start ";"ct70"
"2024-07-26 10:41:41.567";"2024-07-26";"10:41:41";"REG1";"";"#1: alpha: - , ETRm: - , Ik: -   ( beta: - 0.274, ETRmPot: - 181.055 )   (Platt et al. 1980) ";""
"2024-07-26 10:41:41.567";"2024-07-26";"10:41:41";"REG2";"";"#1: alpha: 0.006, ETRm: 2.205, Ik: 374.353   (Jassby and Platt 1976) ";""
"2024-07-26 10:41:42.986";"2024-07-26";"10:41:42";"FO";"200";"111";"112";"0";"0.009";"0.0";"-";"-";"111";"112";"0.009"
"2024-07-26 10:42:12.975";"2024-07-26";"10:42:12";"F";"201";"113";"114";"65";"0.009";"0.2";"113";"- 0.018";"111";"112";"0.009"
"2024-07-26 10:42:42.963";"2024-07-26";"10:42:42";"F";"202";"114";"116";"90";"0.017";"0.6";"115";"- 0.034";"111";"112";"0.009"
"2024-07-26 10:43:12.952";"2024-07-26";"10:43:12";"F";"203";"114";"114";"125";"0.000";"0.0";"113";"- 0.018";"111";"112";"0.009"
"2024-07-26 10:43:42.942";"2024-07-26";"10:43:42";"F";"204";"114";"114";"190";"0.000";"0.0";"113";"- 0.018";"111";"112";"0.009"
"2024-07-26 10:44:12.935";"2024-07-26";"10:44:12";"F";"205";"112";"114";"285";"0.018";"2.2";"113";"- 0.018";"111";"112";"0.009"
"2024-07-26 10:44:42.917";"2024-07-26";"10:44:42";"F";"206";"113";"114";"420";"0.009";"1.6";"113";"- 0.018";"111";"112";"0.009"
"2024-07-26 10:45:12.908";"2024-07-26";"10:45:12";"F";"207";"112";"114";"625";"0.018";"4.7";"113";"- 0.018";"111";"112";"0.009"
"2024-07-26 10:45:42.896";"2024-07-26";"10:45:42";"F";"208";"113";"113";"820";"0.000";"0.0";"112";"- 0.009";"111";"112";"0.009"
"2024-07-26 10:45:46.819";"2024-07-26";"10:45:46";"SLCE";"";"Light Curve end ";""
"2024-07-26 10:46:19.056";"2024-07-26";"10:46:19";"SLCS";"";"Light Curve start ";"ct72"
"2024-07-26 10:46:19.056";"2024-07-26";"10:46:19";"REG1";"";"#1: Error: First 3 ETR-Values are not increasing ";""
"2024-07-26 10:46:19.056";"2024-07-26";"10:46:19";"REG2";"";"#1: Error: First 3 ETR-Values are not increasing ";""
"2024-07-26 10:46:20.465";"2024-07-26";"10:46:20";"FO";"209";"71";"73";"0";"0.027";"0.0";"-";"-";"71";"73";"0.027"
"2024-07-26 10:46:50.451";"2024-07-26";"10:46:50";"F";"210";"66";"66";"65";"0.000";"0.0";"64";"0.106";"71";"73";"0.027"
"2024-07-26 10:47:20.442";"2024-07-26";"10:47:20";"F";"211";"63";"65";"90";"0.031";"1.2";"63";"0.123";"71";"73";"0.027"
"2024-07-26 10:47:50.425";"2024-07-26";"10:47:50";"F";"212";"64";"64";"125";"0.000";"0.0";"62";"0.141";"71";"73";"0.027"
"2024-07-26 10:48:20.413";"2024-07-26";"10:48:20";"F";"213";"64";"66";"190";"0.030";"2.4";"64";"0.106";"71";"73";"0.027"
"2024-07-26 10:48:50.401";"2024-07-26";"10:48:50";"F";"214";"64";"65";"285";"0.015";"1.8";"63";"0.123";"71";"73";"0.027"
"2024-07-26 10:49:20.395";"2024-07-26";"10:49:20";"F";"215";"63";"65";"420";"0.031";"5.5";"63";"0.123";"71";"73";"0.027"
"2024-07-26 10:49:50.387";"2024-07-26";"10:49:50";"F";"216";"63";"65";"625";"0.031";"8.1";"63";"0.123";"71";"73";"0.027"
"2024-07-26 10:50:20.376";"2024-07-26";"10:50:20";"F";"217";"63";"63";"820";"0.000";"0.0";"62";"0.159";"71";"73";"0.027"
"2024-07-26 10:50:23.435";"2024-07-26";"10:50:23";"SLCE";"";"Light Curve end ";""
"2024-07-26 10:51:18.498";"2024-07-26";"10:51:18";"SLCS";"";"Light Curve start ";"ct73"
"2024-07-26 10:51:18.498";"2024-07-26";"10:51:18";"REG1";"";"#1: Error: First 3 ETR-Values are not increasing ";""
"2024-07-26 10:51:18.498";"2024-07-26";"10:51:18";"REG2";"";"#1: Error: First 3 ETR-Values are not increasing ";""
"2024-07-26 10:51:19.893";"2024-07-26";"10:51:19";"FO";"218";"152";"154";"0";"0.013";"0.0";"-";"-";"152";"154";"0.013"
"2024-07-26 10:51:49.904";"2024-07-26";"10:51:49";"F";"219";"169";"169";"65";"0.000";"0.0";"167";"- 0.089";"152";"154";"0.013"
"2024-07-26 10:52:19.894";"2024-07-26";"10:52:19";"F";"220";"174";"175";"90";"0.006";"0.2";"172";"- 0.120";"152";"154";"0.013"
"2024-07-26 10:52:49.881";"2024-07-26";"10:52:49";"F";"221";"175";"177";"125";"0.011";"0.6";"174";"- 0.130";"152";"154";"0.013"
"2024-07-26 10:53:19.867";"2024-07-26";"10:53:19";"F";"222";"176";"179";"190";"0.017";"1.4";"176";"- 0.140";"152";"154";"0.013"
"2024-07-26 10:53:49.864";"2024-07-26";"10:53:49";"F";"223";"177";"179";"285";"0.011";"1.3";"176";"- 0.140";"152";"154";"0.013"
"2024-07-26 10:54:19.851";"2024-07-26";"10:54:19";"F";"224";"177";"179";"420";"0.011";"1.9";"176";"- 0.140";"152";"154";"0.013"
"2024-07-26 10:54:49.838";"2024-07-26";"10:54:49";"F";"225";"177";"179";"625";"0.011";"2.9";"176";"- 0.140";"152";"154";"0.013"
"2024-07-26 10:55:19.826";"2024-07-26";"10:55:19";"F";"226";"177";"177";"820";"0.000";"0.0";"174";"- 0.130";"152";"154";"0.013"
"2024-07-26 10:55:23.744";"2024-07-26";"10:55:23";"SLCE";"";"Light Curve end ";""
"2024-07-26 10:56:24.564";"2024-07-26";"10:56:24";"SLCS";"";"Light Curve start ";"ct74"
"2024-07-26 10:56:24.564";"2024-07-26";"10:56:24";"REG1";"";"#1: Error: First 3 ETR-Values are not increasing ";""
"2024-07-26 10:56:24.564";"2024-07-26";"10:56:24";"REG2";"";"#1: Error: First 3 ETR-Values are not increasing ";""
"2024-07-26 10:56:25.975";"2024-07-26";"10:56:25";"FO";"227";"144";"144";"0";"0.000";"0.0";"-";"-";"144";"144";"0.000"
"2024-07-26 10:56:55.964";"2024-07-26";"10:56:55";"F";"228";"142";"142";"65";"0.000";"0.0";"142";"0.014";"144";"144";"0.000"
"2024-07-26 10:57:25.944";"2024-07-26";"10:57:25";"F";"229";"141";"143";"90";"0.014";"0.5";"143";"0.007";"144";"144";"0.000"
"2024-07-26 10:57:55.936";"2024-07-26";"10:57:55";"F";"230";"143";"145";"125";"0.014";"0.7";"145";"- 0.007";"144";"144";"0.000"
"2024-07-26 10:58:25.921";"2024-07-26";"10:58:25";"F";"231";"144";"145";"190";"0.007";"0.6";"145";"- 0.007";"144";"144";"0.000"
"2024-07-26 10:58:55.911";"2024-07-26";"10:58:55";"F";"232";"144";"145";"285";"0.007";"0.8";"145";"- 0.007";"144";"144";"0.000"
"2024-07-26 10:59:25.896";"2024-07-26";"10:59:25";"F";"233";"143";"146";"420";"0.021";"3.7";"146";"- 0.014";"144";"144";"0.000"
"2024-07-26 10:59:55.884";"2024-07-26";"10:59:55";"F";"234";"143";"144";"625";"0.007";"1.8";"144";"0.000";"144";"144";"0.000"
"2024-07-26 11:00:25.873";"2024-07-26";"11:00:25";"F";"235";"143";"144";"820";"0.007";"2.4";"144";"0.000";"144";"144";"0.000"
"2024-07-26 11:00:29.501";"2024-07-26";"11:00:29";"SLCE";"";"Light Curve end ";""
"2024-07-26 11:01:18.434";"2024-07-26";"11:01:18";"SLCS";"";"Light Curve start ";"ct75"
"2024-07-26 11:01:18.434";"2024-07-26";"11:01:18";"REG1";"";"#1: Error: First 3 ETR-Values are not increasing ";""
"2024-07-26 11:01:18.434";"2024-07-26";"11:01:18";"REG2";"";"#1: Error: First 3 ETR-Values are not increasing ";""
"2024-07-26 11:01:19.839";"2024-07-26";"11:01:19";"FO";"236";"192";"192";"0";"0.000";"0.0";"-";"-";"192";"192";"0.000"
"2024-07-26 11:01:49.845";"2024-07-26";"11:01:49";"F";"237";"196";"197";"65";"0.005";"0.1";"197";"- 0.025";"192";"192";"0.000"
"2024-07-26 11:02:19.828";"2024-07-26";"11:02:19";"F";"238";"196";"196";"90";"0.000";"0.0";"196";"- 0.020";"192";"192";"0.000"
"2024-07-26 11:02:49.823";"2024-07-26";"11:02:49";"F";"239";"195";"195";"125";"0.000";"0.0";"195";"- 0.015";"192";"192";"0.000"
"2024-07-26 11:03:19.810";"2024-07-26";"11:03:19";"F";"240";"195";"195";"190";"0.000";"0.0";"195";"- 0.015";"192";"192";"0.000"
"2024-07-26 11:03:49.794";"2024-07-26";"11:03:49";"F";"241";"193";"195";"285";"0.010";"1.2";"195";"- 0.015";"192";"192";"0.000"
"2024-07-26 11:04:19.783";"2024-07-26";"11:04:19";"F";"242";"190";"193";"420";"0.016";"2.8";"193";"- 0.005";"192";"192";"0.000"
"2024-07-26 11:04:49.776";"2024-07-26";"11:04:49";"F";"243";"190";"190";"625";"0.000";"0.0";"190";"0.011";"192";"192";"0.000"
"2024-07-26 11:05:19.760";"2024-07-26";"11:05:19";"F";"244";"187";"190";"820";"0.016";"5.5";"190";"0.011";"192";"192";"0.000"
"2024-07-26 11:05:23.424";"2024-07-26";"11:05:23";"SLCE";"";"Light Curve end ";""
"2024-07-26 11:05:50.461";"2024-07-26";"11:05:50";"SLCS";"";"Light Curve start ";"ct76"
"2024-07-26 11:05:50.461";"2024-07-26";"11:05:50";"REG1";"";"#1: Error: First 3 ETR-Values are not increasing ";""
"2024-07-26 11:05:50.461";"2024-07-26";"11:05:50";"REG2";"";"#1: Error: First 3 ETR-Values are not increasing ";""
"2024-07-26 11:05:51.863";"2024-07-26";"11:05:51";"FO";"245";"104";"105";"0";"0.010";"0.0";"-";"-";"104";"105";"0.010"
"2024-07-26 11:06:21.852";"2024-07-26";"11:06:21";"F";"246";"109";"109";"65";"0.000";"0.0";"108";"- 0.037";"104";"105";"0.010"
"2024-07-26 11:06:51.835";"2024-07-26";"11:06:51";"F";"247";"111";"113";"90";"0.018";"0.7";"112";"- 0.071";"104";"105";"0.010"
"2024-07-26 11:07:21.828";"2024-07-26";"11:07:21";"F";"248";"113";"114";"125";"0.009";"0.5";"113";"- 0.079";"104";"105";"0.010"
"2024-07-26 11:07:51.810";"2024-07-26";"11:07:51";"F";"249";"113";"114";"190";"0.009";"0.7";"113";"- 0.079";"104";"105";"0.010"
"2024-07-26 11:08:21.797";"2024-07-26";"11:08:21";"F";"250";"113";"115";"285";"0.017";"2.0";"114";"- 0.087";"104";"105";"0.010"
"2024-07-26 11:08:51.786";"2024-07-26";"11:08:51";"F";"251";"113";"114";"420";"0.009";"1.6";"113";"- 0.079";"104";"105";"0.010"
"2024-07-26 11:09:21.774";"2024-07-26";"11:09:21";"F";"252";"113";"116";"625";"0.026";"6.8";"115";"- 0.095";"104";"105";"0.010"
"2024-07-26 11:09:51.769";"2024-07-26";"11:09:51";"F";"253";"112";"114";"820";"0.018";"6.2";"113";"- 0.079";"104";"105";"0.010"
"2024-07-26 11:09:55.428";"2024-07-26";"11:09:55";"SLCE";"";"Light Curve end ";""
"2024-07-26 11:10:19.301";"2024-07-26";"11:10:19";"SLCS";"";"Light Curve start ";"ct77"
"2024-07-26 11:10:19.301";"2024-07-26";"11:10:19";"REG1";"";"#1: Error: First 3 ETR-Values are not increasing ";""
"2024-07-26 11:10:19.301";"2024-07-26";"11:10:19";"REG2";"";"#1: Error: First 3 ETR-Values are not increasing ";""
"2024-07-26 11:10:20.690";"2024-07-26";"11:10:20";"FO";"254";"91";"92";"0";"0.011";"0.0";"-";"-";"91";"92";"0.011"
"2024-07-26 11:10:50.680";"2024-07-26";"11:10:50";"F";"255";"96";"98";"65";"0.020";"0.5";"97";"- 0.061";"91";"92";"0.011"
"2024-07-26 11:11:20.671";"2024-07-26";"11:11:20";"F";"256";"100";"101";"90";"0.010";"0.4";"100";"- 0.089";"91";"92";"0.011"
"2024-07-26 11:11:50.677";"2024-07-26";"11:11:50";"F";"257";"101";"103";"125";"0.019";"1.0";"102";"- 0.107";"91";"92";"0.011"
"2024-07-26 11:12:20.673";"2024-07-26";"11:12:20";"F";"258";"102";"104";"190";"0.019";"1.5";"103";"- 0.115";"91";"92";"0.011"
"2024-07-26 11:12:50.657";"2024-07-26";"11:12:50";"F";"259";"103";"104";"285";"0.010";"1.2";"103";"- 0.115";"91";"92";"0.011"
"2024-07-26 11:13:20.641";"2024-07-26";"11:13:20";"F";"260";"104";"104";"420";"0.000";"0.0";"103";"- 0.115";"91";"92";"0.011"
"2024-07-26 11:13:50.637";"2024-07-26";"11:13:50";"F";"261";"103";"105";"625";"0.019";"5.0";"104";"- 0.124";"91";"92";"0.011"
"2024-07-26 11:14:20.626";"2024-07-26";"11:14:20";"F";"262";"104";"104";"820";"0.000";"0.0";"103";"- 0.115";"91";"92";"0.011"
"2024-07-26 11:14:23.925";"2024-07-26";"11:14:23";"SLCE";"";"Light Curve end ";""
"2024-07-26 11:14:59.085";"2024-07-26";"11:14:59";"SLCS";"";"Light Curve start ";"ct78"
"2024-07-26 11:14:59.085";"2024-07-26";"11:14:59";"REG1";"";"#1: alpha: - , ETRm: - , Ik: -   ( beta: - 0.004, ETRmPot: 5.283 )   (Platt et al. 1980) ";""
"2024-07-26 11:14:59.085";"2024-07-26";"11:14:59";"REG2";"";"#1: alpha: 0.036, ETRm: 9.229, Ik: 255.640   (Jassby and Platt 1976) ";""
"2024-07-26 11:15:00.476";"2024-07-26";"11:15:00";"FO";"263";"143";"154";"0";"0.071";"0.0";"-";"-";"143";"154";"0.071"
"2024-07-26 11:15:30.469";"2024-07-26";"11:15:30";"F";"264";"120";"133";"65";"0.098";"2.7";"125";"0.158";"143";"154";"0.071"
"2024-07-26 11:16:00.454";"2024-07-26";"11:16:00";"F";"265";"116";"129";"90";"0.101";"3.8";"121";"0.194";"143";"154";"0.071"
"2024-07-26 11:16:30.441";"2024-07-26";"11:16:30";"F";"266";"116";"127";"125";"0.087";"4.6";"119";"0.213";"143";"154";"0.071"
"2024-07-26 11:17:00.437";"2024-07-26";"11:17:00";"F";"267";"119";"128";"190";"0.070";"5.6";"120";"0.203";"143";"154";"0.071"
"2024-07-26 11:17:30.424";"2024-07-26";"11:17:30";"F";"268";"119";"127";"285";"0.063";"7.5";"119";"0.213";"143";"154";"0.071"
"2024-07-26 11:18:00.410";"2024-07-26";"11:18:00";"F";"269";"122";"127";"420";"0.039";"6.9";"119";"0.213";"143";"154";"0.071"
"2024-07-26 11:18:30.395";"2024-07-26";"11:18:30";"F";"270";"122";"126";"625";"0.032";"8.4";"119";"0.222";"143";"154";"0.071"
"2024-07-26 11:19:00.383";"2024-07-26";"11:19:00";"F";"271";"121";"125";"820";"0.032";"11.0";"118";"0.232";"143";"154";"0.071"
"2024-07-26 11:19:04.350";"2024-07-26";"11:19:04";"SLCE";"";"Light Curve end ";""
"2024-07-26 11:20:09.841";"2024-07-26";"11:20:09";"SLCS";"";"Light Curve start ";"ct79"
"2024-07-26 11:20:09.841";"2024-07-26";"11:20:09";"REG1";"";"#1: Error: First 3 ETR-Values are not increasing ";""
"2024-07-26 11:20:09.841";"2024-07-26";"11:20:09";"REG2";"";"#1: Error: First 3 ETR-Values are not increasing ";""
"2024-07-26 11:20:11.234";"2024-07-26";"11:20:11";"FO";"272";"191";"222";"0";"0.140";"0.0";"-";"-";"191";"222";"0.140"
"2024-07-26 11:20:41.217";"2024-07-26";"11:20:41";"F";"273";"208";"222";"65";"0.063";"1.7";"191";"0.000";"191";"222";"0.140"
"2024-07-26 11:21:11.213";"2024-07-26";"11:21:11";"F";"274";"212";"220";"90";"0.036";"1.4";"190";"0.009";"191";"222";"0.140"
"2024-07-26 11:21:41.199";"2024-07-26";"11:21:41";"F";"275";"214";"222";"125";"0.036";"1.9";"191";"0.000";"191";"222";"0.140"
"2024-07-26 11:22:11.210";"2024-07-26";"11:22:11";"F";"276";"216";"221";"190";"0.023";"1.8";"190";"0.005";"191";"222";"0.140"
"2024-07-26 11:22:41.189";"2024-07-26";"11:22:41";"F";"277";"219";"223";"285";"0.018";"2.2";"192";"- 0.004";"191";"222";"0.140"
"2024-07-26 11:23:11.178";"2024-07-26";"11:23:11";"F";"278";"219";"221";"420";"0.009";"1.6";"190";"0.005";"191";"222";"0.140"
"2024-07-26 11:23:41.167";"2024-07-26";"11:23:41";"F";"279";"219";"223";"625";"0.018";"4.7";"192";"- 0.004";"191";"222";"0.140"
"2024-07-26 11:24:11.161";"2024-07-26";"11:24:11";"F";"280";"219";"222";"820";"0.014";"4.8";"191";"0.000";"191";"222";"0.140"
"2024-07-26 11:24:14.777";"2024-07-26";"11:24:14";"SLCE";"";"Light Curve end ";""
"2024-07-26 11:25:19.250";"2024-07-26";"11:25:19";"SLCS";"";"Light Curve start ";"ct80"
"2024-07-26 11:25:19.250";"2024-07-26";"11:25:19";"REG1";"";"#1: Error: First 3 ETR-Values are not increasing ";""
"2024-07-26 11:25:19.250";"2024-07-26";"11:25:19";"REG2";"";"#1: Error: First 3 ETR-Values are not increasing ";""
"2024-07-26 11:25:20.658";"2024-07-26";"11:25:20";"FO";"281";"106";"110";"0";"0.036";"0.0";"-";"-";"106";"110";"0.036"
"2024-07-26 11:25:50.642";"2024-07-26";"11:25:50";"F";"282";"113";"113";"65";"0.000";"0.0";"109";"- 0.027";"106";"110";"0.036"
"2024-07-26 11:26:20.628";"2024-07-26";"11:26:20";"F";"283";"113";"115";"90";"0.017";"0.6";"111";"- 0.043";"106";"110";"0.036"
"2024-07-26 11:26:50.616";"2024-07-26";"11:26:50";"F";"284";"113";"114";"125";"0.009";"0.5";"110";"- 0.035";"106";"110";"0.036"
"2024-07-26 11:27:20.611";"2024-07-26";"11:27:20";"F";"285";"113";"116";"190";"0.026";"2.1";"112";"- 0.052";"106";"110";"0.036"
"2024-07-26 11:27:50.593";"2024-07-26";"11:27:50";"F";"286";"113";"113";"285";"0.000";"0.0";"109";"- 0.027";"106";"110";"0.036"
"2024-07-26 11:28:20.580";"2024-07-26";"11:28:20";"F";"287";"112";"114";"420";"0.018";"3.2";"110";"- 0.035";"106";"110";"0.036"
"2024-07-26 11:28:50.578";"2024-07-26";"11:28:50";"F";"288";"111";"111";"625";"0.000";"0.0";"107";"- 0.009";"106";"110";"0.036"
"2024-07-26 11:29:20.565";"2024-07-26";"11:29:20";"F";"289";"110";"111";"820";"0.009";"3.1";"107";"- 0.009";"106";"110";"0.036"
"2024-07-26 11:29:23.694";"2024-07-26";"11:29:23";"SLCE";"";"Light Curve end ";""
"2024-07-26 11:29:39.081";"2024-07-26";"11:29:39";"SLCS";"";"Light Curve start ";"ct81"
"2024-07-26 11:29:39.081";"2024-07-26";"11:29:39";"REG1";"";"#1: Error: First 3 ETR-Values are not increasing ";""
"2024-07-26 11:29:39.081";"2024-07-26";"11:29:39";"REG2";"";"#1: Error: First 3 ETR-Values are not increasing ";""
"2024-07-26 11:29:40.485";"2024-07-26";"11:29:40";"FO";"290";"112";"112";"0";"0.000";"0.0";"-";"-";"112";"112";"0.000"
"2024-07-26 11:30:10.472";"2024-07-26";"11:30:10";"F";"291";"111";"111";"65";"0.000";"0.0";"111";"0.009";"112";"112";"0.000"
"2024-07-26 11:30:40.453";"2024-07-26";"11:30:40";"F";"292";"109";"111";"90";"0.018";"0.7";"111";"0.009";"112";"112";"0.000"
"2024-07-26 11:31:10.441";"2024-07-26";"11:31:10";"F";"293";"109";"110";"125";"0.009";"0.5";"110";"0.018";"112";"112";"0.000"
"2024-07-26 11:31:40.436";"2024-07-26";"11:31:40";"F";"294";"110";"110";"190";"0.000";"0.0";"110";"0.018";"112";"112";"0.000"
"2024-07-26 11:32:10.441";"2024-07-26";"11:32:10";"F";"295";"108";"110";"285";"0.018";"2.2";"110";"0.018";"112";"112";"0.000"
"2024-07-26 11:32:40.429";"2024-07-26";"11:32:40";"F";"296";"107";"111";"420";"0.036";"6.4";"111";"0.009";"112";"112";"0.000"
"2024-07-26 11:33:10.418";"2024-07-26";"11:33:10";"F";"297";"107";"110";"625";"0.027";"7.1";"110";"0.018";"112";"112";"0.000"
"2024-07-26 11:33:40.408";"2024-07-26";"11:33:40";"F";"298";"107";"107";"820";"0.000";"0.0";"107";"0.047";"112";"112";"0.000"
"2024-07-26 11:33:43.966";"2024-07-26";"11:33:43";"SLCE";"";"Light Curve end ";""
"2024-07-26 11:33:59.330";"2024-07-26";"11:33:59";"SLCS";"";"Light Curve start ";"ct82"
"2024-07-26 11:33:59.330";"2024-07-26";"11:33:59";"REG1";"";"#1: alpha: 0.020, ETRm: 0.982, Ik: 47.927   ( beta: 0.547, ETRmPot: 72.618 )   (Platt et al. 1980) ";""
"2024-07-26 11:33:59.330";"2024-07-26";"11:33:59";"REG2";"";"#1: alpha: 0.012, ETRm: 0.535, Ik: 43.613   (Jassby and Platt 1976) ";""
"2024-07-26 11:34:00.721";"2024-07-26";"11:34:00";"FO";"299";"118";"120";"0";"0.017";"0.0";"-";"-";"118";"120";"0.017"
"2024-07-26 11:34:30.710";"2024-07-26";"11:34:30";"F";"300";"143";"145";"65";"0.014";"0.4";"142";"- 0.172";"118";"120";"0.017"
"2024-07-26 11:35:00.704";"2024-07-26";"11:35:00";"F";"301";"147";"149";"90";"0.013";"0.5";"146";"- 0.195";"118";"120";"0.017"
"2024-07-26 11:35:30.693";"2024-07-26";"11:35:30";"F";"302";"146";"149";"125";"0.020";"1.1";"146";"- 0.195";"118";"120";"0.017"
"2024-07-26 11:36:00.678";"2024-07-26";"11:36:00";"F";"303";"145";"149";"190";"0.027";"2.2";"146";"- 0.195";"118";"120";"0.017"
"2024-07-26 11:36:30.672";"2024-07-26";"11:36:30";"F";"304";"146";"146";"285";"0.000";"0.0";"143";"- 0.178";"118";"120";"0.017"
"2024-07-26 11:37:00.658";"2024-07-26";"11:37:00";"F";"305";"146";"146";"420";"0.000";"0.0";"143";"- 0.178";"118";"120";"0.017"
"2024-07-26 11:37:30.648";"2024-07-26";"11:37:30";"F";"306";"144";"144";"625";"0.000";"0.0";"141";"- 0.167";"118";"120";"0.017"
"2024-07-26 11:38:00.629";"2024-07-26";"11:38:00";"F";"307";"143";"143";"820";"0.000";"0.0";"140";"- 0.161";"118";"120";"0.017"
"2024-07-26 11:38:04.167";"2024-07-26";"11:38:04";"SLCE";"";"Light Curve end ";""
"2024-07-26 11:40:21.607";"2024-07-26";"11:40:21";"SLCS";"";"Light Curve start ";"ct83"
"2024-07-26 11:40:21.607";"2024-07-26";"11:40:21";"REG1";"";"#1: Error: First 3 ETR-Values are not increasing ";""
"2024-07-26 11:40:21.607";"2024-07-26";"11:40:21";"REG2";"";"#1: Error: First 3 ETR-Values are not increasing ";""
"2024-07-26 11:40:23.010";"2024-07-26";"11:40:23";"FO";"308";"122";"122";"0";"0.000";"0.0";"-";"-";"122";"122";"0.000"
"2024-07-26 11:40:52.994";"2024-07-26";"11:40:52";"F";"309";"121";"121";"65";"0.000";"0.0";"121";"0.008";"122";"122";"0.000"
"2024-07-26 11:41:22.985";"2024-07-26";"11:41:22";"F";"310";"121";"121";"90";"0.000";"0.0";"121";"0.008";"122";"122";"0.000"
"2024-07-26 11:41:52.994";"2024-07-26";"11:41:52";"F";"311";"119";"122";"125";"0.025";"1.3";"122";"0.000";"122";"122";"0.000"
"2024-07-26 11:42:22.974";"2024-07-26";"11:42:22";"F";"312";"120";"120";"190";"0.000";"0.0";"120";"0.017";"122";"122";"0.000"
"2024-07-26 11:42:52.963";"2024-07-26";"11:42:52";"F";"313";"119";"121";"285";"0.017";"2.0";"121";"0.008";"122";"122";"0.000"
"2024-07-26 11:43:22.959";"2024-07-26";"11:43:22";"F";"314";"120";"121";"420";"0.008";"1.4";"121";"0.008";"122";"122";"0.000"
"2024-07-26 11:43:52.946";"2024-07-26";"11:43:52";"F";"315";"119";"122";"625";"0.025";"6.6";"122";"0.000";"122";"122";"0.000"
"2024-07-26 11:44:22.936";"2024-07-26";"11:44:22";"F";"316";"116";"118";"820";"0.017";"5.9";"118";"0.034";"122";"122";"0.000"
"2024-07-26 11:44:26.314";"2024-07-26";"11:44:26";"SLCE";"";"Light Curve end ";""
"2024-07-26 11:45:37.261";"2024-07-26";"11:45:37";"SLCS";"";"Light Curve start ";"ct84"
"2024-07-26 11:45:37.261";"2024-07-26";"11:45:37";"REG1";"";"#1: Error: First 3 ETR-Values are not increasing ";""
"2024-07-26 11:45:37.261";"2024-07-26";"11:45:37";"REG2";"";"#1: Error: First 3 ETR-Values are not increasing ";""
"2024-07-26 11:45:38.643";"2024-07-26";"11:45:38";"FO";"317";"195";"196";"0";"0.005";"0.0";"-";"-";"195";"196";"0.005"
"2024-07-26 11:46:08.641";"2024-07-26";"11:46:08";"F";"318";"181";"182";"65";"0.005";"0.1";"181";"0.077";"195";"196";"0.005"
"2024-07-26 11:46:38.627";"2024-07-26";"11:46:38";"F";"319";"163";"163";"90";"0.000";"0.0";"162";"0.202";"195";"196";"0.005"
"2024-07-26 11:47:08.609";"2024-07-26";"11:47:08";"F";"320";"161";"162";"125";"0.006";"0.3";"161";"0.210";"195";"196";"0.005"
"2024-07-26 11:47:38.604";"2024-07-26";"11:47:38";"F";"321";"160";"160";"190";"0.000";"0.0";"159";"0.225";"195";"196";"0.005"
"2024-07-26 11:48:08.587";"2024-07-26";"11:48:08";"F";"322";"159";"159";"285";"0.000";"0.0";"158";"0.233";"195";"196";"0.005"
"2024-07-26 11:48:38.581";"2024-07-26";"11:48:38";"F";"323";"158";"159";"420";"0.006";"1.1";"158";"0.233";"195";"196";"0.005"
"2024-07-26 11:49:08.566";"2024-07-26";"11:49:08";"F";"324";"157";"160";"625";"0.019";"5.0";"159";"0.225";"195";"196";"0.005"
"2024-07-26 11:49:38.552";"2024-07-26";"11:49:38";"F";"325";"156";"157";"820";"0.006";"2.1";"156";"0.248";"195";"196";"0.005"
"2024-07-26 11:49:42.143";"2024-07-26";"11:49:42";"SLCE";"";"Light Curve end ";""
"2024-07-26 11:50:28.708";"2024-07-26";"11:50:28";"SLCS";"";"Light Curve start ";"ct85"
"2024-07-26 11:50:28.708";"2024-07-26";"11:50:28";"REG1";"";"#1: Error: First 3 ETR-Values are not increasing ";""
"2024-07-26 11:50:28.708";"2024-07-26";"11:50:28";"REG2";"";"#1: Error: First 3 ETR-Values are not increasing ";""
"2024-07-26 11:50:30.114";"2024-07-26";"11:50:30";"FO";"326";"162";"162";"0";"0.000";"0.0";"-";"-";"162";"162";"0.000"
"2024-07-26 11:51:00.100";"2024-07-26";"11:51:00";"F";"327";"169";"172";"65";"0.017";"0.5";"172";"- 0.058";"162";"162";"0.000"
"2024-07-26 11:51:30.093";"2024-07-26";"11:51:30";"F";"328";"174";"175";"90";"0.006";"0.2";"175";"- 0.074";"162";"162";"0.000"
"2024-07-26 11:52:00.093";"2024-07-26";"11:52:00";"F";"329";"175";"177";"125";"0.011";"0.6";"177";"- 0.085";"162";"162";"0.000"
"2024-07-26 11:52:30.089";"2024-07-26";"11:52:30";"F";"330";"177";"179";"190";"0.011";"0.9";"179";"- 0.095";"162";"162";"0.000"
"2024-07-26 11:53:00.078";"2024-07-26";"11:53:00";"F";"331";"179";"182";"285";"0.016";"1.9";"182";"- 0.110";"162";"162";"0.000"
"2024-07-26 11:53:30.060";"2024-07-26";"11:53:30";"F";"332";"178";"180";"420";"0.011";"1.9";"180";"- 0.100";"162";"162";"0.000"
"2024-07-26 11:54:00.051";"2024-07-26";"11:54:00";"F";"333";"178";"180";"625";"0.011";"2.9";"180";"- 0.100";"162";"162";"0.000"
"2024-07-26 11:54:30.038";"2024-07-26";"11:54:30";"F";"334";"178";"178";"820";"0.000";"0.0";"178";"- 0.090";"162";"162";"0.000"
"2024-07-26 11:54:33.396";"2024-07-26";"11:54:33";"SLCE";"";"Light Curve end ";""
"2024-07-26 11:54:50.209";"2024-07-26";"11:54:50";"SLCS";"";"Light Curve start ";"ct86"
"2024-07-26 11:54:50.209";"2024-07-26";"11:54:50";"REG1";"";"#1: alpha: - , ETRm: - , Ik: -   ( beta: - 0.005, ETRmPot: - 0.576 )   (Platt et al. 1980) ";""
"2024-07-26 11:54:50.209";"2024-07-26";"11:54:50";"REG2";"";"#1: alpha: 0.003, ETRm: 0.940, Ik: 277.241   (Jassby and Platt 1976) ";""
"2024-07-26 11:54:51.611";"2024-07-26";"11:54:51";"FO";"335";"179";"182";"0";"0.016";"0.0";"-";"-";"179";"182";"0.016"
"2024-07-26 11:55:21.596";"2024-07-26";"11:55:21";"F";"336";"203";"205";"65";"0.010";"0.3";"201";"- 0.112";"179";"182";"0.016"
"2024-07-26 11:55:51.581";"2024-07-26";"11:55:51";"F";"337";"224";"228";"90";"0.018";"0.7";"223";"- 0.202";"179";"182";"0.016"
"2024-07-26 11:56:21.574";"2024-07-26";"11:56:21";"F";"338";"235";"236";"125";"0.004";"0.2";"231";"- 0.229";"179";"182";"0.016"
"2024-07-26 11:56:51.557";"2024-07-26";"11:56:51";"F";"339";"241";"241";"190";"0.000";"0.0";"236";"- 0.245";"179";"182";"0.016"
"2024-07-26 11:57:21.544";"2024-07-26";"11:57:21";"F";"340";"242";"244";"285";"0.008";"1.0";"239";"- 0.254";"179";"182";"0.016"
"2024-07-26 11:57:51.533";"2024-07-26";"11:57:51";"F";"341";"242";"244";"420";"0.008";"1.4";"239";"- 0.254";"179";"182";"0.016"
"2024-07-26 11:58:21.529";"2024-07-26";"11:58:21";"F";"342";"242";"242";"625";"0.000";"0.0";"237";"- 0.248";"179";"182";"0.016"
"2024-07-26 11:58:51.514";"2024-07-26";"11:58:51";"F";"343";"241";"242";"820";"0.004";"1.4";"237";"- 0.248";"179";"182";"0.016"
"2024-07-26 11:58:54.622";"2024-07-26";"11:58:54";"SLCE";"";"Light Curve end ";""
"2024-07-26 11:59:38.211";"2024-07-26";"11:59:38";"SLCS";"";"Light Curve start ";"ct87"
"2024-07-26 11:59:38.211";"2024-07-26";"11:59:38";"REG1";"";"#1: alpha: - , ETRm: - , Ik: -   ( beta: - 0.334, ETRmPot: 14.379 )   (Platt et al. 1980) ";""
"2024-07-26 11:59:38.211";"2024-07-26";"11:59:38";"REG2";"";"#1: alpha: 0.002, ETRm: 49.772, Ik: 28102.546   (Jassby and Platt 1976) ";""
"2024-07-26 11:59:39.607";"2024-07-26";"11:59:39";"FO";"344";"137";"137";"0";"0.000";"0.0";"-";"-";"137";"137";"0.000"
"2024-07-26 12:00:09.605";"2024-07-26";"12:00:09";"F";"345";"136";"137";"65";"0.007";"0.2";"137";"0.000";"137";"137";"0.000"
"2024-07-26 12:00:39.588";"2024-07-26";"12:00:39";"F";"346";"137";"139";"90";"0.014";"0.5";"139";"- 0.014";"137";"137";"0.000"
"2024-07-26 12:01:09.579";"2024-07-26";"12:01:09";"F";"347";"138";"140";"125";"0.014";"0.7";"140";"- 0.021";"137";"137";"0.000"
"2024-07-26 12:01:39.564";"2024-07-26";"12:01:39";"F";"348";"140";"141";"190";"0.007";"0.6";"141";"- 0.028";"137";"137";"0.000"
"2024-07-26 12:02:09.570";"2024-07-26";"12:02:09";"F";"349";"141";"142";"285";"0.007";"0.8";"142";"- 0.035";"137";"137";"0.000"
"2024-07-26 12:02:39.562";"2024-07-26";"12:02:39";"F";"350";"141";"141";"420";"0.000";"0.0";"141";"- 0.028";"137";"137";"0.000"
"2024-07-26 12:03:09.547";"2024-07-26";"12:03:09";"F";"351";"142";"142";"625";"0.000";"0.0";"142";"- 0.035";"137";"137";"0.000"
"2024-07-26 12:03:39.541";"2024-07-26";"12:03:39";"F";"352";"141";"142";"820";"0.007";"2.4";"142";"- 0.035";"137";"137";"0.000"
"2024-07-26 12:03:43.101";"2024-07-26";"12:03:43";"SLCE";"";"Light Curve end ";""
"2024-07-26 12:05:16.656";"2024-07-26";"12:05:16";"SLCS";"";"Light Curve start ";"ct88"
"2024-07-26 12:05:16.656";"2024-07-26";"12:05:16";"REG1";"";"#1: Error: First 3 ETR-Values are not increasing ";""
"2024-07-26 12:05:16.656";"2024-07-26";"12:05:16";"REG2";"";"#1: Error: First 3 ETR-Values are not increasing ";""
"2024-07-26 12:05:18.051";"2024-07-26";"12:05:18";"FO";"353";"98";"98";"0";"0.000";"0.0";"-";"-";"98";"98";"0.000"
"2024-07-26 12:05:48.040";"2024-07-26";"12:05:48";"F";"354";"100";"100";"65";"0.000";"0.0";"100";"- 0.020";"98";"98";"0.000"
"2024-07-26 12:06:18.033";"2024-07-26";"12:06:18";"F";"355";"101";"101";"90";"0.000";"0.0";"101";"- 0.030";"98";"98";"0.000"
"2024-07-26 12:06:48.017";"2024-07-26";"12:06:48";"F";"356";"101";"104";"125";"0.029";"1.5";"104";"- 0.058";"98";"98";"0.000"
"2024-07-26 12:07:18.001";"2024-07-26";"12:07:18";"F";"357";"102";"103";"190";"0.010";"0.8";"103";"- 0.049";"98";"98";"0.000"
"2024-07-26 12:07:47.990";"2024-07-26";"12:07:47";"F";"358";"101";"102";"285";"0.010";"1.2";"102";"- 0.039";"98";"98";"0.000"
"2024-07-26 12:08:17.978";"2024-07-26";"12:08:17";"F";"359";"99";"102";"420";"0.029";"5.1";"102";"- 0.039";"98";"98";"0.000"
"2024-07-26 12:08:47.967";"2024-07-26";"12:08:47";"F";"360";"100";"101";"625";"0.010";"2.6";"101";"- 0.030";"98";"98";"0.000"
"2024-07-26 12:09:17.959";"2024-07-26";"12:09:17";"F";"361";"98";"98";"820";"0.000";"0.0";"98";"0.000";"98";"98";"0.000"
"2024-07-26 12:09:21.572";"2024-07-26";"12:09:21";"SLCE";"";"Light Curve end ";""
"2024-07-26 12:09:53.140";"2024-07-26";"12:09:53";"SLCS";"";"Light Curve start ";"ct89"
"2024-07-26 12:09:53.140";"2024-07-26";"12:09:53";"REG1";"";"#1: alpha: - , ETRm: - , Ik: -   ( beta: - 0.001, ETRmPot: 0.329 )   (Platt et al. 1980) ";""
"2024-07-26 12:09:53.140";"2024-07-26";"12:09:53";"REG2";"";"#1: alpha: 0.007, ETRm: 289.660, Ik: 41783.602   (Jassby and Platt 1976) ";""
"2024-07-26 12:09:54.533";"2024-07-26";"12:09:54";"FO";"362";"133";"134";"0";"0.007";"0.0";"-";"-";"133";"134";"0.007"
"2024-07-26 12:10:24.522";"2024-07-26";"12:10:24";"F";"363";"136";"137";"65";"0.007";"0.2";"136";"- 0.022";"133";"134";"0.007"
"2024-07-26 12:10:54.510";"2024-07-26";"12:10:54";"F";"364";"137";"140";"90";"0.021";"0.8";"139";"- 0.043";"133";"134";"0.007"
"2024-07-26 12:11:24.506";"2024-07-26";"12:11:24";"F";"365";"140";"141";"125";"0.007";"0.4";"140";"- 0.050";"133";"134";"0.007"
"2024-07-26 12:11:54.507";"2024-07-26";"12:11:54";"F";"366";"140";"142";"190";"0.014";"1.1";"141";"- 0.056";"133";"134";"0.007"
"2024-07-26 12:12:24.498";"2024-07-26";"12:12:24";"F";"367";"138";"141";"285";"0.021";"2.5";"140";"- 0.050";"133";"134";"0.007"
"2024-07-26 12:12:54.484";"2024-07-26";"12:12:54";"F";"368";"139";"139";"420";"0.000";"0.0";"138";"- 0.036";"133";"134";"0.007"
"2024-07-26 12:13:24.474";"2024-07-26";"12:13:24";"F";"369";"137";"139";"625";"0.014";"3.7";"138";"- 0.036";"133";"134";"0.007"
"2024-07-26 12:13:54.460";"2024-07-26";"12:13:54";"F";"370";"135";"138";"820";"0.022";"7.6";"137";"- 0.029";"133";"134";"0.007"
"2024-07-26 12:13:58.185";"2024-07-26";"12:13:58";"SLCE";"";"Light Curve end ";""
"2024-07-26 12:14:23.081";"2024-07-26";"12:14:23";"SLCS";"";"Light Curve start ";"ct90"
"2024-07-26 12:14:23.081";"2024-07-26";"12:14:23";"REG1";"";"#1: Error: First 3 ETR-Values are not increasing ";""
"2024-07-26 12:14:23.081";"2024-07-26";"12:14:23";"REG2";"";"#1: Error: First 3 ETR-Values are not increasing ";""
"2024-07-26 12:14:24.484";"2024-07-26";"12:14:24";"FO";"371";"195";"203";"0";"0.039";"0.0";"-";"-";"195";"203";"0.039"
"2024-07-26 12:14:54.467";"2024-07-26";"12:14:54";"F";"372";"205";"212";"65";"0.033";"0.9";"203";"- 0.042";"195";"203";"0.039"
"2024-07-26 12:15:24.454";"2024-07-26";"12:15:24";"F";"373";"207";"212";"90";"0.024";"0.9";"203";"- 0.042";"195";"203";"0.039"
"2024-07-26 12:15:54.448";"2024-07-26";"12:15:54";"F";"374";"210";"214";"125";"0.019";"1.0";"205";"- 0.051";"195";"203";"0.039"
"2024-07-26 12:16:24.439";"2024-07-26";"12:16:24";"F";"375";"211";"215";"190";"0.019";"1.5";"206";"- 0.056";"195";"203";"0.039"
"2024-07-26 12:16:54.420";"2024-07-26";"12:16:54";"F";"376";"211";"213";"285";"0.009";"1.1";"204";"- 0.047";"195";"203";"0.039"
"2024-07-26 12:17:24.411";"2024-07-26";"12:17:24";"F";"377";"210";"212";"420";"0.009";"1.6";"203";"- 0.042";"195";"203";"0.039"
"2024-07-26 12:17:54.403";"2024-07-26";"12:17:54";"F";"378";"211";"212";"625";"0.005";"1.3";"203";"- 0.042";"195";"203";"0.039"
"2024-07-26 12:18:24.391";"2024-07-26";"12:18:24";"F";"379";"210";"212";"820";"0.009";"3.1";"203";"- 0.042";"195";"203";"0.039"
"2024-07-26 12:18:27.551";"2024-07-26";"12:18:27";"SLCE";"";"Light Curve end ";""
"2024-07-26 12:18:51.809";"2024-07-26";"12:18:51";"SLCS";"";"Light Curve start ";"ct91"
"2024-07-26 12:18:51.809";"2024-07-26";"12:18:51";"REG1";"";"#1: Error: First 3 ETR-Values are not increasing ";""
"2024-07-26 12:18:51.809";"2024-07-26";"12:18:51";"REG2";"";"#1: Error: First 3 ETR-Values are not increasing ";""
"2024-07-26 12:18:53.208";"2024-07-26";"12:18:53";"FO";"380";"190";"192";"0";"0.010";"0.0";"-";"-";"190";"192";"0.010"
"2024-07-26 12:19:23.199";"2024-07-26";"12:19:23";"F";"381";"204";"206";"65";"0.010";"0.3";"204";"- 0.068";"190";"192";"0.010"
"2024-07-26 12:19:53.189";"2024-07-26";"12:19:53";"F";"382";"210";"210";"90";"0.000";"0.0";"208";"- 0.086";"190";"192";"0.010"
"2024-07-26 12:20:23.174";"2024-07-26";"12:20:23";"F";"383";"212";"214";"125";"0.009";"0.5";"212";"- 0.103";"190";"192";"0.010"
"2024-07-26 12:20:53.164";"2024-07-26";"12:20:53";"F";"384";"212";"213";"190";"0.005";"0.4";"211";"- 0.099";"190";"192";"0.010"
"2024-07-26 12:21:23.145";"2024-07-26";"12:21:23";"F";"385";"213";"213";"285";"0.000";"0.0";"211";"- 0.099";"190";"192";"0.010"
"2024-07-26 12:21:53.156";"2024-07-26";"12:21:53";"F";"386";"213";"213";"420";"0.000";"0.0";"211";"- 0.099";"190";"192";"0.010"
"2024-07-26 12:22:23.148";"2024-07-26";"12:22:23";"F";"387";"213";"213";"625";"0.000";"0.0";"211";"- 0.099";"190";"192";"0.010"
"2024-07-26 12:22:53.132";"2024-07-26";"12:22:53";"F";"388";"211";"212";"820";"0.005";"1.7";"210";"- 0.094";"190";"192";"0.010"
"2024-07-26 12:22:56.900";"2024-07-26";"12:22:56";"SLCE";"";"Light Curve end ";""
"2024-07-26 12:23:15.230";"2024-07-26";"12:23:15";"SLCS";"";"Light Curve start ";"ct92"
"2024-07-26 12:23:15.230";"2024-07-26";"12:23:15";"REG1";"";"#1: alpha: - , ETRm: - , Ik: -   ( beta: - 0.012, ETRmPot: 12.313 )   (Platt et al. 1980) ";""
"2024-07-26 12:23:15.230";"2024-07-26";"12:23:15";"REG2";"";"#1: alpha: 0.004, ETRm: 148.617, Ik: 39168.841   (Jassby and Platt 1976) ";""
"2024-07-26 12:23:16.628";"2024-07-26";"12:23:16";"FO";"389";"200";"202";"0";"0.010";"0.0";"-";"-";"200";"202";"0.010"
"2024-07-26 12:23:46.616";"2024-07-26";"12:23:46";"F";"390";"210";"211";"65";"0.005";"0.1";"209";"- 0.043";"200";"202";"0.010"
"2024-07-26 12:24:16.596";"2024-07-26";"12:24:16";"F";"391";"210";"211";"90";"0.005";"0.2";"209";"- 0.043";"200";"202";"0.010"
"2024-07-26 12:24:46.589";"2024-07-26";"12:24:46";"F";"392";"208";"210";"125";"0.010";"0.5";"208";"- 0.038";"200";"202";"0.010"
"2024-07-26 12:25:16.578";"2024-07-26";"12:25:16";"F";"393";"208";"208";"190";"0.000";"0.0";"206";"- 0.029";"200";"202";"0.010"
"2024-07-26 12:25:46.570";"2024-07-26";"12:25:46";"F";"394";"204";"204";"285";"0.000";"0.0";"202";"- 0.010";"200";"202";"0.010"
"2024-07-26 12:26:16.556";"2024-07-26";"12:26:16";"F";"395";"201";"203";"420";"0.010";"1.8";"201";"- 0.005";"200";"202";"0.010"
"2024-07-26 12:26:46.543";"2024-07-26";"12:26:46";"F";"396";"198";"200";"625";"0.010";"2.6";"198";"0.010";"200";"202";"0.010"
"2024-07-26 12:27:16.533";"2024-07-26";"12:27:16";"F";"397";"196";"198";"820";"0.010";"3.4";"196";"0.020";"200";"202";"0.010"
"2024-07-26 12:27:19.912";"2024-07-26";"12:27:19";"SLCE";"";"Light Curve end ";""
"2024-07-26 12:27:34.088";"2024-07-26";"12:27:34";"SLCS";"";"Light Curve start ";"ct93"
"2024-07-26 12:27:34.088";"2024-07-26";"12:27:34";"REG1";"";"#1: alpha: 0.005, ETRm: 0.728, Ik: 155.108   ( beta: 0.044, ETRmPot: 19.705 )   (Platt et al. 1980) ";""
"2024-07-26 12:27:34.088";"2024-07-26";"12:27:34";"REG2";"";"#1: alpha: 0.012, ETRm: 0.548, Ik: 45.015   (Jassby and Platt 1976) ";""
"2024-07-26 12:27:35.487";"2024-07-26";"12:27:35";"FO";"398";"180";"180";"0";"0.000";"0.0";"-";"-";"180";"180";"0.000"
"2024-07-26 12:28:05.480";"2024-07-26";"12:28:05";"F";"399";"187";"190";"65";"0.016";"0.4";"190";"- 0.053";"180";"180";"0.000"
"2024-07-26 12:28:35.464";"2024-07-26";"12:28:35";"F";"400";"193";"197";"90";"0.020";"0.8";"197";"- 0.086";"180";"180";"0.000"
"2024-07-26 12:29:05.458";"2024-07-26";"12:29:05";"F";"401";"199";"200";"125";"0.005";"0.3";"200";"- 0.100";"180";"180";"0.000"
"2024-07-26 12:29:35.441";"2024-07-26";"12:29:35";"F";"402";"203";"203";"190";"0.000";"0.0";"203";"- 0.113";"180";"180";"0.000"
"2024-07-26 12:30:05.434";"2024-07-26";"12:30:05";"F";"403";"206";"207";"285";"0.005";"0.6";"207";"- 0.130";"180";"180";"0.000"
"2024-07-26 12:30:35.416";"2024-07-26";"12:30:35";"F";"404";"208";"209";"420";"0.005";"0.9";"209";"- 0.139";"180";"180";"0.000"
"2024-07-26 12:31:05.406";"2024-07-26";"12:31:05";"F";"405";"210";"211";"625";"0.005";"1.3";"211";"- 0.147";"180";"180";"0.000"
"2024-07-26 12:31:35.393";"2024-07-26";"12:31:35";"F";"406";"212";"212";"820";"0.000";"0.0";"212";"- 0.151";"180";"180";"0.000"
"2024-07-26 12:31:39.329";"2024-07-26";"12:31:39";"SLCE";"";"Light Curve end ";""
"2024-07-26 12:32:03.557";"2024-07-26";"12:32:03";"SLCS";"";"Light Curve start ";"ct94"
"2024-07-26 12:32:03.557";"2024-07-26";"12:32:03";"REG1";"";"#1: Error: First 3 ETR-Values are not increasing ";""
"2024-07-26 12:32:03.557";"2024-07-26";"12:32:03";"REG2";"";"#1: Error: First 3 ETR-Values are not increasing ";""
"2024-07-26 12:32:04.957";"2024-07-26";"12:32:04";"FO";"407";"244";"246";"0";"0.008";"0.0";"-";"-";"244";"246";"0.008"
"2024-07-26 12:32:34.941";"2024-07-26";"12:32:34";"F";"408";"243";"243";"65";"0.000";"0.0";"241";"0.012";"244";"246";"0.008"
"2024-07-26 12:33:04.928";"2024-07-26";"12:33:04";"F";"409";"242";"244";"90";"0.008";"0.3";"242";"0.008";"244";"246";"0.008"
"2024-07-26 12:33:34.915";"2024-07-26";"12:33:34";"F";"410";"241";"242";"125";"0.004";"0.2";"240";"0.017";"244";"246";"0.008"
"2024-07-26 12:34:04.912";"2024-07-26";"12:34:04";"F";"411";"240";"242";"190";"0.008";"0.6";"240";"0.017";"244";"246";"0.008"
"2024-07-26 12:34:34.892";"2024-07-26";"12:34:34";"F";"412";"239";"240";"285";"0.004";"0.5";"238";"0.025";"244";"246";"0.008"
"2024-07-26 12:35:04.880";"2024-07-26";"12:35:04";"F";"413";"238";"240";"420";"0.008";"1.4";"238";"0.025";"244";"246";"0.008"
"2024-07-26 12:35:34.868";"2024-07-26";"12:35:34";"F";"414";"237";"238";"625";"0.004";"1.1";"236";"0.034";"244";"246";"0.008"
"2024-07-26 12:36:04.862";"2024-07-26";"12:36:04";"F";"415";"237";"237";"820";"0.000";"0.0";"235";"0.038";"244";"246";"0.008"
"2024-07-26 12:36:08.681";"2024-07-26";"12:36:08";"SLCE";"";"Light Curve end ";""
"2024-07-26 12:36:54.893";"2024-07-26";"12:36:54";"SLCS";"";"Light Curve start ";"ct95"
"2024-07-26 12:36:54.893";"2024-07-26";"12:36:54";"REG1";"";"#1: alpha: - , ETRm: - , Ik: -   ( beta: - 0.187, ETRmPot: - 163.997 )   (Platt et al. 1980) ";""
"2024-07-26 12:36:54.893";"2024-07-26";"12:36:54";"REG2";"";"#1: alpha: 0.007, ETRm: 3.513, Ik: 485.788   (Jassby and Platt 1976) ";""
"2024-07-26 12:36:56.284";"2024-07-26";"12:36:56";"FO";"416";"110";"114";"0";"0.035";"0.0";"-";"-";"110";"114";"0.035"
"2024-07-26 12:37:26.273";"2024-07-26";"12:37:26";"F";"417";"118";"119";"65";"0.008";"0.2";"115";"- 0.042";"110";"114";"0.035"
"2024-07-26 12:37:56.266";"2024-07-26";"12:37:56";"F";"418";"119";"121";"90";"0.017";"0.6";"117";"- 0.058";"110";"114";"0.035"
"2024-07-26 12:38:26.249";"2024-07-26";"12:38:26";"F";"419";"120";"122";"125";"0.016";"0.8";"117";"- 0.066";"110";"114";"0.035"
"2024-07-26 12:38:56.237";"2024-07-26";"12:38:56";"F";"420";"121";"124";"190";"0.024";"1.9";"119";"- 0.081";"110";"114";"0.035"
"2024-07-26 12:39:26.233";"2024-07-26";"12:39:26";"F";"421";"122";"122";"285";"0.000";"0.0";"117";"- 0.066";"110";"114";"0.035"
"2024-07-26 12:39:56.221";"2024-07-26";"12:39:56";"F";"422";"122";"123";"420";"0.008";"1.4";"118";"- 0.073";"110";"114";"0.035"
"2024-07-26 12:40:26.208";"2024-07-26";"12:40:26";"F";"423";"120";"124";"625";"0.032";"8.4";"119";"- 0.081";"110";"114";"0.035"
"2024-07-26 12:40:56.191";"2024-07-26";"12:40:56";"F";"424";"121";"121";"820";"0.000";"0.0";"117";"- 0.058";"110";"114";"0.035"
"2024-07-26 12:40:59.902";"2024-07-26";"12:40:59";"SLCE";"";"Light Curve end ";""
"2024-07-26 12:41:22.859";"2024-07-26";"12:41:22";"SLCS";"";"Light Curve start ";"ct96"
"2024-07-26 12:41:22.859";"2024-07-26";"12:41:22";"REG1";"";"#1: alpha: 0.008, ETRm: 1.901, Ik: 244.195   ( beta: 0.102, ETRmPot: 70.434 )   (Platt et al. 1980) ";""
"2024-07-26 12:41:22.859";"2024-07-26";"12:41:22";"REG2";"";"#1: alpha: 0.006, ETRm: 2.005, Ik: 325.379   (Jassby and Platt 1976) ";""
"2024-07-26 12:41:24.259";"2024-07-26";"12:41:24";"FO";"425";"221";"221";"0";"0.000";"0.0";"-";"-";"221";"221";"0.000"
"2024-07-26 12:41:54.268";"2024-07-26";"12:41:54";"F";"426";"231";"232";"65";"0.004";"0.1";"232";"- 0.047";"221";"221";"0.000"
"2024-07-26 12:42:24.257";"2024-07-26";"12:42:24";"F";"427";"234";"235";"90";"0.004";"0.2";"235";"- 0.060";"221";"221";"0.000"
"2024-07-26 12:42:54.244";"2024-07-26";"12:42:54";"F";"428";"235";"237";"125";"0.008";"0.4";"237";"- 0.068";"221";"221";"0.000"
"2024-07-26 12:43:24.237";"2024-07-26";"12:43:24";"F";"429";"236";"238";"190";"0.008";"0.6";"238";"- 0.071";"221";"221";"0.000"
"2024-07-26 12:43:54.222";"2024-07-26";"12:43:54";"F";"430";"237";"241";"285";"0.017";"2.0";"241";"- 0.083";"221";"221";"0.000"
"2024-07-26 12:44:24.210";"2024-07-26";"12:44:24";"F";"431";"235";"238";"420";"0.013";"2.3";"238";"- 0.071";"221";"221";"0.000"
"2024-07-26 12:44:54.205";"2024-07-26";"12:44:54";"F";"432";"235";"237";"625";"0.008";"2.1";"237";"- 0.068";"221";"221";"0.000"
"2024-07-26 12:45:24.185";"2024-07-26";"12:45:24";"F";"433";"234";"235";"820";"0.004";"1.4";"235";"- 0.060";"221";"221";"0.000"
"2024-07-26 12:45:27.474";"2024-07-26";"12:45:27";"SLCE";"";"Light Curve end ";""
