"2025-06-14";"19:28:13";"WinControl (rev 1195) report file"
"Datetime";"Date";"Time";"Type";"No.";"1:F";"1:Fm'";"1:PAR";"1:Y (II)";"1:ETR";"1:Fo'";"1:qP";"1:NPQ";"1:Fo";"1:Fm";"1:Fv/Fm"
"";"";"";"D";"";"Device Nr: #1, JUNIOR-PAM-III (CFMG1231B) ";""
"2025-06-14 14:59:32.811";"2025-06-14";"14:59:32";"SLCS";"";"Light Curve start ";""
"2025-06-14 14:59:34.202";"2025-06-14";"14:59:34";"FO";"1";"11";"13";"0";"-";"-";"-";"-";"-";"11";"13";"0.154"
"2025-06-14 14:59:34.601";"2025-06-14";"14:59:34";"SLCE";"";"Light Curve end ";""
"2025-06-14 15:00:02.822";"2025-06-14";"15:00:02";"SLCS";"";"Light Curve start ";"377"
"2025-06-14 15:00:02.822";"2025-06-14";"15:00:02";"REG1";"";"#1: alpha: 0.225, ETRm: 44.053, Ik: 195.493   ( beta: 0.015, ETRmPot: 56.233 )   (Platt et al. 1980) ";""
"2025-06-14 15:00:02.822";"2025-06-14";"15:00:02";"REG2";"";"#1: alpha: 0.185, ETRm: 43.111, Ik: 233.197   (Jassby and Platt 1976) ";""
"2025-06-14 15:00:04.214";"2025-06-14";"15:00:04";"FO";"2";"165";"316";"0";"0.478";"0.0";"-";"-";"-";"165";"316";"0.478"
"2025-06-14 15:00:34.206";"2025-06-14";"15:00:34";"F";"3";"171";"281";"90";"0.391";"14.8";"155";"0.873";"0.125";"165";"316";"0.478"
"2025-06-14 15:01:04.195";"2025-06-14";"15:01:04";"F";"4";"173";"293";"125";"0.410";"21.5";"159";"0.896";"0.078";"165";"316";"0.478"
"2025-06-14 15:01:34.175";"2025-06-14";"15:01:34";"F";"5";"178";"278";"190";"0.360";"28.7";"154";"0.806";"0.137";"165";"316";"0.478"
"2025-06-14 15:02:04.168";"2025-06-14";"15:02:04";"F";"6";"175";"252";"285";"0.306";"36.6";"146";"0.726";"0.254";"165";"316";"0.478"
"2025-06-14 15:02:34.158";"2025-06-14";"15:02:34";"F";"7";"178";"233";"420";"0.236";"41.6";"139";"0.585";"0.356";"165";"316";"0.478"
"2025-06-14 15:03:04.149";"2025-06-14";"15:03:04";"F";"8";"184";"221";"625";"0.167";"43.8";"135";"0.430";"0.430";"165";"316";"0.478"
"2025-06-14 15:03:34.137";"2025-06-14";"15:03:34";"F";"9";"185";"211";"820";"0.123";"42.4";"131";"0.325";"0.498";"165";"316";"0.478"
"2025-06-14 15:04:04.126";"2025-06-14";"15:04:04";"F";"10";"188";"206";"1150";"0.087";"42.0";"129";"0.234";"0.534";"165";"316";"0.478"
"2025-06-14 15:04:07.815";"2025-06-14";"15:04:07";"SLCE";"";"Light Curve end ";""
"2025-06-14 15:04:55.173";"2025-06-14";"15:04:55";"SLCS";"";"Light Curve start ";"378"
"2025-06-14 15:04:55.173";"2025-06-14";"15:04:55";"REG1";"";"#1: alpha: - , ETRm: - , Ik: -   ( beta: - 0.009, ETRmPot: 30.388 )   (Platt et al. 1980) ";""
"2025-06-14 15:04:55.173";"2025-06-14";"15:04:55";"REG2";"";"#1: alpha: 0.139, ETRm: 38.895, Ik: 280.283   (Jassby and Platt 1976) ";""
"2025-06-14 15:04:56.565";"2025-06-14";"15:04:56";"FO";"11";"162";"327";"0";"0.505";"0.0";"-";"-";"-";"162";"327";"0.505"
"2025-06-14 15:05:26.550";"2025-06-14";"15:05:26";"F";"12";"178";"279";"90";"0.362";"13.7";"149";"0.777";"0.172";"162";"327";"0.505"
"2025-06-14 15:05:56.539";"2025-06-14";"15:05:56";"F";"13";"181";"273";"125";"0.337";"17.7";"148";"0.736";"0.198";"162";"327";"0.505"
"2025-06-14 15:06:26.523";"2025-06-14";"15:06:26";"F";"14";"185";"262";"190";"0.294";"23.5";"144";"0.653";"0.248";"162";"327";"0.505"
"2025-06-14 15:06:56.515";"2025-06-14";"15:06:56";"F";"15";"189";"251";"285";"0.247";"29.6";"141";"0.564";"0.303";"162";"327";"0.505"
"2025-06-14 15:07:26.506";"2025-06-14";"15:07:26";"F";"16";"196";"240";"420";"0.183";"32.3";"137";"0.427";"0.363";"162";"327";"0.505"
"2025-06-14 15:07:56.489";"2025-06-14";"15:07:56";"F";"17";"201";"231";"625";"0.130";"34.1";"134";"0.309";"0.416";"162";"327";"0.505"
"2025-06-14 15:08:26.494";"2025-06-14";"15:08:26";"F";"18";"203";"230";"820";"0.117";"40.3";"134";"0.281";"0.422";"162";"327";"0.505"
"2025-06-14 15:08:56.487";"2025-06-14";"15:08:56";"F";"19";"206";"226";"1150";"0.088";"42.5";"133";"0.215";"0.447";"162";"327";"0.505"
"2025-06-14 15:08:59.635";"2025-06-14";"15:08:59";"SLCE";"";"Light Curve end ";""
"2025-06-14 15:12:12.955";"2025-06-14";"15:12:12";"SLCS";"";"Light Curve start ";"379"
"2025-06-14 15:12:12.955";"2025-06-14";"15:12:12";"REG1";"";"#1: alpha: - , ETRm: - , Ik: -   ( beta: - 0.005, ETRmPot: 24.902 )   (Platt et al. 1980) ";""
"2025-06-14 15:12:12.955";"2025-06-14";"15:12:12";"REG2";"";"#1: alpha: 0.108, ETRm: 28.749, Ik: 266.411   (Jassby and Platt 1976) ";""
"2025-06-14 15:12:14.343";"2025-06-14";"15:12:14";"FO";"20";"166";"305";"0";"0.456";"0.0";"-";"-";"-";"166";"305";"0.456"
"2025-06-14 15:12:44.341";"2025-06-14";"15:12:44";"F";"21";"183";"259";"90";"0.293";"11.1";"151";"0.704";"0.178";"166";"305";"0.456"
"2025-06-14 15:13:14.320";"2025-06-14";"15:13:14";"F";"22";"187";"256";"125";"0.270";"14.2";"150";"0.651";"0.191";"166";"305";"0.456"
"2025-06-14 15:13:44.312";"2025-06-14";"15:13:44";"F";"23";"192";"246";"190";"0.220";"17.6";"147";"0.545";"0.240";"166";"305";"0.456"
"2025-06-14 15:14:14.306";"2025-06-14";"15:14:14";"F";"24";"196";"237";"285";"0.173";"20.7";"144";"0.441";"0.287";"166";"305";"0.456"
"2025-06-14 15:14:44.285";"2025-06-14";"15:14:44";"F";"25";"199";"233";"420";"0.146";"25.8";"142";"0.374";"0.309";"166";"305";"0.456"
"2025-06-14 15:15:14.274";"2025-06-14";"15:15:14";"F";"26";"206";"228";"625";"0.096";"25.2";"140";"0.250";"0.338";"166";"305";"0.456"
"2025-06-14 15:15:44.263";"2025-06-14";"15:15:44";"F";"27";"209";"230";"820";"0.091";"31.3";"141";"0.236";"0.326";"166";"305";"0.456"
"2025-06-14 15:16:14.261";"2025-06-14";"15:16:14";"F";"28";"212";"226";"1150";"0.062";"29.9";"139";"0.161";"0.350";"166";"305";"0.456"
"2025-06-14 15:16:17.790";"2025-06-14";"15:16:17";"SLCE";"";"Light Curve end ";""
"2025-06-14 15:17:24.447";"2025-06-14";"15:17:24";"SLCS";"";"Light Curve start ";"380"
"2025-06-14 15:17:24.447";"2025-06-14";"15:17:24";"REG1";"";"#1: alpha: 0.132, ETRm: 26.856, Ik: 204.221   ( beta: 0.006, ETRmPot: 32.428 )   (Platt et al. 1980) ";""
"2025-06-14 15:17:24.447";"2025-06-14";"15:17:24";"REG2";"";"#1: alpha: 0.109, ETRm: 26.236, Ik: 241.120   (Jassby and Platt 1976) ";""
"2025-06-14 15:17:25.848";"2025-06-14";"15:17:25";"FO";"29";"151";"254";"0";"0.406";"0.0";"-";"-";"-";"151";"254";"0.406"
"2025-06-14 15:17:55.836";"2025-06-14";"15:17:55";"F";"30";"160";"231";"90";"0.307";"11.6";"143";"0.807";"0.100";"151";"254";"0.406"
"2025-06-14 15:18:25.836";"2025-06-14";"15:18:25";"F";"31";"164";"220";"125";"0.255";"13.4";"138";"0.683";"0.155";"151";"254";"0.406"
"2025-06-14 15:18:55.824";"2025-06-14";"15:18:55";"F";"32";"164";"211";"190";"0.223";"17.8";"135";"0.618";"0.204";"151";"254";"0.406"
"2025-06-14 15:19:25.821";"2025-06-14";"15:19:25";"F";"33";"168";"200";"285";"0.160";"19.2";"130";"0.457";"0.270";"151";"254";"0.406"
"2025-06-14 15:19:55.807";"2025-06-14";"15:19:55";"F";"34";"171";"196";"420";"0.128";"22.6";"128";"0.368";"0.296";"151";"254";"0.406"
"2025-06-14 15:20:25.795";"2025-06-14";"15:20:25";"F";"35";"173";"191";"625";"0.094";"24.7";"126";"0.277";"0.330";"151";"254";"0.406"
"2025-06-14 15:20:55.777";"2025-06-14";"15:20:55";"F";"36";"173";"191";"820";"0.094";"32.4";"126";"0.277";"0.330";"151";"254";"0.406"
"2025-06-14 15:21:25.769";"2025-06-14";"15:21:25";"F";"37";"174";"183";"1150";"0.049";"23.7";"123";"0.150";"0.388";"151";"254";"0.406"
"2025-06-14 15:21:29.703";"2025-06-14";"15:21:29";"SLCE";"";"Light Curve end ";""
"2025-06-14 15:25:01.213";"2025-06-14";"15:25:01";"SLCS";"";"Light Curve start ";"373"
"2025-06-14 15:25:01.213";"2025-06-14";"15:25:01";"REG1";"";"#1: alpha: 0.198, ETRm: 36.998, Ik: 187.084   ( beta: 0.005, ETRmPot: 41.410 )   (Platt et al. 1980) ";""
"2025-06-14 15:25:01.213";"2025-06-14";"15:25:01";"REG2";"";"#1: alpha: 0.156, ETRm: 36.486, Ik: 233.161   (Jassby and Platt 1976) ";""
"2025-06-14 15:25:02.596";"2025-06-14";"15:25:02";"FO";"38";"158";"324";"0";"0.512";"0.0";"-";"-";"-";"158";"324";"0.512"
"2025-06-14 15:25:32.587";"2025-06-14";"15:25:32";"F";"39";"182";"292";"90";"0.377";"14.3";"150";"0.775";"0.110";"158";"324";"0.512"
"2025-06-14 15:26:02.582";"2025-06-14";"15:26:02";"F";"40";"179";"279";"125";"0.358";"18.8";"146";"0.752";"0.161";"158";"324";"0.512"
"2025-06-14 15:26:32.567";"2025-06-14";"15:26:32";"F";"41";"182";"262";"190";"0.305";"24.3";"142";"0.667";"0.237";"158";"324";"0.512"
"2025-06-14 15:27:02.558";"2025-06-14";"15:27:02";"F";"42";"181";"240";"285";"0.246";"29.4";"135";"0.562";"0.350";"158";"324";"0.512"
"2025-06-14 15:27:32.539";"2025-06-14";"15:27:32";"F";"43";"183";"226";"420";"0.190";"33.5";"130";"0.448";"0.434";"158";"324";"0.512"
"2025-06-14 15:28:02.527";"2025-06-14";"15:28:02";"F";"44";"184";"215";"625";"0.144";"37.8";"127";"0.352";"0.507";"158";"324";"0.512"
"2025-06-14 15:28:32.543";"2025-06-14";"15:28:32";"F";"45";"185";"207";"820";"0.106";"36.5";"124";"0.265";"0.565";"158";"324";"0.512"
"2025-06-14 15:29:02.529";"2025-06-14";"15:29:02";"F";"46";"184";"199";"1150";"0.075";"36.2";"121";"0.192";"0.628";"158";"324";"0.512"
"2025-06-14 15:29:06.029";"2025-06-14";"15:29:06";"SLCE";"";"Light Curve end ";""
"2025-06-14 15:32:24.481";"2025-06-14";"15:32:24";"SLCS";"";"Light Curve start ";"374"
"2025-06-14 15:32:24.481";"2025-06-14";"15:32:24";"REG1";"";"#1: alpha: 0.182, ETRm: 45.920, Ik: 252.743   ( beta: 0.016, ETRmPot: 62.543 )   (Platt et al. 1980) ";""
"2025-06-14 15:32:24.481";"2025-06-14";"15:32:24";"REG2";"";"#1: alpha: 0.151, ETRm: 45.435, Ik: 301.330   (Jassby and Platt 1976) ";""
"2025-06-14 15:32:25.883";"2025-06-14";"15:32:25";"FO";"47";"193";"396";"0";"0.513";"0.0";"-";"-";"-";"193";"396";"0.513"
"2025-06-14 15:32:55.869";"2025-06-14";"15:32:55";"F";"48";"234";"363";"90";"0.355";"13.4";"185";"0.725";"0.091";"193";"396";"0.513"
"2025-06-14 15:33:25.860";"2025-06-14";"15:33:25";"F";"49";"232";"353";"125";"0.343";"18.0";"182";"0.708";"0.122";"193";"396";"0.513"
"2025-06-14 15:33:55.846";"2025-06-14";"15:33:55";"F";"50";"234";"341";"190";"0.314";"25.1";"179";"0.660";"0.161";"193";"396";"0.513"
"2025-06-14 15:34:25.829";"2025-06-14";"15:34:25";"F";"51";"241";"336";"285";"0.283";"33.9";"178";"0.601";"0.179";"193";"396";"0.513"
"2025-06-14 15:34:55.822";"2025-06-14";"15:34:55";"F";"52";"249";"321";"420";"0.224";"39.5";"173";"0.486";"0.234";"193";"396";"0.513"
"2025-06-14 15:35:25.806";"2025-06-14";"15:35:25";"F";"53";"257";"309";"625";"0.168";"44.1";"170";"0.374";"0.282";"193";"396";"0.513"
"2025-06-14 15:35:55.797";"2025-06-14";"15:35:55";"F";"54";"261";"301";"820";"0.133";"45.8";"167";"0.299";"0.316";"193";"396";"0.513"
"2025-06-14 15:36:25.786";"2025-06-14";"15:36:25";"F";"55";"262";"289";"1150";"0.093";"44.9";"163";"0.214";"0.370";"193";"396";"0.513"
"2025-06-14 15:36:29.561";"2025-06-14";"15:36:29";"SLCE";"";"Light Curve end ";""
"2025-06-14 15:36:50.497";"2025-06-14";"15:36:50";"SLCS";"";"Light Curve start ";"375"
"2025-06-14 15:36:50.497";"2025-06-14";"15:36:50";"REG1";"";"#1: alpha: 0.200, ETRm: 38.669, Ik: 193.418   ( beta: 0.000, ETRmPot: 39.073 )   (Platt et al. 1980) ";""
"2025-06-14 15:36:50.497";"2025-06-14";"15:36:50";"REG2";"";"#1: alpha: 0.153, ETRm: 37.899, Ik: 247.383   (Jassby and Platt 1976) ";""
"2025-06-14 15:36:51.875";"2025-06-14";"15:36:51";"FO";"56";"145";"271";"0";"0.465";"0.0";"-";"-";"-";"145";"271";"0.465"
"2025-06-14 15:37:21.878";"2025-06-14";"15:37:21";"F";"57";"152";"235";"90";"0.353";"13.3";"134";"0.822";"0.153";"145";"271";"0.465"
"2025-06-14 15:37:51.867";"2025-06-14";"15:37:51";"F";"58";"155";"236";"125";"0.343";"18.0";"134";"0.794";"0.148";"145";"271";"0.465"
"2025-06-14 15:38:21.874";"2025-06-14";"15:38:21";"F";"59";"157";"226";"190";"0.305";"24.3";"131";"0.726";"0.199";"145";"271";"0.465"
"2025-06-14 15:38:51.859";"2025-06-14";"15:38:51";"F";"60";"157";"213";"285";"0.263";"31.5";"127";"0.651";"0.272";"145";"271";"0.465"
"2025-06-14 15:39:21.846";"2025-06-14";"15:39:21";"F";"61";"159";"197";"420";"0.193";"34.0";"121";"0.500";"0.376";"145";"271";"0.465"
"2025-06-14 15:39:51.835";"2025-06-14";"15:39:51";"F";"62";"162";"190";"625";"0.147";"38.6";"118";"0.389";"0.426";"145";"271";"0.465"
"2025-06-14 15:40:21.829";"2025-06-14";"15:40:21";"F";"63";"163";"182";"820";"0.104";"35.8";"115";"0.284";"0.489";"145";"271";"0.465"
"2025-06-14 15:40:51.809";"2025-06-14";"15:40:51";"F";"64";"167";"182";"1150";"0.082";"39.6";"115";"0.224";"0.489";"145";"271";"0.465"
"2025-06-14 15:40:55.045";"2025-06-14";"15:40:55";"SLCE";"";"Light Curve end ";""
"2025-06-14 15:42:27.174";"2025-06-14";"15:42:27";"SLCS";"";"Light Curve start ";"376"
"2025-06-14 15:42:27.174";"2025-06-14";"15:42:27";"REG1";"";"#1: alpha: 0.154, ETRm: 41.299, Ik: 268.858   ( beta: 2.417, ETRmPot: 1822.456 )   (Platt et al. 1980) ";""
"2025-06-14 15:42:27.174";"2025-06-14";"15:42:27";"REG2";"";"#1: alpha: 0.136, ETRm: 39.973, Ik: 292.897   (Jassby and Platt 1976) ";""
"2025-06-14 15:42:28.584";"2025-06-14";"15:42:28";"FO";"65";"180";"314";"0";"0.427";"0.0";"-";"-";"-";"180";"314";"0.427"
"2025-06-14 15:42:58.563";"2025-06-14";"15:42:58";"F";"66";"203";"297";"90";"0.316";"11.9";"174";"0.764";"0.057";"180";"314";"0.427"
"2025-06-14 15:43:28.559";"2025-06-14";"15:43:28";"F";"67";"204";"296";"125";"0.311";"16.3";"174";"0.754";"0.061";"180";"314";"0.427"
"2025-06-14 15:43:58.549";"2025-06-14";"15:43:58";"F";"68";"207";"290";"190";"0.286";"22.8";"172";"0.703";"0.083";"180";"314";"0.427"
"2025-06-14 15:44:28.537";"2025-06-14";"15:44:28";"F";"69";"212";"279";"285";"0.240";"28.7";"168";"0.604";"0.125";"180";"314";"0.427"
"2025-06-14 15:44:58.525";"2025-06-14";"15:44:58";"F";"70";"217";"274";"420";"0.208";"36.7";"166";"0.528";"0.146";"180";"314";"0.427"
"2025-06-14 15:45:28.515";"2025-06-14";"15:45:28";"F";"71";"224";"263";"625";"0.148";"38.9";"162";"0.386";"0.194";"180";"314";"0.427"
"2025-06-14 15:45:58.503";"2025-06-14";"15:45:58";"F";"72";"227";"261";"820";"0.130";"44.8";"161";"0.340";"0.203";"180";"314";"0.427"
"2025-06-14 15:46:28.484";"2025-06-14";"15:46:28";"F";"73";"233";"251";"1150";"0.072";"34.8";"157";"0.191";"0.251";"180";"314";"0.427"
"2025-06-14 15:46:32.296";"2025-06-14";"15:46:32";"SLCE";"";"Light Curve end ";""
"2025-06-14 15:48:43.687";"2025-06-14";"15:48:43";"SLCS";"";"Light Curve start ";"385"
"2025-06-14 15:48:43.687";"2025-06-14";"15:48:43";"REG1";"";"#1: alpha: - , ETRm: - , Ik: -   ( beta: - 0.014, ETRmPot: 18.044 )   (Platt et al. 1980) ";""
"2025-06-14 15:48:43.687";"2025-06-14";"15:48:43";"REG2";"";"#1: alpha: 0.081, ETRm: 38.309, Ik: 475.229   (Jassby and Platt 1976) ";""
"2025-06-14 15:48:45.082";"2025-06-14";"15:48:45";"FO";"74";"193";"325";"0";"0.406";"0.0";"-";"-";"-";"193";"325";"0.406"
"2025-06-14 15:49:15.065";"2025-06-14";"15:49:15";"F";"75";"211";"284";"90";"0.257";"9.7";"178";"0.689";"0.144";"193";"325";"0.406"
"2025-06-14 15:49:45.055";"2025-06-14";"15:49:45";"F";"76";"207";"273";"125";"0.242";"12.7";"173";"0.660";"0.190";"193";"325";"0.406"
"2025-06-14 15:50:15.044";"2025-06-14";"15:50:15";"F";"77";"206";"260";"190";"0.208";"16.6";"168";"0.587";"0.250";"193";"325";"0.406"
"2025-06-14 15:50:45.036";"2025-06-14";"15:50:45";"F";"78";"209";"252";"285";"0.171";"20.5";"165";"0.494";"0.290";"193";"325";"0.406"
"2025-06-14 15:51:15.027";"2025-06-14";"15:51:15";"F";"79";"206";"245";"420";"0.159";"28.0";"162";"0.470";"0.327";"193";"325";"0.406"
"2025-06-14 15:51:45.014";"2025-06-14";"15:51:45";"F";"80";"208";"234";"625";"0.111";"29.1";"157";"0.338";"0.389";"193";"325";"0.406"
"2025-06-14 15:52:15.003";"2025-06-14";"15:52:15";"F";"81";"207";"226";"820";"0.084";"28.9";"153";"0.260";"0.438";"193";"325";"0.406"
"2025-06-14 15:52:44.985";"2025-06-14";"15:52:44";"F";"82";"203";"224";"1150";"0.094";"45.4";"152";"0.292";"0.451";"193";"325";"0.406"
"2025-06-14 15:52:48.678";"2025-06-14";"15:52:48";"SLCE";"";"Light Curve end ";""
"2025-06-14 15:54:42.450";"2025-06-14";"15:54:42";"SLCS";"";"Light Curve start ";"386"
"2025-06-14 15:54:42.450";"2025-06-14";"15:54:42";"REG1";"";"#1: alpha: - , ETRm: - , Ik: -   ( beta: - 0.017, ETRmPot: 32.656 )   (Platt et al. 1980) ";""
"2025-06-14 15:54:42.450";"2025-06-14";"15:54:42";"REG2";"";"#1: alpha: 0.115, ETRm: 54.557, Ik: 476.396   (Jassby and Platt 1976) ";""
"2025-06-14 15:54:43.839";"2025-06-14";"15:54:43";"FO";"83";"141";"246";"0";"0.427";"0.0";"-";"-";"-";"141";"246";"0.427"
"2025-06-14 15:55:13.830";"2025-06-14";"15:55:13";"F";"84";"154";"237";"90";"0.350";"13.2";"138";"0.838";"0.038";"141";"246";"0.427"
"2025-06-14 15:55:43.816";"2025-06-14";"15:55:43";"F";"85";"156";"230";"125";"0.322";"16.9";"136";"0.787";"0.070";"141";"246";"0.427"
"2025-06-14 15:56:13.812";"2025-06-14";"15:56:13";"F";"86";"158";"221";"190";"0.285";"22.7";"132";"0.708";"0.113";"141";"246";"0.427"
"2025-06-14 15:56:43.801";"2025-06-14";"15:56:43";"F";"87";"160";"212";"285";"0.245";"29.3";"129";"0.627";"0.160";"141";"246";"0.427"
"2025-06-14 15:57:13.783";"2025-06-14";"15:57:13";"F";"88";"163";"207";"420";"0.213";"37.6";"127";"0.550";"0.188";"141";"246";"0.427"
"2025-06-14 15:57:43.775";"2025-06-14";"15:57:43";"F";"89";"166";"199";"625";"0.166";"43.6";"124";"0.440";"0.236";"141";"246";"0.427"
"2025-06-14 15:58:13.763";"2025-06-14";"15:58:13";"F";"90";"168";"195";"820";"0.138";"47.5";"123";"0.375";"0.262";"141";"246";"0.427"
"2025-06-14 15:58:43.767";"2025-06-14";"15:58:43";"F";"91";"166";"189";"1150";"0.122";"58.9";"120";"0.333";"0.302";"141";"246";"0.427"
"2025-06-14 15:58:46.842";"2025-06-14";"15:58:46";"SLCE";"";"Light Curve end ";""
"2025-06-14 15:59:49.668";"2025-06-14";"15:59:49";"SLCS";"";"Light Curve start ";"387"
"2025-06-14 15:59:49.668";"2025-06-14";"15:59:49";"REG1";"";"#1: alpha: 0.121, ETRm: 28.619, Ik: 237.170   ( beta: 0.007, ETRmPot: 35.990 )   (Platt et al. 1980) ";""
"2025-06-14 15:59:49.668";"2025-06-14";"15:59:49";"REG2";"";"#1: alpha: 0.098, ETRm: 28.304, Ik: 287.751   (Jassby and Platt 1976) ";""
"2025-06-14 15:59:51.063";"2025-06-14";"15:59:51";"FO";"92";"131";"217";"0";"0.396";"0.0";"-";"-";"-";"131";"217";"0.396"
"2025-06-14 16:00:21.044";"2025-06-14";"16:00:21";"F";"93";"143";"191";"90";"0.251";"9.5";"121";"0.686";"0.136";"131";"217";"0.396"
"2025-06-14 16:00:51.031";"2025-06-14";"16:00:51";"F";"94";"143";"192";"125";"0.255";"13.4";"121";"0.690";"0.130";"131";"217";"0.396"
"2025-06-14 16:01:21.023";"2025-06-14";"16:01:21";"F";"95";"145";"182";"190";"0.203";"16.2";"117";"0.569";"0.192";"131";"217";"0.396"
"2025-06-14 16:01:51.016";"2025-06-14";"16:01:51";"F";"96";"146";"174";"285";"0.161";"19.3";"114";"0.467";"0.247";"131";"217";"0.396"
"2025-06-14 16:02:21.005";"2025-06-14";"16:02:21";"F";"97";"148";"173";"420";"0.145";"25.6";"114";"0.424";"0.254";"131";"217";"0.396"
"2025-06-14 16:02:50.994";"2025-06-14";"16:02:50";"F";"98";"148";"165";"625";"0.103";"27.0";"110";"0.309";"0.315";"131";"217";"0.396"
"2025-06-14 16:03:20.981";"2025-06-14";"16:03:20";"F";"99";"147";"161";"820";"0.087";"30.0";"108";"0.264";"0.348";"131";"217";"0.396"
"2025-06-14 16:03:50.966";"2025-06-14";"16:03:50";"F";"100";"149";"158";"1150";"0.057";"27.5";"107";"0.176";"0.373";"131";"217";"0.396"
"2025-06-14 16:03:54.142";"2025-06-14";"16:03:54";"SLCE";"";"Light Curve end ";""
"2025-06-14 16:04:29.641";"2025-06-14";"16:04:29";"SLCS";"";"Light Curve start ";"388"
"2025-06-14 16:04:29.641";"2025-06-14";"16:04:29";"REG1";"";"#1: alpha: - , ETRm: - , Ik: -   ( beta: - 0.009, ETRmPot: 11.836 )   (Platt et al. 1980) ";""
"2025-06-14 16:04:29.641";"2025-06-14";"16:04:29";"REG2";"";"#1: alpha: 0.055, ETRm: 24.110, Ik: 439.636   (Jassby and Platt 1976) ";""
"2025-06-14 16:04:31.035";"2025-06-14";"16:04:31";"FO";"101";"182";"242";"0";"0.248";"0.0";"-";"-";"-";"182";"242";"0.248"
"2025-06-14 16:05:01.027";"2025-06-14";"16:05:01";"F";"102";"183";"218";"90";"0.161";"6.1";"168";"0.700";"0.110";"182";"242";"0.248"
"2025-06-14 16:05:31.014";"2025-06-14";"16:05:31";"F";"103";"181";"210";"125";"0.138";"7.2";"163";"0.617";"0.152";"182";"242";"0.248"
"2025-06-14 16:06:01.003";"2025-06-14";"16:06:01";"F";"104";"181";"214";"190";"0.154";"12.3";"166";"0.688";"0.131";"182";"242";"0.248"
"2025-06-14 16:06:30.983";"2025-06-14";"16:06:30";"F";"105";"182";"206";"285";"0.117";"14.0";"161";"0.533";"0.175";"182";"242";"0.248"
"2025-06-14 16:07:00.974";"2025-06-14";"16:07:00";"F";"106";"184";"204";"420";"0.098";"17.3";"160";"0.455";"0.186";"182";"242";"0.248"
"2025-06-14 16:07:30.961";"2025-06-14";"16:07:30";"F";"107";"185";"200";"625";"0.075";"19.7";"157";"0.349";"0.210";"182";"242";"0.248"
"2025-06-14 16:08:00.949";"2025-06-14";"16:08:00";"F";"108";"187";"197";"820";"0.051";"17.6";"155";"0.238";"0.228";"182";"242";"0.248"
"2025-06-14 16:08:30.961";"2025-06-14";"16:08:30";"F";"109";"185";"197";"1150";"0.061";"29.5";"155";"0.286";"0.228";"182";"242";"0.248"
"2025-06-14 16:08:34.094";"2025-06-14";"16:08:34";"SLCE";"";"Light Curve end ";""
"2025-06-14 16:11:38.055";"2025-06-14";"16:11:38";"SLCS";"";"Light Curve start ";"381"
"2025-06-14 16:11:38.055";"2025-06-14";"16:11:38";"REG1";"";"#1: Error: Not enough measures for calculating regression data ";""
"2025-06-14 16:11:38.055";"2025-06-14";"16:11:38";"REG2";"";"#1: Error: Not enough measures for calculating regression data ";""
"2025-06-14 16:11:39.458";"2025-06-14";"16:11:39";"FO";"110";"72";"176";"0";"0.591";"0.0";"-";"-";"-";"72";"176";"0.591"
"2025-06-14 16:11:48.600";"2025-06-14";"16:11:48";"SLCE";"";"Light Curve end ";""
"2025-06-14 16:12:00.943";"2025-06-14";"16:12:00";"SLCS";"";"Light Curve start ";"381"
"2025-06-14 16:12:00.943";"2025-06-14";"16:12:00";"REG1";"";"#1: alpha: - , ETRm: - , Ik: -   ( beta: - 0.009, ETRmPot: 31.231 )   (Platt et al. 1980) ";""
"2025-06-14 16:12:00.943";"2025-06-14";"16:12:00";"REG2";"";"#1: alpha: 0.130, ETRm: 40.226, Ik: 309.365   (Jassby and Platt 1976) ";""
"2025-06-14 16:12:02.336";"2025-06-14";"16:12:02";"FO";"111";"108";"186";"0";"0.419";"0.0";"-";"-";"-";"108";"186";"0.419"
"2025-06-14 16:12:32.323";"2025-06-14";"16:12:32";"F";"112";"112";"153";"90";"0.268";"10.1";"96";"0.719";"0.216";"108";"186";"0.419"
"2025-06-14 16:13:02.306";"2025-06-14";"16:13:02";"F";"113";"116";"170";"125";"0.318";"16.7";"102";"0.794";"0.094";"108";"186";"0.419"
"2025-06-14 16:13:32.302";"2025-06-14";"16:13:32";"F";"114";"115";"164";"190";"0.299";"23.9";"100";"0.766";"0.134";"108";"186";"0.419"
"2025-06-14 16:14:02.284";"2025-06-14";"16:14:02";"F";"115";"117";"154";"285";"0.240";"28.7";"96";"0.638";"0.208";"108";"186";"0.419"
"2025-06-14 16:14:32.271";"2025-06-14";"16:14:32";"F";"116";"114";"142";"420";"0.197";"34.8";"92";"0.560";"0.310";"108";"186";"0.419"
"2025-06-14 16:15:02.267";"2025-06-14";"16:15:02";"F";"117";"115";"133";"625";"0.135";"35.4";"88";"0.400";"0.398";"108";"186";"0.419"
"2025-06-14 16:15:32.255";"2025-06-14";"16:15:32";"F";"118";"115";"129";"820";"0.109";"37.5";"86";"0.326";"0.442";"108";"186";"0.419"
"2025-06-14 16:16:02.241";"2025-06-14";"16:16:02";"F";"119";"115";"127";"1150";"0.094";"45.4";"85";"0.286";"0.465";"108";"186";"0.419"
"2025-06-14 16:16:05.865";"2025-06-14";"16:16:05";"SLCE";"";"Light Curve end ";""
"2025-06-14 16:17:00.173";"2025-06-14";"16:17:00";"SLCS";"";"Light Curve start ";"382"
"2025-06-14 16:17:00.173";"2025-06-14";"16:17:00";"REG1";"";"#1: alpha: - , ETRm: - , Ik: -   ( beta: - 0.002, ETRmPot: 25.430 )   (Platt et al. 1980) ";""
"2025-06-14 16:17:00.173";"2025-06-14";"16:17:00";"REG2";"";"#1: alpha: 0.117, ETRm: 26.269, Ik: 224.019   (Jassby and Platt 1976) ";""
"2025-06-14 16:17:01.572";"2025-06-14";"16:17:01";"FO";"120";"160";"272";"0";"0.412";"0.0";"-";"-";"-";"160";"272";"0.412"
"2025-06-14 16:17:31.556";"2025-06-14";"16:17:31";"F";"121";"150";"204";"90";"0.265";"10.0";"134";"0.771";"0.333";"160";"272";"0.412"
"2025-06-14 16:18:01.548";"2025-06-14";"16:18:01";"F";"122";"141";"195";"125";"0.277";"14.5";"130";"0.831";"0.395";"160";"272";"0.412"
"2025-06-14 16:18:31.550";"2025-06-14";"16:18:31";"F";"123";"136";"176";"190";"0.227";"18.1";"121";"0.727";"0.545";"160";"272";"0.412"
"2025-06-14 16:19:01.536";"2025-06-14";"16:19:01";"F";"124";"134";"166";"285";"0.193";"23.1";"116";"0.640";"0.639";"160";"272";"0.412"
"2025-06-14 16:19:31.532";"2025-06-14";"16:19:31";"F";"125";"137";"155";"420";"0.116";"20.5";"111";"0.409";"0.755";"160";"272";"0.412"
"2025-06-14 16:20:01.524";"2025-06-14";"16:20:01";"F";"126";"138";"154";"625";"0.104";"27.3";"110";"0.364";"0.766";"160";"272";"0.412"
"2025-06-14 16:20:31.511";"2025-06-14";"16:20:31";"F";"127";"137";"149";"820";"0.081";"27.9";"108";"0.293";"0.826";"160";"272";"0.412"
"2025-06-14 16:21:01.498";"2025-06-14";"16:21:01";"F";"128";"138";"146";"1150";"0.055";"26.6";"106";"0.200";"0.863";"160";"272";"0.412"
"2025-06-14 16:21:04.924";"2025-06-14";"16:21:04";"SLCE";"";"Light Curve end ";""
"2025-06-14 16:22:37.807";"2025-06-14";"16:22:37";"SLCS";"";"Light Curve start ";"383"
"2025-06-14 16:22:37.807";"2025-06-14";"16:22:37";"REG1";"";"#1: alpha: - , ETRm: - , Ik: -   ( beta: - 0.008, ETRmPot: 21.804 )   (Platt et al. 1980) ";""
"2025-06-14 16:22:37.807";"2025-06-14";"16:22:37";"REG2";"";"#1: alpha: 0.105, ETRm: 29.701, Ik: 282.467   (Jassby and Platt 1976) ";""
"2025-06-14 16:22:39.202";"2025-06-14";"16:22:39";"FO";"129";"106";"153";"0";"0.307";"0.0";"-";"-";"-";"106";"153";"0.307"
"2025-06-14 16:23:09.184";"2025-06-14";"16:23:09";"F";"130";"103";"137";"90";"0.248";"9.4";"98";"0.872";"0.117";"106";"153";"0.307"
"2025-06-14 16:23:39.176";"2025-06-14";"16:23:39";"F";"131";"103";"135";"125";"0.237";"12.4";"97";"0.842";"0.133";"106";"153";"0.307"
"2025-06-14 16:24:09.162";"2025-06-14";"16:24:09";"F";"132";"103";"132";"190";"0.220";"17.6";"95";"0.784";"0.159";"106";"153";"0.307"
"2025-06-14 16:24:39.150";"2025-06-14";"16:24:39";"F";"133";"104";"130";"285";"0.200";"23.9";"94";"0.722";"0.177";"106";"153";"0.307"
"2025-06-14 16:25:09.146";"2025-06-14";"16:25:09";"F";"134";"106";"123";"420";"0.138";"24.3";"91";"0.531";"0.244";"106";"153";"0.307"
"2025-06-14 16:25:39.136";"2025-06-14";"16:25:39";"F";"135";"108";"123";"625";"0.122";"32.0";"91";"0.469";"0.244";"106";"153";"0.307"
"2025-06-14 16:26:09.116";"2025-06-14";"16:26:09";"F";"136";"109";"116";"820";"0.060";"20.7";"87";"0.241";"0.319";"106";"153";"0.307"
"2025-06-14 16:26:39.108";"2025-06-14";"16:26:39";"F";"137";"110";"119";"1150";"0.076";"36.7";"88";"0.290";"0.286";"106";"153";"0.307"
"2025-06-14 16:26:43.013";"2025-06-14";"16:26:43";"SLCE";"";"Light Curve end ";""
"2025-06-14 16:28:17.189";"2025-06-14";"16:28:17";"SLCS";"";"Light Curve start ";"384"
"2025-06-14 16:28:17.189";"2025-06-14";"16:28:17";"REG1";"";"#1: alpha: 0.092, ETRm: 28.620, Ik: 310.536   ( beta: 0.093, ETRmPot: 115.400 )   (Platt et al. 1980) ";""
"2025-06-14 16:28:17.189";"2025-06-14";"16:28:17";"REG2";"";"#1: alpha: 0.081, ETRm: 28.335, Ik: 349.880   (Jassby and Platt 1976) ";""
"2025-06-14 16:28:18.606";"2025-06-14";"16:28:18";"FO";"138";"166";"237";"0";"0.300";"0.0";"-";"-";"-";"166";"237";"0.300"
"2025-06-14 16:28:48.588";"2025-06-14";"16:28:48";"F";"139";"171";"218";"90";"0.216";"8.2";"156";"0.758";"0.087";"166";"237";"0.300"
"2025-06-14 16:29:18.584";"2025-06-14";"16:29:18";"F";"140";"171";"218";"125";"0.216";"11.3";"156";"0.758";"0.087";"166";"237";"0.300"
"2025-06-14 16:29:48.566";"2025-06-14";"16:29:48";"F";"141";"174";"213";"190";"0.183";"14.6";"154";"0.661";"0.113";"166";"237";"0.300"
"2025-06-14 16:30:18.561";"2025-06-14";"16:30:18";"F";"142";"176";"207";"285";"0.150";"18.0";"151";"0.554";"0.145";"166";"237";"0.300"
"2025-06-14 16:30:48.550";"2025-06-14";"16:30:48";"F";"143";"180";"205";"420";"0.122";"21.5";"150";"0.455";"0.156";"166";"237";"0.300"
"2025-06-14 16:31:18.540";"2025-06-14";"16:31:18";"F";"144";"183";"204";"625";"0.103";"27.0";"149";"0.382";"0.162";"166";"237";"0.300"
"2025-06-14 16:31:48.521";"2025-06-14";"16:31:48";"F";"145";"185";"203";"820";"0.089";"30.7";"149";"0.333";"0.167";"166";"237";"0.300"
"2025-06-14 16:32:18.510";"2025-06-14";"16:32:18";"F";"146";"189";"200";"1150";"0.055";"26.6";"147";"0.208";"0.185";"166";"237";"0.300"
"2025-06-14 16:32:22.162";"2025-06-14";"16:32:22";"SLCE";"";"Light Curve end ";""
"2025-06-14 16:34:01.107";"2025-06-14";"16:34:01";"SLCS";"";"Light Curve start ";"393"
"2025-06-14 16:34:01.107";"2025-06-14";"16:34:01";"REG1";"";"#1: alpha: 0.096, ETRm: 30.235, Ik: 313.665   ( beta: 0.002, ETRmPot: 33.335 )   (Platt et al. 1980) ";""
"2025-06-14 16:34:01.107";"2025-06-14";"16:34:01";"REG2";"";"#1: alpha: 0.076, ETRm: 29.764, Ik: 391.519   (Jassby and Platt 1976) ";""
"2025-06-14 16:34:02.494";"2025-06-14";"16:34:02";"FO";"147";"102";"141";"0";"0.277";"0.0";"-";"-";"-";"102";"141";"0.277"
"2025-06-14 16:34:32.489";"2025-06-14";"16:34:32";"F";"148";"101";"131";"90";"0.229";"8.7";"97";"0.882";"0.076";"102";"141";"0.277"
"2025-06-14 16:35:02.471";"2025-06-14";"16:35:02";"F";"149";"103";"132";"125";"0.220";"11.6";"97";"0.829";"0.068";"102";"141";"0.277"
"2025-06-14 16:35:32.463";"2025-06-14";"16:35:32";"F";"150";"102";"122";"190";"0.164";"13.1";"92";"0.667";"0.156";"102";"141";"0.277"
"2025-06-14 16:36:02.454";"2025-06-14";"16:36:02";"F";"151";"100";"120";"285";"0.167";"20.0";"91";"0.690";"0.175";"102";"141";"0.277"
"2025-06-14 16:36:32.442";"2025-06-14";"16:36:32";"F";"152";"102";"113";"420";"0.097";"17.1";"86";"0.407";"0.248";"102";"141";"0.277"
"2025-06-14 16:37:02.426";"2025-06-14";"16:37:02";"F";"153";"102";"116";"625";"0.121";"31.8";"88";"0.500";"0.216";"102";"141";"0.277"
"2025-06-14 16:37:32.413";"2025-06-14";"16:37:32";"F";"154";"104";"113";"820";"0.080";"27.6";"86";"0.333";"0.248";"102";"141";"0.277"
"2025-06-14 16:38:02.407";"2025-06-14";"16:38:02";"F";"155";"106";"113";"1150";"0.062";"29.9";"86";"0.259";"0.248";"102";"141";"0.277"
"2025-06-14 16:38:05.798";"2025-06-14";"16:38:05";"SLCE";"";"Light Curve end ";""
"2025-06-14 16:38:40.691";"2025-06-14";"16:38:40";"SLCS";"";"Light Curve start ";"394"
"2025-06-14 16:38:40.691";"2025-06-14";"16:38:40";"REG1";"";"#1: alpha: - , ETRm: - , Ik: -   ( beta: - 0.016, ETRmPot: 30.479 )   (Platt et al. 1980) ";""
"2025-06-14 16:38:40.691";"2025-06-14";"16:38:40";"REG2";"";"#1: alpha: 0.108, ETRm: 52.132, Ik: 481.254   (Jassby and Platt 1976) ";""
"2025-06-14 16:38:42.098";"2025-06-14";"16:38:42";"FO";"156";"144";"296";"0";"0.514";"0.0";"-";"-";"-";"144";"296";"0.514"
"2025-06-14 16:39:12.085";"2025-06-14";"16:39:12";"F";"157";"161";"238";"90";"0.324";"12.2";"129";"0.706";"0.244";"144";"296";"0.514"
"2025-06-14 16:39:42.072";"2025-06-14";"16:39:42";"F";"158";"158";"227";"125";"0.304";"16.0";"125";"0.676";"0.304";"144";"296";"0.514"
"2025-06-14 16:40:12.063";"2025-06-14";"16:40:12";"F";"159";"161";"219";"190";"0.265";"21.1";"123";"0.604";"0.352";"144";"296";"0.514"
"2025-06-14 16:40:42.043";"2025-06-14";"16:40:42";"F";"160";"163";"215";"285";"0.242";"29.0";"122";"0.559";"0.377";"144";"296";"0.514"
"2025-06-14 16:41:12.039";"2025-06-14";"16:41:12";"F";"161";"168";"210";"420";"0.200";"35.3";"120";"0.467";"0.410";"144";"296";"0.514"
"2025-06-14 16:41:42.027";"2025-06-14";"16:41:42";"F";"162";"172";"204";"625";"0.157";"41.2";"118";"0.372";"0.451";"144";"296";"0.514"
"2025-06-14 16:42:12.017";"2025-06-14";"16:42:12";"F";"163";"172";"198";"820";"0.131";"45.1";"116";"0.317";"0.495";"144";"296";"0.514"
"2025-06-14 16:42:42.002";"2025-06-14";"16:42:42";"F";"164";"173";"196";"1150";"0.117";"56.5";"115";"0.284";"0.510";"144";"296";"0.514"
"2025-06-14 16:42:45.753";"2025-06-14";"16:42:45";"SLCE";"";"Light Curve end ";""
"2025-06-14 16:44:20.381";"2025-06-14";"16:44:20";"SLCS";"";"Light Curve start ";"395"
"2025-06-14 16:44:20.381";"2025-06-14";"16:44:20";"REG1";"";"#1: alpha: 0.112, ETRm: 39.489, Ik: 352.447   ( beta: 0.777, ETRmPot: 797.305 )   (Platt et al. 1980) ";""
"2025-06-14 16:44:20.381";"2025-06-14";"16:44:20";"REG2";"";"#1: alpha: 0.098, ETRm: 39.705, Ik: 405.883   (Jassby and Platt 1976) ";""
"2025-06-14 16:44:21.769";"2025-06-14";"16:44:21";"FO";"165";"120";"172";"0";"0.302";"0.0";"-";"-";"-";"120";"172";"0.302"
"2025-06-14 16:44:51.758";"2025-06-14";"16:44:51";"F";"166";"124";"165";"90";"0.248";"9.4";"117";"0.854";"0.042";"120";"172";"0.302"
"2025-06-14 16:45:21.748";"2025-06-14";"16:45:21";"F";"167";"127";"163";"125";"0.221";"11.6";"116";"0.766";"0.055";"120";"172";"0.302"
"2025-06-14 16:45:51.733";"2025-06-14";"16:45:51";"F";"168";"125";"161";"190";"0.224";"17.9";"115";"0.783";"0.068";"120";"172";"0.302"
"2025-06-14 16:46:21.725";"2025-06-14";"16:46:21";"F";"169";"125";"157";"285";"0.204";"24.4";"113";"0.727";"0.096";"120";"172";"0.302"
"2025-06-14 16:46:51.712";"2025-06-14";"16:46:51";"F";"170";"124";"148";"420";"0.162";"28.6";"108";"0.600";"0.162";"120";"172";"0.302"
"2025-06-14 16:47:21.702";"2025-06-14";"16:47:21";"F";"171";"125";"146";"625";"0.144";"37.8";"107";"0.538";"0.178";"120";"172";"0.302"
"2025-06-14 16:47:51.690";"2025-06-14";"16:47:51";"F";"172";"126";"142";"820";"0.113";"38.9";"105";"0.432";"0.211";"120";"172";"0.302"
"2025-06-14 16:48:21.694";"2025-06-14";"16:48:21";"F";"173";"126";"137";"1150";"0.080";"38.6";"102";"0.314";"0.255";"120";"172";"0.302"
"2025-06-14 16:48:24.821";"2025-06-14";"16:48:24";"SLCE";"";"Light Curve end ";""
"2025-06-14 16:49:11.175";"2025-06-14";"16:49:11";"SLCS";"";"Light Curve start ";"396"
"2025-06-14 16:49:11.175";"2025-06-14";"16:49:11";"REG1";"";"#1: alpha: - , ETRm: - , Ik: -   ( beta: - 0.005, ETRmPot: 25.934 )   (Platt et al. 1980) ";""
"2025-06-14 16:49:11.175";"2025-06-14";"16:49:11";"REG2";"";"#1: alpha: 0.123, ETRm: 29.947, Ik: 242.829   (Jassby and Platt 1976) ";""
"2025-06-14 16:49:12.568";"2025-06-14";"16:49:12";"FO";"174";"131";"267";"0";"0.509";"0.0";"-";"-";"-";"131";"267";"0.509"
"2025-06-14 16:49:42.563";"2025-06-14";"16:49:42";"F";"175";"137";"201";"90";"0.318";"12.0";"113";"0.727";"0.328";"131";"267";"0.509"
"2025-06-14 16:50:12.548";"2025-06-14";"16:50:12";"F";"176";"140";"197";"125";"0.289";"15.2";"112";"0.671";"0.355";"131";"267";"0.509"
"2025-06-14 16:50:42.543";"2025-06-14";"16:50:42";"F";"177";"141";"187";"190";"0.246";"19.6";"108";"0.582";"0.428";"131";"267";"0.509"
"2025-06-14 16:51:12.530";"2025-06-14";"16:51:12";"F";"178";"146";"183";"285";"0.202";"24.2";"107";"0.487";"0.459";"131";"267";"0.509"
"2025-06-14 16:51:42.517";"2025-06-14";"16:51:42";"F";"179";"150";"175";"420";"0.143";"25.2";"104";"0.352";"0.526";"131";"267";"0.509"
"2025-06-14 16:52:12.507";"2025-06-14";"16:52:12";"F";"180";"152";"170";"625";"0.106";"27.8";"102";"0.265";"0.571";"131";"267";"0.509"
"2025-06-14 16:52:42.494";"2025-06-14";"16:52:42";"F";"181";"155";"171";"820";"0.094";"32.4";"103";"0.235";"0.561";"131";"267";"0.509"
"2025-06-14 16:53:12.481";"2025-06-14";"16:53:12";"F";"182";"157";"168";"1150";"0.065";"31.4";"102";"0.167";"0.589";"131";"267";"0.509"
"2025-06-14 16:53:15.721";"2025-06-14";"16:53:15";"SLCE";"";"Light Curve end ";""
"2025-06-14 16:54:52.085";"2025-06-14";"16:54:52";"SLCS";"";"Light Curve start ";"389"
"2025-06-14 16:54:52.085";"2025-06-14";"16:54:52";"REG1";"";"#1: alpha: - , ETRm: - , Ik: -   ( beta: - 0.007, ETRmPot: 30.966 )   (Platt et al. 1980) ";""
"2025-06-14 16:54:52.085";"2025-06-14";"16:54:52";"REG2";"";"#1: alpha: 0.105, ETRm: 37.495, Ik: 355.519   (Jassby and Platt 1976) ";""
"2025-06-14 16:54:53.478";"2025-06-14";"16:54:53";"FO";"183";"180";"297";"0";"0.394";"0.0";"-";"-";"-";"180";"297";"0.394"
"2025-06-14 16:55:23.468";"2025-06-14";"16:55:23";"F";"184";"197";"275";"90";"0.284";"10.7";"172";"0.757";"0.080";"180";"297";"0.394"
"2025-06-14 16:55:53.441";"2025-06-14";"16:55:53";"F";"185";"194";"266";"125";"0.271";"14.2";"168";"0.735";"0.117";"180";"297";"0.394"
"2025-06-14 16:56:23.440";"2025-06-14";"16:56:23";"F";"186";"195";"258";"190";"0.244";"19.5";"165";"0.677";"0.151";"180";"297";"0.394"
"2025-06-14 16:56:53.434";"2025-06-14";"16:56:53";"F";"187";"198";"251";"285";"0.211";"25.3";"162";"0.596";"0.183";"180";"297";"0.394"
"2025-06-14 16:57:23.423";"2025-06-14";"16:57:23";"F";"188";"204";"243";"420";"0.160";"28.2";"159";"0.464";"0.222";"180";"297";"0.394"
"2025-06-14 16:57:53.398";"2025-06-14";"16:57:53";"F";"189";"206";"235";"625";"0.123";"32.3";"155";"0.363";"0.264";"180";"297";"0.394"
"2025-06-14 16:58:23.420";"2025-06-14";"16:58:23";"F";"190";"206";"232";"820";"0.112";"38.6";"154";"0.333";"0.280";"180";"297";"0.394"
"2025-06-14 16:58:53.404";"2025-06-14";"16:58:53";"F";"191";"205";"223";"1150";"0.081";"39.1";"150";"0.247";"0.332";"180";"297";"0.394"
"2025-06-14 16:58:56.666";"2025-06-14";"16:58:56";"SLCE";"";"Light Curve end ";""
"2025-06-14 17:00:09.010";"2025-06-14";"17:00:09";"SLCS";"";"Light Curve start ";"390"
"2025-06-14 17:00:09.010";"2025-06-14";"17:00:09";"REG1";"";"#1: alpha: - , ETRm: - , Ik: -   ( beta: - 0.013, ETRmPot: 24.347 )   (Platt et al. 1980) ";""
"2025-06-14 17:00:09.010";"2025-06-14";"17:00:09";"REG2";"";"#1: alpha: 0.098, ETRm: 39.848, Ik: 405.581   (Jassby and Platt 1976) ";""
"2025-06-14 17:00:10.398";"2025-06-14";"17:00:10";"FO";"192";"140";"257";"0";"0.455";"0.0";"-";"-";"-";"140";"257";"0.455"
"2025-06-14 17:00:40.386";"2025-06-14";"17:00:40";"F";"193";"153";"216";"90";"0.292";"11.0";"127";"0.708";"0.190";"140";"257";"0.455"
"2025-06-14 17:01:10.373";"2025-06-14";"17:01:10";"F";"194";"154";"215";"125";"0.284";"14.9";"127";"0.693";"0.195";"140";"257";"0.455"
"2025-06-14 17:01:40.369";"2025-06-14";"17:01:40";"F";"195";"156";"207";"190";"0.246";"19.6";"124";"0.614";"0.242";"140";"257";"0.455"
"2025-06-14 17:02:10.359";"2025-06-14";"17:02:10";"F";"196";"158";"198";"285";"0.202";"24.2";"120";"0.513";"0.298";"140";"257";"0.455"
"2025-06-14 17:02:40.346";"2025-06-14";"17:02:40";"F";"197";"163";"193";"420";"0.155";"27.3";"119";"0.405";"0.332";"140";"257";"0.455"
"2025-06-14 17:03:10.334";"2025-06-14";"17:03:10";"F";"198";"167";"192";"625";"0.130";"34.1";"118";"0.338";"0.339";"140";"257";"0.455"
"2025-06-14 17:03:40.319";"2025-06-14";"17:03:40";"F";"199";"169";"189";"820";"0.106";"36.5";"117";"0.278";"0.360";"140";"257";"0.455"
"2025-06-14 17:04:10.311";"2025-06-14";"17:04:10";"F";"200";"170";"187";"1150";"0.091";"44.0";"116";"0.239";"0.374";"140";"257";"0.455"
"2025-06-14 17:04:13.996";"2025-06-14";"17:04:13";"SLCE";"";"Light Curve end ";""
"2025-06-14 17:05:33.076";"2025-06-14";"17:05:33";"SLCS";"";"Light Curve start ";"391"
"2025-06-14 17:05:33.076";"2025-06-14";"17:05:33";"REG1";"";"#1: alpha: - , ETRm: - , Ik: -   ( beta: - 0.003, ETRmPot: 34.915 )   (Platt et al. 1980) ";""
"2025-06-14 17:05:33.076";"2025-06-14";"17:05:33";"REG2";"";"#1: alpha: 0.174, ETRm: 36.798, Ik: 212.010   (Jassby and Platt 1976) ";""
"2025-06-14 17:05:34.471";"2025-06-14";"17:05:34";"FO";"201";"98";"205";"0";"0.522";"0.0";"-";"-";"-";"98";"205";"0.522"
"2025-06-14 17:06:04.466";"2025-06-14";"17:06:04";"F";"202";"105";"169";"90";"0.379";"14.3";"89";"0.800";"0.213";"98";"205";"0.522"
"2025-06-14 17:06:34.457";"2025-06-14";"17:06:34";"F";"203";"105";"170";"125";"0.382";"20.1";"89";"0.802";"0.206";"98";"205";"0.522"
"2025-06-14 17:07:04.444";"2025-06-14";"17:07:04";"F";"204";"106";"156";"190";"0.321";"25.6";"85";"0.704";"0.314";"98";"205";"0.522"
"2025-06-14 17:07:34.433";"2025-06-14";"17:07:34";"F";"205";"104";"142";"285";"0.268";"32.1";"81";"0.623";"0.444";"98";"205";"0.522"
"2025-06-14 17:08:04.415";"2025-06-14";"17:08:04";"F";"206";"105";"133";"420";"0.211";"37.2";"78";"0.509";"0.541";"98";"205";"0.522"
"2025-06-14 17:08:34.430";"2025-06-14";"17:08:34";"F";"207";"107";"124";"625";"0.137";"36.0";"75";"0.347";"0.653";"98";"205";"0.522"
"2025-06-14 17:09:04.418";"2025-06-14";"17:09:04";"F";"208";"108";"119";"820";"0.092";"31.7";"73";"0.239";"0.723";"98";"205";"0.522"
"2025-06-14 17:09:34.403";"2025-06-14";"17:09:34";"F";"209";"108";"118";"1150";"0.085";"41.1";"72";"0.217";"0.737";"98";"205";"0.522"
"2025-06-14 17:09:37.596";"2025-06-14";"17:09:37";"SLCE";"";"Light Curve end ";""
"2025-06-14 17:10:03.383";"2025-06-14";"17:10:03";"SLCS";"";"Light Curve start ";"392"
"2025-06-14 17:10:03.383";"2025-06-14";"17:10:03";"REG1";"";"#1: alpha: - , ETRm: - , Ik: -   ( beta: - 0.008, ETRmPot: 13.982 )   (Platt et al. 1980) ";""
"2025-06-14 17:10:03.383";"2025-06-14";"17:10:03";"REG2";"";"#1: alpha: 0.070, ETRm: 22.984, Ik: 328.973   (Jassby and Platt 1976) ";""
"2025-06-14 17:10:04.786";"2025-06-14";"17:10:04";"FO";"210";"165";"224";"0";"0.263";"0.0";"-";"-";"-";"165";"224";"0.263"
"2025-06-14 17:10:34.772";"2025-06-14";"17:10:34";"F";"211";"168";"210";"90";"0.200";"7.6";"157";"0.792";"0.067";"165";"224";"0.263"
"2025-06-14 17:11:04.755";"2025-06-14";"17:11:04";"F";"212";"170";"212";"125";"0.198";"10.4";"158";"0.778";"0.057";"165";"224";"0.263"
"2025-06-14 17:11:34.750";"2025-06-14";"17:11:34";"F";"213";"171";"203";"190";"0.158";"12.6";"153";"0.640";"0.103";"165";"224";"0.263"
"2025-06-14 17:12:04.740";"2025-06-14";"17:12:04";"F";"214";"174";"200";"285";"0.130";"15.6";"152";"0.542";"0.120";"165";"224";"0.263"
"2025-06-14 17:12:34.727";"2025-06-14";"17:12:34";"F";"215";"177";"196";"420";"0.097";"17.1";"149";"0.404";"0.143";"165";"224";"0.263"
"2025-06-14 17:13:04.708";"2025-06-14";"17:13:04";"F";"216";"179";"195";"625";"0.082";"21.5";"149";"0.348";"0.149";"165";"224";"0.263"
"2025-06-14 17:13:34.703";"2025-06-14";"17:13:34";"F";"217";"182";"193";"820";"0.057";"19.6";"148";"0.244";"0.161";"165";"224";"0.263"
"2025-06-14 17:14:04.685";"2025-06-14";"17:14:04";"F";"218";"183";"194";"1150";"0.057";"27.5";"148";"0.239";"0.155";"165";"224";"0.263"
"2025-06-14 17:14:08.510";"2025-06-14";"17:14:08";"SLCE";"";"Light Curve end ";""
"2025-06-14 17:16:38.545";"2025-06-14";"17:16:38";"SLCS";"";"Light Curve start ";"353"
"2025-06-14 17:16:38.545";"2025-06-14";"17:16:38";"REG1";"";"#1: alpha: - , ETRm: - , Ik: -   ( beta: - 0.011, ETRmPot: 18.968 )   (Platt et al. 1980) ";""
"2025-06-14 17:16:38.545";"2025-06-14";"17:16:38";"REG2";"";"#1: alpha: 0.060, ETRm: 34.972, Ik: 578.185   (Jassby and Platt 1976) ";""
"2025-06-14 17:16:39.941";"2025-06-14";"17:16:39";"FO";"219";"115";"155";"0";"0.258";"0.0";"-";"-";"-";"115";"155";"0.258"
"2025-06-14 17:17:09.934";"2025-06-14";"17:17:09";"F";"220";"118";"147";"90";"0.197";"7.4";"111";"0.806";"0.054";"115";"155";"0.258"
"2025-06-14 17:17:39.922";"2025-06-14";"17:17:39";"F";"221";"120";"146";"125";"0.178";"9.3";"110";"0.722";"0.062";"115";"155";"0.258"
"2025-06-14 17:18:09.911";"2025-06-14";"17:18:09";"F";"222";"123";"147";"190";"0.163";"13.0";"111";"0.667";"0.054";"115";"155";"0.258"
"2025-06-14 17:18:39.913";"2025-06-14";"17:18:39";"F";"223";"123";"142";"285";"0.134";"16.0";"108";"0.559";"0.092";"115";"155";"0.258"
"2025-06-14 17:19:09.901";"2025-06-14";"17:19:09";"F";"224";"122";"139";"420";"0.122";"21.5";"106";"0.515";"0.115";"115";"155";"0.258"
"2025-06-14 17:19:39.895";"2025-06-14";"17:19:39";"F";"225";"125";"138";"625";"0.094";"24.7";"105";"0.394";"0.123";"115";"155";"0.258"
"2025-06-14 17:20:09.878";"2025-06-14";"17:20:09";"F";"226";"125";"137";"820";"0.088";"30.3";"105";"0.375";"0.131";"115";"155";"0.258"
"2025-06-14 17:20:39.865";"2025-06-14";"17:20:39";"F";"227";"126";"136";"1150";"0.074";"35.7";"104";"0.313";"0.140";"115";"155";"0.258"
"2025-06-14 17:20:42.954";"2025-06-14";"17:20:42";"SLCE";"";"Light Curve end ";""
"2025-06-14 17:22:29.607";"2025-06-14";"17:22:29";"SLCS";"";"Light Curve start ";"354"
"2025-06-14 17:22:29.607";"2025-06-14";"17:22:29";"REG1";"";"#1: alpha: - , ETRm: - , Ik: -   ( beta: - 0.010, ETRmPot: 37.247 )   (Platt et al. 1980) ";""
"2025-06-14 17:22:29.607";"2025-06-14";"17:22:29";"REG2";"";"#1: alpha: 0.179, ETRm: 46.258, Ik: 258.219   (Jassby and Platt 1976) ";""
"2025-06-14 17:22:30.996";"2025-06-14";"17:22:30";"FO";"228";"100";"208";"0";"0.519";"0.0";"-";"-";"-";"100";"208";"0.519"
"2025-06-14 17:23:00.986";"2025-06-14";"17:23:00";"F";"229";"102";"175";"90";"0.417";"15.8";"92";"0.880";"0.189";"100";"208";"0.519"
"2025-06-14 17:23:30.970";"2025-06-14";"17:23:30";"F";"230";"104";"181";"125";"0.425";"22.3";"93";"0.875";"0.149";"100";"208";"0.519"
"2025-06-14 17:24:00.961";"2025-06-14";"17:24:00";"F";"231";"105";"164";"190";"0.360";"28.7";"89";"0.787";"0.268";"100";"208";"0.519"
"2025-06-14 17:24:30.953";"2025-06-14";"17:24:30";"F";"232";"106";"155";"285";"0.316";"37.8";"86";"0.710";"0.342";"100";"208";"0.519"
"2025-06-14 17:25:00.937";"2025-06-14";"17:25:00";"F";"233";"109";"142";"420";"0.232";"40.9";"82";"0.550";"0.465";"100";"208";"0.519"
"2025-06-14 17:25:30.921";"2025-06-14";"17:25:30";"F";"234";"116";"137";"625";"0.153";"40.2";"80";"0.368";"0.518";"100";"208";"0.519"
"2025-06-14 17:26:00.911";"2025-06-14";"17:26:00";"F";"235";"115";"133";"820";"0.135";"46.5";"79";"0.333";"0.564";"100";"208";"0.519"
"2025-06-14 17:26:30.908";"2025-06-14";"17:26:30";"F";"236";"117";"131";"1150";"0.107";"51.7";"78";"0.264";"0.588";"100";"208";"0.519"
"2025-06-14 17:26:34.754";"2025-06-14";"17:26:34";"SLCE";"";"Light Curve end ";""
"2025-06-14 17:27:46.159";"2025-06-14";"17:27:46";"SLCS";"";"Light Curve start ";"355"
"2025-06-14 17:27:46.159";"2025-06-14";"17:27:46";"REG1";"";"#1: alpha: - , ETRm: - , Ik: -   ( beta: - 0.004, ETRmPot: 32.544 )   (Platt et al. 1980) ";""
"2025-06-14 17:27:46.159";"2025-06-14";"17:27:46";"REG2";"";"#1: alpha: 0.082, ETRm: 35.588, Ik: 434.906   (Jassby and Platt 1976) ";""
"2025-06-14 17:27:47.552";"2025-06-14";"17:27:47";"FO";"237";"157";"228";"0";"0.311";"0.0";"-";"-";"-";"157";"228";"0.311"
"2025-06-14 17:28:17.533";"2025-06-14";"17:28:17";"F";"238";"159";"207";"90";"0.232";"8.8";"147";"0.800";"0.101";"157";"228";"0.311"
"2025-06-14 17:28:47.544";"2025-06-14";"17:28:47";"F";"239";"162";"203";"125";"0.202";"10.6";"145";"0.707";"0.123";"157";"228";"0.311"
"2025-06-14 17:29:17.532";"2025-06-14";"17:29:17";"F";"240";"161";"201";"190";"0.199";"15.9";"144";"0.702";"0.134";"157";"228";"0.311"
"2025-06-14 17:29:47.527";"2025-06-14";"17:29:47";"F";"241";"164";"196";"285";"0.163";"19.5";"141";"0.582";"0.163";"157";"228";"0.311"
"2025-06-14 17:30:17.508";"2025-06-14";"17:30:17";"F";"242";"165";"194";"420";"0.149";"26.3";"140";"0.537";"0.175";"157";"228";"0.311"
"2025-06-14 17:30:47.497";"2025-06-14";"17:30:47";"F";"243";"168";"190";"625";"0.116";"30.5";"138";"0.423";"0.200";"157";"228";"0.311"
"2025-06-14 17:31:17.493";"2025-06-14";"17:31:17";"F";"244";"168";"186";"820";"0.097";"33.4";"136";"0.360";"0.226";"157";"228";"0.311"
"2025-06-14 17:31:47.477";"2025-06-14";"17:31:47";"F";"245";"171";"185";"1150";"0.076";"36.7";"135";"0.280";"0.232";"157";"228";"0.311"
"2025-06-14 17:31:51.072";"2025-06-14";"17:31:51";"SLCE";"";"Light Curve end ";""
"2025-06-14 17:32:05.913";"2025-06-14";"17:32:05";"SLCS";"";"Light Curve start ";"356"
"2025-06-14 17:32:05.913";"2025-06-14";"17:32:05";"REG1";"";"#1: alpha: - , ETRm: - , Ik: -   ( beta: - 0.005, ETRmPot: 21.843 )   (Platt et al. 1980) ";""
"2025-06-14 17:32:05.913";"2025-06-14";"17:32:05";"REG2";"";"#1: alpha: 0.082, ETRm: 26.021, Ik: 318.118   (Jassby and Platt 1976) ";""
"2025-06-14 17:32:07.309";"2025-06-14";"17:32:07";"FO";"246";"174";"257";"0";"0.323";"0.0";"-";"-";"-";"174";"257";"0.323"
"2025-06-14 17:32:37.292";"2025-06-14";"17:32:37";"F";"247";"180";"233";"90";"0.227";"8.6";"163";"0.757";"0.103";"174";"257";"0.323"
"2025-06-14 17:33:07.285";"2025-06-14";"17:33:07";"F";"248";"179";"223";"125";"0.197";"10.3";"158";"0.677";"0.152";"174";"257";"0.323"
"2025-06-14 17:33:37.274";"2025-06-14";"17:33:37";"F";"249";"181";"219";"190";"0.174";"13.9";"156";"0.603";"0.174";"174";"257";"0.323"
"2025-06-14 17:34:07.262";"2025-06-14";"17:34:07";"F";"250";"182";"214";"285";"0.150";"18.0";"153";"0.525";"0.201";"174";"257";"0.323"
"2025-06-14 17:34:37.252";"2025-06-14";"17:34:37";"F";"251";"184";"210";"420";"0.124";"21.9";"151";"0.441";"0.224";"174";"257";"0.323"
"2025-06-14 17:35:07.239";"2025-06-14";"17:35:07";"F";"252";"189";"209";"625";"0.096";"25.2";"151";"0.345";"0.230";"174";"257";"0.323"
"2025-06-14 17:35:37.230";"2025-06-14";"17:35:37";"F";"253";"191";"205";"820";"0.068";"23.4";"148";"0.246";"0.254";"174";"257";"0.323"
"2025-06-14 17:36:07.212";"2025-06-14";"17:36:07";"F";"254";"192";"204";"1150";"0.059";"28.5";"148";"0.214";"0.260";"174";"257";"0.323"
"2025-06-14 17:36:11.079";"2025-06-14";"17:36:11";"SLCE";"";"Light Curve end ";""
"2025-06-14 17:38:14.295";"2025-06-14";"17:38:14";"SLCS";"";"Light Curve start ";"349"
"2025-06-14 17:38:14.295";"2025-06-14";"17:38:14";"REG1";"";"#1: alpha: 0.238, ETRm: 58.117, Ik: 244.193   ( beta: 0.016, ETRmPot: 74.912 )   (Platt et al. 1980) ";""
"2025-06-14 17:38:14.295";"2025-06-14";"17:38:14";"REG2";"";"#1: alpha: 0.197, ETRm: 57.416, Ik: 291.953   (Jassby and Platt 1976) ";""
"2025-06-14 17:38:15.702";"2025-06-14";"17:38:15";"FO";"255";"93";"209";"0";"0.555";"0.0";"-";"-";"-";"93";"209";"0.555"
"2025-06-14 17:38:45.702";"2025-06-14";"17:38:45";"F";"256";"99";"172";"90";"0.424";"16.0";"85";"0.839";"0.215";"93";"209";"0.555"
"2025-06-14 17:39:15.692";"2025-06-14";"17:39:15";"F";"257";"99";"175";"125";"0.434";"22.8";"86";"0.854";"0.194";"93";"209";"0.555"
"2025-06-14 17:39:45.680";"2025-06-14";"17:39:45";"F";"258";"103";"174";"190";"0.408";"32.6";"85";"0.798";"0.201";"93";"209";"0.555"
"2025-06-14 17:40:15.674";"2025-06-14";"17:40:15";"F";"259";"104";"166";"285";"0.373";"44.6";"83";"0.747";"0.259";"93";"209";"0.555"
"2025-06-14 17:40:45.663";"2025-06-14";"17:40:45";"F";"260";"106";"151";"420";"0.298";"52.6";"79";"0.625";"0.384";"93";"209";"0.555"
"2025-06-14 17:41:15.646";"2025-06-14";"17:41:15";"F";"261";"109";"135";"625";"0.193";"50.7";"75";"0.433";"0.548";"93";"209";"0.555"
"2025-06-14 17:41:45.641";"2025-06-14";"17:41:45";"F";"262";"111";"135";"820";"0.178";"61.3";"75";"0.400";"0.548";"93";"209";"0.555"
"2025-06-14 17:42:15.629";"2025-06-14";"17:42:15";"F";"263";"113";"128";"1150";"0.117";"56.5";"73";"0.273";"0.633";"93";"209";"0.555"
"2025-06-14 17:42:19.323";"2025-06-14";"17:42:19";"SLCE";"";"Light Curve end ";""
"2025-06-14 17:43:38.916";"2025-06-14";"17:43:38";"SLCS";"";"Light Curve start ";"350"
"2025-06-14 17:43:38.916";"2025-06-14";"17:43:38";"REG1";"";"#1: alpha: - , ETRm: - , Ik: -   ( beta: - 0.011, ETRmPot: 32.201 )   (Platt et al. 1980) ";""
"2025-06-14 17:43:38.916";"2025-06-14";"17:43:38";"REG2";"";"#1: alpha: 0.121, ETRm: 43.351, Ik: 358.435   (Jassby and Platt 1976) ";""
"2025-06-14 17:43:40.299";"2025-06-14";"17:43:40";"FO";"264";"86";"138";"0";"0.377";"0.0";"-";"-";"-";"86";"138";"0.377"
"2025-06-14 17:44:10.288";"2025-06-14";"17:44:10";"F";"265";"85";"121";"90";"0.298";"11.3";"79";"0.857";"0.140";"86";"138";"0.377"
"2025-06-14 17:44:40.282";"2025-06-14";"17:44:40";"F";"266";"85";"121";"125";"0.298";"15.6";"79";"0.857";"0.140";"86";"138";"0.377"
"2025-06-14 17:45:10.270";"2025-06-14";"17:45:10";"F";"267";"85";"116";"190";"0.267";"21.3";"77";"0.795";"0.190";"86";"138";"0.377"
"2025-06-14 17:45:40.262";"2025-06-14";"17:45:40";"F";"268";"85";"111";"285";"0.234";"28.0";"75";"0.722";"0.243";"86";"138";"0.377"
"2025-06-14 17:46:10.242";"2025-06-14";"17:46:10";"F";"269";"85";"107";"420";"0.206";"36.3";"73";"0.647";"0.290";"86";"138";"0.377"
"2025-06-14 17:46:40.231";"2025-06-14";"17:46:40";"F";"270";"86";"102";"625";"0.157";"41.2";"70";"0.500";"0.353";"86";"138";"0.377"
"2025-06-14 17:47:10.226";"2025-06-14";"17:47:10";"F";"271";"89";"99";"820";"0.101";"34.8";"69";"0.333";"0.394";"86";"138";"0.377"
"2025-06-14 17:47:40.214";"2025-06-14";"17:47:40";"F";"272";"87";"97";"1150";"0.103";"49.7";"68";"0.345";"0.423";"86";"138";"0.377"
"2025-06-14 17:47:43.918";"2025-06-14";"17:47:43";"SLCE";"";"Light Curve end ";""
"2025-06-14 17:51:37.285";"2025-06-14";"17:51:37";"SLCS";"";"Light Curve start ";"351"
"2025-06-14 17:51:37.285";"2025-06-14";"17:51:37";"REG1";"";"#1: alpha: - , ETRm: - , Ik: -   ( beta: - 0.017, ETRmPot: 17.011 )   (Platt et al. 1980) ";""
"2025-06-14 17:51:37.285";"2025-06-14";"17:51:37";"REG2";"";"#1: alpha: 0.079, ETRm: 46.820, Ik: 589.401   (Jassby and Platt 1976) ";""
"2025-06-14 17:51:38.681";"2025-06-14";"17:51:38";"FO";"273";"76";"141";"0";"0.461";"0.0";"-";"-";"-";"76";"141";"0.461"
"2025-06-14 17:52:08.665";"2025-06-14";"17:52:08";"F";"274";"85";"122";"90";"0.303";"11.5";"70";"0.712";"0.156";"76";"141";"0.461"
"2025-06-14 17:52:38.659";"2025-06-14";"17:52:38";"F";"275";"85";"120";"125";"0.292";"15.3";"69";"0.686";"0.175";"76";"141";"0.461"
"2025-06-14 17:53:08.640";"2025-06-14";"17:53:08";"F";"276";"86";"113";"190";"0.239";"19.1";"67";"0.587";"0.248";"76";"141";"0.461"
"2025-06-14 17:53:38.636";"2025-06-14";"17:53:38";"F";"277";"87";"109";"285";"0.202";"24.2";"66";"0.512";"0.294";"76";"141";"0.461"
"2025-06-14 17:54:08.619";"2025-06-14";"17:54:08";"F";"278";"88";"106";"420";"0.170";"30.0";"65";"0.439";"0.330";"76";"141";"0.461"
"2025-06-14 17:54:38.614";"2025-06-14";"17:54:38";"F";"279";"89";"99";"625";"0.101";"26.5";"62";"0.270";"0.424";"76";"141";"0.461"
"2025-06-14 17:55:08.601";"2025-06-14";"17:55:08";"F";"280";"90";"100";"820";"0.100";"34.4";"62";"0.263";"0.410";"76";"141";"0.461"
"2025-06-14 17:55:38.584";"2025-06-14";"17:55:38";"F";"281";"87";"98";"1150";"0.112";"54.1";"61";"0.297";"0.439";"76";"141";"0.461"
"2025-06-14 17:55:42.008";"2025-06-14";"17:55:42";"SLCE";"";"Light Curve end ";""
"2025-06-14 17:55:57.667";"2025-06-14";"17:55:57";"SLCS";"";"Light Curve start ";"352"
"2025-06-14 17:55:57.667";"2025-06-14";"17:55:57";"REG1";"";"#1: alpha: - , ETRm: - , Ik: -   ( beta: - 0.009, ETRmPot: 19.822 )   (Platt et al. 1980) ";""
"2025-06-14 17:55:57.667";"2025-06-14";"17:55:57";"REG2";"";"#1: alpha: 0.067, ETRm: 32.558, Ik: 482.942   (Jassby and Platt 1976) ";""
"2025-06-14 17:55:59.070";"2025-06-14";"17:55:59";"FO";"282";"101";"155";"0";"0.348";"0.0";"-";"-";"-";"101";"155";"0.348"
"2025-06-14 17:56:29.051";"2025-06-14";"17:56:29";"F";"283";"103";"133";"90";"0.226";"8.5";"91";"0.714";"0.165";"101";"155";"0.348"
"2025-06-14 17:56:59.038";"2025-06-14";"17:56:59";"F";"284";"99";"123";"125";"0.195";"10.2";"86";"0.649";"0.260";"101";"155";"0.348"
"2025-06-14 17:57:29.029";"2025-06-14";"17:57:29";"F";"285";"99";"121";"190";"0.182";"14.5";"85";"0.611";"0.281";"101";"155";"0.348"
"2025-06-14 17:57:59.024";"2025-06-14";"17:57:59";"F";"286";"98";"117";"285";"0.162";"19.4";"83";"0.559";"0.325";"101";"155";"0.348"
"2025-06-14 17:58:29.034";"2025-06-14";"17:58:29";"F";"287";"99";"111";"420";"0.108";"19.1";"80";"0.387";"0.396";"101";"155";"0.348"
"2025-06-14 17:58:59.013";"2025-06-14";"17:58:59";"F";"288";"98";"107";"625";"0.084";"22.1";"78";"0.310";"0.449";"101";"155";"0.348"
"2025-06-14 17:59:29.004";"2025-06-14";"17:59:29";"F";"289";"97";"108";"820";"0.102";"35.1";"79";"0.379";"0.435";"101";"155";"0.348"
"2025-06-14 17:59:58.992";"2025-06-14";"17:59:58";"F";"290";"97";"104";"1150";"0.067";"32.4";"77";"0.259";"0.490";"101";"155";"0.348"
"2025-06-14 18:00:02.912";"2025-06-14";"18:00:02";"SLCE";"";"Light Curve end ";""
"2025-06-14 18:01:32.645";"2025-06-14";"18:01:32";"SLCS";"";"Light Curve start ";"361"
"2025-06-14 18:01:32.645";"2025-06-14";"18:01:32";"REG1";"";"#1: alpha: 0.147, ETRm: 30.702, Ik: 208.263   ( beta: 0.015, ETRmPot: 43.435 )   (Platt et al. 1980) ";""
"2025-06-14 18:01:32.645";"2025-06-14";"18:01:32";"REG2";"";"#1: alpha: 0.125, ETRm: 29.779, Ik: 237.975   (Jassby and Platt 1976) ";""
"2025-06-14 18:01:34.044";"2025-06-14";"18:01:34";"FO";"291";"137";"259";"0";"0.471";"0.0";"-";"-";"-";"137";"259";"0.471"
"2025-06-14 18:02:04.033";"2025-06-14";"18:02:04";"F";"292";"148";"208";"90";"0.288";"10.9";"121";"0.690";"0.245";"137";"259";"0.471"
"2025-06-14 18:02:34.018";"2025-06-14";"18:02:34";"F";"293";"151";"210";"125";"0.281";"14.8";"122";"0.670";"0.233";"137";"259";"0.471"
"2025-06-14 18:03:04.009";"2025-06-14";"18:03:04";"F";"294";"151";"200";"190";"0.245";"19.6";"119";"0.605";"0.295";"137";"259";"0.471"
"2025-06-14 18:03:33.998";"2025-06-14";"18:03:33";"F";"295";"152";"191";"285";"0.204";"24.4";"115";"0.513";"0.356";"137";"259";"0.471"
"2025-06-14 18:04:03.981";"2025-06-14";"18:04:03";"F";"296";"155";"184";"420";"0.158";"27.9";"113";"0.408";"0.408";"137";"259";"0.471"
"2025-06-14 18:04:33.966";"2025-06-14";"18:04:33";"F";"297";"160";"180";"625";"0.111";"29.1";"111";"0.290";"0.439";"137";"259";"0.471"
"2025-06-14 18:05:03.958";"2025-06-14";"18:05:03";"F";"298";"162";"179";"820";"0.095";"32.7";"111";"0.250";"0.447";"137";"259";"0.471"
"2025-06-14 18:05:33.948";"2025-06-14";"18:05:33";"F";"299";"164";"174";"1150";"0.057";"27.5";"109";"0.154";"0.489";"137";"259";"0.471"
"2025-06-14 18:05:37.455";"2025-06-14";"18:05:37";"SLCE";"";"Light Curve end ";""
"2025-06-14 18:07:51.570";"2025-06-14";"18:07:51";"SLCS";"";"Light Curve start ";"362"
"2025-06-14 18:07:51.570";"2025-06-14";"18:07:51";"REG1";"";"#1: alpha: - , ETRm: - , Ik: -   ( beta: - 0.005, ETRmPot: 20.217 )   (Platt et al. 1980) ";""
"2025-06-14 18:07:51.570";"2025-06-14";"18:07:51";"REG2";"";"#1: alpha: 0.096, ETRm: 24.564, Ik: 254.708   (Jassby and Platt 1976) ";""
"2025-06-14 18:07:52.959";"2025-06-14";"18:07:52";"FO";"300";"183";"305";"0";"0.400";"0.0";"-";"-";"-";"183";"305";"0.400"
"2025-06-14 18:08:22.972";"2025-06-14";"18:08:22";"F";"301";"198";"264";"90";"0.250";"9.5";"167";"0.680";"0.155";"183";"305";"0.400"
"2025-06-14 18:08:52.961";"2025-06-14";"18:08:52";"F";"302";"199";"262";"125";"0.240";"12.6";"167";"0.663";"0.164";"183";"305";"0.400"
"2025-06-14 18:09:22.944";"2025-06-14";"18:09:22";"F";"303";"200";"247";"190";"0.190";"15.2";"160";"0.540";"0.235";"183";"305";"0.400"
"2025-06-14 18:09:52.940";"2025-06-14";"18:09:52";"F";"304";"204";"240";"285";"0.150";"18.0";"157";"0.434";"0.271";"183";"305";"0.400"
"2025-06-14 18:10:22.919";"2025-06-14";"18:10:22";"F";"305";"208";"239";"420";"0.130";"22.9";"157";"0.378";"0.276";"183";"305";"0.400"
"2025-06-14 18:10:52.910";"2025-06-14";"18:10:52";"F";"306";"212";"233";"625";"0.090";"23.6";"154";"0.266";"0.309";"183";"305";"0.400"
"2025-06-14 18:11:22.902";"2025-06-14";"18:11:22";"F";"307";"214";"229";"820";"0.066";"22.7";"153";"0.197";"0.332";"183";"305";"0.400"
"2025-06-14 18:11:52.891";"2025-06-14";"18:11:52";"F";"308";"217";"230";"1150";"0.057";"27.5";"153";"0.169";"0.326";"183";"305";"0.400"
"2025-06-14 18:11:56.566";"2025-06-14";"18:11:56";"SLCE";"";"Light Curve end ";""
"2025-06-14 18:13:59.112";"2025-06-14";"18:13:59";"SLCS";"";"Light Curve start ";"363"
"2025-06-14 18:13:59.112";"2025-06-14";"18:13:59";"REG1";"";"#1: alpha: - , ETRm: - , Ik: -   ( beta: - 0.013, ETRmPot: 13.838 )   (Platt et al. 1980) ";""
"2025-06-14 18:13:59.112";"2025-06-14";"18:13:59";"REG2";"";"#1: alpha: 0.048, ETRm: 45.103, Ik: 932.703   (Jassby and Platt 1976) ";""
"2025-06-14 18:14:00.499";"2025-06-14";"18:14:00";"FO";"309";"144";"186";"0";"0.226";"0.0";"-";"-";"-";"144";"186";"0.226"
"2025-06-14 18:14:30.486";"2025-06-14";"18:14:30";"F";"310";"145";"177";"90";"0.181";"6.8";"139";"0.842";"0.051";"144";"186";"0.226"
"2025-06-14 18:15:00.477";"2025-06-14";"18:15:00";"F";"311";"145";"173";"125";"0.162";"8.5";"136";"0.757";"0.075";"144";"186";"0.226"
"2025-06-14 18:15:30.471";"2025-06-14";"18:15:30";"F";"312";"144";"170";"190";"0.153";"12.2";"134";"0.722";"0.094";"144";"186";"0.226"
"2025-06-14 18:16:00.462";"2025-06-14";"18:16:00";"F";"313";"144";"166";"285";"0.133";"15.9";"132";"0.647";"0.120";"144";"186";"0.226"
"2025-06-14 18:16:30.450";"2025-06-14";"18:16:30";"F";"314";"146";"162";"420";"0.099";"17.5";"129";"0.485";"0.148";"144";"186";"0.226"
"2025-06-14 18:17:00.439";"2025-06-14";"18:17:00";"F";"315";"149";"162";"625";"0.080";"21.0";"129";"0.394";"0.148";"144";"186";"0.226"
"2025-06-14 18:17:30.422";"2025-06-14";"18:17:30";"F";"316";"148";"164";"820";"0.098";"33.8";"130";"0.471";"0.134";"144";"186";"0.226"
"2025-06-14 18:18:00.414";"2025-06-14";"18:18:00";"F";"317";"149";"162";"1150";"0.080";"38.6";"129";"0.394";"0.148";"144";"186";"0.226"
"2025-06-14 18:18:03.769";"2025-06-14";"18:18:03";"SLCE";"";"Light Curve end ";""
"2025-06-14 18:18:22.779";"2025-06-14";"18:18:22";"SLCS";"";"Light Curve start ";"364"
"2025-06-14 18:18:22.779";"2025-06-14";"18:18:22";"REG1";"";"#1: alpha: - , ETRm: - , Ik: -   ( beta: - 0.009, ETRmPot: 11.654 )   (Platt et al. 1980) ";""
"2025-06-14 18:18:22.779";"2025-06-14";"18:18:22";"REG2";"";"#1: alpha: 0.083, ETRm: 22.115, Ik: 267.406   (Jassby and Platt 1976) ";""
"2025-06-14 18:18:24.176";"2025-06-14";"18:18:24";"FO";"318";"138";"268";"0";"0.485";"0.0";"-";"-";"-";"138";"268";"0.485"
"2025-06-14 18:18:54.156";"2025-06-14";"18:18:54";"F";"319";"151";"205";"90";"0.263";"9.9";"119";"0.628";"0.307";"138";"268";"0.485"
"2025-06-14 18:19:24.150";"2025-06-14";"18:19:24";"F";"320";"155";"202";"125";"0.233";"12.2";"118";"0.560";"0.327";"138";"268";"0.485"
"2025-06-14 18:19:54.139";"2025-06-14";"18:19:54";"F";"321";"157";"189";"190";"0.169";"13.5";"114";"0.427";"0.418";"138";"268";"0.485"
"2025-06-14 18:20:24.121";"2025-06-14";"18:20:24";"F";"322";"162";"187";"285";"0.134";"16.0";"113";"0.338";"0.433";"138";"268";"0.485"
"2025-06-14 18:20:54.116";"2025-06-14";"18:20:54";"F";"323";"165";"183";"420";"0.098";"17.3";"111";"0.250";"0.464";"138";"268";"0.485"
"2025-06-14 18:21:24.105";"2025-06-14";"18:21:24";"F";"324";"166";"177";"625";"0.062";"16.3";"109";"0.162";"0.514";"138";"268";"0.485"
"2025-06-14 18:21:54.092";"2025-06-14";"18:21:54";"F";"325";"167";"178";"820";"0.062";"21.4";"109";"0.159";"0.506";"138";"268";"0.485"
"2025-06-14 18:22:24.082";"2025-06-14";"18:22:24";"F";"326";"166";"177";"1150";"0.062";"29.9";"109";"0.162";"0.514";"138";"268";"0.485"
"2025-06-14 18:22:27.504";"2025-06-14";"18:22:27";"SLCE";"";"Light Curve end ";""
"2025-06-14 18:23:45.057";"2025-06-14";"18:23:45";"SLCS";"";"Light Curve start ";"357"
"2025-06-14 18:23:45.057";"2025-06-14";"18:23:45";"REG1";"";"#1: alpha: - , ETRm: - , Ik: -   ( beta: - 0.013, ETRmPot: 21.864 )   (Platt et al. 1980) ";""
"2025-06-14 18:23:45.057";"2025-06-14";"18:23:45";"REG2";"";"#1: alpha: 0.122, ETRm: 36.279, Ik: 297.464   (Jassby and Platt 1976) ";""
"2025-06-14 18:23:46.441";"2025-06-14";"18:23:46";"FO";"327";"99";"198";"0";"0.500";"0.0";"-";"-";"-";"99";"198";"0.500"
"2025-06-14 18:24:16.430";"2025-06-14";"18:24:16";"F";"328";"107";"157";"90";"0.318";"12.0";"88";"0.725";"0.261";"99";"198";"0.500"
"2025-06-14 18:24:46.426";"2025-06-14";"18:24:46";"F";"329";"105";"156";"125";"0.327";"17.2";"87";"0.739";"0.269";"99";"198";"0.500"
"2025-06-14 18:25:16.414";"2025-06-14";"18:25:16";"F";"330";"104";"145";"190";"0.283";"22.6";"84";"0.672";"0.366";"99";"198";"0.500"
"2025-06-14 18:25:46.394";"2025-06-14";"18:25:46";"F";"331";"105";"133";"285";"0.211";"25.3";"80";"0.528";"0.489";"99";"198";"0.500"
"2025-06-14 18:26:16.391";"2025-06-14";"18:26:16";"F";"332";"104";"125";"420";"0.168";"29.6";"77";"0.438";"0.584";"99";"198";"0.500"
"2025-06-14 18:26:46.379";"2025-06-14";"18:26:46";"F";"333";"106";"119";"625";"0.109";"28.6";"74";"0.289";"0.664";"99";"198";"0.500"
"2025-06-14 18:27:16.370";"2025-06-14";"18:27:16";"F";"334";"106";"118";"820";"0.102";"35.1";"74";"0.273";"0.678";"99";"198";"0.500"
"2025-06-14 18:27:46.350";"2025-06-14";"18:27:46";"F";"335";"108";"119";"1150";"0.092";"44.4";"74";"0.244";"0.664";"99";"198";"0.500"
"2025-06-14 18:27:50.195";"2025-06-14";"18:27:50";"SLCE";"";"Light Curve end ";""
"2025-06-14 18:28:43.457";"2025-06-14";"18:28:43";"SLCS";"";"Light Curve start ";"358"
"2025-06-14 18:28:43.457";"2025-06-14";"18:28:43";"REG1";"";"#1: alpha: - , ETRm: - , Ik: -   ( beta: - 0.015, ETRmPot: 16.837 )   (Platt et al. 1980) ";""
"2025-06-14 18:28:43.457";"2025-06-14";"18:28:43";"REG2";"";"#1: alpha: 0.078, ETRm: 41.977, Ik: 538.717   (Jassby and Platt 1976) ";""
"2025-06-14 18:28:44.851";"2025-06-14";"18:28:44";"FO";"336";"114";"188";"0";"0.394";"0.0";"-";"-";"-";"114";"188";"0.394"
"2025-06-14 18:29:14.837";"2025-06-14";"18:29:14";"F";"337";"123";"173";"90";"0.289";"10.9";"108";"0.769";"0.087";"114";"188";"0.394"
"2025-06-14 18:29:44.831";"2025-06-14";"18:29:44";"F";"338";"122";"169";"125";"0.278";"14.6";"107";"0.758";"0.112";"114";"188";"0.394"
"2025-06-14 18:30:14.811";"2025-06-14";"18:30:14";"F";"339";"123";"161";"190";"0.236";"18.8";"103";"0.655";"0.168";"114";"188";"0.394"
"2025-06-14 18:30:44.809";"2025-06-14";"18:30:44";"F";"340";"125";"153";"285";"0.183";"21.9";"100";"0.528";"0.229";"114";"188";"0.394"
"2025-06-14 18:31:14.795";"2025-06-14";"18:31:14";"F";"341";"131";"152";"420";"0.138";"24.3";"100";"0.404";"0.237";"114";"188";"0.394"
"2025-06-14 18:31:44.779";"2025-06-14";"18:31:44";"F";"342";"133";"150";"625";"0.113";"29.7";"99";"0.333";"0.253";"114";"188";"0.394"
"2025-06-14 18:32:14.767";"2025-06-14";"18:32:14";"F";"343";"134";"148";"820";"0.095";"32.7";"98";"0.280";"0.270";"114";"188";"0.394"
"2025-06-14 18:32:44.758";"2025-06-14";"18:32:44";"F";"344";"136";"151";"1150";"0.099";"47.8";"99";"0.288";"0.245";"114";"188";"0.394"
"2025-06-14 18:32:48.389";"2025-06-14";"18:32:48";"SLCE";"";"Light Curve end ";""
"2025-06-14 18:34:36.503";"2025-06-14";"18:34:36";"SLCS";"";"Light Curve start ";"359"
"2025-06-14 18:34:36.503";"2025-06-14";"18:34:36";"REG1";"";"#1: alpha: - , ETRm: - , Ik: -   ( beta: - 0.012, ETRmPot: 32.493 )   (Platt et al. 1980) ";""
"2025-06-14 18:34:36.503";"2025-06-14";"18:34:36";"REG2";"";"#1: alpha: 0.124, ETRm: 46.184, Ik: 372.304   (Jassby and Platt 1976) ";""
"2025-06-14 18:34:37.899";"2025-06-14";"18:34:37";"FO";"345";"114";"225";"0";"0.493";"0.0";"-";"-";"-";"114";"225";"0.493"
"2025-06-14 18:35:07.895";"2025-06-14";"18:35:07";"F";"346";"123";"188";"90";"0.346";"13.1";"104";"0.774";"0.197";"114";"225";"0.493"
"2025-06-14 18:35:37.876";"2025-06-14";"18:35:37";"F";"347";"125";"187";"125";"0.332";"17.4";"103";"0.738";"0.203";"114";"225";"0.493"
"2025-06-14 18:36:07.872";"2025-06-14";"18:36:07";"F";"348";"129";"186";"190";"0.306";"24.4";"103";"0.687";"0.210";"114";"225";"0.493"
"2025-06-14 18:36:37.862";"2025-06-14";"18:36:37";"F";"349";"132";"176";"285";"0.250";"29.9";"100";"0.579";"0.278";"114";"225";"0.493"
"2025-06-14 18:37:07.848";"2025-06-14";"18:37:07";"F";"350";"134";"166";"420";"0.193";"34.0";"97";"0.464";"0.355";"114";"225";"0.493"
"2025-06-14 18:37:37.835";"2025-06-14";"18:37:37";"F";"351";"138";"160";"625";"0.138";"36.2";"95";"0.338";"0.406";"114";"225";"0.493"
"2025-06-14 18:38:07.819";"2025-06-14";"18:38:07";"F";"352";"139";"162";"820";"0.142";"48.9";"95";"0.343";"0.389";"114";"225";"0.493"
"2025-06-14 18:38:37.826";"2025-06-14";"18:38:37";"F";"353";"142";"158";"1150";"0.101";"48.8";"94";"0.250";"0.424";"114";"225";"0.493"
"2025-06-14 18:38:41.173";"2025-06-14";"18:38:41";"SLCE";"";"Light Curve end ";""
"2025-06-14 18:39:14.041";"2025-06-14";"18:39:14";"SLCS";"";"Light Curve start ";"360"
"2025-06-14 18:39:14.041";"2025-06-14";"18:39:14";"REG1";"";"#1: alpha: - , ETRm: - , Ik: -   ( beta: - 0.021, ETRmPot: 35.076 )   (Platt et al. 1980) ";""
"2025-06-14 18:39:14.041";"2025-06-14";"18:39:14";"REG2";"";"#1: alpha: 0.154, ETRm: 61.892, Ik: 401.602   (Jassby and Platt 1976) ";""
"2025-06-14 18:39:15.434";"2025-06-14";"18:39:15";"FO";"354";"93";"291";"0";"0.680";"0.0";"-";"-";"-";"93";"291";"0.680"
"2025-06-14 18:39:45.413";"2025-06-14";"18:39:45";"F";"355";"114";"222";"90";"0.486";"18.4";"85";"0.788";"0.311";"93";"291";"0.680"
"2025-06-14 18:40:15.401";"2025-06-14";"18:40:15";"F";"356";"111";"201";"125";"0.448";"23.5";"81";"0.750";"0.448";"93";"291";"0.680"
"2025-06-14 18:40:45.393";"2025-06-14";"18:40:45";"F";"357";"115";"188";"190";"0.388";"31.0";"79";"0.670";"0.548";"93";"291";"0.680"
"2025-06-14 18:41:15.387";"2025-06-14";"18:41:15";"F";"358";"122";"177";"285";"0.311";"37.2";"77";"0.550";"0.644";"93";"291";"0.680"
"2025-06-14 18:41:45.376";"2025-06-14";"18:41:45";"F";"359";"128";"171";"420";"0.251";"44.3";"76";"0.453";"0.702";"93";"291";"0.680"
"2025-06-14 18:42:15.363";"2025-06-14";"18:42:15";"F";"360";"131";"161";"625";"0.186";"48.8";"74";"0.345";"0.807";"93";"291";"0.680"
"2025-06-14 18:42:45.353";"2025-06-14";"18:42:45";"F";"361";"133";"160";"820";"0.169";"58.2";"74";"0.314";"0.819";"93";"291";"0.680"
"2025-06-14 18:43:15.334";"2025-06-14";"18:43:15";"F";"362";"131";"153";"1150";"0.144";"69.6";"72";"0.272";"0.902";"93";"291";"0.680"
"2025-06-14 18:43:18.436";"2025-06-14";"18:43:18";"SLCE";"";"Light Curve end ";""
"2025-06-14 18:44:20.499";"2025-06-14";"18:44:20";"SLCS";"";"Light Curve start ";"369"
"2025-06-14 18:44:20.499";"2025-06-14";"18:44:20";"REG1";"";"#1: alpha: - , ETRm: - , Ik: -   ( beta: - 0.011, ETRmPot: 21.376 )   (Platt et al. 1980) ";""
"2025-06-14 18:44:20.499";"2025-06-14";"18:44:20";"REG2";"";"#1: alpha: 0.118, ETRm: 33.423, Ik: 283.408   (Jassby and Platt 1976) ";""
"2025-06-14 18:44:21.886";"2025-06-14";"18:44:21";"FO";"363";"124";"254";"0";"0.512";"0.0";"-";"-";"-";"124";"254";"0.512"
"2025-06-14 18:44:51.877";"2025-06-14";"18:44:51";"F";"364";"137";"194";"90";"0.294";"11.1";"108";"0.663";"0.309";"124";"254";"0.512"
"2025-06-14 18:45:21.864";"2025-06-14";"18:45:21";"F";"365";"137";"195";"125";"0.297";"15.6";"108";"0.667";"0.303";"124";"254";"0.512"
"2025-06-14 18:45:51.847";"2025-06-14";"18:45:51";"F";"366";"139";"188";"190";"0.261";"20.8";"106";"0.598";"0.351";"124";"254";"0.512"
"2025-06-14 18:46:21.836";"2025-06-14";"18:46:21";"F";"367";"139";"175";"285";"0.206";"24.7";"102";"0.493";"0.451";"124";"254";"0.512"
"2025-06-14 18:46:51.830";"2025-06-14";"18:46:51";"F";"368";"143";"170";"420";"0.159";"28.0";"100";"0.386";"0.494";"124";"254";"0.512"
"2025-06-14 18:47:21.818";"2025-06-14";"18:47:21";"F";"369";"145";"163";"625";"0.110";"28.9";"97";"0.273";"0.558";"124";"254";"0.512"
"2025-06-14 18:47:51.807";"2025-06-14";"18:47:51";"F";"370";"148";"162";"820";"0.086";"29.6";"97";"0.215";"0.568";"124";"254";"0.512"
"2025-06-14 18:48:21.812";"2025-06-14";"18:48:21";"F";"371";"149";"163";"1150";"0.086";"41.5";"97";"0.212";"0.558";"124";"254";"0.512"
"2025-06-14 18:48:24.876";"2025-06-14";"18:48:24";"SLCE";"";"Light Curve end ";""
"2025-06-14 18:48:40.052";"2025-06-14";"18:48:40";"SLCS";"";"Light Curve start ";"370"
"2025-06-14 18:48:40.052";"2025-06-14";"18:48:40";"REG1";"";"#1: alpha: 0.103, ETRm: 22.417, Ik: 216.952   ( beta: 0.005, ETRmPot: 27.131 )   (Platt et al. 1980) ";""
"2025-06-14 18:48:40.052";"2025-06-14";"18:48:40";"REG2";"";"#1: alpha: 0.084, ETRm: 22.035, Ik: 260.978   (Jassby and Platt 1976) ";""
"2025-06-14 18:48:41.438";"2025-06-14";"18:48:41";"FO";"372";"200";"339";"0";"0.410";"0.0";"-";"-";"-";"200";"339";"0.410"
"2025-06-14 18:49:11.425";"2025-06-14";"18:49:11";"F";"373";"235";"304";"90";"0.227";"8.6";"187";"0.590";"0.115";"200";"339";"0.410"
"2025-06-14 18:49:41.422";"2025-06-14";"18:49:41";"F";"374";"222";"281";"125";"0.210";"11.0";"178";"0.573";"0.206";"200";"339";"0.410"
"2025-06-14 18:50:11.412";"2025-06-14";"18:50:11";"F";"375";"220";"267";"190";"0.176";"14.0";"173";"0.500";"0.270";"200";"339";"0.410"
"2025-06-14 18:50:41.392";"2025-06-14";"18:50:41";"F";"376";"223";"258";"285";"0.136";"16.3";"169";"0.393";"0.314";"200";"339";"0.410"
"2025-06-14 18:51:11.388";"2025-06-14";"18:51:11";"F";"377";"223";"248";"420";"0.101";"17.8";"164";"0.298";"0.367";"200";"339";"0.410"
"2025-06-14 18:51:41.376";"2025-06-14";"18:51:41";"F";"378";"224";"245";"625";"0.086";"22.6";"163";"0.256";"0.384";"200";"339";"0.410"
"2025-06-14 18:52:11.357";"2025-06-14";"18:52:11";"F";"379";"224";"241";"820";"0.071";"24.5";"161";"0.213";"0.407";"200";"339";"0.410"
"2025-06-14 18:52:41.350";"2025-06-14";"18:52:41";"F";"380";"224";"234";"1150";"0.043";"20.8";"158";"0.132";"0.449";"200";"339";"0.410"
"2025-06-14 18:52:44.887";"2025-06-14";"18:52:44";"SLCE";"";"Light Curve end ";""
"2025-06-14 18:57:06.865";"2025-06-14";"18:57:06";"SLCS";"";"Light Curve start ";"371"
"2025-06-14 18:57:06.865";"2025-06-14";"18:57:06";"REG1";"";"#1: alpha: - , ETRm: - , Ik: -   ( beta: 0.000, ETRmPot: 26.221 )   (Platt et al. 1980) ";""
"2025-06-14 18:57:06.865";"2025-06-14";"18:57:06";"REG2";"";"#1: alpha: 0.146, ETRm: 25.993, Ik: 177.708   (Jassby and Platt 1976) ";""
"2025-06-14 18:57:08.263";"2025-06-14";"18:57:08";"FO";"381";"138";"356";"0";"0.612";"0.0";"-";"-";"-";"138";"356";"0.612"
"2025-06-14 18:57:38.258";"2025-06-14";"18:57:38";"F";"382";"151";"223";"90";"0.323";"12.2";"112";"0.649";"0.596";"138";"356";"0.612"
"2025-06-14 18:58:08.238";"2025-06-14";"18:58:08";"F";"383";"152";"220";"125";"0.309";"16.2";"111";"0.624";"0.618";"138";"356";"0.612"
"2025-06-14 18:58:38.257";"2025-06-14";"18:58:38";"F";"384";"156";"207";"190";"0.246";"19.6";"108";"0.515";"0.720";"138";"356";"0.612"
"2025-06-14 18:59:08.243";"2025-06-14";"18:59:08";"F";"385";"156";"195";"285";"0.200";"23.9";"105";"0.433";"0.826";"138";"356";"0.612"
"2025-06-14 18:59:38.235";"2025-06-14";"18:59:38";"F";"386";"159";"189";"420";"0.159";"28.0";"103";"0.349";"0.884";"138";"356";"0.612"
"2025-06-14 19:00:08.223";"2025-06-14";"19:00:08";"F";"387";"163";"179";"625";"0.089";"23.4";"100";"0.203";"0.989";"138";"356";"0.612"
"2025-06-14 19:00:38.210";"2025-06-14";"19:00:38";"F";"388";"165";"178";"820";"0.073";"25.1";"99";"0.165";"1.000";"138";"356";"0.612"
"2025-06-14 19:01:08.192";"2025-06-14";"19:01:08";"F";"389";"164";"174";"1150";"0.057";"27.5";"98";"0.132";"1.046";"138";"356";"0.612"
"2025-06-14 19:01:12.112";"2025-06-14";"19:01:12";"SLCE";"";"Light Curve end ";""
"2025-06-14 19:01:29.286";"2025-06-14";"19:01:29";"SLCS";"";"Light Curve start ";"372"
"2025-06-14 19:01:29.286";"2025-06-14";"19:01:29";"REG1";"";"#1: alpha: - , ETRm: - , Ik: -   ( beta: - 0.008, ETRmPot: 24.875 )   (Platt et al. 1980) ";""
"2025-06-14 19:01:29.286";"2025-06-14";"19:01:29";"REG2";"";"#1: alpha: 0.113, ETRm: 32.503, Ik: 286.628   (Jassby and Platt 1976) ";""
"2025-06-14 19:01:30.669";"2025-06-14";"19:01:30";"FO";"390";"161";"303";"0";"0.469";"0.0";"-";"-";"-";"161";"303";"0.469"
"2025-06-14 19:02:00.664";"2025-06-14";"19:02:00";"F";"391";"191";"275";"90";"0.305";"11.5";"153";"0.689";"0.102";"161";"303";"0.469"
"2025-06-14 19:02:30.653";"2025-06-14";"19:02:30";"F";"392";"191";"263";"125";"0.274";"14.4";"149";"0.632";"0.152";"161";"303";"0.469"
"2025-06-14 19:03:00.642";"2025-06-14";"19:03:00";"F";"393";"195";"256";"190";"0.238";"19.0";"147";"0.560";"0.184";"161";"303";"0.469"
"2025-06-14 19:03:30.622";"2025-06-14";"19:03:30";"F";"394";"196";"246";"285";"0.203";"24.3";"143";"0.485";"0.232";"161";"303";"0.469"
"2025-06-14 19:04:00.620";"2025-06-14";"19:04:00";"F";"395";"204";"241";"420";"0.154";"27.2";"142";"0.374";"0.257";"161";"303";"0.469"
"2025-06-14 19:04:30.602";"2025-06-14";"19:04:30";"F";"396";"206";"233";"625";"0.116";"30.5";"139";"0.287";"0.300";"161";"303";"0.469"
"2025-06-14 19:05:00.590";"2025-06-14";"19:05:00";"F";"397";"207";"227";"820";"0.088";"30.3";"137";"0.222";"0.335";"161";"303";"0.469"
"2025-06-14 19:05:30.580";"2025-06-14";"19:05:30";"F";"398";"208";"225";"1150";"0.076";"36.7";"136";"0.191";"0.347";"161";"303";"0.469"
"2025-06-14 19:05:34.005";"2025-06-14";"19:05:34";"SLCE";"";"Light Curve end ";""
"2025-06-14 19:07:53.619";"2025-06-14";"19:07:53";"SLCS";"";"Light Curve start ";"365"
"2025-06-14 19:07:53.619";"2025-06-14";"19:07:53";"REG1";"";"#1: alpha: - , ETRm: - , Ik: -   ( beta: - 0.006, ETRmPot: 44.494 )   (Platt et al. 1980) ";""
"2025-06-14 19:07:53.619";"2025-06-14";"19:07:53";"REG2";"";"#1: alpha: 0.166, ETRm: 49.064, Ik: 294.771   (Jassby and Platt 1976) ";""
"2025-06-14 19:07:55.009";"2025-06-14";"19:07:55";"FO";"399";"97";"281";"0";"0.655";"0.0";"-";"-";"-";"97";"281";"0.655"
"2025-06-14 19:08:25.011";"2025-06-14";"19:08:25";"F";"400";"116";"201";"90";"0.423";"16.0";"85";"0.733";"0.398";"97";"281";"0.655"
"2025-06-14 19:08:54.999";"2025-06-14";"19:08:54";"F";"401";"115";"198";"125";"0.419";"22.0";"85";"0.735";"0.419";"97";"281";"0.655"
"2025-06-14 19:09:24.993";"2025-06-14";"19:09:24";"F";"402";"115";"179";"190";"0.358";"28.6";"81";"0.653";"0.570";"97";"281";"0.655"
"2025-06-14 19:09:54.982";"2025-06-14";"19:09:54";"F";"403";"115";"163";"285";"0.294";"35.2";"78";"0.565";"0.724";"97";"281";"0.655"
"2025-06-14 19:10:24.972";"2025-06-14";"19:10:24";"F";"404";"118";"152";"420";"0.224";"39.5";"75";"0.442";"0.849";"97";"281";"0.655"
"2025-06-14 19:10:54.957";"2025-06-14";"19:10:54";"F";"405";"119";"148";"625";"0.196";"51.5";"74";"0.392";"0.899";"97";"281";"0.655"
"2025-06-14 19:11:24.947";"2025-06-14";"19:11:24";"F";"406";"122";"140";"820";"0.129";"44.4";"72";"0.265";"1.007";"97";"281";"0.655"
"2025-06-14 19:11:54.929";"2025-06-14";"19:11:54";"F";"407";"123";"138";"1150";"0.109";"52.6";"71";"0.224";"1.036";"97";"281";"0.655"
"2025-06-14 19:11:58.653";"2025-06-14";"19:11:58";"SLCE";"";"Light Curve end ";""
"2025-06-14 19:12:19.689";"2025-06-14";"19:12:19";"SLCS";"";"Light Curve start ";"366"
"2025-06-14 19:12:19.689";"2025-06-14";"19:12:19";"REG1";"";"#1: alpha: - , ETRm: - , Ik: -   ( beta: - 0.012, ETRmPot: 22.849 )   (Platt et al. 1980) ";""
"2025-06-14 19:12:19.689";"2025-06-14";"19:12:19";"REG2";"";"#1: alpha: 0.124, ETRm: 35.241, Ik: 284.807   (Jassby and Platt 1976) ";""
"2025-06-14 19:12:21.079";"2025-06-14";"19:12:21";"FO";"408";"87";"204";"0";"0.574";"0.0";"-";"-";"-";"87";"204";"0.574"
"2025-06-14 19:12:51.066";"2025-06-14";"19:12:51";"F";"409";"104";"159";"90";"0.346";"13.1";"78";"0.679";"0.283";"87";"204";"0.574"
"2025-06-14 19:13:21.063";"2025-06-14";"19:13:21";"F";"410";"105";"156";"125";"0.327";"17.2";"77";"0.646";"0.308";"87";"204";"0.574"
"2025-06-14 19:13:51.043";"2025-06-14";"19:13:51";"F";"411";"110";"151";"190";"0.272";"21.7";"76";"0.547";"0.351";"87";"204";"0.574"
"2025-06-14 19:14:21.031";"2025-06-14";"19:14:21";"F";"412";"115";"145";"285";"0.207";"24.8";"74";"0.423";"0.407";"87";"204";"0.574"
"2025-06-14 19:14:51.022";"2025-06-14";"19:14:51";"F";"413";"118";"140";"420";"0.157";"27.7";"73";"0.328";"0.457";"87";"204";"0.574"
"2025-06-14 19:15:21.016";"2025-06-14";"19:15:21";"F";"414";"120";"138";"625";"0.130";"34.1";"72";"0.273";"0.478";"87";"204";"0.574"
"2025-06-14 19:15:51.006";"2025-06-14";"19:15:51";"F";"415";"123";"135";"820";"0.089";"30.7";"71";"0.188";"0.511";"87";"204";"0.574"
"2025-06-14 19:16:20.993";"2025-06-14";"19:16:20";"F";"416";"125";"137";"1150";"0.088";"42.5";"72";"0.185";"0.489";"87";"204";"0.574"
"2025-06-14 19:16:24.075";"2025-06-14";"19:16:24";"SLCE";"";"Light Curve end ";""
"2025-06-14 19:16:50.762";"2025-06-14";"19:16:50";"SLCS";"";"Light Curve start ";"367"
"2025-06-14 19:16:50.762";"2025-06-14";"19:16:50";"REG1";"";"#1: alpha: 0.139, ETRm: 31.952, Ik: 229.980   ( beta: 0.018, ETRmPot: 47.962 )   (Platt et al. 1980) ";""
"2025-06-14 19:16:50.762";"2025-06-14";"19:16:50";"REG2";"";"#1: alpha: 0.120, ETRm: 31.048, Ik: 259.614   (Jassby and Platt 1976) ";""
"2025-06-14 19:16:52.155";"2025-06-14";"19:16:52";"FO";"417";"124";"266";"0";"0.534";"0.0";"-";"-";"-";"124";"266";"0.534"
"2025-06-14 19:17:22.151";"2025-06-14";"19:17:22";"F";"418";"155";"224";"90";"0.308";"11.6";"114";"0.627";"0.188";"124";"266";"0.534"
"2025-06-14 19:17:52.131";"2025-06-14";"19:17:52";"F";"419";"151";"211";"125";"0.284";"14.9";"111";"0.600";"0.261";"124";"266";"0.534"
"2025-06-14 19:18:22.142";"2025-06-14";"19:18:22";"F";"420";"151";"202";"190";"0.252";"20.1";"108";"0.543";"0.317";"124";"266";"0.534"
"2025-06-14 19:18:52.134";"2025-06-14";"19:18:52";"F";"421";"153";"188";"285";"0.186";"22.3";"104";"0.417";"0.415";"124";"266";"0.534"
"2025-06-14 19:19:22.117";"2025-06-14";"19:19:22";"F";"422";"150";"179";"420";"0.162";"28.6";"101";"0.372";"0.486";"124";"266";"0.534"
"2025-06-14 19:19:52.106";"2025-06-14";"19:19:52";"F";"423";"152";"170";"625";"0.106";"27.8";"98";"0.250";"0.565";"124";"266";"0.534"
"2025-06-14 19:20:22.094";"2025-06-14";"19:20:22";"F";"424";"147";"165";"820";"0.109";"37.5";"96";"0.261";"0.612";"124";"266";"0.534"
"2025-06-14 19:20:52.089";"2025-06-14";"19:20:52";"F";"425";"147";"156";"1150";"0.058";"28.0";"93";"0.143";"0.705";"124";"266";"0.534"
"2025-06-14 19:20:55.994";"2025-06-14";"19:20:55";"SLCE";"";"Light Curve end ";""
"2025-06-14 19:21:09.136";"2025-06-14";"19:21:09";"SLCS";"";"Light Curve start ";"368"
"2025-06-14 19:21:09.136";"2025-06-14";"19:21:09";"REG1";"";"#1: alpha: - , ETRm: - , Ik: -   ( beta: - 0.007, ETRmPot: 17.428 )   (Platt et al. 1980) ";""
"2025-06-14 19:21:09.136";"2025-06-14";"19:21:09";"REG2";"";"#1: alpha: 0.091, ETRm: 24.108, Ik: 266.071   (Jassby and Platt 1976) ";""
"2025-06-14 19:21:10.528";"2025-06-14";"19:21:10";"FO";"426";"160";"273";"0";"0.414";"0.0";"-";"-";"-";"160";"273";"0.414"
"2025-06-14 19:21:40.518";"2025-06-14";"19:21:40";"F";"427";"183";"242";"90";"0.244";"9.2";"149";"0.634";"0.128";"160";"273";"0.414"
"2025-06-14 19:22:10.507";"2025-06-14";"19:22:10";"F";"428";"186";"239";"125";"0.222";"11.7";"148";"0.582";"0.142";"160";"273";"0.414"
"2025-06-14 19:22:40.495";"2025-06-14";"19:22:40";"F";"429";"193";"235";"190";"0.179";"14.3";"146";"0.472";"0.162";"160";"273";"0.414"
"2025-06-14 19:23:10.481";"2025-06-14";"19:23:10";"F";"430";"196";"232";"285";"0.155";"18.6";"145";"0.414";"0.177";"160";"273";"0.414"
"2025-06-14 19:23:40.465";"2025-06-14";"19:23:40";"F";"431";"200";"227";"420";"0.119";"21.0";"143";"0.321";"0.203";"160";"273";"0.414"
"2025-06-14 19:24:10.458";"2025-06-14";"19:24:10";"F";"432";"205";"224";"625";"0.085";"22.3";"142";"0.232";"0.219";"160";"273";"0.414"
"2025-06-14 19:24:40.451";"2025-06-14";"19:24:40";"F";"433";"208";"222";"820";"0.063";"21.7";"141";"0.173";"0.230";"160";"273";"0.414"
"2025-06-14 19:25:10.437";"2025-06-14";"19:25:10";"F";"434";"209";"222";"1150";"0.059";"28.5";"141";"0.160";"0.230";"160";"273";"0.414"
"2025-06-14 19:25:14.131";"2025-06-14";"19:25:14";"SLCE";"";"Light Curve end ";""
