"2025-06-28";"11:41:09";"WinControl (rev 1195) report file"
"Datetime";"Date";"Time";"Type";"No.";"1:F";"1:Fm'";"1:PAR";"1:Y (II)";"1:ETR";"1:Fo'";"1:qP";"1:NPQ";"1:Fo";"1:Fm";"1:Fv/Fm"
"";"";"";"D";"";"Device Nr: #1, JUNIOR-PAM-III (CFMG1231B) ";""
"2025-06-28 07:43:55.016";"2025-06-28";"07:43:55";"SLCS";"";"Light Curve start ";"513"
"2025-06-28 07:43:55.016";"2025-06-28";"07:43:55";"REG1";"";"#1: alpha: 0.224, ETRm: 14.359, Ik: 64.134   ( beta: 0.000, ETRmPot: 14.482 )   (Platt et al. 1980) ";""
"2025-06-28 07:43:55.016";"2025-06-28";"07:43:55";"REG2";"";"#1: alpha: 0.170, ETRm: 14.045, Ik: 82.427   (Jassby and Platt 1976) ";""
"2025-06-28 07:43:56.408";"2025-06-28";"07:43:56";"FO";"1";"97";"220";"0";"0.559";"0.0";"-";"-";"-";"97";"220";"0.559"
"2025-06-28 07:44:26.406";"2025-06-28";"07:44:26";"F";"2";"111";"210";"25";"0.471";"4.9";"95";"0.861";"0.048";"97";"220";"0.559"
"2025-06-28 07:44:56.394";"2025-06-28";"07:44:56";"F";"3";"117";"192";"45";"0.391";"7.4";"91";"0.743";"0.146";"97";"220";"0.559"
"2025-06-28 07:45:26.383";"2025-06-28";"07:45:26";"F";"4";"119";"183";"65";"0.350";"9.6";"89";"0.681";"0.202";"97";"220";"0.559"
"2025-06-28 07:45:56.363";"2025-06-28";"07:45:56";"F";"5";"123";"172";"90";"0.285";"10.8";"86";"0.570";"0.279";"97";"220";"0.559"
"2025-06-28 07:46:26.360";"2025-06-28";"07:46:26";"F";"6";"128";"163";"125";"0.215";"11.3";"84";"0.443";"0.350";"97";"220";"0.559"
"2025-06-28 07:46:56.347";"2025-06-28";"07:46:56";"F";"7";"132";"159";"190";"0.170";"13.6";"83";"0.355";"0.384";"97";"220";"0.559"
"2025-06-28 07:47:26.337";"2025-06-28";"07:47:26";"F";"8";"136";"156";"285";"0.128";"15.3";"82";"0.270";"0.410";"97";"220";"0.559"
"2025-06-28 07:47:56.320";"2025-06-28";"07:47:56";"F";"9";"139";"151";"420";"0.079";"13.9";"81";"0.171";"0.457";"97";"220";"0.559"
"2025-06-28 07:47:59.941";"2025-06-28";"07:47:59";"SLCE";"";"Light Curve end ";""
"2025-06-28 07:48:53.159";"2025-06-28";"07:48:53";"SLCS";"";"Light Curve start ";"514"
"2025-06-28 07:48:53.159";"2025-06-28";"07:48:53";"REG1";"";"#1: alpha: 0.225, ETRm: 11.575, Ik: 51.537   ( beta: 0.000, ETRmPot: 11.613 )   (Platt et al. 1980) ";""
"2025-06-28 07:48:53.159";"2025-06-28";"07:48:53";"REG2";"";"#1: alpha: 0.168, ETRm: 11.382, Ik: 67.948   (Jassby and Platt 1976) ";""
"2025-06-28 07:48:54.559";"2025-06-28";"07:48:54";"FO";"10";"183";"460";"0";"0.602";"0.0";"-";"-";"-";"183";"460";"0.602"
"2025-06-28 07:49:24.551";"2025-06-28";"07:49:24";"F";"11";"210";"363";"25";"0.421";"4.4";"165";"0.773";"0.267";"183";"460";"0.602"
"2025-06-28 07:49:54.537";"2025-06-28";"07:49:54";"F";"12";"218";"333";"45";"0.345";"6.5";"159";"0.661";"0.381";"183";"460";"0.602"
"2025-06-28 07:50:24.525";"2025-06-28";"07:50:24";"F";"13";"222";"320";"65";"0.306";"8.4";"156";"0.598";"0.438";"183";"460";"0.602"
"2025-06-28 07:50:54.515";"2025-06-28";"07:50:54";"F";"14";"228";"308";"90";"0.260";"9.8";"153";"0.516";"0.494";"183";"460";"0.602"
"2025-06-28 07:51:24.505";"2025-06-28";"07:51:24";"F";"15";"236";"296";"125";"0.203";"10.7";"150";"0.411";"0.554";"183";"460";"0.602"
"2025-06-28 07:51:54.486";"2025-06-28";"07:51:54";"F";"16";"244";"283";"190";"0.138";"11.0";"147";"0.287";"0.625";"183";"460";"0.602"
"2025-06-28 07:52:24.475";"2025-06-28";"07:52:24";"F";"17";"250";"277";"285";"0.097";"11.6";"145";"0.205";"0.661";"183";"460";"0.602"
"2025-06-28 07:52:54.470";"2025-06-28";"07:52:54";"F";"18";"253";"271";"420";"0.066";"11.6";"143";"0.141";"0.697";"183";"460";"0.602"
"2025-06-28 07:52:58.067";"2025-06-28";"07:52:58";"SLCE";"";"Light Curve end ";""
"2025-06-28 07:53:24.417";"2025-06-28";"07:53:24";"SLCS";"";"Light Curve start ";"515"
"2025-06-28 07:53:24.417";"2025-06-28";"07:53:24";"REG1";"";"#1: alpha: - , ETRm: - , Ik: -   ( beta: - 0.004, ETRmPot: 12.641 )   (Platt et al. 1980) ";""
"2025-06-28 07:53:24.417";"2025-06-28";"07:53:24";"REG2";"";"#1: alpha: 0.175, ETRm: 13.752, Ik: 78.443   (Jassby and Platt 1976) ";""
"2025-06-28 07:53:25.850";"2025-06-28";"07:53:25";"FO";"19";"185";"445";"0";"0.584";"0.0";"-";"-";"-";"185";"445";"0.584"
"2025-06-28 07:53:55.838";"2025-06-28";"07:53:55";"F";"20";"210";"381";"25";"0.449";"4.7";"173";"0.822";"0.168";"185";"445";"0.584"
"2025-06-28 07:54:25.826";"2025-06-28";"07:54:25";"F";"21";"218";"359";"45";"0.393";"7.4";"168";"0.738";"0.240";"185";"445";"0.584"
"2025-06-28 07:54:55.811";"2025-06-28";"07:54:55";"F";"22";"226";"344";"65";"0.343";"9.4";"165";"0.659";"0.294";"185";"445";"0.584"
"2025-06-28 07:55:25.805";"2025-06-28";"07:55:25";"F";"23";"235";"331";"90";"0.290";"11.0";"162";"0.568";"0.344";"185";"445";"0.584"
"2025-06-28 07:55:55.789";"2025-06-28";"07:55:55";"F";"24";"244";"317";"125";"0.230";"12.1";"158";"0.459";"0.404";"185";"445";"0.584"
"2025-06-28 07:56:25.773";"2025-06-28";"07:56:25";"F";"25";"253";"302";"190";"0.162";"12.9";"155";"0.333";"0.474";"185";"445";"0.584"
"2025-06-28 07:56:55.761";"2025-06-28";"07:56:55";"F";"26";"260";"294";"285";"0.116";"13.9";"152";"0.239";"0.514";"185";"445";"0.584"
"2025-06-28 07:57:25.750";"2025-06-28";"07:57:25";"F";"27";"264";"288";"420";"0.083";"14.6";"151";"0.175";"0.545";"185";"445";"0.584"
"2025-06-28 07:57:28.163";"2025-06-28";"07:57:28";"SLCE";"";"Light Curve end ";""
"2025-06-28 07:59:07.057";"2025-06-28";"07:59:07";"SLCS";"";"Light Curve start ";"516"
"2025-06-28 07:59:07.057";"2025-06-28";"07:59:07";"REG1";"";"#1: alpha: - , ETRm: - , Ik: -   ( beta: - 0.019, ETRmPot: 12.138 )   (Platt et al. 1980) ";""
"2025-06-28 07:59:07.057";"2025-06-28";"07:59:07";"REG2";"";"#1: alpha: 0.121, ETRm: 22.455, Ik: 186.014   (Jassby and Platt 1976) ";""
"2025-06-28 07:59:08.454";"2025-06-28";"07:59:08";"FO";"28";"74";"183";"0";"0.596";"0.0";"-";"-";"-";"74";"183";"0.596"
"2025-06-28 07:59:38.439";"2025-06-28";"07:59:38";"F";"29";"84";"149";"25";"0.436";"4.6";"68";"0.802";"0.228";"74";"183";"0.596"
"2025-06-28 08:00:08.429";"2025-06-28";"08:00:08";"F";"30";"89";"137";"45";"0.350";"6.6";"65";"0.667";"0.336";"74";"183";"0.596"
"2025-06-28 08:00:38.410";"2025-06-28";"08:00:38";"F";"31";"91";"134";"65";"0.321";"8.8";"64";"0.614";"0.366";"74";"183";"0.596"
"2025-06-28 08:01:08.406";"2025-06-28";"08:01:08";"F";"32";"92";"129";"90";"0.287";"10.8";"63";"0.561";"0.419";"74";"183";"0.596"
"2025-06-28 08:01:38.387";"2025-06-28";"08:01:38";"F";"33";"95";"125";"125";"0.240";"12.6";"62";"0.476";"0.464";"74";"183";"0.596"
"2025-06-28 08:02:08.381";"2025-06-28";"08:02:08";"F";"34";"96";"119";"190";"0.193";"15.4";"61";"0.397";"0.538";"74";"183";"0.596"
"2025-06-28 08:02:38.365";"2025-06-28";"08:02:38";"F";"35";"98";"117";"285";"0.162";"19.4";"60";"0.333";"0.564";"74";"183";"0.596"
"2025-06-28 08:03:08.374";"2025-06-28";"08:03:08";"F";"36";"98";"113";"420";"0.133";"23.5";"59";"0.278";"0.619";"74";"183";"0.596"
"2025-06-28 08:03:11.679";"2025-06-28";"08:03:11";"SLCE";"";"Light Curve end ";""
"2025-06-28 08:04:10.872";"2025-06-28";"08:04:10";"SLCS";"";"Light Curve start ";"509"
"2025-06-28 08:04:10.872";"2025-06-28";"08:04:10";"REG1";"";"#1: alpha: - , ETRm: - , Ik: -   ( beta: - 0.008, ETRmPot: 17.165 )   (Platt et al. 1980) ";""
"2025-06-28 08:04:10.872";"2025-06-28";"08:04:10";"REG2";"";"#1: alpha: 0.174, ETRm: 19.588, Ik: 112.601   (Jassby and Platt 1976) ";""
"2025-06-28 08:04:12.266";"2025-06-28";"08:04:12";"FO";"37";"95";"235";"0";"0.596";"0.0";"-";"-";"-";"95";"235";"0.596"
"2025-06-28 08:04:42.256";"2025-06-28";"08:04:42";"F";"38";"109";"223";"25";"0.511";"5.4";"93";"0.877";"0.054";"95";"235";"0.596"
"2025-06-28 08:05:12.242";"2025-06-28";"08:05:12";"F";"39";"117";"209";"45";"0.440";"8.3";"90";"0.773";"0.124";"95";"235";"0.596"
"2025-06-28 08:05:42.231";"2025-06-28";"08:05:42";"F";"40";"122";"200";"65";"0.390";"10.6";"89";"0.703";"0.175";"95";"235";"0.596"
"2025-06-28 08:06:12.221";"2025-06-28";"08:06:12";"F";"41";"128";"192";"90";"0.333";"12.6";"87";"0.610";"0.224";"95";"235";"0.596"
"2025-06-28 08:06:42.208";"2025-06-28";"08:06:42";"F";"42";"135";"188";"125";"0.282";"14.8";"86";"0.520";"0.250";"95";"235";"0.596"
"2025-06-28 08:07:12.190";"2025-06-28";"08:07:12";"F";"43";"141";"181";"190";"0.221";"17.6";"85";"0.417";"0.298";"95";"235";"0.596"
"2025-06-28 08:07:42.187";"2025-06-28";"08:07:42";"F";"44";"147";"175";"285";"0.160";"19.2";"83";"0.304";"0.343";"95";"235";"0.596"
"2025-06-28 08:08:12.173";"2025-06-28";"08:08:12";"F";"45";"151";"171";"420";"0.117";"20.6";"83";"0.227";"0.374";"95";"235";"0.596"
"2025-06-28 08:08:15.367";"2025-06-28";"08:08:15";"SLCE";"";"Light Curve end ";""
"2025-06-28 08:08:47.733";"2025-06-28";"08:08:47";"SLCS";"";"Light Curve start ";"510"
"2025-06-28 08:08:47.733";"2025-06-28";"08:08:47";"REG1";"";"#1: alpha: - , ETRm: - , Ik: -   ( beta: - 0.010, ETRmPot: 17.763 )   (Platt et al. 1980) ";""
"2025-06-28 08:08:47.733";"2025-06-28";"08:08:47";"REG2";"";"#1: alpha: 0.203, ETRm: 20.881, Ik: 102.629   (Jassby and Platt 1976) ";""
"2025-06-28 08:08:49.134";"2025-06-28";"08:08:49";"FO";"46";"64";"164";"0";"0.610";"0.0";"-";"-";"-";"64";"164";"0.610"
"2025-06-28 08:09:19.117";"2025-06-28";"08:09:19";"F";"47";"75";"162";"25";"0.537";"5.6";"64";"0.888";"0.012";"64";"164";"0.610"
"2025-06-28 08:09:49.108";"2025-06-28";"08:09:49";"F";"48";"76";"152";"45";"0.500";"9.5";"62";"0.844";"0.079";"64";"164";"0.610"
"2025-06-28 08:10:19.099";"2025-06-28";"08:10:19";"F";"49";"81";"144";"65";"0.438";"12.0";"61";"0.759";"0.139";"64";"164";"0.610"
"2025-06-28 08:10:49.082";"2025-06-28";"08:10:49";"F";"50";"79";"130";"90";"0.392";"14.8";"58";"0.708";"0.262";"64";"164";"0.610"
"2025-06-28 08:11:19.076";"2025-06-28";"08:11:19";"F";"51";"82";"119";"125";"0.311";"16.3";"56";"0.587";"0.378";"64";"164";"0.610"
"2025-06-28 08:11:49.059";"2025-06-28";"08:11:49";"F";"52";"84";"110";"190";"0.236";"18.8";"54";"0.464";"0.491";"64";"164";"0.610"
"2025-06-28 08:12:19.052";"2025-06-28";"08:12:19";"F";"53";"87";"105";"285";"0.171";"20.5";"52";"0.340";"0.562";"64";"164";"0.610"
"2025-06-28 08:12:49.043";"2025-06-28";"08:12:49";"F";"54";"89";"102";"420";"0.127";"22.4";"52";"0.260";"0.608";"64";"164";"0.610"
"2025-06-28 08:12:52.644";"2025-06-28";"08:12:52";"SLCE";"";"Light Curve end ";""
"2025-06-28 08:13:40.459";"2025-06-28";"08:13:40";"SLCS";"";"Light Curve start ";"511"
"2025-06-28 08:13:40.459";"2025-06-28";"08:13:40";"REG1";"";"#1: alpha: - , ETRm: - , Ik: -   ( beta: - 0.004, ETRmPot: 13.503 )   (Platt et al. 1980) ";""
"2025-06-28 08:13:40.459";"2025-06-28";"08:13:40";"REG2";"";"#1: alpha: 0.173, ETRm: 14.389, Ik: 83.124   (Jassby and Platt 1976) ";""
"2025-06-28 08:13:41.860";"2025-06-28";"08:13:41";"FO";"55";"109";"268";"0";"0.593";"0.0";"-";"-";"-";"109";"268";"0.593"
"2025-06-28 08:14:11.843";"2025-06-28";"08:14:11";"F";"56";"125";"249";"25";"0.498";"5.2";"106";"0.867";"0.076";"109";"268";"0.593"
"2025-06-28 08:14:41.835";"2025-06-28";"08:14:41";"F";"57";"132";"226";"45";"0.416";"7.9";"101";"0.752";"0.186";"109";"268";"0.593"
"2025-06-28 08:15:11.825";"2025-06-28";"08:15:11";"F";"58";"138";"212";"65";"0.349";"9.5";"98";"0.649";"0.264";"109";"268";"0.593"
"2025-06-28 08:15:41.811";"2025-06-28";"08:15:41";"F";"59";"144";"202";"90";"0.287";"10.8";"96";"0.547";"0.327";"109";"268";"0.593"
"2025-06-28 08:16:11.793";"2025-06-28";"08:16:11";"F";"60";"150";"193";"125";"0.223";"11.7";"94";"0.434";"0.389";"109";"268";"0.593"
"2025-06-28 08:16:41.783";"2025-06-28";"08:16:41";"F";"61";"156";"188";"190";"0.170";"13.6";"93";"0.337";"0.426";"109";"268";"0.593"
"2025-06-28 08:17:11.770";"2025-06-28";"08:17:11";"F";"62";"161";"185";"285";"0.130";"15.6";"92";"0.258";"0.449";"109";"268";"0.593"
"2025-06-28 08:17:41.759";"2025-06-28";"08:17:41";"F";"63";"166";"181";"420";"0.083";"14.6";"91";"0.167";"0.481";"109";"268";"0.593"
"2025-06-28 08:17:45.337";"2025-06-28";"08:17:45";"SLCE";"";"Light Curve end ";""
"2025-06-28 08:18:24.678";"2025-06-28";"08:18:24";"SLCS";"";"Light Curve start ";"512"
"2025-06-28 08:18:24.678";"2025-06-28";"08:18:24";"REG1";"";"#1: alpha: - , ETRm: - , Ik: -   ( beta: - 0.007, ETRmPot: 15.117 )   (Platt et al. 1980) ";""
"2025-06-28 08:18:24.678";"2025-06-28";"08:18:24";"REG2";"";"#1: alpha: 0.188, ETRm: 17.241, Ik: 91.597   (Jassby and Platt 1976) ";""
"2025-06-28 08:18:26.073";"2025-06-28";"08:18:26";"FO";"64";"143";"366";"0";"0.609";"0.0";"-";"-";"-";"143";"366";"0.609"
"2025-06-28 08:18:56.055";"2025-06-28";"08:18:56";"F";"65";"161";"319";"25";"0.495";"5.2";"135";"0.859";"0.147";"143";"366";"0.609"
"2025-06-28 08:19:26.046";"2025-06-28";"08:19:26";"F";"66";"161";"296";"45";"0.456";"8.6";"131";"0.818";"0.236";"143";"366";"0.609"
"2025-06-28 08:19:56.040";"2025-06-28";"08:19:56";"F";"67";"168";"275";"65";"0.389";"10.6";"127";"0.723";"0.331";"143";"366";"0.609"
"2025-06-28 08:20:26.029";"2025-06-28";"08:20:26";"F";"68";"175";"263";"90";"0.335";"12.7";"124";"0.633";"0.392";"143";"366";"0.609"
"2025-06-28 08:20:56.018";"2025-06-28";"08:20:56";"F";"69";"179";"246";"125";"0.272";"14.3";"120";"0.532";"0.488";"143";"366";"0.609"
"2025-06-28 08:21:25.998";"2025-06-28";"08:21:25";"F";"70";"187";"234";"190";"0.201";"16.0";"117";"0.402";"0.564";"143";"366";"0.609"
"2025-06-28 08:21:55.986";"2025-06-28";"08:21:55";"F";"71";"193";"225";"285";"0.142";"17.0";"115";"0.291";"0.627";"143";"366";"0.609"
"2025-06-28 08:22:25.979";"2025-06-28";"08:22:25";"F";"72";"196";"219";"420";"0.105";"18.5";"113";"0.217";"0.671";"143";"366";"0.609"
"2025-06-28 08:22:29.907";"2025-06-28";"08:22:29";"SLCE";"";"Light Curve end ";""
"2025-06-28 08:22:47.440";"2025-06-28";"08:22:47";"SLCS";"";"Light Curve start ";"521"
"2025-06-28 08:22:47.440";"2025-06-28";"08:22:47";"REG1";"";"#1: alpha: - , ETRm: - , Ik: -   ( beta: - 0.002, ETRmPot: 16.237 )   (Platt et al. 1980) ";""
"2025-06-28 08:22:47.440";"2025-06-28";"08:22:47";"REG2";"";"#1: alpha: 0.215, ETRm: 16.412, Ik: 76.229   (Jassby and Platt 1976) ";""
"2025-06-28 08:22:48.833";"2025-06-28";"08:22:48";"FO";"73";"182";"497";"0";"0.634";"0.0";"-";"-";"-";"182";"497";"0.634"
"2025-06-28 08:23:18.834";"2025-06-28";"08:23:18";"F";"74";"202";"459";"25";"0.560";"5.9";"177";"0.911";"0.083";"182";"497";"0.634"
"2025-06-28 08:23:48.828";"2025-06-28";"08:23:48";"F";"75";"208";"407";"45";"0.489";"9.2";"168";"0.833";"0.221";"182";"497";"0.634"
"2025-06-28 08:24:18.818";"2025-06-28";"08:24:18";"F";"76";"224";"382";"65";"0.414";"11.3";"164";"0.725";"0.301";"182";"497";"0.634"
"2025-06-28 08:24:48.805";"2025-06-28";"08:24:48";"F";"77";"237";"362";"90";"0.345";"13.0";"160";"0.619";"0.373";"182";"497";"0.634"
"2025-06-28 08:25:18.795";"2025-06-28";"08:25:18";"F";"78";"246";"340";"125";"0.276";"14.5";"156";"0.511";"0.462";"182";"497";"0.634"
"2025-06-28 08:25:48.778";"2025-06-28";"08:25:48";"F";"79";"259";"324";"190";"0.201";"16.0";"152";"0.378";"0.534";"182";"497";"0.634"
"2025-06-28 08:26:18.772";"2025-06-28";"08:26:18";"F";"80";"269";"313";"285";"0.141";"16.9";"150";"0.270";"0.588";"182";"497";"0.634"
"2025-06-28 08:26:48.751";"2025-06-28";"08:26:48";"F";"81";"275";"304";"420";"0.095";"16.8";"148";"0.186";"0.635";"182";"497";"0.634"
"2025-06-28 08:26:52.712";"2025-06-28";"08:26:52";"SLCE";"";"Light Curve end ";""
"2025-06-28 08:27:17.492";"2025-06-28";"08:27:17";"SLCS";"";"Light Curve start ";"522"
"2025-06-28 08:27:17.492";"2025-06-28";"08:27:17";"REG1";"";"#1: alpha: - , ETRm: - , Ik: -   ( beta: - 0.010, ETRmPot: 12.232 )   (Platt et al. 1980) ";""
"2025-06-28 08:27:17.492";"2025-06-28";"08:27:17";"REG2";"";"#1: alpha: 0.161, ETRm: 15.822, Ik: 98.398   (Jassby and Platt 1976) ";""
"2025-06-28 08:27:18.882";"2025-06-28";"08:27:18";"FO";"82";"161";"419";"0";"0.616";"0.0";"-";"-";"-";"161";"419";"0.616"
"2025-06-28 08:27:48.868";"2025-06-28";"08:27:48";"F";"83";"210";"390";"25";"0.462";"4.9";"157";"0.773";"0.074";"161";"419";"0.616"
"2025-06-28 08:28:18.857";"2025-06-28";"08:28:18";"F";"84";"221";"365";"45";"0.395";"7.5";"152";"0.676";"0.148";"161";"419";"0.616"
"2025-06-28 08:28:48.847";"2025-06-28";"08:28:48";"F";"85";"231";"351";"65";"0.342";"9.3";"150";"0.597";"0.194";"161";"419";"0.616"
"2025-06-28 08:29:18.841";"2025-06-28";"08:29:18";"F";"86";"239";"339";"90";"0.295";"11.2";"148";"0.524";"0.236";"161";"419";"0.616"
"2025-06-28 08:29:48.832";"2025-06-28";"08:29:48";"F";"87";"248";"327";"125";"0.242";"12.7";"145";"0.434";"0.281";"161";"419";"0.616"
"2025-06-28 08:30:18.817";"2025-06-28";"08:30:18";"F";"88";"260";"316";"190";"0.177";"14.1";"143";"0.324";"0.326";"161";"419";"0.616"
"2025-06-28 08:30:48.809";"2025-06-28";"08:30:48";"F";"89";"269";"308";"285";"0.127";"15.2";"141";"0.234";"0.360";"161";"419";"0.616"
"2025-06-28 08:31:18.791";"2025-06-28";"08:31:18";"F";"90";"271";"301";"420";"0.100";"17.6";"140";"0.186";"0.392";"161";"419";"0.616"
"2025-06-28 08:31:22.722";"2025-06-28";"08:31:22";"SLCE";"";"Light Curve end ";""
"2025-06-28 08:31:53.498";"2025-06-28";"08:31:53";"SLCS";"";"Light Curve start ";"523"
"2025-06-28 08:31:53.498";"2025-06-28";"08:31:53";"REG1";"";"#1: alpha: - , ETRm: - , Ik: -   ( beta: 0.000, ETRmPot: 34.013 )   (Platt et al. 1980) ";""
"2025-06-28 08:31:53.498";"2025-06-28";"08:31:53";"REG2";"";"#1: alpha: 0.230, ETRm: 32.510, Ik: 141.115   (Jassby and Platt 1976) ";""
"2025-06-28 08:31:54.896";"2025-06-28";"08:31:54";"FO";"91";"66";"172";"0";"0.616";"0.0";"-";"-";"-";"66";"172";"0.616"
"2025-06-28 08:32:24.875";"2025-06-28";"08:32:24";"F";"92";"71";"177";"25";"0.599";"6.3";"67";"0.964";"- 0.028";"66";"172";"0.616"
"2025-06-28 08:32:54.867";"2025-06-28";"08:32:54";"F";"93";"74";"174";"45";"0.575";"10.9";"66";"0.926";"- 0.011";"66";"172";"0.616"
"2025-06-28 08:33:24.879";"2025-06-28";"08:33:24";"F";"94";"77";"168";"65";"0.542";"14.8";"65";"0.883";"0.024";"66";"172";"0.616"
"2025-06-28 08:33:54.867";"2025-06-28";"08:33:54";"F";"95";"81";"157";"90";"0.484";"18.3";"64";"0.817";"0.096";"66";"172";"0.616"
"2025-06-28 08:34:24.858";"2025-06-28";"08:34:24";"F";"96";"87";"150";"125";"0.420";"22.1";"62";"0.716";"0.147";"66";"172";"0.616"
"2025-06-28 08:34:54.837";"2025-06-28";"08:34:54";"F";"97";"92";"141";"190";"0.348";"27.8";"61";"0.613";"0.220";"66";"172";"0.616"
"2025-06-28 08:35:24.826";"2025-06-28";"08:35:24";"F";"98";"98";"132";"285";"0.258";"30.9";"59";"0.466";"0.303";"66";"172";"0.616"
"2025-06-28 08:35:54.817";"2025-06-28";"08:35:54";"F";"99";"103";"127";"420";"0.189";"33.3";"58";"0.348";"0.354";"66";"172";"0.616"
"2025-06-28 08:35:58.147";"2025-06-28";"08:35:58";"SLCE";"";"Light Curve end ";""
"2025-06-28 08:37:09.318";"2025-06-28";"08:37:09";"SLCS";"";"Light Curve start ";"524"
"2025-06-28 08:37:09.318";"2025-06-28";"08:37:09";"REG1";"";"#1: alpha: - , ETRm: - , Ik: -   ( beta: - 0.014, ETRmPot: 17.444 )   (Platt et al. 1980) ";""
"2025-06-28 08:37:09.318";"2025-06-28";"08:37:09";"REG2";"";"#1: alpha: 0.179, ETRm: 22.692, Ik: 126.879   (Jassby and Platt 1976) ";""
"2025-06-28 08:37:10.707";"2025-06-28";"08:37:10";"FO";"100";"86";"218";"0";"0.606";"0.0";"-";"-";"-";"86";"218";"0.606"
"2025-06-28 08:37:40.697";"2025-06-28";"08:37:40";"F";"101";"105";"211";"25";"0.502";"5.3";"85";"0.841";"0.033";"86";"218";"0.606"
"2025-06-28 08:38:10.684";"2025-06-28";"08:38:10";"F";"102";"109";"201";"45";"0.458";"8.7";"83";"0.780";"0.085";"86";"218";"0.606"
"2025-06-28 08:38:40.674";"2025-06-28";"08:38:40";"F";"103";"113";"193";"65";"0.415";"11.3";"82";"0.721";"0.130";"86";"218";"0.606"
"2025-06-28 08:39:10.658";"2025-06-28";"08:39:10";"F";"104";"117";"187";"90";"0.374";"14.1";"81";"0.660";"0.166";"86";"218";"0.606"
"2025-06-28 08:39:40.645";"2025-06-28";"08:39:40";"F";"105";"122";"178";"125";"0.315";"16.5";"79";"0.566";"0.225";"86";"218";"0.606"
"2025-06-28 08:40:10.633";"2025-06-28";"08:40:10";"F";"106";"129";"168";"190";"0.232";"18.5";"77";"0.429";"0.298";"86";"218";"0.606"
"2025-06-28 08:40:40.621";"2025-06-28";"08:40:40";"F";"107";"134";"164";"285";"0.183";"21.9";"76";"0.341";"0.329";"86";"218";"0.606"
"2025-06-28 08:41:10.619";"2025-06-28";"08:41:10";"F";"108";"137";"159";"420";"0.138";"24.3";"75";"0.262";"0.371";"86";"218";"0.606"
"2025-06-28 08:41:14.404";"2025-06-28";"08:41:14";"SLCE";"";"Light Curve end ";""
"2025-06-28 08:41:46.450";"2025-06-28";"08:41:46";"SLCS";"";"Light Curve start ";"517"
"2025-06-28 08:41:46.450";"2025-06-28";"08:41:46";"REG1";"";"#1: alpha: 0.314, ETRm: 21.184, Ik: 67.461   ( beta: 0.003, ETRmPot: 22.515 )   (Platt et al. 1980) ";""
"2025-06-28 08:41:46.450";"2025-06-28";"08:41:46";"REG2";"";"#1: alpha: 0.243, ETRm: 20.877, Ik: 85.839   (Jassby and Platt 1976) ";""
"2025-06-28 08:41:47.853";"2025-06-28";"08:41:47";"FO";"109";"85";"211";"0";"0.597";"0.0";"-";"-";"-";"85";"211";"0.597"
"2025-06-28 08:42:17.845";"2025-06-28";"08:42:17";"F";"110";"89";"219";"25";"0.594";"6.2";"86";"0.977";"- 0.037";"85";"211";"0.597"
"2025-06-28 08:42:47.830";"2025-06-28";"08:42:47";"F";"111";"94";"209";"45";"0.550";"10.4";"85";"0.927";"0.010";"85";"211";"0.597"
"2025-06-28 08:43:17.839";"2025-06-28";"08:43:17";"F";"112";"98";"191";"65";"0.487";"13.3";"82";"0.853";"0.105";"85";"211";"0.597"
"2025-06-28 08:43:47.830";"2025-06-28";"08:43:47";"F";"113";"101";"175";"90";"0.423";"16.0";"78";"0.763";"0.206";"85";"211";"0.597"
"2025-06-28 08:44:17.819";"2025-06-28";"08:44:17";"F";"114";"105";"162";"125";"0.352";"18.5";"76";"0.663";"0.302";"85";"211";"0.597"
"2025-06-28 08:44:47.799";"2025-06-28";"08:44:47";"F";"115";"111";"149";"190";"0.255";"20.3";"73";"0.500";"0.416";"85";"211";"0.597"
"2025-06-28 08:45:17.789";"2025-06-28";"08:45:17";"F";"116";"114";"138";"285";"0.174";"20.8";"70";"0.353";"0.529";"85";"211";"0.597"
"2025-06-28 08:45:47.784";"2025-06-28";"08:45:47";"F";"117";"117";"133";"420";"0.120";"21.2";"69";"0.250";"0.586";"85";"211";"0.597"
"2025-06-28 08:45:51.640";"2025-06-28";"08:45:51";"SLCE";"";"Light Curve end ";""
"2025-06-28 08:46:49.746";"2025-06-28";"08:46:49";"SLCS";"";"Light Curve start ";"518"
"2025-06-28 08:46:49.746";"2025-06-28";"08:46:49";"REG1";"";"#1: alpha: - , ETRm: - , Ik: -   ( beta: - 0.003, ETRmPot: 11.469 )   (Platt et al. 1980) ";""
"2025-06-28 08:46:49.746";"2025-06-28";"08:46:49";"REG2";"";"#1: alpha: 0.207, ETRm: 12.232, Ik: 59.160   (Jassby and Platt 1976) ";""
"2025-06-28 08:46:51.148";"2025-06-28";"08:46:51";"FO";"118";"186";"452";"0";"0.588";"0.0";"-";"-";"-";"186";"452";"0.588"
"2025-06-28 08:47:21.139";"2025-06-28";"08:47:21";"F";"119";"207";"399";"25";"0.481";"5.1";"176";"0.861";"0.133";"186";"452";"0.588"
"2025-06-28 08:47:51.122";"2025-06-28";"08:47:51";"F";"120";"215";"372";"45";"0.422";"8.0";"171";"0.781";"0.215";"186";"452";"0.588"
"2025-06-28 08:48:21.117";"2025-06-28";"08:48:21";"F";"121";"227";"351";"65";"0.353";"9.6";"166";"0.670";"0.288";"186";"452";"0.588"
"2025-06-28 08:48:51.102";"2025-06-28";"08:48:51";"F";"122";"236";"334";"90";"0.293";"11.1";"162";"0.570";"0.353";"186";"452";"0.588"
"2025-06-28 08:49:21.090";"2025-06-28";"08:49:21";"F";"123";"245";"313";"125";"0.217";"11.4";"157";"0.436";"0.444";"186";"452";"0.588"
"2025-06-28 08:49:51.083";"2025-06-28";"08:49:51";"F";"124";"255";"299";"190";"0.147";"11.7";"154";"0.303";"0.512";"186";"452";"0.588"
"2025-06-28 08:50:21.069";"2025-06-28";"08:50:21";"F";"125";"261";"291";"285";"0.103";"12.3";"152";"0.216";"0.553";"186";"452";"0.588"
"2025-06-28 08:50:51.056";"2025-06-28";"08:50:51";"F";"126";"264";"285";"420";"0.074";"13.1";"150";"0.156";"0.586";"186";"452";"0.588"
"2025-06-28 08:50:54.351";"2025-06-28";"08:50:54";"SLCE";"";"Light Curve end ";""
"2025-06-28 08:51:07.694";"2025-06-28";"08:51:07";"SLCS";"";"Light Curve start ";"519"
"2025-06-28 08:51:07.694";"2025-06-28";"08:51:07";"REG1";"";"#1: alpha: - , ETRm: - , Ik: -   ( beta: - 0.007, ETRmPot: 15.620 )   (Platt et al. 1980) ";""
"2025-06-28 08:51:07.694";"2025-06-28";"08:51:07";"REG2";"";"#1: alpha: 0.197, ETRm: 17.660, Ik: 89.451   (Jassby and Platt 1976) ";""
"2025-06-28 08:51:09.087";"2025-06-28";"08:51:09";"FO";"127";"95";"242";"0";"0.607";"0.0";"-";"-";"-";"95";"242";"0.607"
"2025-06-28 08:51:39.077";"2025-06-28";"08:51:39";"F";"128";"105";"218";"25";"0.518";"5.4";"91";"0.890";"0.110";"95";"242";"0.607"
"2025-06-28 08:52:09.063";"2025-06-28";"08:52:09";"F";"129";"108";"199";"45";"0.457";"8.6";"88";"0.820";"0.216";"95";"242";"0.607"
"2025-06-28 08:52:39.055";"2025-06-28";"08:52:39";"F";"130";"111";"189";"65";"0.413";"11.3";"86";"0.757";"0.280";"95";"242";"0.607"
"2025-06-28 08:53:09.055";"2025-06-28";"08:53:09";"F";"131";"117";"179";"90";"0.346";"13.1";"83";"0.646";"0.352";"95";"242";"0.607"
"2025-06-28 08:53:39.050";"2025-06-28";"08:53:39";"F";"132";"122";"171";"125";"0.287";"15.1";"82";"0.551";"0.415";"95";"242";"0.607"
"2025-06-28 08:54:09.031";"2025-06-28";"08:54:09";"F";"133";"128";"160";"190";"0.200";"16.0";"79";"0.395";"0.513";"95";"242";"0.607"
"2025-06-28 08:54:39.025";"2025-06-28";"08:54:39";"F";"134";"132";"155";"285";"0.148";"17.7";"78";"0.299";"0.561";"95";"242";"0.607"
"2025-06-28 08:55:09.013";"2025-06-28";"08:55:09";"F";"135";"134";"150";"420";"0.107";"18.9";"77";"0.219";"0.613";"95";"242";"0.607"
"2025-06-28 08:55:12.448";"2025-06-28";"08:55:12";"SLCE";"";"Light Curve end ";""
"2025-06-28 08:55:28.558";"2025-06-28";"08:55:28";"SLCS";"";"Light Curve start ";"520"
"2025-06-28 08:55:28.558";"2025-06-28";"08:55:28";"REG1";"";"#1: alpha: - , ETRm: - , Ik: -   ( beta: - 0.009, ETRmPot: 15.197 )   (Platt et al. 1980) ";""
"2025-06-28 08:55:28.558";"2025-06-28";"08:55:28";"REG2";"";"#1: alpha: 0.171, ETRm: 18.116, Ik: 106.208   (Jassby and Platt 1976) ";""
"2025-06-28 08:55:29.965";"2025-06-28";"08:55:29";"FO";"136";"114";"277";"0";"0.588";"0.0";"-";"-";"-";"114";"277";"0.588"
"2025-06-28 08:55:59.953";"2025-06-28";"08:55:59";"F";"137";"129";"253";"25";"0.490";"5.1";"110";"0.867";"0.095";"114";"277";"0.588"
"2025-06-28 08:56:29.933";"2025-06-28";"08:56:29";"F";"138";"136";"238";"45";"0.429";"8.1";"107";"0.779";"0.164";"114";"277";"0.588"
"2025-06-28 08:56:59.928";"2025-06-28";"08:56:59";"F";"139";"144";"229";"65";"0.371";"10.1";"105";"0.685";"0.210";"114";"277";"0.588"
"2025-06-28 08:57:29.918";"2025-06-28";"08:57:29";"F";"140";"149";"220";"90";"0.323";"12.2";"103";"0.607";"0.259";"114";"277";"0.588"
"2025-06-28 08:57:59.908";"2025-06-28";"08:57:59";"F";"141";"154";"211";"125";"0.270";"14.2";"101";"0.518";"0.313";"114";"277";"0.588"
"2025-06-28 08:58:29.888";"2025-06-28";"08:58:29";"F";"142";"161";"202";"190";"0.203";"16.2";"99";"0.398";"0.371";"114";"277";"0.588"
"2025-06-28 08:58:59.886";"2025-06-28";"08:58:59";"F";"143";"167";"196";"285";"0.148";"17.7";"97";"0.293";"0.413";"114";"277";"0.588"
"2025-06-28 08:59:29.860";"2025-06-28";"08:59:29";"F";"144";"170";"191";"420";"0.110";"19.4";"96";"0.221";"0.450";"114";"277";"0.588"
"2025-06-28 08:59:33.280";"2025-06-28";"08:59:33";"SLCE";"";"Light Curve end ";""
"2025-06-28 09:00:11.756";"2025-06-28";"09:00:11";"SLCS";"";"Light Curve start ";"529"
"2025-06-28 09:00:11.756";"2025-06-28";"09:00:11";"REG1";"";"#1: alpha: - , ETRm: - , Ik: -   ( beta: - 0.009, ETRmPot: 14.062 )   (Platt et al. 1980) ";""
"2025-06-28 09:00:11.756";"2025-06-28";"09:00:11";"REG2";"";"#1: alpha: 0.219, ETRm: 16.712, Ik: 76.412   (Jassby and Platt 1976) ";""
"2025-06-28 09:00:13.151";"2025-06-28";"09:00:13";"FO";"145";"157";"379";"0";"0.586";"0.0";"-";"-";"-";"157";"379";"0.586"
"2025-06-28 09:00:43.138";"2025-06-28";"09:00:43";"F";"146";"174";"400";"25";"0.565";"5.9";"160";"0.942";"- 0.052";"157";"379";"0.586"
"2025-06-28 09:01:13.127";"2025-06-28";"09:01:13";"F";"147";"183";"374";"45";"0.511";"9.7";"156";"0.876";"0.013";"157";"379";"0.586"
"2025-06-28 09:01:43.117";"2025-06-28";"09:01:43";"F";"148";"198";"345";"65";"0.426";"11.6";"151";"0.758";"0.099";"157";"379";"0.586"
"2025-06-28 09:02:13.098";"2025-06-28";"09:02:13";"F";"149";"211";"323";"90";"0.347";"13.1";"146";"0.633";"0.173";"157";"379";"0.586"
"2025-06-28 09:02:43.094";"2025-06-28";"09:02:43";"F";"150";"222";"306";"125";"0.275";"14.4";"143";"0.515";"0.239";"157";"379";"0.586"
"2025-06-28 09:03:13.103";"2025-06-28";"09:03:13";"F";"151";"235";"293";"190";"0.198";"15.8";"140";"0.379";"0.294";"157";"379";"0.586"
"2025-06-28 09:03:43.085";"2025-06-28";"09:03:43";"F";"152";"243";"282";"285";"0.138";"16.5";"137";"0.269";"0.344";"157";"379";"0.586"
"2025-06-28 09:04:13.077";"2025-06-28";"09:04:13";"F";"153";"247";"276";"420";"0.105";"18.5";"136";"0.207";"0.373";"157";"379";"0.586"
"2025-06-28 09:04:16.813";"2025-06-28";"09:04:16";"SLCE";"";"Light Curve end ";""
"2025-06-28 09:04:50.607";"2025-06-28";"09:04:50";"SLCS";"";"Light Curve start ";"530"
"2025-06-28 09:04:50.607";"2025-06-28";"09:04:50";"REG1";"";"#1: alpha: - , ETRm: - , Ik: -   ( beta: - 0.006, ETRmPot: 24.722 )   (Platt et al. 1980) ";""
"2025-06-28 09:04:50.607";"2025-06-28";"09:04:50";"REG2";"";"#1: alpha: 0.179, ETRm: 26.073, Ik: 145.634   (Jassby and Platt 1976) ";""
"2025-06-28 09:04:52.006";"2025-06-28";"09:04:52";"FO";"154";"104";"316";"0";"0.671";"0.0";"-";"-";"-";"104";"316";"0.671"
"2025-06-28 09:05:21.988";"2025-06-28";"09:05:21";"F";"155";"146";"293";"25";"0.502";"5.3";"101";"0.766";"0.078";"104";"316";"0.671"
"2025-06-28 09:05:51.984";"2025-06-28";"09:05:51";"F";"156";"157";"282";"45";"0.443";"8.4";"100";"0.687";"0.121";"104";"316";"0.671"
"2025-06-28 09:06:21.966";"2025-06-28";"09:06:21";"F";"157";"156";"274";"65";"0.431";"11.8";"99";"0.674";"0.153";"104";"316";"0.671"
"2025-06-28 09:06:51.960";"2025-06-28";"09:06:51";"F";"158";"160";"259";"90";"0.382";"14.4";"97";"0.611";"0.220";"104";"316";"0.671"
"2025-06-28 09:07:21.949";"2025-06-28";"09:07:21";"F";"159";"164";"245";"125";"0.331";"17.4";"95";"0.540";"0.290";"104";"316";"0.671"
"2025-06-28 09:07:51.937";"2025-06-28";"09:07:51";"F";"160";"173";"237";"190";"0.270";"21.5";"94";"0.448";"0.333";"104";"316";"0.671"
"2025-06-28 09:08:21.926";"2025-06-28";"09:08:21";"F";"161";"180";"227";"285";"0.207";"24.8";"92";"0.348";"0.392";"104";"316";"0.671"
"2025-06-28 09:08:51.907";"2025-06-28";"09:08:51";"F";"162";"184";"217";"420";"0.152";"26.8";"90";"0.260";"0.456";"104";"316";"0.671"
"2025-06-28 09:08:55.855";"2025-06-28";"09:08:55";"SLCE";"";"Light Curve end ";""
"2025-06-28 09:09:20.956";"2025-06-28";"09:09:20";"SLCS";"";"Light Curve start ";"531"
"2025-06-28 09:09:20.956";"2025-06-28";"09:09:20";"REG1";"";"#1: alpha: 0.274, ETRm: 18.149, Ik: 66.145   ( beta: 0.006, ETRmPot: 20.162 )   (Platt et al. 1980) ";""
"2025-06-28 09:09:20.956";"2025-06-28";"09:09:20";"REG2";"";"#1: alpha: 0.217, ETRm: 17.831, Ik: 82.339   (Jassby and Platt 1976) ";""
"2025-06-28 09:09:22.353";"2025-06-28";"09:09:22";"FO";"163";"76";"187";"0";"0.594";"0.0";"-";"-";"-";"76";"187";"0.594"
"2025-06-28 09:09:52.339";"2025-06-28";"09:09:52";"F";"164";"80";"183";"25";"0.563";"5.9";"75";"0.954";"0.022";"76";"187";"0.594"
"2025-06-28 09:10:22.330";"2025-06-28";"09:10:22";"F";"165";"82";"161";"45";"0.491";"9.3";"71";"0.878";"0.161";"76";"187";"0.594"
"2025-06-28 09:10:52.315";"2025-06-28";"09:10:52";"F";"166";"84";"146";"65";"0.425";"11.6";"68";"0.795";"0.281";"76";"187";"0.594"
"2025-06-28 09:11:22.308";"2025-06-28";"09:11:22";"F";"167";"86";"136";"90";"0.368";"13.9";"66";"0.714";"0.375";"76";"187";"0.594"
"2025-06-28 09:11:52.295";"2025-06-28";"09:11:52";"F";"168";"90";"128";"125";"0.297";"15.6";"64";"0.594";"0.461";"76";"187";"0.594"
"2025-06-28 09:12:22.277";"2025-06-28";"09:12:22";"F";"169";"94";"120";"190";"0.217";"17.3";"62";"0.448";"0.558";"76";"187";"0.594"
"2025-06-28 09:12:52.265";"2025-06-28";"09:12:52";"F";"170";"97";"115";"285";"0.157";"18.8";"61";"0.333";"0.626";"76";"187";"0.594"
"2025-06-28 09:13:22.274";"2025-06-28";"09:13:22";"F";"171";"100";"111";"420";"0.099";"17.5";"59";"0.212";"0.685";"76";"187";"0.594"
"2025-06-28 09:13:25.756";"2025-06-28";"09:13:25";"SLCE";"";"Light Curve end ";""
"2025-06-28 09:14:05.054";"2025-06-28";"09:14:05";"SLCS";"";"Light Curve start ";"532"
"2025-06-28 09:14:05.054";"2025-06-28";"09:14:05";"REG1";"";"#1: alpha: - , ETRm: - , Ik: -   ( beta: - 0.013, ETRmPot: 16.950 )   (Platt et al. 1980) ";""
"2025-06-28 09:14:05.054";"2025-06-28";"09:14:05";"REG2";"";"#1: alpha: 0.189, ETRm: 21.598, Ik: 114.549   (Jassby and Platt 1976) ";""
"2025-06-28 09:14:06.452";"2025-06-28";"09:14:06";"FO";"172";"82";"197";"0";"0.584";"0.0";"-";"-";"-";"82";"197";"0.584"
"2025-06-28 09:14:36.443";"2025-06-28";"09:14:36";"F";"173";"89";"184";"25";"0.516";"5.4";"80";"0.913";"0.071";"82";"197";"0.584"
"2025-06-28 09:15:06.437";"2025-06-28";"09:15:06";"F";"174";"90";"171";"45";"0.474";"9.0";"77";"0.862";"0.152";"82";"197";"0.584"
"2025-06-28 09:15:36.425";"2025-06-28";"09:15:36";"F";"175";"93";"164";"65";"0.433";"11.8";"76";"0.807";"0.201";"82";"197";"0.584"
"2025-06-28 09:16:06.411";"2025-06-28";"09:16:06";"F";"176";"97";"153";"90";"0.366";"13.8";"73";"0.700";"0.288";"82";"197";"0.584"
"2025-06-28 09:16:36.402";"2025-06-28";"09:16:36";"F";"177";"101";"147";"125";"0.313";"16.4";"72";"0.613";"0.340";"82";"197";"0.584"
"2025-06-28 09:17:06.382";"2025-06-28";"09:17:06";"F";"178";"105";"138";"190";"0.239";"19.1";"70";"0.485";"0.428";"82";"197";"0.584"
"2025-06-28 09:17:36.379";"2025-06-28";"09:17:36";"F";"179";"108";"130";"285";"0.169";"20.2";"68";"0.355";"0.515";"82";"197";"0.584"
"2025-06-28 09:18:06.369";"2025-06-28";"09:18:06";"F";"180";"110";"127";"420";"0.134";"23.6";"67";"0.283";"0.551";"82";"197";"0.584"
"2025-06-28 09:18:10.280";"2025-06-28";"09:18:10";"SLCE";"";"Light Curve end ";""
"2025-06-28 09:19:22.058";"2025-06-28";"09:19:22";"SLCS";"";"Light Curve start ";"525"
"2025-06-28 09:19:22.058";"2025-06-28";"09:19:22";"REG1";"";"#1: alpha: - , ETRm: - , Ik: -   ( beta: - 0.017, ETRmPot: 21.278 )   (Platt et al. 1980) ";""
"2025-06-28 09:19:22.058";"2025-06-28";"09:19:22";"REG2";"";"#1: alpha: 0.193, ETRm: 27.729, Ik: 143.981   (Jassby and Platt 1976) ";""
"2025-06-28 09:19:23.469";"2025-06-28";"09:19:23";"FO";"181";"85";"223";"0";"0.619";"0.0";"-";"-";"-";"85";"223";"0.619"
"2025-06-28 09:19:53.463";"2025-06-28";"09:19:53";"F";"182";"104";"229";"25";"0.546";"5.7";"86";"0.874";"- 0.026";"85";"223";"0.619"
"2025-06-28 09:20:23.445";"2025-06-28";"09:20:23";"F";"183";"110";"219";"45";"0.498";"9.4";"84";"0.807";"0.018";"85";"223";"0.619"
"2025-06-28 09:20:53.432";"2025-06-28";"09:20:53";"F";"184";"115";"212";"65";"0.458";"12.5";"83";"0.752";"0.052";"85";"223";"0.619"
"2025-06-28 09:21:23.429";"2025-06-28";"09:21:23";"F";"185";"121";"205";"90";"0.410";"15.5";"82";"0.683";"0.088";"85";"223";"0.619"
"2025-06-28 09:21:53.416";"2025-06-28";"09:21:53";"F";"186";"127";"199";"125";"0.362";"19.0";"81";"0.610";"0.121";"85";"223";"0.619"
"2025-06-28 09:22:23.404";"2025-06-28";"09:22:23";"F";"187";"137";"191";"190";"0.283";"22.6";"80";"0.486";"0.168";"85";"223";"0.619"
"2025-06-28 09:22:53.392";"2025-06-28";"09:22:53";"F";"188";"145";"184";"285";"0.212";"25.4";"79";"0.371";"0.212";"85";"223";"0.619"
"2025-06-28 09:23:23.403";"2025-06-28";"09:23:23";"F";"189";"150";"180";"420";"0.167";"29.5";"78";"0.294";"0.239";"85";"223";"0.619"
"2025-06-28 09:23:25.717";"2025-06-28";"09:23:25";"SLCE";"";"Light Curve end ";""
"2025-06-28 09:23:48.661";"2025-06-28";"09:23:48";"SLCS";"";"Light Curve start ";"526"
"2025-06-28 09:23:48.661";"2025-06-28";"09:23:48";"REG1";"";"#1: alpha: - , ETRm: - , Ik: -   ( beta: - 0.006, ETRmPot: 19.052 )   (Platt et al. 1980) ";""
"2025-06-28 09:23:48.661";"2025-06-28";"09:23:48";"REG2";"";"#1: alpha: 0.181, ETRm: 20.831, Ik: 114.866   (Jassby and Platt 1976) ";""
"2025-06-28 09:23:50.049";"2025-06-28";"09:23:50";"FO";"190";"106";"257";"0";"0.588";"0.0";"-";"-";"-";"106";"257";"0.588"
"2025-06-28 09:24:20.038";"2025-06-28";"09:24:20";"F";"191";"135";"257";"25";"0.475";"5.0";"106";"0.808";"0.000";"106";"257";"0.588"
"2025-06-28 09:24:50.021";"2025-06-28";"09:24:50";"F";"192";"139";"247";"45";"0.437";"8.3";"104";"0.755";"0.040";"106";"257";"0.588"
"2025-06-28 09:25:20.018";"2025-06-28";"09:25:20";"F";"193";"141";"237";"65";"0.405";"11.1";"102";"0.711";"0.084";"106";"257";"0.588"
"2025-06-28 09:25:50.004";"2025-06-28";"09:25:50";"F";"194";"146";"229";"90";"0.362";"13.7";"101";"0.648";"0.122";"106";"257";"0.588"
"2025-06-28 09:26:19.993";"2025-06-28";"09:26:19";"F";"195";"153";"219";"125";"0.301";"15.8";"99";"0.550";"0.174";"106";"257";"0.588"
"2025-06-28 09:26:49.975";"2025-06-28";"09:26:49";"F";"196";"161";"210";"190";"0.233";"18.6";"97";"0.434";"0.224";"106";"257";"0.588"
"2025-06-28 09:27:19.972";"2025-06-28";"09:27:19";"F";"197";"167";"201";"285";"0.169";"20.2";"95";"0.321";"0.279";"106";"257";"0.588"
"2025-06-28 09:27:49.951";"2025-06-28";"09:27:49";"F";"198";"170";"194";"420";"0.124";"21.9";"93";"0.238";"0.325";"106";"257";"0.588"
"2025-06-28 09:27:53.867";"2025-06-28";"09:27:53";"SLCE";"";"Light Curve end ";""
"2025-06-28 09:28:29.501";"2025-06-28";"09:28:29";"SLCS";"";"Light Curve start ";"527"
"2025-06-28 09:28:29.501";"2025-06-28";"09:28:29";"REG1";"";"#1: alpha: 0.298, ETRm: 34.268, Ik: 114.860   ( beta: 0.007, ETRmPot: 38.143 )   (Platt et al. 1980) ";""
"2025-06-28 09:28:29.501";"2025-06-28";"09:28:29";"REG2";"";"#1: alpha: 0.240, ETRm: 33.572, Ik: 139.851   (Jassby and Platt 1976) ";""
"2025-06-28 09:28:30.897";"2025-06-28";"09:28:30";"FO";"199";"90";"217";"0";"0.585";"0.0";"-";"-";"-";"90";"217";"0.585"
"2025-06-28 09:29:00.880";"2025-06-28";"09:29:00";"F";"200";"101";"249";"25";"0.594";"6.2";"95";"0.961";"- 0.129";"90";"217";"0.585"
"2025-06-28 09:29:30.875";"2025-06-28";"09:29:30";"F";"201";"104";"250";"45";"0.584";"11.0";"95";"0.942";"- 0.132";"90";"217";"0.585"
"2025-06-28 09:30:00.855";"2025-06-28";"09:30:00";"F";"202";"107";"243";"65";"0.560";"15.3";"94";"0.913";"- 0.107";"90";"217";"0.585"
"2025-06-28 09:30:30.849";"2025-06-28";"09:30:30";"F";"203";"111";"225";"90";"0.507";"19.2";"91";"0.851";"- 0.036";"90";"217";"0.585"
"2025-06-28 09:31:00.832";"2025-06-28";"09:31:00";"F";"204";"114";"205";"125";"0.444";"23.3";"88";"0.778";"0.059";"90";"217";"0.585"
"2025-06-28 09:31:30.830";"2025-06-28";"09:31:30";"F";"205";"120";"187";"190";"0.358";"28.6";"84";"0.650";"0.160";"90";"217";"0.585"
"2025-06-28 09:32:00.815";"2025-06-28";"09:32:00";"F";"206";"125";"171";"285";"0.269";"32.2";"81";"0.511";"0.269";"90";"217";"0.585"
"2025-06-28 09:32:30.802";"2025-06-28";"09:32:30";"F";"207";"129";"160";"420";"0.194";"34.2";"78";"0.378";"0.356";"90";"217";"0.585"
"2025-06-28 09:32:34.677";"2025-06-28";"09:32:34";"SLCE";"";"Light Curve end ";""
"2025-06-28 09:33:21.517";"2025-06-28";"09:33:21";"SLCS";"";"Light Curve start ";"528"
"2025-06-28 09:33:21.517";"2025-06-28";"09:33:21";"REG1";"";"#1: alpha: - , ETRm: - , Ik: -   ( beta: - 0.002, ETRmPot: 17.381 )   (Platt et al. 1980) ";""
"2025-06-28 09:33:21.517";"2025-06-28";"09:33:21";"REG2";"";"#1: alpha: 0.242, ETRm: 17.624, Ik: 72.859   (Jassby and Platt 1976) ";""
"2025-06-28 09:33:22.913";"2025-06-28";"09:33:22";"FO";"208";"208";"521";"0";"0.601";"0.0";"-";"-";"-";"208";"521";"0.601"
"2025-06-28 09:33:52.903";"2025-06-28";"09:33:52";"F";"209";"224";"540";"25";"0.585";"6.1";"211";"0.960";"- 0.035";"208";"521";"0.601"
"2025-06-28 09:34:22.883";"2025-06-28";"09:34:22";"F";"210";"231";"496";"45";"0.534";"10.1";"204";"0.908";"0.050";"208";"521";"0.601"
"2025-06-28 09:34:52.877";"2025-06-28";"09:34:52";"F";"211";"237";"438";"65";"0.459";"12.5";"193";"0.820";"0.189";"208";"521";"0.601"
"2025-06-28 09:35:22.866";"2025-06-28";"09:35:22";"F";"212";"245";"399";"90";"0.386";"14.6";"185";"0.720";"0.306";"208";"521";"0.601"
"2025-06-28 09:35:52.847";"2025-06-28";"09:35:52";"F";"213";"253";"363";"125";"0.303";"15.9";"177";"0.591";"0.435";"208";"521";"0.601"
"2025-06-28 09:36:22.845";"2025-06-28";"09:36:22";"F";"214";"262";"334";"190";"0.216";"17.2";"170";"0.439";"0.560";"208";"521";"0.601"
"2025-06-28 09:36:52.833";"2025-06-28";"09:36:52";"F";"215";"271";"318";"285";"0.148";"17.7";"166";"0.309";"0.638";"208";"521";"0.601"
"2025-06-28 09:37:22.812";"2025-06-28";"09:37:22";"F";"216";"277";"309";"420";"0.104";"18.3";"163";"0.219";"0.686";"208";"521";"0.601"
"2025-06-28 09:37:26.396";"2025-06-28";"09:37:26";"SLCE";"";"Light Curve end ";""
"2025-06-28 09:38:14.441";"2025-06-28";"09:38:14";"SLCS";"";"Light Curve start ";"537"
"2025-06-28 09:38:14.441";"2025-06-28";"09:38:14";"REG1";"";"#1: alpha: 0.249, ETRm: 25.360, Ik: 101.878   ( beta: 0.003, ETRmPot: 27.184 )   (Platt et al. 1980) ";""
"2025-06-28 09:38:14.441";"2025-06-28";"09:38:14";"REG2";"";"#1: alpha: 0.197, ETRm: 24.828, Ik: 125.790   (Jassby and Platt 1976) ";""
"2025-06-28 09:38:15.847";"2025-06-28";"09:38:15";"FO";"217";"178";"634";"0";"0.719";"0.0";"-";"-";"-";"178";"634";"0.719"
"2025-06-28 09:38:45.830";"2025-06-28";"09:38:45";"F";"218";"220";"471";"25";"0.533";"5.6";"162";"0.812";"0.346";"178";"634";"0.719"
"2025-06-28 09:39:15.827";"2025-06-28";"09:39:15";"F";"219";"232";"440";"45";"0.473";"8.9";"158";"0.738";"0.441";"178";"634";"0.719"
"2025-06-28 09:39:45.815";"2025-06-28";"09:39:45";"F";"220";"237";"420";"65";"0.436";"11.9";"156";"0.693";"0.510";"178";"634";"0.719"
"2025-06-28 09:40:15.803";"2025-06-28";"09:40:15";"F";"221";"244";"406";"90";"0.399";"15.1";"154";"0.643";"0.562";"178";"634";"0.719"
"2025-06-28 09:40:45.789";"2025-06-28";"09:40:45";"F";"222";"258";"401";"125";"0.357";"18.7";"153";"0.577";"0.581";"178";"634";"0.719"
"2025-06-28 09:41:15.773";"2025-06-28";"09:41:15";"F";"223";"289";"398";"190";"0.274";"21.9";"153";"0.445";"0.593";"178";"634";"0.719"
"2025-06-28 09:41:45.767";"2025-06-28";"09:41:45";"F";"224";"315";"394";"285";"0.201";"24.1";"152";"0.326";"0.609";"178";"634";"0.719"
"2025-06-28 09:42:15.757";"2025-06-28";"09:42:15";"F";"225";"339";"396";"420";"0.144";"25.4";"152";"0.234";"0.601";"178";"634";"0.719"
"2025-06-28 09:42:19.068";"2025-06-28";"09:42:19";"SLCE";"";"Light Curve end ";""
"2025-06-28 09:43:22.347";"2025-06-28";"09:43:22";"SLCS";"";"Light Curve start ";"538"
"2025-06-28 09:43:22.347";"2025-06-28";"09:43:22";"REG1";"";"#1: alpha: 0.323, ETRm: 22.556, Ik: 69.890   ( beta: 0.010, ETRmPot: 25.835 )   (Platt et al. 1980) ";""
"2025-06-28 09:43:22.347";"2025-06-28";"09:43:22";"REG2";"";"#1: alpha: 0.257, ETRm: 22.193, Ik: 86.522   (Jassby and Platt 1976) ";""
"2025-06-28 09:43:23.736";"2025-06-28";"09:43:23";"FO";"226";"144";"360";"0";"0.600";"0.0";"-";"-";"-";"144";"360";"0.600"
"2025-06-28 09:43:53.732";"2025-06-28";"09:43:53";"F";"227";"152";"379";"25";"0.599";"6.3";"147";"0.978";"- 0.050";"144";"360";"0.600"
"2025-06-28 09:44:23.713";"2025-06-28";"09:44:23";"F";"228";"158";"378";"45";"0.582";"11.0";"147";"0.952";"- 0.048";"144";"360";"0.600"
"2025-06-28 09:44:53.701";"2025-06-28";"09:44:53";"F";"229";"161";"334";"65";"0.518";"14.1";"140";"0.892";"0.078";"144";"360";"0.600"
"2025-06-28 09:45:23.690";"2025-06-28";"09:45:23";"F";"230";"165";"299";"90";"0.448";"16.9";"133";"0.807";"0.204";"144";"360";"0.600"
"2025-06-28 09:45:53.680";"2025-06-28";"09:45:53";"F";"231";"171";"273";"125";"0.374";"19.6";"128";"0.703";"0.319";"144";"360";"0.600"
"2025-06-28 09:46:23.675";"2025-06-28";"09:46:23";"F";"232";"174";"241";"190";"0.278";"22.2";"120";"0.554";"0.494";"144";"360";"0.600"
"2025-06-28 09:46:53.655";"2025-06-28";"09:46:53";"F";"233";"178";"218";"285";"0.183";"21.9";"114";"0.385";"0.651";"144";"360";"0.600"
"2025-06-28 09:47:23.648";"2025-06-28";"09:47:23";"F";"234";"181";"207";"420";"0.126";"22.2";"111";"0.271";"0.739";"144";"360";"0.600"
"2025-06-28 09:47:27.168";"2025-06-28";"09:47:27";"SLCE";"";"Light Curve end ";""
"2025-06-28 09:48:14.302";"2025-06-28";"09:48:14";"SLCS";"";"Light Curve start ";"539"
"2025-06-28 09:48:14.302";"2025-06-28";"09:48:14";"REG1";"";"#1: alpha: - , ETRm: - , Ik: -   ( beta: - 0.003, ETRmPot: 19.292 )   (Platt et al. 1980) ";""
"2025-06-28 09:48:14.302";"2025-06-28";"09:48:14";"REG2";"";"#1: alpha: 0.277, ETRm: 19.851, Ik: 71.620   (Jassby and Platt 1976) ";""
"2025-06-28 09:48:15.706";"2025-06-28";"09:48:15";"FO";"235";"119";"304";"0";"0.609";"0.0";"-";"-";"-";"119";"304";"0.609"
"2025-06-28 09:48:45.696";"2025-06-28";"09:48:45";"F";"236";"123";"307";"25";"0.599";"6.3";"119";"0.979";"- 0.010";"119";"304";"0.609"
"2025-06-28 09:49:15.680";"2025-06-28";"09:49:15";"F";"237";"127";"300";"45";"0.577";"10.9";"118";"0.951";"0.013";"119";"304";"0.609"
"2025-06-28 09:49:45.666";"2025-06-28";"09:49:45";"F";"238";"128";"273";"65";"0.531";"14.5";"114";"0.912";"0.114";"119";"304";"0.609"
"2025-06-28 09:50:15.661";"2025-06-28";"09:50:15";"F";"239";"129";"237";"90";"0.456";"17.2";"107";"0.831";"0.283";"119";"304";"0.609"
"2025-06-28 09:50:45.644";"2025-06-28";"09:50:45";"F";"240";"129";"201";"125";"0.358";"18.8";"99";"0.706";"0.512";"119";"304";"0.609"
"2025-06-28 09:51:15.637";"2025-06-28";"09:51:15";"F";"241";"133";"174";"190";"0.236";"18.8";"92";"0.500";"0.747";"119";"304";"0.609"
"2025-06-28 09:51:45.628";"2025-06-28";"09:51:45";"F";"242";"139";"165";"285";"0.158";"18.9";"89";"0.342";"0.842";"119";"304";"0.609"
"2025-06-28 09:52:15.611";"2025-06-28";"09:52:15";"F";"243";"138";"157";"420";"0.121";"21.3";"87";"0.271";"0.936";"119";"304";"0.609"
"2025-06-28 09:52:18.908";"2025-06-28";"09:52:18";"SLCE";"";"Light Curve end ";""
"2025-06-28 09:52:35.463";"2025-06-28";"09:52:35";"SLCS";"";"Light Curve start ";"540"
"2025-06-28 09:52:35.463";"2025-06-28";"09:52:35";"REG1";"";"#1: alpha: 0.332, ETRm: 19.220, Ik: 57.832   ( beta: 0.005, ETRmPot: 20.886 )   (Platt et al. 1980) ";""
"2025-06-28 09:52:35.463";"2025-06-28";"09:52:35";"REG2";"";"#1: alpha: 0.259, ETRm: 18.900, Ik: 73.094   (Jassby and Platt 1976) ";""
"2025-06-28 09:52:36.849";"2025-06-28";"09:52:36";"FO";"244";"125";"322";"0";"0.612";"0.0";"-";"-";"-";"125";"322";"0.612"
"2025-06-28 09:53:06.864";"2025-06-28";"09:53:06";"F";"245";"144";"353";"25";"0.592";"6.2";"129";"0.933";"- 0.088";"125";"322";"0.612"
"2025-06-28 09:53:36.852";"2025-06-28";"09:53:36";"F";"246";"151";"333";"45";"0.547";"10.3";"127";"0.883";"- 0.033";"125";"322";"0.612"
"2025-06-28 09:54:06.834";"2025-06-28";"09:54:06";"F";"247";"155";"305";"65";"0.492";"13.4";"122";"0.820";"0.056";"125";"322";"0.612"
"2025-06-28 09:54:36.830";"2025-06-28";"09:54:36";"F";"248";"159";"276";"90";"0.424";"16.0";"117";"0.736";"0.167";"125";"322";"0.612"
"2025-06-28 09:55:06.813";"2025-06-28";"09:55:06";"F";"249";"164";"249";"125";"0.341";"17.9";"112";"0.620";"0.293";"125";"322";"0.612"
"2025-06-28 09:55:36.800";"2025-06-28";"09:55:36";"F";"250";"174";"226";"190";"0.230";"18.4";"107";"0.437";"0.425";"125";"322";"0.612"
"2025-06-28 09:56:06.796";"2025-06-28";"09:56:06";"F";"251";"180";"214";"285";"0.159";"19.0";"105";"0.312";"0.505";"125";"322";"0.612"
"2025-06-28 09:56:36.784";"2025-06-28";"09:56:36";"F";"252";"184";"206";"420";"0.107";"18.9";"103";"0.214";"0.563";"125";"322";"0.612"
"2025-06-28 09:56:40.674";"2025-06-28";"09:56:40";"SLCE";"";"Light Curve end ";""
"2025-06-28 09:57:01.525";"2025-06-28";"09:57:01";"SLCS";"";"Light Curve start ";"533"
"2025-06-28 09:57:01.525";"2025-06-28";"09:57:01";"REG1";"";"#1: alpha: - , ETRm: - , Ik: -   ( beta: - 0.009, ETRmPot: 34.995 )   (Platt et al. 1980) ";""
"2025-06-28 09:57:01.525";"2025-06-28";"09:57:01";"REG2";"";"#1: alpha: 0.211, ETRm: 36.707, Ik: 173.807   (Jassby and Platt 1976) ";""
"2025-06-28 09:57:02.921";"2025-06-28";"09:57:02";"FO";"253";"101";"248";"0";"0.593";"0.0";"-";"-";"-";"101";"248";"0.593"
"2025-06-28 09:57:32.903";"2025-06-28";"09:57:32";"F";"254";"113";"263";"25";"0.570";"6.0";"103";"0.938";"- 0.057";"101";"248";"0.593"
"2025-06-28 09:58:02.893";"2025-06-28";"09:58:02";"F";"255";"117";"259";"45";"0.548";"10.4";"103";"0.910";"- 0.042";"101";"248";"0.593"
"2025-06-28 09:58:32.888";"2025-06-28";"09:58:32";"F";"256";"120";"249";"65";"0.518";"14.1";"101";"0.872";"- 0.004";"101";"248";"0.593"
"2025-06-28 09:59:02.876";"2025-06-28";"09:59:02";"F";"257";"125";"237";"90";"0.473";"17.9";"99";"0.812";"0.046";"101";"248";"0.593"
"2025-06-28 09:59:32.865";"2025-06-28";"09:59:32";"F";"258";"131";"225";"125";"0.418";"21.9";"97";"0.734";"0.102";"101";"248";"0.593"
"2025-06-28 10:00:02.853";"2025-06-28";"10:00:02";"F";"259";"138";"213";"190";"0.352";"28.1";"95";"0.636";"0.164";"101";"248";"0.593"
"2025-06-28 10:00:32.841";"2025-06-28";"10:00:32";"F";"260";"145";"201";"285";"0.279";"33.4";"92";"0.514";"0.234";"101";"248";"0.593"
"2025-06-28 10:01:02.823";"2025-06-28";"10:01:02";"F";"261";"150";"190";"420";"0.211";"37.2";"90";"0.400";"0.305";"101";"248";"0.593"
"2025-06-28 10:01:06.125";"2025-06-28";"10:01:06";"SLCE";"";"Light Curve end ";""
"2025-06-28 10:01:58.911";"2025-06-28";"10:01:58";"SLCS";"";"Light Curve start ";"534"
"2025-06-28 10:01:58.911";"2025-06-28";"10:01:58";"REG1";"";"#1: alpha: - , ETRm: - , Ik: -   ( beta: - 0.012, ETRmPot: 23.018 )   (Platt et al. 1980) ";""
"2025-06-28 10:01:58.911";"2025-06-28";"10:01:58";"REG2";"";"#1: alpha: 0.214, ETRm: 27.214, Ik: 127.358   (Jassby and Platt 1976) ";""
"2025-06-28 10:02:00.318";"2025-06-28";"10:02:00";"FO";"262";"118";"279";"0";"0.577";"0.0";"-";"-";"-";"118";"279";"0.577"
"2025-06-28 10:02:30.300";"2025-06-28";"10:02:30";"F";"263";"126";"294";"25";"0.571";"6.0";"121";"0.971";"- 0.051";"118";"279";"0.577"
"2025-06-28 10:03:00.288";"2025-06-28";"10:03:00";"F";"264";"129";"281";"45";"0.541";"10.2";"118";"0.933";"- 0.007";"118";"279";"0.577"
"2025-06-28 10:03:30.296";"2025-06-28";"10:03:30";"F";"265";"133";"263";"65";"0.494";"13.5";"115";"0.878";"0.061";"118";"279";"0.577"
"2025-06-28 10:04:00.292";"2025-06-28";"10:04:00";"F";"266";"137";"245";"90";"0.441";"16.7";"111";"0.806";"0.139";"118";"279";"0.577"
"2025-06-28 10:04:30.276";"2025-06-28";"10:04:30";"F";"267";"143";"228";"125";"0.373";"19.6";"108";"0.708";"0.224";"118";"279";"0.577"
"2025-06-28 10:05:00.262";"2025-06-28";"10:05:00";"F";"268";"150";"212";"190";"0.292";"23.3";"104";"0.574";"0.316";"118";"279";"0.577"
"2025-06-28 10:05:30.250";"2025-06-28";"10:05:30";"F";"269";"156";"199";"285";"0.216";"25.9";"101";"0.439";"0.402";"118";"279";"0.577"
"2025-06-28 10:06:00.238";"2025-06-28";"10:06:00";"F";"270";"159";"190";"420";"0.163";"28.8";"98";"0.337";"0.468";"118";"279";"0.577"
"2025-06-28 10:06:03.344";"2025-06-28";"10:06:03";"SLCE";"";"Light Curve end ";""
"2025-06-28 10:07:04.341";"2025-06-28";"10:07:04";"SLCS";"";"Light Curve start ";"535"
"2025-06-28 10:07:04.341";"2025-06-28";"10:07:04";"REG1";"";"#1: alpha: - , ETRm: - , Ik: -   ( beta: - 0.006, ETRmPot: 24.161 )   (Platt et al. 1980) ";""
"2025-06-28 10:07:04.341";"2025-06-28";"10:07:04";"REG2";"";"#1: alpha: 0.219, ETRm: 25.542, Ik: 116.588   (Jassby and Platt 1976) ";""
"2025-06-28 10:07:05.736";"2025-06-28";"10:07:05";"FO";"271";"95";"213";"0";"0.554";"0.0";"-";"-";"-";"95";"213";"0.554"
"2025-06-28 10:07:35.730";"2025-06-28";"10:07:35";"F";"272";"100";"234";"25";"0.573";"6.0";"99";"0.993";"- 0.090";"95";"213";"0.554"
"2025-06-28 10:08:05.718";"2025-06-28";"10:08:05";"F";"273";"105";"233";"45";"0.549";"10.4";"99";"0.955";"- 0.086";"95";"213";"0.554"
"2025-06-28 10:08:35.700";"2025-06-28";"10:08:35";"F";"274";"108";"214";"65";"0.495";"13.5";"95";"0.891";"- 0.005";"95";"213";"0.554"
"2025-06-28 10:09:05.695";"2025-06-28";"10:09:05";"F";"275";"113";"198";"90";"0.429";"16.2";"92";"0.802";"0.076";"95";"213";"0.554"
"2025-06-28 10:09:35.687";"2025-06-28";"10:09:35";"F";"276";"117";"185";"125";"0.368";"19.3";"89";"0.708";"0.151";"95";"213";"0.554"
"2025-06-28 10:10:05.674";"2025-06-28";"10:10:05";"F";"277";"122";"171";"190";"0.287";"22.9";"86";"0.576";"0.246";"95";"213";"0.554"
"2025-06-28 10:10:35.654";"2025-06-28";"10:10:35";"F";"278";"126";"159";"285";"0.208";"24.9";"83";"0.434";"0.340";"95";"213";"0.554"
"2025-06-28 10:11:05.652";"2025-06-28";"10:11:05";"F";"279";"129";"152";"420";"0.151";"26.6";"81";"0.324";"0.401";"95";"213";"0.554"
"2025-06-28 10:11:09.604";"2025-06-28";"10:11:09";"SLCE";"";"Light Curve end ";""
"2025-06-28 10:12:04.956";"2025-06-28";"10:12:04";"SLCS";"";"Light Curve start ";"536"
"2025-06-28 10:12:04.956";"2025-06-28";"10:12:04";"REG1";"";"#1: alpha: - , ETRm: - , Ik: -   ( beta: - 0.015, ETRmPot: 19.382 )   (Platt et al. 1980) ";""
"2025-06-28 10:12:04.956";"2025-06-28";"10:12:04";"REG2";"";"#1: alpha: 0.223, ETRm: 24.836, Ik: 111.269   (Jassby and Platt 1976) ";""
"2025-06-28 10:12:06.347";"2025-06-28";"10:12:06";"FO";"280";"96";"235";"0";"0.591";"0.0";"-";"-";"-";"96";"235";"0.591"
"2025-06-28 10:12:36.337";"2025-06-28";"10:12:36";"F";"281";"99";"244";"25";"0.594";"6.2";"97";"0.986";"- 0.037";"96";"235";"0.591"
"2025-06-28 10:13:06.345";"2025-06-28";"10:13:06";"F";"282";"101";"225";"45";"0.551";"10.4";"94";"0.947";"0.044";"96";"235";"0.591"
"2025-06-28 10:13:36.335";"2025-06-28";"10:13:36";"F";"283";"103";"207";"65";"0.502";"13.7";"91";"0.897";"0.135";"96";"235";"0.591"
"2025-06-28 10:14:06.315";"2025-06-28";"10:14:06";"F";"284";"107";"191";"90";"0.440";"16.6";"88";"0.816";"0.230";"96";"235";"0.591"
"2025-06-28 10:14:36.309";"2025-06-28";"10:14:36";"F";"285";"112";"177";"125";"0.367";"19.3";"85";"0.707";"0.328";"96";"235";"0.591"
"2025-06-28 10:15:06.300";"2025-06-28";"10:15:06";"F";"286";"116";"159";"190";"0.270";"21.5";"80";"0.544";"0.478";"96";"235";"0.591"
"2025-06-28 10:15:36.281";"2025-06-28";"10:15:36";"F";"287";"119";"148";"285";"0.196";"23.5";"77";"0.408";"0.588";"96";"235";"0.591"
"2025-06-28 10:16:06.275";"2025-06-28";"10:16:06";"F";"288";"120";"142";"420";"0.155";"27.3";"76";"0.333";"0.655";"96";"235";"0.591"
"2025-06-28 10:16:09.572";"2025-06-28";"10:16:09";"SLCE";"";"Light Curve end ";""
"2025-06-28 10:18:15.789";"2025-06-28";"10:18:15";"SLCS";"";"Light Curve start ";"545"
"2025-06-28 10:18:15.789";"2025-06-28";"10:18:15";"REG1";"";"#1: alpha: - , ETRm: - , Ik: -   ( beta: - 0.025, ETRmPot: 23.639 )   (Platt et al. 1980) ";""
"2025-06-28 10:18:15.789";"2025-06-28";"10:18:15";"REG2";"";"#1: alpha: 0.220, ETRm: 34.405, Ik: 156.604   (Jassby and Platt 1976) ";""
"2025-06-28 10:18:17.181";"2025-06-28";"10:18:17";"FO";"289";"108";"270";"0";"0.600";"0.0";"-";"-";"-";"108";"270";"0.600"
"2025-06-28 10:18:47.168";"2025-06-28";"10:18:47";"F";"290";"111";"262";"25";"0.576";"6.0";"107";"0.974";"0.031";"108";"270";"0.600"
"2025-06-28 10:19:17.157";"2025-06-28";"10:19:17";"F";"291";"110";"261";"45";"0.579";"10.9";"107";"0.981";"0.034";"108";"270";"0.600"
"2025-06-28 10:19:47.146";"2025-06-28";"10:19:47";"F";"292";"111";"249";"65";"0.554";"15.1";"104";"0.952";"0.084";"108";"270";"0.600"
"2025-06-28 10:20:17.133";"2025-06-28";"10:20:17";"F";"293";"109";"217";"90";"0.498";"18.8";"98";"0.908";"0.244";"108";"270";"0.600"
"2025-06-28 10:20:47.114";"2025-06-28";"10:20:47";"F";"294";"110";"190";"125";"0.421";"22.1";"92";"0.816";"0.421";"108";"270";"0.600"
"2025-06-28 10:21:17.109";"2025-06-28";"10:21:17";"F";"295";"111";"166";"190";"0.331";"26.4";"86";"0.688";"0.627";"108";"270";"0.600"
"2025-06-28 10:21:47.100";"2025-06-28";"10:21:47";"F";"296";"112";"151";"285";"0.258";"30.9";"82";"0.565";"0.788";"108";"270";"0.600"
"2025-06-28 10:22:17.084";"2025-06-28";"10:22:17";"F";"297";"114";"144";"420";"0.208";"36.7";"80";"0.469";"0.875";"108";"270";"0.600"
"2025-06-28 10:22:20.390";"2025-06-28";"10:22:20";"SLCE";"";"Light Curve end ";""
"2025-06-28 10:23:03.281";"2025-06-28";"10:23:03";"SLCS";"";"Light Curve start ";"546"
"2025-06-28 10:23:03.281";"2025-06-28";"10:23:03";"REG1";"";"#1: alpha: - , ETRm: - , Ik: -   ( beta: - 0.011, ETRmPot: 19.538 )   (Platt et al. 1980) ";""
"2025-06-28 10:23:03.281";"2025-06-28";"10:23:03";"REG2";"";"#1: alpha: 0.214, ETRm: 23.058, Ik: 107.809   (Jassby and Platt 1976) ";""
"2025-06-28 10:23:04.690";"2025-06-28";"10:23:04";"FO";"298";"181";"451";"0";"0.599";"0.0";"-";"-";"-";"181";"451";"0.599"
"2025-06-28 10:23:34.677";"2025-06-28";"10:23:34";"F";"299";"192";"449";"25";"0.572";"6.0";"181";"0.959";"0.004";"181";"451";"0.599"
"2025-06-28 10:24:04.672";"2025-06-28";"10:24:04";"F";"300";"197";"421";"45";"0.532";"10.1";"176";"0.914";"0.071";"181";"451";"0.599"
"2025-06-28 10:24:34.661";"2025-06-28";"10:24:34";"F";"301";"203";"390";"65";"0.479";"13.1";"170";"0.850";"0.156";"181";"451";"0.599"
"2025-06-28 10:25:04.641";"2025-06-28";"10:25:04";"F";"302";"213";"361";"90";"0.410";"15.5";"165";"0.755";"0.249";"181";"451";"0.599"
"2025-06-28 10:25:34.634";"2025-06-28";"10:25:34";"F";"303";"220";"334";"125";"0.341";"17.9";"159";"0.651";"0.350";"181";"451";"0.599"
"2025-06-28 10:26:04.627";"2025-06-28";"10:26:04";"F";"304";"229";"306";"190";"0.252";"20.1";"152";"0.500";"0.474";"181";"451";"0.599"
"2025-06-28 10:26:34.614";"2025-06-28";"10:26:34";"F";"305";"236";"292";"285";"0.192";"23.0";"149";"0.392";"0.545";"181";"451";"0.599"
"2025-06-28 10:27:04.600";"2025-06-28";"10:27:04";"F";"306";"242";"281";"420";"0.139";"24.5";"146";"0.289";"0.605";"181";"451";"0.599"
"2025-06-28 10:27:08.496";"2025-06-28";"10:27:08";"SLCE";"";"Light Curve end ";""
"2025-06-28 10:28:33.354";"2025-06-28";"10:28:33";"SLCS";"";"Light Curve start ";"547"
"2025-06-28 10:28:33.354";"2025-06-28";"10:28:33";"REG1";"";"#1: alpha: - , ETRm: - , Ik: -   ( beta: - 0.013, ETRmPot: 24.050 )   (Platt et al. 1980) ";""
"2025-06-28 10:28:33.354";"2025-06-28";"10:28:33";"REG2";"";"#1: alpha: 0.219, ETRm: 28.513, Ik: 130.359   (Jassby and Platt 1976) ";""
"2025-06-28 10:28:34.748";"2025-06-28";"10:28:34";"FO";"307";"113";"270";"0";"0.581";"0.0";"-";"-";"-";"113";"270";"0.581"
"2025-06-28 10:29:04.736";"2025-06-28";"10:29:04";"F";"308";"124";"292";"25";"0.575";"6.0";"117";"0.960";"- 0.075";"113";"270";"0.581"
"2025-06-28 10:29:34.721";"2025-06-28";"10:29:34";"F";"309";"129";"295";"45";"0.563";"10.6";"117";"0.933";"- 0.085";"113";"270";"0.581"
"2025-06-28 10:30:04.716";"2025-06-28";"10:30:04";"F";"310";"135";"281";"65";"0.520";"14.2";"115";"0.880";"- 0.039";"113";"270";"0.581"
"2025-06-28 10:30:34.704";"2025-06-28";"10:30:34";"F";"311";"141";"259";"90";"0.456";"17.2";"111";"0.797";"0.042";"113";"270";"0.581"
"2025-06-28 10:31:04.685";"2025-06-28";"10:31:04";"F";"312";"147";"238";"125";"0.382";"20.1";"107";"0.695";"0.134";"113";"270";"0.581"
"2025-06-28 10:31:34.672";"2025-06-28";"10:31:34";"F";"313";"153";"219";"190";"0.301";"24.0";"103";"0.569";"0.233";"113";"270";"0.581"
"2025-06-28 10:32:04.670";"2025-06-28";"10:32:04";"F";"314";"158";"205";"285";"0.229";"27.4";"100";"0.448";"0.317";"113";"270";"0.581"
"2025-06-28 10:32:34.656";"2025-06-28";"10:32:34";"F";"315";"161";"194";"420";"0.170";"30.0";"97";"0.340";"0.392";"113";"270";"0.581"
"2025-06-28 10:32:38.593";"2025-06-28";"10:32:38";"SLCE";"";"Light Curve end ";""
"2025-06-28 10:32:59.705";"2025-06-28";"10:32:59";"SLCS";"";"Light Curve start ";"548"
"2025-06-28 10:32:59.705";"2025-06-28";"10:32:59";"REG1";"";"#1: alpha: 0.272, ETRm: 38.450, Ik: 141.212   ( beta: 0.037, ETRmPot: 58.202 )   (Platt et al. 1980) ";""
"2025-06-28 10:32:59.705";"2025-06-28";"10:32:59";"REG2";"";"#1: alpha: 0.229, ETRm: 38.360, Ik: 167.580   (Jassby and Platt 1976) ";""
"2025-06-28 10:33:01.104";"2025-06-28";"10:33:01";"FO";"316";"63";"139";"0";"0.547";"0.0";"-";"-";"-";"63";"139";"0.547"
"2025-06-28 10:33:31.113";"2025-06-28";"10:33:31";"F";"317";"68";"150";"25";"0.547";"5.7";"65";"0.965";"- 0.073";"63";"139";"0.547"
"2025-06-28 10:34:01.104";"2025-06-28";"10:34:01";"F";"318";"70";"157";"45";"0.554";"10.5";"66";"0.956";"- 0.115";"63";"139";"0.547"
"2025-06-28 10:34:31.092";"2025-06-28";"10:34:31";"F";"319";"73";"158";"65";"0.538";"14.7";"67";"0.934";"- 0.120";"63";"139";"0.547"
"2025-06-28 10:35:01.071";"2025-06-28";"10:35:01";"F";"320";"76";"155";"90";"0.510";"19.3";"66";"0.888";"- 0.103";"63";"139";"0.547"
"2025-06-28 10:35:31.069";"2025-06-28";"10:35:31";"F";"321";"82";"149";"125";"0.450";"23.6";"65";"0.798";"- 0.067";"63";"139";"0.547"
"2025-06-28 10:36:01.051";"2025-06-28";"10:36:01";"F";"322";"87";"142";"190";"0.387";"30.9";"64";"0.705";"- 0.021";"63";"139";"0.547"
"2025-06-28 10:36:31.038";"2025-06-28";"10:36:31";"F";"323";"93";"132";"285";"0.295";"35.3";"62";"0.557";"0.053";"63";"139";"0.547"
"2025-06-28 10:37:01.026";"2025-06-28";"10:37:01";"F";"324";"97";"124";"420";"0.218";"38.5";"60";"0.422";"0.121";"63";"139";"0.547"
"2025-06-28 10:37:04.848";"2025-06-28";"10:37:04";"SLCE";"";"Light Curve end ";""
"2025-06-28 10:37:29.894";"2025-06-28";"10:37:29";"SLCS";"";"Light Curve start ";"541"
"2025-06-28 10:37:29.894";"2025-06-28";"10:37:29";"REG1";"";"#1: alpha: - , ETRm: - , Ik: -   ( beta: - 0.002, ETRmPot: 15.778 )   (Platt et al. 1980) ";""
"2025-06-28 10:37:29.894";"2025-06-28";"10:37:29";"REG2";"";"#1: alpha: 0.257, ETRm: 16.081, Ik: 62.632   (Jassby and Platt 1976) ";""
"2025-06-28 10:37:31.293";"2025-06-28";"10:37:31";"FO";"325";"130";"296";"0";"0.561";"0.0";"-";"-";"-";"130";"296";"0.561"
"2025-06-28 10:38:01.281";"2025-06-28";"10:38:01";"F";"326";"143";"325";"25";"0.560";"5.9";"135";"0.958";"- 0.089";"130";"296";"0.561"
"2025-06-28 10:38:31.262";"2025-06-28";"10:38:31";"F";"327";"150";"327";"45";"0.541";"10.2";"136";"0.927";"- 0.095";"130";"296";"0.561"
"2025-06-28 10:39:01.251";"2025-06-28";"10:39:01";"F";"328";"154";"286";"65";"0.462";"12.6";"128";"0.835";"0.035";"130";"296";"0.561"
"2025-06-28 10:39:31.246";"2025-06-28";"10:39:31";"F";"329";"160";"255";"90";"0.373";"14.1";"121";"0.709";"0.161";"130";"296";"0.561"
"2025-06-28 10:40:01.228";"2025-06-28";"10:40:01";"F";"330";"164";"232";"125";"0.293";"15.4";"116";"0.586";"0.276";"130";"296";"0.561"
"2025-06-28 10:40:31.218";"2025-06-28";"10:40:31";"F";"331";"171";"212";"190";"0.193";"15.4";"111";"0.406";"0.396";"130";"296";"0.561"
"2025-06-28 10:41:01.213";"2025-06-28";"10:41:01";"F";"332";"175";"202";"285";"0.134";"16.0";"108";"0.287";"0.465";"130";"296";"0.561"
"2025-06-28 10:41:31.199";"2025-06-28";"10:41:31";"F";"333";"178";"197";"420";"0.096";"16.9";"106";"0.209";"0.503";"130";"296";"0.561"
"2025-06-28 10:41:34.771";"2025-06-28";"10:41:34";"SLCE";"";"Light Curve end ";""
"2025-06-28 10:42:15.763";"2025-06-28";"10:42:15";"SLCS";"";"Light Curve start ";"542"
"2025-06-28 10:42:15.763";"2025-06-28";"10:42:15";"REG1";"";"#1: alpha: 0.286, ETRm: 18.036, Ik: 63.162   ( beta: 0.001, ETRmPot: 18.336 )   (Platt et al. 1980) ";""
"2025-06-28 10:42:15.763";"2025-06-28";"10:42:15";"REG2";"";"#1: alpha: 0.217, ETRm: 17.704, Ik: 81.439   (Jassby and Platt 1976) ";""
"2025-06-28 10:42:17.167";"2025-06-28";"10:42:17";"FO";"334";"150";"369";"0";"0.593";"0.0";"-";"-";"-";"150";"369";"0.593"
"2025-06-28 10:42:47.156";"2025-06-28";"10:42:47";"F";"335";"162";"347";"25";"0.533";"5.6";"146";"0.920";"0.063";"150";"369";"0.593"
"2025-06-28 10:43:17.161";"2025-06-28";"10:43:17";"F";"336";"165";"321";"45";"0.486";"9.2";"141";"0.867";"0.150";"150";"369";"0.593"
"2025-06-28 10:43:47.146";"2025-06-28";"10:43:47";"F";"337";"171";"302";"65";"0.434";"11.8";"138";"0.799";"0.222";"150";"369";"0.593"
"2025-06-28 10:44:17.141";"2025-06-28";"10:44:17";"F";"338";"178";"283";"90";"0.371";"14.0";"134";"0.705";"0.304";"150";"369";"0.593"
"2025-06-28 10:44:47.123";"2025-06-28";"10:44:47";"F";"339";"184";"262";"125";"0.298";"15.6";"129";"0.586";"0.408";"150";"369";"0.593"
"2025-06-28 10:45:17.114";"2025-06-28";"10:45:17";"F";"340";"192";"244";"190";"0.213";"17.0";"124";"0.433";"0.512";"150";"369";"0.593"
"2025-06-28 10:45:47.110";"2025-06-28";"10:45:47";"F";"341";"197";"232";"285";"0.151";"18.1";"121";"0.315";"0.591";"150";"369";"0.593"
"2025-06-28 10:46:17.090";"2025-06-28";"10:46:17";"F";"342";"202";"225";"420";"0.102";"18.0";"119";"0.217";"0.640";"150";"369";"0.593"
"2025-06-28 10:46:20.180";"2025-06-28";"10:46:20";"SLCE";"";"Light Curve end ";""
"2025-06-28 10:47:05.849";"2025-06-28";"10:47:05";"SLCS";"";"Light Curve start ";"543"
"2025-06-28 10:47:05.849";"2025-06-28";"10:47:05";"REG1";"";"#1: alpha: 0.297, ETRm: 28.595, Ik: 96.151   ( beta: 0.002, ETRmPot: 29.987 )   (Platt et al. 1980) ";""
"2025-06-28 10:47:05.849";"2025-06-28";"10:47:05";"REG2";"";"#1: alpha: 0.234, ETRm: 27.929, Ik: 119.273   (Jassby and Platt 1976) ";""
"2025-06-28 10:47:07.236";"2025-06-28";"10:47:07";"FO";"343";"90";"224";"0";"0.598";"0.0";"-";"-";"-";"90";"224";"0.598"
"2025-06-28 10:47:37.225";"2025-06-28";"10:47:37";"F";"344";"95";"223";"25";"0.574";"6.0";"90";"0.962";"0.004";"90";"224";"0.598"
"2025-06-28 10:48:07.223";"2025-06-28";"10:48:07";"F";"345";"98";"220";"45";"0.555";"10.5";"89";"0.931";"0.018";"90";"224";"0.598"
"2025-06-28 10:48:37.203";"2025-06-28";"10:48:37";"F";"346";"100";"216";"65";"0.537";"14.7";"89";"0.913";"0.037";"90";"224";"0.598"
"2025-06-28 10:49:07.195";"2025-06-28";"10:49:07";"F";"347";"104";"195";"90";"0.467";"17.7";"85";"0.827";"0.149";"90";"224";"0.598"
"2025-06-28 10:49:37.185";"2025-06-28";"10:49:37";"F";"348";"108";"180";"125";"0.400";"21.0";"82";"0.735";"0.244";"90";"224";"0.598"
"2025-06-28 10:50:07.168";"2025-06-28";"10:50:07";"F";"349";"115";"168";"190";"0.315";"25.1";"79";"0.596";"0.333";"90";"224";"0.598"
"2025-06-28 10:50:37.165";"2025-06-28";"10:50:37";"F";"350";"121";"157";"285";"0.229";"27.4";"77";"0.450";"0.427";"90";"224";"0.598"
"2025-06-28 10:51:07.148";"2025-06-28";"10:51:07";"F";"351";"124";"148";"420";"0.162";"28.6";"75";"0.329";"0.514";"90";"224";"0.598"
"2025-06-28 10:51:11.054";"2025-06-28";"10:51:11";"SLCE";"";"Light Curve end ";""
"2025-06-28 10:51:39.951";"2025-06-28";"10:51:39";"SLCS";"";"Light Curve start ";"544"
"2025-06-28 10:51:39.951";"2025-06-28";"10:51:39";"REG1";"";"#1: alpha: - , ETRm: - , Ik: -   ( beta: - 0.010, ETRmPot: 15.042 )   (Platt et al. 1980) ";""
"2025-06-28 10:51:39.951";"2025-06-28";"10:51:39";"REG2";"";"#1: alpha: 0.187, ETRm: 18.449, Ik: 98.856   (Jassby and Platt 1976) ";""
"2025-06-28 10:51:41.350";"2025-06-28";"10:51:41";"FO";"352";"183";"417";"0";"0.561";"0.0";"-";"-";"-";"183";"417";"0.561"
"2025-06-28 10:52:11.340";"2025-06-28";"10:52:11";"F";"353";"204";"397";"25";"0.486";"5.1";"179";"0.885";"0.050";"183";"417";"0.561"
"2025-06-28 10:52:41.326";"2025-06-28";"10:52:41";"F";"354";"210";"393";"45";"0.466";"8.8";"178";"0.851";"0.061";"183";"417";"0.561"
"2025-06-28 10:53:11.336";"2025-06-28";"10:53:11";"F";"355";"213";"358";"65";"0.405";"11.1";"171";"0.775";"0.165";"183";"417";"0.561"
"2025-06-28 10:53:41.326";"2025-06-28";"10:53:41";"F";"356";"215";"327";"90";"0.343";"13.0";"163";"0.683";"0.275";"183";"417";"0.561"
"2025-06-28 10:54:11.305";"2025-06-28";"10:54:11";"F";"357";"219";"304";"125";"0.280";"14.7";"157";"0.578";"0.372";"183";"417";"0.561"
"2025-06-28 10:54:41.296";"2025-06-28";"10:54:41";"F";"358";"226";"285";"190";"0.207";"16.5";"152";"0.444";"0.463";"183";"417";"0.561"
"2025-06-28 10:55:11.282";"2025-06-28";"10:55:11";"F";"359";"231";"272";"285";"0.151";"18.1";"148";"0.331";"0.533";"183";"417";"0.561"
"2025-06-28 10:55:41.273";"2025-06-28";"10:55:41";"F";"360";"234";"264";"420";"0.114";"20.1";"146";"0.254";"0.580";"183";"417";"0.561"
"2025-06-28 10:55:44.596";"2025-06-28";"10:55:44";"SLCE";"";"Light Curve end ";""
"2025-06-28 10:56:15.977";"2025-06-28";"10:56:15";"SLCS";"";"Light Curve start ";"505"
"2025-06-28 10:56:15.977";"2025-06-28";"10:56:15";"REG1";"";"#1: alpha: 0.327, ETRm: 24.775, Ik: 75.654   ( beta: 0.025, ETRmPot: 32.661 )   (Platt et al. 1980) ";""
"2025-06-28 10:56:15.977";"2025-06-28";"10:56:15";"REG2";"";"#1: alpha: 0.271, ETRm: 24.183, Ik: 89.357   (Jassby and Platt 1976) ";""
"2025-06-28 10:56:17.359";"2025-06-28";"10:56:17";"FO";"361";"159";"365";"0";"0.564";"0.0";"-";"-";"-";"159";"365";"0.564"
"2025-06-28 10:56:47.355";"2025-06-28";"10:56:47";"F";"362";"165";"401";"25";"0.589";"6.2";"165";"1.000";"- 0.090";"159";"365";"0.564"
"2025-06-28 10:57:17.344";"2025-06-28";"10:57:17";"F";"363";"171";"410";"45";"0.583";"11.0";"167";"0.984";"- 0.110";"159";"365";"0.564"
"2025-06-28 10:57:47.333";"2025-06-28";"10:57:47";"F";"364";"176";"391";"65";"0.550";"15.0";"164";"0.947";"- 0.066";"159";"365";"0.564"
"2025-06-28 10:58:17.321";"2025-06-28";"10:58:17";"F";"365";"179";"352";"90";"0.491";"18.6";"156";"0.883";"0.037";"159";"365";"0.564"
"2025-06-28 10:58:47.302";"2025-06-28";"10:58:47";"F";"366";"184";"315";"125";"0.416";"21.8";"149";"0.789";"0.159";"159";"365";"0.564"
"2025-06-28 10:59:17.300";"2025-06-28";"10:59:17";"F";"367";"189";"270";"190";"0.300";"23.9";"138";"0.614";"0.352";"159";"365";"0.564"
"2025-06-28 10:59:47.279";"2025-06-28";"10:59:47";"F";"368";"195";"244";"285";"0.201";"24.1";"131";"0.434";"0.496";"159";"365";"0.564"
"2025-06-28 11:00:17.270";"2025-06-28";"11:00:17";"F";"369";"201";"232";"420";"0.134";"23.6";"127";"0.295";"0.573";"159";"365";"0.564"
"2025-06-28 11:00:20.855";"2025-06-28";"11:00:20";"SLCE";"";"Light Curve end ";""
"2025-06-28 11:01:20.462";"2025-06-28";"11:01:20";"SLCS";"";"Light Curve start ";"506"
"2025-06-28 11:01:20.462";"2025-06-28";"11:01:20";"REG1";"";"#1: alpha: - , ETRm: - , Ik: -   ( beta: - 0.011, ETRmPot: 21.467 )   (Platt et al. 1980) ";""
"2025-06-28 11:01:20.462";"2025-06-28";"11:01:20";"REG2";"";"#1: alpha: 0.223, ETRm: 25.043, Ik: 112.482   (Jassby and Platt 1976) ";""
"2025-06-28 11:01:21.858";"2025-06-28";"11:01:21";"FO";"370";"131";"298";"0";"0.560";"0.0";"-";"-";"-";"131";"298";"0.560"
"2025-06-28 11:01:51.845";"2025-06-28";"11:01:51";"F";"371";"138";"326";"25";"0.577";"6.1";"136";"0.989";"- 0.086";"131";"298";"0.560"
"2025-06-28 11:02:21.835";"2025-06-28";"11:02:21";"F";"372";"142";"322";"45";"0.559";"10.6";"135";"0.963";"- 0.075";"131";"298";"0.560"
"2025-06-28 11:02:51.821";"2025-06-28";"11:02:51";"F";"373";"149";"294";"65";"0.493";"13.5";"130";"0.884";"0.014";"131";"298";"0.560"
"2025-06-28 11:03:21.835";"2025-06-28";"11:03:21";"F";"374";"154";"271";"90";"0.432";"16.3";"126";"0.807";"0.100";"131";"298";"0.560"
"2025-06-28 11:03:51.819";"2025-06-28";"11:03:51";"F";"375";"159";"252";"125";"0.369";"19.4";"121";"0.710";"0.183";"131";"298";"0.560"
"2025-06-28 11:04:21.814";"2025-06-28";"11:04:21";"F";"376";"169";"235";"190";"0.281";"22.4";"117";"0.559";"0.268";"131";"298";"0.560"
"2025-06-28 11:04:51.802";"2025-06-28";"11:04:51";"F";"377";"176";"220";"285";"0.200";"23.9";"113";"0.411";"0.355";"131";"298";"0.560"
"2025-06-28 11:05:21.789";"2025-06-28";"11:05:21";"F";"378";"179";"211";"420";"0.152";"26.8";"111";"0.320";"0.412";"131";"298";"0.560"
"2025-06-28 11:05:25.416";"2025-06-28";"11:05:25";"SLCE";"";"Light Curve end ";""
"2025-06-28 11:06:07.471";"2025-06-28";"11:06:07";"SLCS";"";"Light Curve start ";"507"
"2025-06-28 11:06:07.471";"2025-06-28";"11:06:07";"REG1";"";"#1: alpha: 0.284, ETRm: 34.061, Ik: 119.995   ( beta: 0.000, ETRmPot: 34.287 )   (Platt et al. 1980) ";""
"2025-06-28 11:06:07.471";"2025-06-28";"11:06:07";"REG2";"";"#1: alpha: 0.225, ETRm: 32.434, Ik: 143.907   (Jassby and Platt 1976) ";""
"2025-06-28 11:06:08.860";"2025-06-28";"11:06:08";"FO";"379";"130";"284";"0";"0.542";"0.0";"-";"-";"-";"130";"284";"0.542"
"2025-06-28 11:06:38.849";"2025-06-28";"11:06:38";"F";"380";"139";"315";"25";"0.559";"5.9";"136";"0.983";"- 0.098";"130";"284";"0.542"
"2025-06-28 11:07:08.844";"2025-06-28";"11:07:08";"F";"381";"142";"323";"45";"0.560";"10.6";"138";"0.978";"- 0.121";"130";"284";"0.542"
"2025-06-28 11:07:38.826";"2025-06-28";"11:07:38";"F";"382";"149";"317";"65";"0.530";"14.5";"137";"0.933";"- 0.104";"130";"284";"0.542"
"2025-06-28 11:08:08.821";"2025-06-28";"11:08:08";"F";"383";"154";"294";"90";"0.476";"18.0";"132";"0.864";"- 0.034";"130";"284";"0.542"
"2025-06-28 11:08:38.803";"2025-06-28";"11:08:38";"F";"384";"160";"277";"125";"0.422";"22.2";"129";"0.791";"0.025";"130";"284";"0.542"
"2025-06-28 11:09:08.799";"2025-06-28";"11:09:08";"F";"385";"168";"255";"190";"0.341";"27.2";"124";"0.664";"0.114";"130";"284";"0.542"
"2025-06-28 11:09:38.780";"2025-06-28";"11:09:38";"F";"386";"176";"237";"285";"0.257";"30.8";"119";"0.517";"0.198";"130";"284";"0.542"
"2025-06-28 11:10:08.774";"2025-06-28";"11:10:08";"F";"387";"182";"224";"420";"0.188";"33.2";"116";"0.389";"0.268";"130";"284";"0.542"
"2025-06-28 11:10:12.684";"2025-06-28";"11:10:12";"SLCE";"";"Light Curve end ";""
"2025-06-28 11:10:47.955";"2025-06-28";"11:10:47";"SLCS";"";"Light Curve start ";"508"
"2025-06-28 11:10:47.955";"2025-06-28";"11:10:47";"REG1";"";"#1: alpha: 0.289, ETRm: 31.247, Ik: 108.143   ( beta: 0.006, ETRmPot: 34.696 )   (Platt et al. 1980) ";""
"2025-06-28 11:10:47.955";"2025-06-28";"11:10:47";"REG2";"";"#1: alpha: 0.231, ETRm: 30.691, Ik: 132.689   (Jassby and Platt 1976) ";""
"2025-06-28 11:10:49.355";"2025-06-28";"11:10:49";"FO";"388";"94";"242";"0";"0.612";"0.0";"-";"-";"-";"94";"242";"0.612"
"2025-06-28 11:11:19.342";"2025-06-28";"11:11:19";"F";"389";"105";"248";"25";"0.577";"6.1";"95";"0.935";"- 0.024";"94";"242";"0.612"
"2025-06-28 11:11:49.324";"2025-06-28";"11:11:49";"F";"390";"107";"248";"45";"0.569";"10.8";"95";"0.922";"- 0.024";"94";"242";"0.612"
"2025-06-28 11:12:19.315";"2025-06-28";"11:12:19";"F";"391";"112";"240";"65";"0.533";"14.6";"94";"0.877";"0.008";"94";"242";"0.612"
"2025-06-28 11:12:49.302";"2025-06-28";"11:12:49";"F";"392";"119";"227";"90";"0.476";"18.0";"92";"0.800";"0.066";"94";"242";"0.612"
"2025-06-28 11:13:19.312";"2025-06-28";"11:13:19";"F";"393";"124";"213";"125";"0.418";"21.9";"89";"0.718";"0.136";"94";"242";"0.612"
"2025-06-28 11:13:49.306";"2025-06-28";"11:13:49";"F";"394";"132";"198";"190";"0.333";"26.6";"87";"0.595";"0.222";"94";"242";"0.612"
"2025-06-28 11:14:19.286";"2025-06-28";"11:14:19";"F";"395";"138";"184";"285";"0.250";"29.9";"84";"0.460";"0.315";"94";"242";"0.612"
"2025-06-28 11:14:49.277";"2025-06-28";"11:14:49";"F";"396";"144";"175";"420";"0.177";"31.2";"82";"0.333";"0.383";"94";"242";"0.612"
"2025-06-28 11:14:52.618";"2025-06-28";"11:14:52";"SLCE";"";"Light Curve end ";""
"2025-06-28 11:16:01.656";"2025-06-28";"11:16:01";"SLCS";"";"Light Curve start ";"501"
"2025-06-28 11:16:01.656";"2025-06-28";"11:16:01";"REG1";"";"#1: alpha: - , ETRm: - , Ik: -   ( beta: - 0.005, ETRmPot: 24.418 )   (Platt et al. 1980) ";""
"2025-06-28 11:16:01.656";"2025-06-28";"11:16:01";"REG2";"";"#1: alpha: 0.234, ETRm: 25.404, Ik: 108.625   (Jassby and Platt 1976) ";""
"2025-06-28 11:16:03.077";"2025-06-28";"11:16:03";"FO";"397";"126";"295";"0";"0.573";"0.0";"-";"-";"-";"126";"295";"0.573"
"2025-06-28 11:16:33.062";"2025-06-28";"11:16:33";"F";"398";"138";"323";"25";"0.573";"6.0";"131";"0.964";"- 0.087";"126";"295";"0.573"
"2025-06-28 11:17:03.055";"2025-06-28";"11:17:03";"F";"399";"144";"333";"45";"0.568";"10.7";"132";"0.940";"- 0.114";"126";"295";"0.573"
"2025-06-28 11:17:33.043";"2025-06-28";"11:17:33";"F";"400";"150";"308";"65";"0.513";"14.0";"128";"0.878";"- 0.042";"126";"295";"0.573"
"2025-06-28 11:18:03.025";"2025-06-28";"11:18:03";"F";"401";"153";"278";"90";"0.450";"17.0";"123";"0.806";"0.061";"126";"295";"0.573"
"2025-06-28 11:18:33.020";"2025-06-28";"11:18:33";"F";"402";"156";"254";"125";"0.386";"20.3";"118";"0.721";"0.161";"126";"295";"0.573"
"2025-06-28 11:19:03.001";"2025-06-28";"11:19:03";"F";"403";"160";"225";"190";"0.289";"23.1";"111";"0.570";"0.311";"126";"295";"0.573"
"2025-06-28 11:19:32.996";"2025-06-28";"11:19:32";"F";"404";"162";"204";"285";"0.206";"24.7";"106";"0.429";"0.446";"126";"295";"0.573"
"2025-06-28 11:20:02.986";"2025-06-28";"11:20:02";"F";"405";"163";"192";"420";"0.151";"26.6";"103";"0.326";"0.536";"126";"295";"0.573"
"2025-06-28 11:20:05.358";"2025-06-28";"11:20:05";"SLCE";"";"Light Curve end ";""
"2025-06-28 11:21:21.826";"2025-06-28";"11:21:21";"SLCS";"";"Light Curve start ";"502"
"2025-06-28 11:21:21.826";"2025-06-28";"11:21:21";"REG1";"";"#1: alpha: 0.289, ETRm: 26.440, Ik: 91.410   ( beta: 0.003, ETRmPot: 27.884 )   (Platt et al. 1980) ";""
"2025-06-28 11:21:21.826";"2025-06-28";"11:21:21";"REG2";"";"#1: alpha: 0.226, ETRm: 25.931, Ik: 114.561   (Jassby and Platt 1976) ";""
"2025-06-28 11:21:23.221";"2025-06-28";"11:21:23";"FO";"406";"108";"287";"0";"0.624";"0.0";"-";"-";"-";"108";"287";"0.624"
"2025-06-28 11:21:53.206";"2025-06-28";"11:21:53";"F";"407";"122";"296";"25";"0.588";"6.2";"109";"0.930";"- 0.030";"108";"287";"0.624"
"2025-06-28 11:22:23.191";"2025-06-28";"11:22:23";"F";"408";"126";"295";"45";"0.573";"10.8";"109";"0.909";"- 0.027";"108";"287";"0.624"
"2025-06-28 11:22:53.188";"2025-06-28";"11:22:53";"F";"409";"133";"271";"65";"0.509";"13.9";"106";"0.836";"0.059";"108";"287";"0.624"
"2025-06-28 11:23:23.197";"2025-06-28";"11:23:23";"F";"410";"140";"249";"90";"0.438";"16.6";"102";"0.741";"0.153";"108";"287";"0.624"
"2025-06-28 11:23:53.178";"2025-06-28";"11:23:53";"F";"411";"145";"230";"125";"0.370";"19.4";"99";"0.649";"0.248";"108";"287";"0.624"
"2025-06-28 11:24:23.175";"2025-06-28";"11:24:23";"F";"412";"147";"209";"190";"0.297";"23.7";"95";"0.544";"0.373";"108";"287";"0.624"
"2025-06-28 11:24:53.154";"2025-06-28";"11:24:53";"F";"413";"148";"189";"285";"0.217";"26.0";"90";"0.414";"0.519";"108";"287";"0.624"
"2025-06-28 11:25:23.147";"2025-06-28";"11:25:23";"F";"414";"149";"175";"420";"0.149";"26.3";"87";"0.295";"0.640";"108";"287";"0.624"
"2025-06-28 11:25:27.018";"2025-06-28";"11:25:27";"SLCE";"";"Light Curve end ";""
"2025-06-28 11:26:24.409";"2025-06-28";"11:26:24";"SLCS";"";"Light Curve start ";"503"
"2025-06-28 11:26:24.409";"2025-06-28";"11:26:24";"REG1";"";"#1: alpha: 0.311, ETRm: 39.301, Ik: 126.460   ( beta: 0.014, ETRmPot: 47.510 )   (Platt et al. 1980) ";""
"2025-06-28 11:26:24.409";"2025-06-28";"11:26:24";"REG2";"";"#1: alpha: 0.255, ETRm: 38.689, Ik: 151.658   (Jassby and Platt 1976) ";""
"2025-06-28 11:26:25.806";"2025-06-28";"11:26:25";"FO";"415";"73";"156";"0";"0.532";"0.0";"-";"-";"-";"73";"156";"0.532"
"2025-06-28 11:26:55.789";"2025-06-28";"11:26:55";"F";"416";"79";"193";"25";"0.591";"6.2";"80";"1.009";"- 0.192";"73";"156";"0.532"
"2025-06-28 11:27:25.784";"2025-06-28";"11:27:25";"F";"417";"81";"196";"45";"0.587";"11.1";"81";"1.000";"- 0.204";"73";"156";"0.532"
"2025-06-28 11:27:55.775";"2025-06-28";"11:27:55";"F";"418";"81";"198";"65";"0.591";"16.1";"81";"1.000";"- 0.212";"73";"156";"0.532"
"2025-06-28 11:28:25.763";"2025-06-28";"11:28:25";"F";"419";"83";"192";"90";"0.568";"21.5";"80";"0.973";"- 0.187";"73";"156";"0.532"
"2025-06-28 11:28:55.747";"2025-06-28";"11:28:55";"F";"420";"85";"169";"125";"0.497";"26.1";"76";"0.903";"- 0.077";"73";"156";"0.532"
"2025-06-28 11:29:25.734";"2025-06-28";"11:29:25";"F";"421";"87";"144";"190";"0.396";"31.6";"70";"0.770";"0.083";"73";"156";"0.532"
"2025-06-28 11:29:55.719";"2025-06-28";"11:29:55";"F";"422";"91";"131";"285";"0.305";"36.5";"67";"0.625";"0.191";"73";"156";"0.532"
"2025-06-28 11:30:25.708";"2025-06-28";"11:30:25";"F";"423";"94";"121";"420";"0.223";"39.3";"64";"0.474";"0.289";"73";"156";"0.532"
"2025-06-28 11:30:28.772";"2025-06-28";"11:30:28";"SLCE";"";"Light Curve end ";""
"2025-06-28 11:31:12.882";"2025-06-28";"11:31:12";"SLCS";"";"Light Curve start ";"504"
"2025-06-28 11:31:12.882";"2025-06-28";"11:31:12";"REG1";"";"#1: alpha: - , ETRm: - , Ik: -   ( beta: - 0.014, ETRmPot: 16.145 )   (Platt et al. 1980) ";""
"2025-06-28 11:31:12.882";"2025-06-28";"11:31:12";"REG2";"";"#1: alpha: 0.213, ETRm: 21.168, Ik: 99.477   (Jassby and Platt 1976) ";""
"2025-06-28 11:31:14.267";"2025-06-28";"11:31:14";"FO";"424";"78";"185";"0";"0.578";"0.0";"-";"-";"-";"78";"185";"0.578"
"2025-06-28 11:31:44.254";"2025-06-28";"11:31:44";"F";"425";"88";"195";"25";"0.549";"5.8";"80";"0.930";"- 0.051";"78";"185";"0.578"
"2025-06-28 11:32:14.251";"2025-06-28";"11:32:14";"F";"426";"90";"192";"45";"0.531";"10.0";"79";"0.903";"- 0.036";"78";"185";"0.578"
"2025-06-28 11:32:44.240";"2025-06-28";"11:32:44";"F";"427";"93";"172";"65";"0.459";"12.5";"76";"0.823";"0.076";"78";"185";"0.578"
"2025-06-28 11:33:14.241";"2025-06-28";"11:33:14";"F";"428";"97";"160";"90";"0.394";"14.9";"73";"0.724";"0.156";"78";"185";"0.578"
"2025-06-28 11:33:44.228";"2025-06-28";"11:33:44";"F";"429";"99";"147";"125";"0.327";"17.2";"70";"0.623";"0.259";"78";"185";"0.578"
"2025-06-28 11:34:14.219";"2025-06-28";"11:34:14";"F";"430";"103";"135";"190";"0.237";"18.9";"67";"0.471";"0.370";"78";"185";"0.578"
"2025-06-28 11:34:44.205";"2025-06-28";"11:34:44";"F";"431";"107";"128";"285";"0.164";"19.6";"66";"0.339";"0.445";"78";"185";"0.578"
"2025-06-28 11:35:14.196";"2025-06-28";"11:35:14";"F";"432";"108";"125";"420";"0.136";"24.0";"65";"0.283";"0.480";"78";"185";"0.578"
"2025-06-28 11:35:17.761";"2025-06-28";"11:35:17";"SLCE";"";"Light Curve end ";""
