"2024-08-20";"17:52:55";"WinControl (rev 1195) report file"
"Datetime";"Date";"Time";"Type";"No.";"1:F";"1:Fm'";"1:PAR";"1:Y (II)";"1:ETR";"1:Fo'";"1:NPQ";"1:Fo";"1:Fm";"1:Fv/Fm"
"";"";"";"D";"";"Device Nr: #1, JUNIOR-PAM-III (CFMG1129B) ";""
"2024-08-20 13:36:33.101";"2024-08-20";"13:36:33";"SLCS";"";"Light Curve start ";"ct229"
"2024-08-20 13:36:33.101";"2024-08-20";"13:36:33";"REG1";"";"#1: alpha: - , ETRm: - , Ik: -   ( beta: - 0.009, ETRmPot: 34.752 )   (Platt et al. 1980) ";""
"2024-08-20 13:36:33.101";"2024-08-20";"13:36:33";"REG2";"";"#1: alpha: 0.166, ETRm: 40.285, Ik: 242.861   (Jassby and Platt 1976) ";""
"2024-08-20 13:36:34.497";"2024-08-20";"13:36:34";"FO";"1";"122";"259";"0";"0.529";"0.0";"-";"-";"122";"259";"0.529"
"2024-08-20 13:37:04.486";"2024-08-20";"13:37:04";"F";"2";"137";"243";"65";"0.436";"11.9";"118";"0.066";"122";"259";"0.529"
"2024-08-20 13:37:34.474";"2024-08-20";"13:37:34";"F";"3";"138";"235";"90";"0.413";"15.6";"116";"0.102";"122";"259";"0.529"
"2024-08-20 13:38:04.457";"2024-08-20";"13:38:04";"F";"4";"141";"227";"125";"0.379";"19.9";"114";"0.141";"122";"259";"0.529"
"2024-08-20 13:38:34.443";"2024-08-20";"13:38:34";"F";"5";"144";"213";"190";"0.324";"25.9";"111";"0.216";"122";"259";"0.529"
"2024-08-20 13:39:04.438";"2024-08-20";"13:39:04";"F";"6";"147";"200";"285";"0.265";"31.7";"107";"0.295";"122";"259";"0.529"
"2024-08-20 13:39:34.422";"2024-08-20";"13:39:34";"F";"7";"150";"189";"420";"0.206";"36.3";"104";"0.370";"122";"259";"0.529"
"2024-08-20 13:40:04.407";"2024-08-20";"13:40:04";"F";"8";"154";"181";"625";"0.149";"39.1";"101";"0.431";"122";"259";"0.529"
"2024-08-20 13:40:34.402";"2024-08-20";"13:40:34";"F";"9";"155";"177";"820";"0.124";"42.7";"100";"0.463";"122";"259";"0.529"
"2024-08-20 13:40:37.856";"2024-08-20";"13:40:37";"SLCE";"";"Light Curve end ";""
"2024-08-20 13:42:28.048";"2024-08-20";"13:42:28";"SLCS";"";"Light Curve start ";"ct230"
"2024-08-20 13:42:28.048";"2024-08-20";"13:42:28";"REG1";"";"#1: alpha: 0.270, ETRm: 33.057, Ik: 122.282   ( beta: 0.004, ETRmPot: 35.907 )   (Platt et al. 1980) ";""
"2024-08-20 13:42:28.048";"2024-08-20";"13:42:28";"REG2";"";"#1: alpha: 0.212, ETRm: 32.589, Ik: 153.976   (Jassby and Platt 1976) ";""
"2024-08-20 13:42:29.448";"2024-08-20";"13:42:29";"FO";"10";"155";"328";"0";"0.527";"0.0";"-";"-";"155";"328";"0.527"
"2024-08-20 13:42:59.431";"2024-08-20";"13:42:59";"F";"11";"163";"291";"65";"0.440";"12.0";"146";"0.127";"155";"328";"0.527"
"2024-08-20 13:43:29.417";"2024-08-20";"13:43:29";"F";"12";"162";"296";"90";"0.453";"17.1";"147";"0.108";"155";"328";"0.527"
"2024-08-20 13:43:59.405";"2024-08-20";"13:43:59";"F";"13";"163";"284";"125";"0.426";"22.4";"144";"0.155";"155";"328";"0.527"
"2024-08-20 13:44:29.399";"2024-08-20";"13:44:29";"F";"14";"165";"254";"190";"0.350";"27.9";"136";"0.291";"155";"328";"0.527"
"2024-08-20 13:44:59.388";"2024-08-20";"13:44:59";"F";"15";"170";"230";"285";"0.261";"31.2";"129";"0.426";"155";"328";"0.527"
"2024-08-20 13:45:29.379";"2024-08-20";"13:45:29";"F";"16";"177";"215";"420";"0.177";"31.2";"124";"0.526";"155";"328";"0.527"
"2024-08-20 13:45:59.366";"2024-08-20";"13:45:59";"F";"17";"180";"206";"625";"0.126";"33.1";"121";"0.592";"155";"328";"0.527"
"2024-08-20 13:46:29.347";"2024-08-20";"13:46:29";"F";"18";"181";"200";"820";"0.095";"32.7";"119";"0.640";"155";"328";"0.527"
"2024-08-20 13:46:32.716";"2024-08-20";"13:46:32";"SLCE";"";"Light Curve end ";""
"2024-08-20 13:46:51.161";"2024-08-20";"13:46:51";"SLCS";"";"Light Curve start ";"ct231"
"2024-08-20 13:46:51.161";"2024-08-20";"13:46:51";"REG1";"";"#1: alpha: - , ETRm: - , Ik: -   ( beta: - 0.010, ETRmPot: 19.388 )   (Platt et al. 1980) ";""
"2024-08-20 13:46:51.161";"2024-08-20";"13:46:51";"REG2";"";"#1: alpha: 0.114, ETRm: 27.607, Ik: 242.333   (Jassby and Platt 1976) ";""
"2024-08-20 13:46:52.561";"2024-08-20";"13:46:52";"FO";"19";"105";"185";"0";"0.432";"0.0";"-";"-";"105";"185";"0.432"
"2024-08-20 13:47:22.545";"2024-08-20";"13:47:22";"F";"20";"112";"171";"65";"0.345";"9.4";"100";"0.082";"105";"185";"0.432"
"2024-08-20 13:47:52.540";"2024-08-20";"13:47:52";"F";"21";"115";"165";"90";"0.303";"11.5";"98";"0.121";"105";"185";"0.432"
"2024-08-20 13:48:22.521";"2024-08-20";"13:48:22";"F";"22";"119";"161";"125";"0.261";"13.7";"97";"0.149";"105";"185";"0.432"
"2024-08-20 13:48:52.509";"2024-08-20";"13:48:52";"F";"23";"123";"156";"190";"0.212";"16.9";"95";"0.186";"105";"185";"0.432"
"2024-08-20 13:49:22.504";"2024-08-20";"13:49:22";"F";"24";"125";"153";"285";"0.183";"21.9";"94";"0.209";"105";"185";"0.432"
"2024-08-20 13:49:52.493";"2024-08-20";"13:49:52";"F";"25";"129";"149";"420";"0.134";"23.6";"92";"0.242";"105";"185";"0.432"
"2024-08-20 13:50:22.480";"2024-08-20";"13:50:22";"F";"26";"132";"147";"625";"0.102";"26.8";"92";"0.259";"105";"185";"0.432"
"2024-08-20 13:50:52.465";"2024-08-20";"13:50:52";"F";"27";"134";"147";"820";"0.088";"30.3";"92";"0.259";"105";"185";"0.432"
"2024-08-20 13:50:55.733";"2024-08-20";"13:50:55";"SLCE";"";"Light Curve end ";""
"2024-08-20 13:51:23.102";"2024-08-20";"13:51:23";"SLCS";"";"Light Curve start ";"ct232"
"2024-08-20 13:51:23.102";"2024-08-20";"13:51:23";"REG1";"";"#1: alpha: 0.259, ETRm: 51.291, Ik: 198.073   ( beta: 0.006, ETRmPot: 57.130 )   (Platt et al. 1980) ";""
"2024-08-20 13:51:23.102";"2024-08-20";"13:51:23";"REG2";"";"#1: alpha: 0.208, ETRm: 50.493, Ik: 242.341   (Jassby and Platt 1976) ";""
"2024-08-20 13:51:24.491";"2024-08-20";"13:51:24";"FO";"28";"104";"239";"0";"0.565";"0.0";"-";"-";"104";"239";"0.565"
"2024-08-20 13:51:54.500";"2024-08-20";"13:51:54";"F";"29";"114";"215";"65";"0.470";"12.8";"99";"0.112";"104";"239";"0.565"
"2024-08-20 13:52:24.489";"2024-08-20";"13:52:24";"F";"30";"118";"221";"90";"0.466";"17.6";"100";"0.081";"104";"239";"0.565"
"2024-08-20 13:52:54.484";"2024-08-20";"13:52:54";"F";"31";"118";"221";"125";"0.466";"24.5";"100";"0.081";"104";"239";"0.565"
"2024-08-20 13:53:24.470";"2024-08-20";"13:53:24";"F";"32";"119";"205";"190";"0.420";"33.5";"97";"0.166";"104";"239";"0.565"
"2024-08-20 13:53:54.459";"2024-08-20";"13:53:54";"F";"33";"122";"188";"285";"0.351";"42.0";"93";"0.271";"104";"239";"0.565"
"2024-08-20 13:54:24.446";"2024-08-20";"13:54:24";"F";"34";"127";"172";"420";"0.262";"46.2";"89";"0.390";"104";"239";"0.565"
"2024-08-20 13:54:54.429";"2024-08-20";"13:54:54";"F";"35";"132";"162";"625";"0.185";"48.6";"86";"0.475";"104";"239";"0.565"
"2024-08-20 13:55:24.422";"2024-08-20";"13:55:24";"F";"36";"134";"158";"820";"0.152";"52.3";"85";"0.513";"104";"239";"0.565"
"2024-08-20 13:55:27.874";"2024-08-20";"13:55:27";"SLCE";"";"Light Curve end ";""
"2024-08-20 13:56:07.555";"2024-08-20";"13:56:07";"SLCS";"";"Light Curve start ";"ct225"
"2024-08-20 13:56:07.555";"2024-08-20";"13:56:07";"REG1";"";"#1: alpha: 0.229, ETRm: 31.563, Ik: 137.828   ( beta: 0.009, ETRmPot: 37.210 )   (Platt et al. 1980) ";""
"2024-08-20 13:56:07.555";"2024-08-20";"13:56:07";"REG2";"";"#1: alpha: 0.186, ETRm: 30.929, Ik: 166.337   (Jassby and Platt 1976) ";""
"2024-08-20 13:56:08.952";"2024-08-20";"13:56:08";"FO";"37";"107";"257";"0";"0.584";"0.0";"-";"-";"107";"257";"0.584"
"2024-08-20 13:56:38.940";"2024-08-20";"13:56:38";"F";"38";"133";"231";"65";"0.424";"11.6";"102";"0.113";"107";"257";"0.584"
"2024-08-20 13:57:08.926";"2024-08-20";"13:57:08";"F";"39";"133";"227";"90";"0.414";"15.6";"101";"0.132";"107";"257";"0.584"
"2024-08-20 13:57:38.913";"2024-08-20";"13:57:38";"F";"40";"134";"215";"125";"0.377";"19.8";"99";"0.195";"107";"257";"0.584"
"2024-08-20 13:58:08.899";"2024-08-20";"13:58:08";"F";"41";"135";"197";"190";"0.315";"25.1";"95";"0.305";"107";"257";"0.584"
"2024-08-20 13:58:38.894";"2024-08-20";"13:58:38";"F";"42";"136";"178";"285";"0.236";"28.2";"90";"0.444";"107";"257";"0.584"
"2024-08-20 13:59:08.878";"2024-08-20";"13:59:08";"F";"43";"137";"165";"420";"0.170";"30.0";"87";"0.558";"107";"257";"0.584"
"2024-08-20 13:59:38.864";"2024-08-20";"13:59:38";"F";"44";"138";"158";"625";"0.127";"33.3";"85";"0.627";"107";"257";"0.584"
"2024-08-20 14:00:08.854";"2024-08-20";"14:00:08";"F";"45";"138";"151";"820";"0.086";"29.6";"83";"0.702";"107";"257";"0.584"
"2024-08-20 14:00:12.725";"2024-08-20";"14:00:12";"SLCE";"";"Light Curve end ";""
"2024-08-20 14:01:05.160";"2024-08-20";"14:01:05";"SLCS";"";"Light Curve start ";"ct226"
"2024-08-20 14:01:05.160";"2024-08-20";"14:01:05";"REG1";"";"#1: alpha: - , ETRm: - , Ik: -   ( beta: - 0.006, ETRmPot: 51.056 )   (Platt et al. 1980) ";""
"2024-08-20 14:01:05.160";"2024-08-20";"14:01:05";"REG2";"";"#1: alpha: 0.267, ETRm: 53.622, Ik: 200.706   (Jassby and Platt 1976) ";""
"2024-08-20 14:01:06.549";"2024-08-20";"14:01:06";"FO";"46";"85";"270";"0";"0.685";"0.0";"-";"-";"85";"270";"0.685"
"2024-08-20 14:01:36.543";"2024-08-20";"14:01:36";"F";"47";"93";"258";"65";"0.640";"17.5";"84";"0.047";"85";"270";"0.685"
"2024-08-20 14:02:06.547";"2024-08-20";"14:02:06";"F";"48";"97";"258";"90";"0.624";"23.6";"84";"0.047";"85";"270";"0.685"
"2024-08-20 14:02:36.540";"2024-08-20";"14:02:36";"F";"49";"96";"235";"125";"0.591";"31.0";"81";"0.149";"85";"270";"0.685"
"2024-08-20 14:03:06.524";"2024-08-20";"14:03:06";"F";"50";"90";"171";"190";"0.474";"37.8";"72";"0.579";"85";"270";"0.685"
"2024-08-20 14:03:36.512";"2024-08-20";"14:03:36";"F";"51";"76";"125";"285";"0.392";"46.9";"62";"1.160";"85";"270";"0.685"
"2024-08-20 14:04:06.506";"2024-08-20";"14:04:06";"F";"52";"79";"111";"420";"0.288";"50.8";"59";"1.432";"85";"270";"0.685"
"2024-08-20 14:04:36.487";"2024-08-20";"14:04:36";"F";"53";"81";"101";"625";"0.198";"52.0";"56";"1.673";"85";"270";"0.685"
"2024-08-20 14:05:06.480";"2024-08-20";"14:05:06";"F";"54";"81";"97";"820";"0.165";"56.8";"54";"1.784";"85";"270";"0.685"
"2024-08-20 14:05:10.369";"2024-08-20";"14:05:10";"SLCE";"";"Light Curve end ";""
"2024-08-20 14:05:44.427";"2024-08-20";"14:05:44";"SLCS";"";"Light Curve start ";"ct227"
"2024-08-20 14:05:44.427";"2024-08-20";"14:05:44";"REG1";"";"#1: alpha: 0.182, ETRm: 25.197, Ik: 138.698   ( beta: 0.007, ETRmPot: 29.920 )   (Platt et al. 1980) ";""
"2024-08-20 14:05:44.427";"2024-08-20";"14:05:44";"REG2";"";"#1: alpha: 0.147, ETRm: 24.711, Ik: 168.005   (Jassby and Platt 1976) ";""
"2024-08-20 14:05:45.826";"2024-08-20";"14:05:45";"FO";"55";"133";"269";"0";"0.506";"0.0";"-";"-";"133";"269";"0.506"
"2024-08-20 14:06:15.816";"2024-08-20";"14:06:15";"F";"56";"143";"223";"65";"0.359";"9.8";"121";"0.206";"133";"269";"0.506"
"2024-08-20 14:06:45.807";"2024-08-20";"14:06:45";"F";"57";"148";"221";"90";"0.330";"12.5";"120";"0.217";"133";"269";"0.506"
"2024-08-20 14:07:15.788";"2024-08-20";"14:07:15";"F";"58";"153";"218";"125";"0.298";"15.6";"119";"0.234";"133";"269";"0.506"
"2024-08-20 14:07:45.785";"2024-08-20";"14:07:45";"F";"59";"157";"207";"190";"0.242";"19.3";"116";"0.300";"133";"269";"0.506"
"2024-08-20 14:08:15.771";"2024-08-20";"14:08:15";"F";"60";"162";"199";"285";"0.186";"22.3";"113";"0.352";"133";"269";"0.506"
"2024-08-20 14:08:45.753";"2024-08-20";"14:08:45";"F";"61";"166";"194";"420";"0.144";"25.4";"112";"0.387";"133";"269";"0.506"
"2024-08-20 14:09:15.744";"2024-08-20";"14:09:15";"F";"62";"170";"188";"625";"0.096";"25.2";"110";"0.431";"133";"269";"0.506"
"2024-08-20 14:09:45.729";"2024-08-20";"14:09:45";"F";"63";"173";"186";"820";"0.070";"24.1";"109";"0.446";"133";"269";"0.506"
"2024-08-20 14:09:48.828";"2024-08-20";"14:09:48";"SLCE";"";"Light Curve end ";""
"2024-08-20 14:10:09.617";"2024-08-20";"14:10:09";"SLCS";"";"Light Curve start ";"ct228"
"2024-08-20 14:10:09.617";"2024-08-20";"14:10:09";"REG1";"";"#1: alpha: - , ETRm: - , Ik: -   ( beta: - 0.002, ETRmPot: 29.394 )   (Platt et al. 1980) ";""
"2024-08-20 14:10:09.617";"2024-08-20";"14:10:09";"REG2";"";"#1: alpha: 0.157, ETRm: 30.109, Ik: 192.337   (Jassby and Platt 1976) ";""
"2024-08-20 14:10:11.027";"2024-08-20";"14:10:11";"FO";"64";"155";"338";"0";"0.541";"0.0";"-";"-";"155";"338";"0.541"
"2024-08-20 14:10:41.015";"2024-08-20";"14:10:41";"F";"65";"184";"287";"65";"0.359";"9.8";"143";"0.178";"155";"338";"0.541"
"2024-08-20 14:11:11.004";"2024-08-20";"14:11:11";"F";"66";"180";"280";"90";"0.357";"13.5";"142";"0.207";"155";"338";"0.541"
"2024-08-20 14:11:40.993";"2024-08-20";"14:11:40";"F";"67";"180";"271";"125";"0.336";"17.6";"139";"0.247";"155";"338";"0.541"
"2024-08-20 14:12:10.994";"2024-08-20";"14:12:10";"F";"68";"184";"256";"190";"0.281";"22.4";"135";"0.320";"155";"338";"0.541"
"2024-08-20 14:12:40.986";"2024-08-20";"14:12:40";"F";"69";"187";"242";"285";"0.227";"27.2";"131";"0.397";"155";"338";"0.541"
"2024-08-20 14:13:10.973";"2024-08-20";"14:13:10";"F";"70";"192";"228";"420";"0.158";"27.9";"127";"0.482";"155";"338";"0.541"
"2024-08-20 14:13:40.957";"2024-08-20";"14:13:40";"F";"71";"196";"221";"625";"0.113";"29.7";"125";"0.529";"155";"338";"0.541"
"2024-08-20 14:14:10.955";"2024-08-20";"14:14:10";"F";"72";"197";"217";"820";"0.092";"31.7";"123";"0.558";"155";"338";"0.541"
"2024-08-20 14:14:14.545";"2024-08-20";"14:14:14";"SLCE";"";"Light Curve end ";""
"2024-08-20 14:15:00.922";"2024-08-20";"14:15:00";"SLCS";"";"Light Curve start ";"ct237"
"2024-08-20 14:15:00.922";"2024-08-20";"14:15:00";"REG1";"";"#1: alpha: 0.274, ETRm: 36.901, Ik: 134.610   ( beta: 0.001, ETRmPot: 38.137 )   (Platt et al. 1980) ";""
"2024-08-20 14:15:00.922";"2024-08-20";"14:15:00";"REG2";"";"#1: alpha: 0.212, ETRm: 36.294, Ik: 171.223   (Jassby and Platt 1976) ";""
"2024-08-20 14:15:02.345";"2024-08-20";"14:15:02";"FO";"73";"176";"366";"0";"0.519";"0.0";"-";"-";"176";"366";"0.519"
"2024-08-20 14:15:32.340";"2024-08-20";"14:15:32";"F";"74";"185";"377";"65";"0.509";"13.9";"179";"- 0.029";"176";"366";"0.519"
"2024-08-20 14:16:02.320";"2024-08-20";"14:16:02";"F";"75";"190";"381";"90";"0.501";"18.9";"179";"- 0.039";"176";"366";"0.519"
"2024-08-20 14:16:32.309";"2024-08-20";"14:16:32";"F";"76";"194";"349";"125";"0.444";"23.3";"172";"0.049";"176";"366";"0.519"
"2024-08-20 14:17:02.301";"2024-08-20";"14:17:02";"F";"77";"202";"308";"190";"0.344";"27.5";"161";"0.188";"176";"366";"0.519"
"2024-08-20 14:17:32.294";"2024-08-20";"14:17:32";"F";"78";"211";"286";"285";"0.262";"31.4";"155";"0.280";"176";"366";"0.519"
"2024-08-20 14:18:02.279";"2024-08-20";"14:18:02";"F";"79";"218";"275";"420";"0.207";"36.5";"152";"0.331";"176";"366";"0.519"
"2024-08-20 14:18:32.268";"2024-08-20";"14:18:32";"F";"80";"226";"264";"625";"0.144";"37.8";"148";"0.386";"176";"366";"0.519"
"2024-08-20 14:19:02.257";"2024-08-20";"14:19:02";"F";"81";"230";"257";"820";"0.105";"36.2";"146";"0.424";"176";"366";"0.519"
"2024-08-20 14:19:04.998";"2024-08-20";"14:19:04";"SLCE";"";"Light Curve end ";""
"2024-08-20 14:19:27.739";"2024-08-20";"14:19:27";"SLCS";"";"Light Curve start ";"ct238"
"2024-08-20 14:19:27.739";"2024-08-20";"14:19:27";"REG1";"";"#1: alpha: - , ETRm: - , Ik: -   ( beta: - 0.007, ETRmPot: 25.115 )   (Platt et al. 1980) ";""
"2024-08-20 14:19:27.739";"2024-08-20";"14:19:27";"REG2";"";"#1: alpha: 0.103, ETRm: 30.289, Ik: 293.857   (Jassby and Platt 1976) ";""
"2024-08-20 14:19:29.141";"2024-08-20";"14:19:29";"FO";"82";"91";"161";"0";"0.435";"0.0";"-";"-";"91";"161";"0.435"
"2024-08-20 14:19:59.135";"2024-08-20";"14:19:59";"F";"83";"101";"150";"65";"0.327";"8.9";"87";"0.073";"91";"161";"0.435"
"2024-08-20 14:20:29.115";"2024-08-20";"14:20:29";"F";"84";"107";"152";"90";"0.296";"11.2";"88";"0.059";"91";"161";"0.435"
"2024-08-20 14:20:59.104";"2024-08-20";"14:20:59";"F";"85";"111";"150";"125";"0.260";"13.7";"87";"0.073";"91";"161";"0.435"
"2024-08-20 14:21:29.091";"2024-08-20";"14:21:29";"F";"86";"114";"144";"190";"0.208";"16.6";"85";"0.118";"91";"161";"0.435"
"2024-08-20 14:21:59.100";"2024-08-20";"14:21:59";"F";"87";"118";"142";"285";"0.169";"20.2";"85";"0.134";"91";"161";"0.435"
"2024-08-20 14:22:29.093";"2024-08-20";"14:22:29";"F";"88";"121";"141";"420";"0.142";"25.0";"84";"0.142";"91";"161";"0.435"
"2024-08-20 14:22:59.077";"2024-08-20";"14:22:59";"F";"89";"124";"141";"625";"0.121";"31.8";"84";"0.142";"91";"161";"0.435"
"2024-08-20 14:23:29.066";"2024-08-20";"14:23:29";"F";"90";"126";"138";"820";"0.087";"30.0";"83";"0.167";"91";"161";"0.435"
"2024-08-20 14:23:32.439";"2024-08-20";"14:23:32";"SLCE";"";"Light Curve end ";""
"2024-08-20 14:24:09.911";"2024-08-20";"14:24:09";"SLCS";"";"Light Curve start ";"ct239"
"2024-08-20 14:24:09.911";"2024-08-20";"14:24:09";"REG1";"";"#1: alpha: 0.275, ETRm: 46.556, Ik: 169.211   ( beta: 0.004, ETRmPot: 50.202 )   (Platt et al. 1980) ";""
"2024-08-20 14:24:09.911";"2024-08-20";"14:24:09";"REG2";"";"#1: alpha: 0.218, ETRm: 45.867, Ik: 210.376   (Jassby and Platt 1976) ";""
"2024-08-20 14:24:11.319";"2024-08-20";"14:24:11";"FO";"91";"106";"228";"0";"0.535";"0.0";"-";"-";"106";"228";"0.535"
"2024-08-20 14:24:41.309";"2024-08-20";"14:24:41";"F";"92";"116";"228";"65";"0.491";"13.4";"106";"0.000";"106";"228";"0.535"
"2024-08-20 14:25:11.295";"2024-08-20";"14:25:11";"F";"93";"119";"227";"90";"0.476";"18.0";"106";"0.004";"106";"228";"0.535"
"2024-08-20 14:25:41.285";"2024-08-20";"14:25:41";"F";"94";"122";"229";"125";"0.467";"24.5";"106";"- 0.004";"106";"228";"0.535"
"2024-08-20 14:26:11.268";"2024-08-20";"14:26:11";"F";"95";"125";"216";"190";"0.421";"33.6";"103";"0.056";"106";"228";"0.535"
"2024-08-20 14:26:41.262";"2024-08-20";"14:26:41";"F";"96";"129";"195";"285";"0.338";"40.5";"98";"0.169";"106";"228";"0.535"
"2024-08-20 14:27:11.248";"2024-08-20";"14:27:11";"F";"97";"135";"179";"420";"0.246";"43.4";"94";"0.274";"106";"228";"0.535"
"2024-08-20 14:27:41.230";"2024-08-20";"14:27:41";"F";"98";"140";"168";"625";"0.167";"43.8";"91";"0.357";"106";"228";"0.535"
"2024-08-20 14:28:11.228";"2024-08-20";"14:28:11";"F";"99";"142";"165";"820";"0.139";"47.9";"90";"0.382";"106";"228";"0.535"
"2024-08-20 14:28:14.551";"2024-08-20";"14:28:14";"SLCE";"";"Light Curve end ";""
"2024-08-20 14:29:01.311";"2024-08-20";"14:29:01";"SLCS";"";"Light Curve start ";"ct240"
"2024-08-20 14:29:01.311";"2024-08-20";"14:29:01";"REG1";"";"#1: alpha: 0.227, ETRm: 53.230, Ik: 234.919   ( beta: 0.090, ETRmPot: 122.274 )   (Platt et al. 1980) ";""
"2024-08-20 14:29:01.311";"2024-08-20";"14:29:01";"REG2";"";"#1: alpha: 0.196, ETRm: 53.161, Ik: 271.917   (Jassby and Platt 1976) ";""
"2024-08-20 14:29:02.708";"2024-08-20";"14:29:02";"FO";"100";"86";"215";"0";"0.600";"0.0";"-";"-";"86";"215";"0.600"
"2024-08-20 14:29:32.700";"2024-08-20";"14:29:32";"F";"101";"101";"195";"65";"0.482";"13.2";"83";"0.103";"86";"215";"0.600"
"2024-08-20 14:30:02.689";"2024-08-20";"14:30:02";"F";"102";"102";"192";"90";"0.469";"17.7";"82";"0.120";"86";"215";"0.600"
"2024-08-20 14:30:32.674";"2024-08-20";"14:30:32";"F";"103";"104";"188";"125";"0.447";"23.5";"81";"0.144";"86";"215";"0.600"
"2024-08-20 14:31:02.661";"2024-08-20";"14:31:02";"F";"104";"107";"178";"190";"0.399";"31.8";"79";"0.208";"86";"215";"0.600"
"2024-08-20 14:31:32.650";"2024-08-20";"14:31:32";"F";"105";"108";"164";"285";"0.341";"40.8";"76";"0.311";"86";"215";"0.600"
"2024-08-20 14:32:02.664";"2024-08-20";"14:32:02";"F";"106";"113";"154";"420";"0.266";"46.9";"74";"0.396";"86";"215";"0.600"
"2024-08-20 14:32:32.644";"2024-08-20";"14:32:32";"F";"107";"117";"148";"625";"0.209";"54.9";"73";"0.453";"86";"215";"0.600"
"2024-08-20 14:33:02.638";"2024-08-20";"14:33:02";"F";"108";"119";"140";"820";"0.150";"51.7";"71";"0.536";"86";"215";"0.600"
"2024-08-20 14:33:05.766";"2024-08-20";"14:33:05";"SLCE";"";"Light Curve end ";""
"2024-08-20 14:33:58.613";"2024-08-20";"14:33:58";"SLCS";"";"Light Curve start ";"ct233"
"2024-08-20 14:33:58.613";"2024-08-20";"14:33:58";"REG1";"";"#1: alpha: 0.259, ETRm: 48.481, Ik: 186.826   ( beta: 0.049, ETRmPot: 81.645 )   (Platt et al. 1980) ";""
"2024-08-20 14:33:58.613";"2024-08-20";"14:33:58";"REG2";"";"#1: alpha: 0.223, ETRm: 47.555, Ik: 213.531   (Jassby and Platt 1976) ";""
"2024-08-20 14:34:00.002";"2024-08-20";"14:34:00";"FO";"109";"102";"222";"0";"0.541";"0.0";"-";"-";"102";"222";"0.541"
"2024-08-20 14:34:29.991";"2024-08-20";"14:34:29";"F";"110";"109";"215";"65";"0.493";"13.5";"100";"0.033";"102";"222";"0.541"
"2024-08-20 14:34:59.979";"2024-08-20";"14:34:59";"F";"111";"106";"207";"90";"0.488";"18.4";"99";"0.072";"102";"222";"0.541"
"2024-08-20 14:35:29.966";"2024-08-20";"14:35:29";"F";"112";"103";"200";"125";"0.485";"25.5";"97";"0.110";"102";"222";"0.541"
"2024-08-20 14:35:59.954";"2024-08-20";"14:35:59";"F";"113";"103";"181";"190";"0.431";"34.4";"92";"0.227";"102";"222";"0.541"
"2024-08-20 14:36:29.949";"2024-08-20";"14:36:29";"F";"114";"103";"157";"285";"0.344";"41.2";"86";"0.414";"102";"222";"0.541"
"2024-08-20 14:36:59.933";"2024-08-20";"14:36:59";"F";"115";"102";"137";"420";"0.255";"45.0";"79";"0.620";"102";"222";"0.541"
"2024-08-20 14:37:29.925";"2024-08-20";"14:37:29";"F";"116";"103";"127";"625";"0.189";"49.6";"76";"0.748";"102";"222";"0.541"
"2024-08-20 14:37:59.908";"2024-08-20";"14:37:59";"F";"117";"104";"120";"820";"0.133";"45.8";"73";"0.850";"102";"222";"0.541"
"2024-08-20 14:38:03.312";"2024-08-20";"14:38:03";"SLCE";"";"Light Curve end ";""
"2024-08-20 14:39:22.771";"2024-08-20";"14:39:22";"SLCS";"";"Light Curve start ";"ct234"
"2024-08-20 14:39:22.771";"2024-08-20";"14:39:22";"REG1";"";"#1: alpha: - , ETRm: - , Ik: -   ( beta: - 0.001, ETRmPot: 58.990 )   (Platt et al. 1980) ";""
"2024-08-20 14:39:22.771";"2024-08-20";"14:39:22";"REG2";"";"#1: alpha: 0.273, ETRm: 57.682, Ik: 211.294   (Jassby and Platt 1976) ";""
"2024-08-20 14:39:24.185";"2024-08-20";"14:39:24";"FO";"118";"76";"238";"0";"0.681";"0.0";"-";"-";"76";"238";"0.681"
"2024-08-20 14:39:54.178";"2024-08-20";"14:39:54";"F";"119";"85";"229";"65";"0.629";"17.2";"75";"0.039";"76";"238";"0.681"
"2024-08-20 14:40:24.159";"2024-08-20";"14:40:24";"F";"120";"93";"249";"90";"0.627";"23.7";"77";"- 0.044";"76";"238";"0.681"
"2024-08-20 14:40:54.150";"2024-08-20";"14:40:54";"F";"121";"98";"255";"125";"0.616";"32.3";"78";"- 0.067";"76";"238";"0.681"
"2024-08-20 14:41:24.138";"2024-08-20";"14:41:24";"F";"122";"98";"206";"190";"0.524";"41.8";"72";"0.155";"76";"238";"0.681"
"2024-08-20 14:41:54.144";"2024-08-20";"14:41:54";"F";"123";"95";"158";"285";"0.399";"47.8";"65";"0.506";"76";"238";"0.681"
"2024-08-20 14:42:24.140";"2024-08-20";"14:42:24";"F";"124";"95";"136";"420";"0.301";"53.1";"61";"0.750";"76";"238";"0.681"
"2024-08-20 14:42:54.123";"2024-08-20";"14:42:54";"F";"125";"96";"124";"625";"0.226";"59.3";"59";"0.919";"76";"238";"0.681"
"2024-08-20 14:43:24.113";"2024-08-20";"14:43:24";"F";"126";"97";"117";"820";"0.171";"58.9";"57";"1.034";"76";"238";"0.681"
"2024-08-20 14:43:27.264";"2024-08-20";"14:43:27";"SLCE";"";"Light Curve end ";""
"2024-08-20 14:43:55.251";"2024-08-20";"14:43:55";"SLCS";"";"Light Curve start ";"ct235"
"2024-08-20 14:43:55.251";"2024-08-20";"14:43:55";"REG1";"";"#1: alpha: 0.249, ETRm: 48.046, Ik: 193.233   ( beta: 0.026, ETRmPot: 67.926 )   (Platt et al. 1980) ";""
"2024-08-20 14:43:55.251";"2024-08-20";"14:43:55";"REG2";"";"#1: alpha: 0.208, ETRm: 47.586, Ik: 228.848   (Jassby and Platt 1976) ";""
"2024-08-20 14:43:56.640";"2024-08-20";"14:43:56";"FO";"127";"139";"268";"0";"0.481";"0.0";"-";"-";"139";"268";"0.481"
"2024-08-20 14:44:26.634";"2024-08-20";"14:44:26";"F";"128";"152";"283";"65";"0.463";"12.6";"143";"- 0.053";"139";"268";"0.481"
"2024-08-20 14:44:56.618";"2024-08-20";"14:44:56";"F";"129";"156";"291";"90";"0.464";"17.5";"145";"- 0.079";"139";"268";"0.481"
"2024-08-20 14:45:26.604";"2024-08-20";"14:45:26";"F";"130";"159";"294";"125";"0.459";"24.1";"146";"- 0.088";"139";"268";"0.481"
"2024-08-20 14:45:56.600";"2024-08-20";"14:45:56";"F";"131";"166";"284";"190";"0.415";"33.1";"143";"- 0.056";"139";"268";"0.481"
"2024-08-20 14:46:26.582";"2024-08-20";"14:46:26";"F";"132";"175";"262";"285";"0.332";"39.7";"137";"0.023";"139";"268";"0.481"
"2024-08-20 14:46:56.568";"2024-08-20";"14:46:56";"F";"133";"184";"247";"420";"0.255";"45.0";"133";"0.085";"139";"268";"0.481"
"2024-08-20 14:47:26.556";"2024-08-20";"14:47:26";"F";"134";"195";"238";"625";"0.181";"47.5";"130";"0.126";"139";"268";"0.481"
"2024-08-20 14:47:56.548";"2024-08-20";"14:47:56";"F";"135";"200";"232";"820";"0.138";"47.5";"129";"0.155";"139";"268";"0.481"
"2024-08-20 14:48:00.338";"2024-08-20";"14:48:00";"SLCE";"";"Light Curve end ";""
"2024-08-20 14:52:03.600";"2024-08-20";"14:52:03";"SLCS";"";"Light Curve start ";"ct236"
"2024-08-20 14:52:03.600";"2024-08-20";"14:52:03";"REG1";"";"#1: alpha: 0.274, ETRm: 39.338, Ik: 143.452   ( beta: 0.004, ETRmPot: 42.635 )   (Platt et al. 1980) ";""
"2024-08-20 14:52:03.600";"2024-08-20";"14:52:03";"REG2";"";"#1: alpha: 0.216, ETRm: 38.834, Ik: 179.946   (Jassby and Platt 1976) ";""
"2024-08-20 14:52:04.990";"2024-08-20";"14:52:04";"FO";"136";"165";"349";"0";"0.527";"0.0";"-";"-";"165";"349";"0.527"
"2024-08-20 14:52:34.981";"2024-08-20";"14:52:34";"F";"137";"152";"282";"65";"0.461";"12.6";"148";"0.238";"165";"349";"0.527"
"2024-08-20 14:53:04.969";"2024-08-20";"14:53:04";"F";"138";"150";"287";"90";"0.477";"18.0";"150";"0.216";"165";"349";"0.527"
"2024-08-20 14:53:34.956";"2024-08-20";"14:53:34";"F";"139";"151";"277";"125";"0.455";"23.9";"147";"0.260";"165";"349";"0.527"
"2024-08-20 14:54:04.952";"2024-08-20";"14:54:04";"F";"140";"152";"247";"190";"0.385";"30.7";"138";"0.413";"165";"349";"0.527"
"2024-08-20 14:54:34.941";"2024-08-20";"14:54:34";"F";"141";"157";"223";"285";"0.296";"35.4";"130";"0.565";"165";"349";"0.527"
"2024-08-20 14:55:04.924";"2024-08-20";"14:55:04";"F";"142";"161";"205";"420";"0.215";"37.9";"124";"0.702";"165";"349";"0.527"
"2024-08-20 14:55:34.908";"2024-08-20";"14:55:34";"F";"143";"166";"194";"625";"0.144";"37.8";"120";"0.799";"165";"349";"0.527"
"2024-08-20 14:56:04.899";"2024-08-20";"14:56:04";"F";"144";"167";"189";"820";"0.116";"40.0";"118";"0.847";"165";"349";"0.527"
"2024-08-20 14:56:08.229";"2024-08-20";"14:56:08";"SLCE";"";"Light Curve end ";""
"2024-08-20 14:56:34.195";"2024-08-20";"14:56:34";"SLCS";"";"Light Curve start ";"ct245"
"2024-08-20 14:56:34.195";"2024-08-20";"14:56:34";"REG1";"";"#1: alpha: 0.254, ETRm: 32.833, Ik: 129.366   ( beta: 0.008, ETRmPot: 38.031 )   (Platt et al. 1980) ";""
"2024-08-20 14:56:34.195";"2024-08-20";"14:56:34";"REG2";"";"#1: alpha: 0.205, ETRm: 32.153, Ik: 157.030   (Jassby and Platt 1976) ";""
"2024-08-20 14:56:35.595";"2024-08-20";"14:56:35";"FO";"145";"167";"370";"0";"0.549";"0.0";"-";"-";"167";"370";"0.549"
"2024-08-20 14:57:05.583";"2024-08-20";"14:57:05";"F";"146";"183";"328";"65";"0.442";"12.1";"158";"0.128";"167";"370";"0.549"
"2024-08-20 14:57:35.574";"2024-08-20";"14:57:35";"F";"147";"184";"333";"90";"0.447";"16.9";"159";"0.111";"167";"370";"0.549"
"2024-08-20 14:58:05.562";"2024-08-20";"14:58:05";"F";"148";"187";"321";"125";"0.417";"21.9";"156";"0.153";"167";"370";"0.549"
"2024-08-20 14:58:35.549";"2024-08-20";"14:58:35";"F";"149";"191";"287";"190";"0.334";"26.7";"148";"0.289";"167";"370";"0.549"
"2024-08-20 14:59:05.543";"2024-08-20";"14:59:05";"F";"150";"197";"262";"285";"0.248";"29.7";"141";"0.412";"167";"370";"0.549"
"2024-08-20 14:59:35.533";"2024-08-20";"14:59:35";"F";"151";"205";"250";"420";"0.180";"31.8";"137";"0.480";"167";"370";"0.549"
"2024-08-20 15:00:05.519";"2024-08-20";"15:00:05";"F";"152";"209";"240";"625";"0.129";"33.9";"134";"0.542";"167";"370";"0.549"
"2024-08-20 15:00:35.503";"2024-08-20";"15:00:35";"F";"153";"212";"233";"820";"0.090";"31.0";"132";"0.588";"167";"370";"0.549"
"2024-08-20 15:00:39.383";"2024-08-20";"15:00:39";"SLCE";"";"Light Curve end ";""
"2024-08-20 15:01:07.419";"2024-08-20";"15:01:07";"SLCS";"";"Light Curve start ";"ct246"
"2024-08-20 15:01:07.419";"2024-08-20";"15:01:07";"REG1";"";"#1: alpha: 0.258, ETRm: 45.225, Ik: 175.128   ( beta: 0.007, ETRmPot: 51.173 )   (Platt et al. 1980) ";""
"2024-08-20 15:01:07.419";"2024-08-20";"15:01:07";"REG2";"";"#1: alpha: 0.207, ETRm: 44.661, Ik: 215.301   (Jassby and Platt 1976) ";""
"2024-08-20 15:01:08.811";"2024-08-20";"15:01:08";"FO";"154";"119";"275";"0";"0.567";"0.0";"-";"-";"119";"275";"0.567"
"2024-08-20 15:01:38.805";"2024-08-20";"15:01:38";"F";"155";"126";"232";"65";"0.457";"12.5";"110";"0.185";"119";"275";"0.567"
"2024-08-20 15:02:08.808";"2024-08-20";"15:02:08";"F";"156";"127";"239";"90";"0.469";"17.7";"112";"0.151";"119";"275";"0.567"
"2024-08-20 15:02:38.799";"2024-08-20";"15:02:38";"F";"157";"127";"234";"125";"0.457";"24.0";"111";"0.175";"119";"275";"0.567"
"2024-08-20 15:03:08.783";"2024-08-20";"15:03:08";"F";"158";"130";"217";"190";"0.401";"32.0";"107";"0.267";"119";"275";"0.567"
"2024-08-20 15:03:38.778";"2024-08-20";"15:03:38";"F";"159";"133";"196";"285";"0.321";"38.4";"101";"0.403";"119";"275";"0.567"
"2024-08-20 15:04:08.764";"2024-08-20";"15:04:08";"F";"160";"139";"182";"420";"0.236";"41.6";"97";"0.511";"119";"275";"0.567"
"2024-08-20 15:04:38.757";"2024-08-20";"15:04:38";"F";"161";"142";"171";"625";"0.170";"44.6";"94";"0.608";"119";"275";"0.567"
"2024-08-20 15:05:08.744";"2024-08-20";"15:05:08";"F";"162";"145";"167";"820";"0.132";"45.5";"93";"0.647";"119";"275";"0.567"
"2024-08-20 15:05:12.385";"2024-08-20";"15:05:12";"SLCE";"";"Light Curve end ";""
"2024-08-20 15:05:43.442";"2024-08-20";"15:05:43";"SLCS";"";"Light Curve start ";"ct247"
"2024-08-20 15:05:43.442";"2024-08-20";"15:05:43";"REG1";"";"#1: alpha: - , ETRm: - , Ik: -   ( beta: - 0.005, ETRmPot: 35.943 )   (Platt et al. 1980) ";""
"2024-08-20 15:05:43.442";"2024-08-20";"15:05:43";"REG2";"";"#1: alpha: 0.148, ETRm: 38.500, Ik: 259.544   (Jassby and Platt 1976) ";""
"2024-08-20 15:05:44.828";"2024-08-20";"15:05:44";"FO";"163";"88";"184";"0";"0.522";"0.0";"-";"-";"88";"184";"0.522"
"2024-08-20 15:06:14.816";"2024-08-20";"15:06:14";"F";"164";"107";"176";"65";"0.392";"10.7";"86";"0.045";"88";"184";"0.522"
"2024-08-20 15:06:44.811";"2024-08-20";"15:06:44";"F";"165";"109";"172";"90";"0.366";"13.8";"85";"0.070";"88";"184";"0.522"
"2024-08-20 15:07:14.790";"2024-08-20";"15:07:14";"F";"166";"110";"170";"125";"0.353";"18.5";"85";"0.082";"88";"184";"0.522"
"2024-08-20 15:07:44.785";"2024-08-20";"15:07:44";"F";"167";"113";"160";"190";"0.294";"23.5";"82";"0.150";"88";"184";"0.522"
"2024-08-20 15:08:14.773";"2024-08-20";"15:08:14";"F";"168";"115";"153";"285";"0.248";"29.7";"80";"0.203";"88";"184";"0.522"
"2024-08-20 15:08:44.756";"2024-08-20";"15:08:44";"F";"169";"119";"147";"420";"0.190";"33.5";"79";"0.252";"88";"184";"0.522"
"2024-08-20 15:09:14.743";"2024-08-20";"15:09:14";"F";"170";"122";"143";"625";"0.147";"38.6";"77";"0.287";"88";"184";"0.522"
"2024-08-20 15:09:44.738";"2024-08-20";"15:09:44";"F";"171";"123";"139";"820";"0.115";"39.6";"76";"0.324";"88";"184";"0.522"
"2024-08-20 15:09:48.103";"2024-08-20";"15:09:48";"SLCE";"";"Light Curve end ";""
"2024-08-20 15:10:49.259";"2024-08-20";"15:10:49";"SLCS";"";"Light Curve start ";"ct248"
"2024-08-20 15:10:49.259";"2024-08-20";"15:10:49";"REG1";"";"#1: alpha: 0.099, ETRm: 21.635, Ik: 219.169   ( beta: 0.057, ETRmPot: 60.799 )   (Platt et al. 1980) ";""
"2024-08-20 15:10:49.259";"2024-08-20";"15:10:49";"REG2";"";"#1: alpha: 0.086, ETRm: 21.377, Ik: 247.734   (Jassby and Platt 1976) ";""
"2024-08-20 15:10:50.659";"2024-08-20";"15:10:50";"FO";"172";"132";"193";"0";"0.316";"0.0";"-";"-";"132";"193";"0.316"
"2024-08-20 15:11:20.652";"2024-08-20";"15:11:20";"F";"173";"132";"171";"65";"0.228";"6.2";"121";"0.129";"132";"193";"0.316"
"2024-08-20 15:11:50.625";"2024-08-20";"15:11:50";"F";"174";"133";"172";"90";"0.227";"8.6";"122";"0.122";"132";"193";"0.316"
"2024-08-20 15:12:20.651";"2024-08-20";"15:12:20";"F";"175";"135";"169";"125";"0.201";"10.6";"120";"0.142";"132";"193";"0.316"
"2024-08-20 15:12:50.634";"2024-08-20";"15:12:50";"F";"176";"136";"163";"190";"0.166";"13.2";"117";"0.184";"132";"193";"0.316"
"2024-08-20 15:13:20.628";"2024-08-20";"15:13:20";"F";"177";"138";"159";"285";"0.132";"15.8";"115";"0.214";"132";"193";"0.316"
"2024-08-20 15:13:50.617";"2024-08-20";"15:13:50";"F";"178";"141";"159";"420";"0.113";"19.9";"115";"0.214";"132";"193";"0.316"
"2024-08-20 15:14:20.603";"2024-08-20";"15:14:20";"F";"179";"143";"157";"625";"0.089";"23.4";"114";"0.229";"132";"193";"0.316"
"2024-08-20 15:14:50.589";"2024-08-20";"15:14:50";"F";"180";"145";"154";"820";"0.058";"20.0";"113";"0.253";"132";"193";"0.316"
"2024-08-20 15:14:53.899";"2024-08-20";"15:14:53";"SLCE";"";"Light Curve end ";""
"2024-08-20 15:15:25.645";"2024-08-20";"15:15:25";"SLCS";"";"Light Curve start ";"ct241"
"2024-08-20 15:15:25.645";"2024-08-20";"15:15:25";"REG1";"";"#1: alpha: 0.361, ETRm: 54.654, Ik: 151.320   ( beta: 0.005, ETRmPot: 58.702 )   (Platt et al. 1980) ";""
"2024-08-20 15:15:25.645";"2024-08-20";"15:15:25";"REG2";"";"#1: alpha: 0.283, ETRm: 53.973, Ik: 190.430   (Jassby and Platt 1976) ";""
"2024-08-20 15:15:27.050";"2024-08-20";"15:15:27";"FO";"181";"85";"246";"0";"0.654";"0.0";"-";"-";"85";"246";"0.654"
"2024-08-20 15:15:57.040";"2024-08-20";"15:15:57";"F";"182";"88";"235";"65";"0.626";"17.1";"84";"0.047";"85";"246";"0.654"
"2024-08-20 15:16:27.022";"2024-08-20";"15:16:27";"F";"183";"90";"238";"90";"0.622";"23.5";"84";"0.034";"85";"246";"0.654"
"2024-08-20 15:16:57.009";"2024-08-20";"15:16:57";"F";"184";"93";"234";"125";"0.603";"31.7";"84";"0.051";"85";"246";"0.654"
"2024-08-20 15:17:26.996";"2024-08-20";"15:17:26";"F";"185";"93";"191";"190";"0.513";"40.9";"77";"0.288";"85";"246";"0.654"
"2024-08-20 15:17:56.988";"2024-08-20";"15:17:56";"F";"186";"92";"156";"285";"0.410";"49.1";"71";"0.577";"85";"246";"0.654"
"2024-08-20 15:18:26.975";"2024-08-20";"15:18:26";"F";"187";"92";"132";"420";"0.303";"53.4";"65";"0.864";"85";"246";"0.654"
"2024-08-20 15:18:56.967";"2024-08-20";"15:18:56";"F";"188";"93";"115";"625";"0.191";"50.1";"61";"1.139";"85";"246";"0.654"
"2024-08-20 15:19:26.955";"2024-08-20";"15:19:26";"F";"189";"91";"109";"820";"0.165";"56.8";"59";"1.257";"85";"246";"0.654"
"2024-08-20 15:19:30.520";"2024-08-20";"15:19:30";"SLCE";"";"Light Curve end ";""
"2024-08-20 15:20:42.478";"2024-08-20";"15:20:42";"SLCS";"";"Light Curve start ";"ct242"
"2024-08-20 15:20:42.478";"2024-08-20";"15:20:42";"REG1";"";"#1: alpha: 0.341, ETRm: 45.832, Ik: 134.552   ( beta: 0.009, ETRmPot: 51.736 )   (Platt et al. 1980) ";""
"2024-08-20 15:20:42.478";"2024-08-20";"15:20:42";"REG2";"";"#1: alpha: 0.271, ETRm: 45.129, Ik: 166.372   (Jassby and Platt 1976) ";""
"2024-08-20 15:20:43.865";"2024-08-20";"15:20:43";"FO";"190";"102";"289";"0";"0.647";"0.0";"-";"-";"102";"289";"0.647"
"2024-08-20 15:21:13.863";"2024-08-20";"15:21:13";"F";"191";"113";"272";"65";"0.585";"16.0";"100";"0.063";"102";"289";"0.647"
"2024-08-20 15:21:43.845";"2024-08-20";"15:21:43";"F";"192";"117";"285";"90";"0.589";"22.3";"101";"0.014";"102";"289";"0.647"
"2024-08-20 15:22:13.852";"2024-08-20";"15:22:13";"F";"193";"118";"271";"125";"0.565";"29.7";"100";"0.066";"102";"289";"0.647"
"2024-08-20 15:22:43.845";"2024-08-20";"15:22:43";"F";"194";"119";"219";"190";"0.457";"36.5";"92";"0.320";"102";"289";"0.647"
"2024-08-20 15:23:13.829";"2024-08-20";"15:23:13";"F";"195";"119";"183";"285";"0.350";"41.9";"85";"0.579";"102";"289";"0.647"
"2024-08-20 15:23:43.815";"2024-08-20";"15:23:43";"F";"196";"122";"163";"420";"0.252";"44.5";"80";"0.773";"102";"289";"0.647"
"2024-08-20 15:24:13.811";"2024-08-20";"15:24:13";"F";"197";"124";"150";"625";"0.173";"45.4";"77";"0.927";"102";"289";"0.647"
"2024-08-20 15:24:43.800";"2024-08-20";"15:24:43";"F";"198";"126";"145";"820";"0.131";"45.1";"76";"0.993";"102";"289";"0.647"
"2024-08-20 15:24:47.216";"2024-08-20";"15:24:47";"SLCE";"";"Light Curve end ";""
"2024-08-20 15:25:46.558";"2024-08-20";"15:25:46";"SLCS";"";"Light Curve start ";"ct243"
"2024-08-20 15:25:46.558";"2024-08-20";"15:25:46";"REG1";"";"#1: alpha: 0.191, ETRm: 27.842, Ik: 145.801   ( beta: 0.001, ETRmPot: 28.626 )   (Platt et al. 1980) ";""
"2024-08-20 15:25:46.558";"2024-08-20";"15:25:46";"REG2";"";"#1: alpha: 0.148, ETRm: 27.289, Ik: 183.871   (Jassby and Platt 1976) ";""
"2024-08-20 15:25:47.938";"2024-08-20";"15:25:47";"FO";"199";"114";"246";"0";"0.537";"0.0";"-";"-";"114";"246";"0.537"
"2024-08-20 15:26:17.932";"2024-08-20";"15:26:17";"F";"200";"119";"192";"65";"0.380";"10.4";"101";"0.281";"114";"246";"0.537"
"2024-08-20 15:26:47.922";"2024-08-20";"15:26:47";"F";"201";"121";"187";"90";"0.353";"13.3";"99";"0.316";"114";"246";"0.537"
"2024-08-20 15:27:17.905";"2024-08-20";"15:27:17";"F";"202";"123";"180";"125";"0.317";"16.6";"97";"0.367";"114";"246";"0.537"
"2024-08-20 15:27:47.894";"2024-08-20";"15:27:47";"F";"203";"125";"169";"190";"0.260";"20.7";"94";"0.456";"114";"246";"0.537"
"2024-08-20 15:28:17.882";"2024-08-20";"15:28:17";"F";"204";"129";"158";"285";"0.184";"22.0";"91";"0.557";"114";"246";"0.537"
"2024-08-20 15:28:47.871";"2024-08-20";"15:28:47";"F";"205";"130";"153";"420";"0.150";"26.5";"89";"0.608";"114";"246";"0.537"
"2024-08-20 15:29:17.858";"2024-08-20";"15:29:17";"F";"206";"131";"148";"625";"0.115";"30.2";"87";"0.662";"114";"246";"0.537"
"2024-08-20 15:29:47.855";"2024-08-20";"15:29:47";"F";"207";"132";"143";"820";"0.077";"26.5";"85";"0.720";"114";"246";"0.537"
"2024-08-20 15:29:51.444";"2024-08-20";"15:29:51";"SLCE";"";"Light Curve end ";""
"2024-08-20 15:30:16.246";"2024-08-20";"15:30:16";"SLCS";"";"Light Curve start ";"ct244"
"2024-08-20 15:30:16.246";"2024-08-20";"15:30:16";"REG1";"";"#1: alpha: 0.251, ETRm: 45.781, Ik: 182.326   ( beta: 0.030, ETRmPot: 66.776 )   (Platt et al. 1980) ";""
"2024-08-20 15:30:16.246";"2024-08-20";"15:30:16";"REG2";"";"#1: alpha: 0.211, ETRm: 45.185, Ik: 214.620   (Jassby and Platt 1976) ";""
"2024-08-20 15:30:17.644";"2024-08-20";"15:30:17";"FO";"208";"104";"232";"0";"0.552";"0.0";"-";"-";"104";"232";"0.552"
"2024-08-20 15:30:47.638";"2024-08-20";"15:30:47";"F";"209";"110";"210";"65";"0.476";"13.0";"99";"0.105";"104";"232";"0.552"
"2024-08-20 15:31:17.621";"2024-08-20";"15:31:17";"F";"210";"112";"208";"90";"0.462";"17.5";"99";"0.115";"104";"232";"0.552"
"2024-08-20 15:31:47.616";"2024-08-20";"15:31:47";"F";"211";"112";"205";"125";"0.454";"23.8";"98";"0.132";"104";"232";"0.552"
"2024-08-20 15:32:17.621";"2024-08-20";"15:32:17";"F";"212";"115";"191";"190";"0.398";"31.8";"95";"0.215";"104";"232";"0.552"
"2024-08-20 15:32:47.615";"2024-08-20";"15:32:47";"F";"213";"116";"174";"285";"0.333";"39.9";"90";"0.333";"104";"232";"0.552"
"2024-08-20 15:33:17.602";"2024-08-20";"15:33:17";"F";"214";"120";"160";"420";"0.250";"44.1";"87";"0.450";"104";"232";"0.552"
"2024-08-20 15:33:47.590";"2024-08-20";"15:33:47";"F";"215";"124";"149";"625";"0.168";"44.1";"83";"0.557";"104";"232";"0.552"
"2024-08-20 15:34:17.573";"2024-08-20";"15:34:17";"F";"216";"126";"145";"820";"0.131";"45.1";"82";"0.600";"104";"232";"0.552"
"2024-08-20 15:34:20.856";"2024-08-20";"15:34:20";"SLCE";"";"Light Curve end ";""
"2024-08-20 15:34:50.560";"2024-08-20";"15:34:50";"SLCS";"";"Light Curve start ";"ct205"
"2024-08-20 15:34:50.560";"2024-08-20";"15:34:50";"REG1";"";"#1: alpha: 0.225, ETRm: 43.809, Ik: 195.008   ( beta: 0.045, ETRmPot: 74.999 )   (Platt et al. 1980) ";""
"2024-08-20 15:34:50.560";"2024-08-20";"15:34:50";"REG2";"";"#1: alpha: 0.192, ETRm: 43.211, Ik: 224.914   (Jassby and Platt 1976) ";""
"2024-08-20 15:34:51.955";"2024-08-20";"15:34:51";"FO";"217";"96";"190";"0";"0.495";"0.0";"-";"-";"96";"190";"0.495"
"2024-08-20 15:35:21.939";"2024-08-20";"15:35:21";"F";"218";"104";"175";"65";"0.406";"11.1";"92";"0.086";"96";"190";"0.495"
"2024-08-20 15:35:51.929";"2024-08-20";"15:35:51";"F";"219";"106";"181";"90";"0.414";"15.6";"94";"0.050";"96";"190";"0.495"
"2024-08-20 15:36:21.913";"2024-08-20";"15:36:21";"F";"220";"109";"186";"125";"0.414";"21.7";"95";"0.022";"96";"190";"0.495"
"2024-08-20 15:36:51.909";"2024-08-20";"15:36:51";"F";"221";"110";"176";"190";"0.375";"29.9";"92";"0.080";"96";"190";"0.495"
"2024-08-20 15:37:21.897";"2024-08-20";"15:37:21";"F";"222";"110";"163";"285";"0.325";"38.9";"89";"0.166";"96";"190";"0.495"
"2024-08-20 15:37:51.878";"2024-08-20";"15:37:51";"F";"223";"115";"149";"420";"0.228";"40.2";"84";"0.275";"96";"190";"0.495"
"2024-08-20 15:38:21.876";"2024-08-20";"15:38:21";"F";"224";"117";"140";"625";"0.164";"43.1";"81";"0.357";"96";"190";"0.495"
"2024-08-20 15:38:51.858";"2024-08-20";"15:38:51";"F";"225";"120";"137";"820";"0.124";"42.7";"80";"0.387";"96";"190";"0.495"
"2024-08-20 15:38:55.738";"2024-08-20";"15:38:55";"SLCE";"";"Light Curve end ";""
"2024-08-20 15:39:43.409";"2024-08-20";"15:39:43";"SLCS";"";"Light Curve start ";"ct206"
"2024-08-20 15:39:43.409";"2024-08-20";"15:39:43";"REG1";"";"#1: alpha: - , ETRm: - , Ik: -   ( beta: - 0.007, ETRmPot: 29.512 )   (Platt et al. 1980) ";""
"2024-08-20 15:39:43.409";"2024-08-20";"15:39:43";"REG2";"";"#1: alpha: 0.149, ETRm: 33.955, Ik: 228.322   (Jassby and Platt 1976) ";""
"2024-08-20 15:39:44.802";"2024-08-20";"15:39:44";"FO";"226";"106";"250";"0";"0.576";"0.0";"-";"-";"106";"250";"0.576"
"2024-08-20 15:40:14.786";"2024-08-20";"15:40:14";"F";"227";"138";"234";"65";"0.410";"11.2";"103";"0.068";"106";"250";"0.576"
"2024-08-20 15:40:44.777";"2024-08-20";"15:40:44";"F";"228";"143";"229";"90";"0.376";"14.2";"102";"0.092";"106";"250";"0.576"
"2024-08-20 15:41:14.766";"2024-08-20";"15:41:14";"F";"229";"150";"225";"125";"0.333";"17.5";"101";"0.111";"106";"250";"0.576"
"2024-08-20 15:41:44.748";"2024-08-20";"15:41:44";"F";"230";"158";"220";"190";"0.282";"22.5";"100";"0.136";"106";"250";"0.576"
"2024-08-20 15:42:14.762";"2024-08-20";"15:42:14";"F";"231";"168";"217";"285";"0.226";"27.1";"100";"0.152";"106";"250";"0.576"
"2024-08-20 15:42:44.752";"2024-08-20";"15:42:44";"F";"232";"176";"212";"420";"0.170";"30.0";"99";"0.179";"106";"250";"0.576"
"2024-08-20 15:43:14.731";"2024-08-20";"15:43:14";"F";"233";"181";"209";"625";"0.134";"35.2";"98";"0.196";"106";"250";"0.576"
"2024-08-20 15:43:44.724";"2024-08-20";"15:43:44";"F";"234";"184";"205";"820";"0.102";"35.1";"97";"0.220";"106";"250";"0.576"
"2024-08-20 15:43:47.813";"2024-08-20";"15:43:47";"SLCE";"";"Light Curve end ";""
"2024-08-20 15:44:31.930";"2024-08-20";"15:44:31";"SLCS";"";"Light Curve start ";"ct207"
"2024-08-20 15:44:31.930";"2024-08-20";"15:44:31";"REG1";"";"#1: alpha: 0.268, ETRm: 50.212, Ik: 187.688   ( beta: 0.011, ETRmPot: 59.804 )   (Platt et al. 1980) ";""
"2024-08-20 15:44:31.930";"2024-08-20";"15:44:31";"REG2";"";"#1: alpha: 0.217, ETRm: 49.726, Ik: 229.147   (Jassby and Platt 1976) ";""
"2024-08-20 15:44:33.335";"2024-08-20";"15:44:33";"FO";"235";"103";"218";"0";"0.528";"0.0";"-";"-";"103";"218";"0.528"
"2024-08-20 15:45:03.315";"2024-08-20";"15:45:03";"F";"236";"110";"221";"65";"0.502";"13.7";"104";"- 0.014";"103";"218";"0.528"
"2024-08-20 15:45:33.311";"2024-08-20";"15:45:33";"F";"237";"112";"222";"90";"0.495";"18.7";"104";"- 0.018";"103";"218";"0.528"
"2024-08-20 15:46:03.293";"2024-08-20";"15:46:03";"F";"238";"113";"221";"125";"0.489";"25.7";"104";"- 0.014";"103";"218";"0.528"
"2024-08-20 15:46:33.289";"2024-08-20";"15:46:33";"F";"239";"117";"203";"190";"0.424";"33.8";"100";"0.074";"103";"218";"0.528"
"2024-08-20 15:47:03.275";"2024-08-20";"15:47:03";"F";"240";"121";"184";"285";"0.342";"40.9";"95";"0.185";"103";"218";"0.528"
"2024-08-20 15:47:33.259";"2024-08-20";"15:47:33";"F";"241";"123";"168";"420";"0.268";"47.3";"90";"0.298";"103";"218";"0.528"
"2024-08-20 15:48:03.248";"2024-08-20";"15:48:03";"F";"242";"127";"156";"625";"0.186";"48.8";"87";"0.397";"103";"218";"0.528"
"2024-08-20 15:48:33.242";"2024-08-20";"15:48:33";"F";"243";"128";"150";"820";"0.147";"50.6";"85";"0.453";"103";"218";"0.528"
"2024-08-20 15:48:37.141";"2024-08-20";"15:48:37";"SLCE";"";"Light Curve end ";""
"2024-08-20 15:49:13.622";"2024-08-20";"15:49:13";"SLCS";"";"Light Curve start ";"ct208"
"2024-08-20 15:49:13.622";"2024-08-20";"15:49:13";"REG1";"";"#1: alpha: 0.229, ETRm: 45.281, Ik: 198.131   ( beta: 0.068, ETRmPot: 90.993 )   (Platt et al. 1980) ";""
"2024-08-20 15:49:13.622";"2024-08-20";"15:49:13";"REG2";"";"#1: alpha: 0.198, ETRm: 44.474, Ik: 224.454   (Jassby and Platt 1976) ";""
"2024-08-20 15:49:15.018";"2024-08-20";"15:49:15";"FO";"244";"116";"228";"0";"0.491";"0.0";"-";"-";"116";"228";"0.491"
"2024-08-20 15:49:45.009";"2024-08-20";"15:49:45";"F";"245";"126";"235";"65";"0.464";"12.7";"118";"- 0.030";"116";"228";"0.491"
"2024-08-20 15:50:14.989";"2024-08-20";"15:50:14";"F";"246";"130";"236";"90";"0.449";"17.0";"118";"- 0.034";"116";"228";"0.491"
"2024-08-20 15:50:44.984";"2024-08-20";"15:50:44";"F";"247";"134";"236";"125";"0.432";"22.7";"118";"- 0.034";"116";"228";"0.491"
"2024-08-20 15:51:14.965";"2024-08-20";"15:51:14";"F";"248";"138";"223";"190";"0.381";"30.4";"115";"0.022";"116";"228";"0.491"
"2024-08-20 15:51:44.959";"2024-08-20";"15:51:44";"F";"249";"146";"213";"285";"0.315";"37.7";"112";"0.070";"116";"228";"0.491"
"2024-08-20 15:52:14.963";"2024-08-20";"15:52:14";"F";"250";"155";"204";"420";"0.240";"42.3";"109";"0.118";"116";"228";"0.491"
"2024-08-20 15:52:44.958";"2024-08-20";"15:52:44";"F";"251";"164";"199";"625";"0.176";"46.2";"108";"0.146";"116";"228";"0.491"
"2024-08-20 15:53:14.940";"2024-08-20";"15:53:14";"F";"252";"170";"194";"820";"0.124";"42.7";"107";"0.175";"116";"228";"0.491"
"2024-08-20 15:53:18.299";"2024-08-20";"15:53:18";"SLCE";"";"Light Curve end ";""
"2024-08-20 15:53:41.602";"2024-08-20";"15:53:41";"SLCS";"";"Light Curve start ";"ct201"
"2024-08-20 15:53:41.602";"2024-08-20";"15:53:41";"REG1";"";"#1: alpha: 0.290, ETRm: 46.665, Ik: 161.092   ( beta: 0.291, ETRmPot: 187.039 )   (Platt et al. 1980) ";""
"2024-08-20 15:53:41.602";"2024-08-20";"15:53:41";"REG2";"";"#1: alpha: 0.267, ETRm: 43.162, Ik: 161.406   (Jassby and Platt 1976) ";""
"2024-08-20 15:53:42.989";"2024-08-20";"15:53:42";"FO";"253";"80";"218";"0";"0.633";"0.0";"-";"-";"80";"218";"0.633"
"2024-08-20 15:54:12.980";"2024-08-20";"15:54:12";"F";"254";"90";"206";"65";"0.563";"15.4";"78";"0.058";"80";"218";"0.633"
"2024-08-20 15:54:42.972";"2024-08-20";"15:54:42";"F";"255";"93";"210";"90";"0.557";"21.1";"79";"0.038";"80";"218";"0.633"
"2024-08-20 15:55:12.953";"2024-08-20";"15:55:12";"F";"256";"95";"204";"125";"0.534";"28.0";"78";"0.069";"80";"218";"0.633"
"2024-08-20 15:55:42.946";"2024-08-20";"15:55:42";"F";"257";"97";"177";"190";"0.452";"36.1";"74";"0.232";"80";"218";"0.633"
"2024-08-20 15:56:12.929";"2024-08-20";"15:56:12";"F";"258";"100";"156";"285";"0.359";"43.0";"70";"0.397";"80";"218";"0.633"
"2024-08-20 15:56:42.918";"2024-08-20";"15:56:42";"F";"259";"105";"140";"420";"0.250";"44.1";"66";"0.557";"80";"218";"0.633"
"2024-08-20 15:57:12.907";"2024-08-20";"15:57:12";"F";"260";"106";"129";"625";"0.178";"46.7";"64";"0.690";"80";"218";"0.633"
"2024-08-20 15:57:42.897";"2024-08-20";"15:57:42";"F";"261";"110";"123";"820";"0.106";"36.5";"62";"0.772";"80";"218";"0.633"
"2024-08-20 15:57:46.746";"2024-08-20";"15:57:46";"SLCE";"";"Light Curve end ";""
"2024-08-20 15:58:29.435";"2024-08-20";"15:58:29";"SLCS";"";"Light Curve start ";"ct202"
"2024-08-20 15:58:29.435";"2024-08-20";"15:58:29";"REG1";"";"#1: alpha: 0.294, ETRm: 36.712, Ik: 124.862   ( beta: 0.008, ETRmPot: 41.663 )   (Platt et al. 1980) ";""
"2024-08-20 15:58:29.435";"2024-08-20";"15:58:29";"REG2";"";"#1: alpha: 0.234, ETRm: 36.062, Ik: 154.139   (Jassby and Platt 1976) ";""
"2024-08-20 15:58:30.826";"2024-08-20";"15:58:30";"FO";"262";"132";"335";"0";"0.606";"0.0";"-";"-";"132";"335";"0.606"
"2024-08-20 15:59:00.809";"2024-08-20";"15:59:00";"F";"263";"141";"277";"65";"0.491";"13.4";"122";"0.209";"132";"335";"0.606"
"2024-08-20 15:59:30.804";"2024-08-20";"15:59:30";"F";"264";"147";"292";"90";"0.497";"18.8";"125";"0.147";"132";"335";"0.606"
"2024-08-20 16:00:00.788";"2024-08-20";"16:00:00";"F";"265";"149";"285";"125";"0.477";"25.0";"123";"0.175";"132";"335";"0.606"
"2024-08-20 16:00:30.774";"2024-08-20";"16:00:30";"F";"266";"153";"247";"190";"0.381";"30.4";"116";"0.356";"132";"335";"0.606"
"2024-08-20 16:01:00.768";"2024-08-20";"16:01:00";"F";"267";"155";"218";"285";"0.289";"34.6";"109";"0.537";"132";"335";"0.606"
"2024-08-20 16:01:30.757";"2024-08-20";"16:01:30";"F";"268";"159";"199";"420";"0.201";"35.5";"104";"0.683";"132";"335";"0.606"
"2024-08-20 16:02:00.765";"2024-08-20";"16:02:00";"F";"269";"162";"188";"625";"0.138";"36.2";"101";"0.782";"132";"335";"0.606"
"2024-08-20 16:02:30.750";"2024-08-20";"16:02:30";"F";"270";"163";"182";"820";"0.104";"35.8";"99";"0.841";"132";"335";"0.606"
"2024-08-20 16:02:34.332";"2024-08-20";"16:02:34";"SLCE";"";"Light Curve end ";""
"2024-08-20 16:03:05.043";"2024-08-20";"16:03:05";"SLCS";"";"Light Curve start ";"ct203"
"2024-08-20 16:03:05.043";"2024-08-20";"16:03:05";"REG1";"";"#1: alpha: 0.283, ETRm: 48.997, Ik: 172.926   ( beta: 0.014, ETRmPot: 59.743 )   (Platt et al. 1980) ";""
"2024-08-20 16:03:05.043";"2024-08-20";"16:03:05";"REG2";"";"#1: alpha: 0.231, ETRm: 48.467, Ik: 210.118   (Jassby and Platt 1976) ";""
"2024-08-20 16:03:06.434";"2024-08-20";"16:03:06";"FO";"271";"116";"270";"0";"0.570";"0.0";"-";"-";"116";"270";"0.570"
"2024-08-20 16:03:36.422";"2024-08-20";"16:03:36";"F";"272";"124";"265";"65";"0.532";"14.5";"115";"0.019";"116";"270";"0.570"
"2024-08-20 16:04:06.406";"2024-08-20";"16:04:06";"F";"273";"126";"263";"90";"0.521";"19.7";"115";"0.027";"116";"270";"0.570"
"2024-08-20 16:04:36.396";"2024-08-20";"16:04:36";"F";"274";"128";"255";"125";"0.498";"26.1";"113";"0.059";"116";"270";"0.570"
"2024-08-20 16:05:06.386";"2024-08-20";"16:05:06";"F";"275";"130";"231";"190";"0.437";"34.9";"108";"0.169";"116";"270";"0.570"
"2024-08-20 16:05:36.366";"2024-08-20";"16:05:36";"F";"276";"132";"203";"285";"0.350";"41.9";"102";"0.330";"116";"270";"0.570"
"2024-08-20 16:06:06.362";"2024-08-20";"16:06:06";"F";"277";"133";"181";"420";"0.265";"46.7";"96";"0.492";"116";"270";"0.570"
"2024-08-20 16:06:36.344";"2024-08-20";"16:06:36";"F";"278";"138";"169";"625";"0.183";"48.0";"92";"0.598";"116";"270";"0.570"
"2024-08-20 16:07:06.341";"2024-08-20";"16:07:06";"F";"279";"139";"162";"820";"0.142";"48.9";"90";"0.667";"116";"270";"0.570"
"2024-08-20 16:07:10.122";"2024-08-20";"16:07:10";"SLCE";"";"Light Curve end ";""
"2024-08-20 16:08:18.556";"2024-08-20";"16:08:18";"SLCS";"";"Light Curve start ";"ct204"
"2024-08-20 16:08:18.556";"2024-08-20";"16:08:18";"REG1";"";"#1: alpha: 0.262, ETRm: 51.280, Ik: 195.600   ( beta: 0.011, ETRmPot: 61.315 )   (Platt et al. 1980) ";""
"2024-08-20 16:08:18.556";"2024-08-20";"16:08:18";"REG2";"";"#1: alpha: 0.213, ETRm: 50.778, Ik: 237.874   (Jassby and Platt 1976) ";""
"2024-08-20 16:08:19.940";"2024-08-20";"16:08:19";"FO";"280";"103";"226";"0";"0.544";"0.0";"-";"-";"103";"226";"0.544"
"2024-08-20 16:08:49.933";"2024-08-20";"16:08:49";"F";"281";"111";"210";"65";"0.471";"12.9";"100";"0.076";"103";"226";"0.544"
"2024-08-20 16:09:19.921";"2024-08-20";"16:09:19";"F";"282";"113";"217";"90";"0.479";"18.1";"101";"0.041";"103";"226";"0.544"
"2024-08-20 16:09:49.912";"2024-08-20";"16:09:49";"F";"283";"115";"217";"125";"0.470";"24.7";"101";"0.041";"103";"226";"0.544"
"2024-08-20 16:10:19.899";"2024-08-20";"16:10:19";"F";"284";"117";"204";"190";"0.426";"34.0";"98";"0.108";"103";"226";"0.544"
"2024-08-20 16:10:49.880";"2024-08-20";"16:10:49";"F";"285";"120";"187";"285";"0.358";"42.9";"94";"0.209";"103";"226";"0.544"
"2024-08-20 16:11:19.874";"2024-08-20";"16:11:19";"F";"286";"126";"172";"420";"0.267";"47.1";"90";"0.314";"103";"226";"0.544"
"2024-08-20 16:11:49.864";"2024-08-20";"16:11:49";"F";"287";"131";"161";"625";"0.186";"48.8";"87";"0.404";"103";"226";"0.544"
"2024-08-20 16:12:19.867";"2024-08-20";"16:12:19";"F";"288";"134";"158";"820";"0.152";"52.3";"86";"0.430";"103";"226";"0.544"
"2024-08-20 16:12:23.147";"2024-08-20";"16:12:23";"SLCE";"";"Light Curve end ";""
"2024-08-20 16:12:50.242";"2024-08-20";"16:12:50";"SLCS";"";"Light Curve start ";"ct213"
"2024-08-20 16:12:50.242";"2024-08-20";"16:12:50";"REG1";"";"#1: alpha: - , ETRm: - , Ik: -   ( beta: - 0.003, ETRmPot: 37.599 )   (Platt et al. 1980) ";""
"2024-08-20 16:12:50.242";"2024-08-20";"16:12:50";"REG2";"";"#1: alpha: 0.150, ETRm: 38.187, Ik: 255.020   (Jassby and Platt 1976) ";""
"2024-08-20 16:12:51.624";"2024-08-20";"16:12:51";"FO";"289";"161";"354";"0";"0.545";"0.0";"-";"-";"161";"354";"0.545"
"2024-08-20 16:13:21.615";"2024-08-20";"16:13:21";"F";"290";"196";"329";"65";"0.404";"11.0";"156";"0.076";"161";"354";"0.545"
"2024-08-20 16:13:51.601";"2024-08-20";"16:13:51";"F";"291";"196";"315";"90";"0.378";"14.3";"152";"0.124";"161";"354";"0.545"
"2024-08-20 16:14:21.590";"2024-08-20";"16:14:21";"F";"292";"196";"299";"125";"0.344";"18.1";"149";"0.184";"161";"354";"0.545"
"2024-08-20 16:14:51.584";"2024-08-20";"16:14:51";"F";"293";"200";"283";"190";"0.293";"23.4";"145";"0.251";"161";"354";"0.545"
"2024-08-20 16:15:21.572";"2024-08-20";"16:15:21";"F";"294";"204";"270";"285";"0.244";"29.2";"141";"0.311";"161";"354";"0.545"
"2024-08-20 16:15:51.562";"2024-08-20";"16:15:51";"F";"295";"207";"258";"420";"0.198";"34.9";"138";"0.372";"161";"354";"0.545"
"2024-08-20 16:16:21.550";"2024-08-20";"16:16:21";"F";"296";"210";"245";"625";"0.143";"37.5";"134";"0.445";"161";"354";"0.545"
"2024-08-20 16:16:51.539";"2024-08-20";"16:16:51";"F";"297";"209";"236";"820";"0.114";"39.3";"131";"0.500";"161";"354";"0.545"
"2024-08-20 16:16:55.212";"2024-08-20";"16:16:55";"SLCE";"";"Light Curve end ";""
"2024-08-20 16:17:37.504";"2024-08-20";"16:17:37";"SLCS";"";"Light Curve start ";"ct214"
"2024-08-20 16:17:37.504";"2024-08-20";"16:17:37";"REG1";"";"#1: alpha: - , ETRm: - , Ik: -   ( beta: - 0.016, ETRmPot: 27.010 )   (Platt et al. 1980) ";""
"2024-08-20 16:17:37.504";"2024-08-20";"16:17:37";"REG2";"";"#1: alpha: 0.131, ETRm: 41.793, Ik: 318.500   (Jassby and Platt 1976) ";""
"2024-08-20 16:17:38.914";"2024-08-20";"16:17:38";"FO";"298";"77";"151";"0";"0.490";"0.0";"-";"-";"77";"151";"0.490"
"2024-08-20 16:18:08.897";"2024-08-20";"16:18:08";"F";"299";"88";"142";"65";"0.380";"10.4";"75";"0.063";"77";"151";"0.490"
"2024-08-20 16:18:38.893";"2024-08-20";"16:18:38";"F";"300";"89";"139";"90";"0.360";"13.6";"74";"0.086";"77";"151";"0.490"
"2024-08-20 16:19:08.875";"2024-08-20";"16:19:08";"F";"301";"89";"135";"125";"0.341";"17.9";"73";"0.119";"77";"151";"0.490"
"2024-08-20 16:19:38.869";"2024-08-20";"16:19:38";"F";"302";"94";"131";"190";"0.282";"22.5";"71";"0.153";"77";"151";"0.490"
"2024-08-20 16:20:08.849";"2024-08-20";"16:20:08";"F";"303";"96";"124";"285";"0.226";"27.1";"69";"0.218";"77";"151";"0.490"
"2024-08-20 16:20:38.846";"2024-08-20";"16:20:38";"F";"304";"97";"121";"420";"0.198";"34.9";"68";"0.248";"77";"151";"0.490"
"2024-08-20 16:21:08.831";"2024-08-20";"16:21:08";"F";"305";"101";"118";"625";"0.144";"37.8";"67";"0.280";"77";"151";"0.490"
"2024-08-20 16:21:38.822";"2024-08-20";"16:21:38";"F";"306";"100";"115";"820";"0.130";"44.8";"66";"0.313";"77";"151";"0.490"
"2024-08-20 16:21:42.781";"2024-08-20";"16:21:42";"SLCE";"";"Light Curve end ";""
"2024-08-20 16:22:03.498";"2024-08-20";"16:22:03";"SLCS";"";"Light Curve start ";"ct215"
"2024-08-20 16:22:03.498";"2024-08-20";"16:22:03";"REG1";"";"#1: alpha: 0.233, ETRm: 46.532, Ik: 199.291   ( beta: 0.009, ETRmPot: 55.190 )   (Platt et al. 1980) ";""
"2024-08-20 16:22:03.498";"2024-08-20";"16:22:03";"REG2";"";"#1: alpha: 0.190, ETRm: 46.062, Ik: 243.046   (Jassby and Platt 1976) ";""
"2024-08-20 16:22:04.900";"2024-08-20";"16:22:04";"FO";"307";"93";"227";"0";"0.590";"0.0";"-";"-";"93";"227";"0.590"
"2024-08-20 16:22:34.884";"2024-08-20";"16:22:34";"F";"308";"110";"200";"65";"0.450";"12.3";"88";"0.135";"93";"227";"0.590"
"2024-08-20 16:23:04.873";"2024-08-20";"16:23:04";"F";"309";"112";"201";"90";"0.443";"16.7";"88";"0.129";"93";"227";"0.590"
"2024-08-20 16:23:34.859";"2024-08-20";"16:23:34";"F";"310";"117";"206";"125";"0.432";"22.7";"89";"0.102";"93";"227";"0.590"
"2024-08-20 16:24:04.852";"2024-08-20";"16:24:04";"F";"311";"124";"200";"190";"0.380";"30.3";"88";"0.135";"93";"227";"0.590"
"2024-08-20 16:24:34.837";"2024-08-20";"16:24:34";"F";"312";"131";"189";"285";"0.307";"36.7";"86";"0.201";"93";"227";"0.590"
"2024-08-20 16:25:04.831";"2024-08-20";"16:25:04";"F";"313";"136";"179";"420";"0.240";"42.3";"84";"0.268";"93";"227";"0.590"
"2024-08-20 16:25:34.819";"2024-08-20";"16:25:34";"F";"314";"140";"170";"625";"0.176";"46.2";"82";"0.335";"93";"227";"0.590"
"2024-08-20 16:26:04.802";"2024-08-20";"16:26:04";"F";"315";"141";"163";"820";"0.135";"46.5";"80";"0.393";"93";"227";"0.590"
"2024-08-20 16:26:08.501";"2024-08-20";"16:26:08";"SLCE";"";"Light Curve end ";""
"2024-08-20 16:27:13.186";"2024-08-20";"16:27:13";"SLCS";"";"Light Curve start ";"ct216"
"2024-08-20 16:27:13.186";"2024-08-20";"16:27:13";"REG1";"";"#1: alpha: 0.244, ETRm: 36.456, Ik: 149.459   ( beta: 0.006, ETRmPot: 41.092 )   (Platt et al. 1980) ";""
"2024-08-20 16:27:13.186";"2024-08-20";"16:27:13";"REG2";"";"#1: alpha: 0.194, ETRm: 36.004, Ik: 185.222   (Jassby and Platt 1976) ";""
"2024-08-20 16:27:14.576";"2024-08-20";"16:27:14";"FO";"316";"175";"432";"0";"0.595";"0.0";"-";"-";"175";"432";"0.595"
"2024-08-20 16:27:44.568";"2024-08-20";"16:27:44";"F";"317";"190";"324";"65";"0.414";"11.3";"154";"0.333";"175";"432";"0.595"
"2024-08-20 16:28:14.561";"2024-08-20";"16:28:14";"F";"318";"191";"333";"90";"0.426";"16.1";"156";"0.297";"175";"432";"0.595"
"2024-08-20 16:28:44.542";"2024-08-20";"16:28:44";"F";"319";"193";"330";"125";"0.415";"21.8";"156";"0.309";"175";"432";"0.595"
"2024-08-20 16:29:14.532";"2024-08-20";"16:29:14";"F";"320";"198";"305";"190";"0.351";"28.0";"150";"0.416";"175";"432";"0.595"
"2024-08-20 16:29:44.519";"2024-08-20";"16:29:44";"F";"321";"202";"278";"285";"0.273";"32.7";"143";"0.554";"175";"432";"0.595"
"2024-08-20 16:30:14.507";"2024-08-20";"16:30:14";"F";"322";"208";"260";"420";"0.200";"35.3";"138";"0.662";"175";"432";"0.595"
"2024-08-20 16:30:44.500";"2024-08-20";"16:30:44";"F";"323";"215";"248";"625";"0.133";"34.9";"135";"0.742";"175";"432";"0.595"
"2024-08-20 16:31:14.491";"2024-08-20";"16:31:14";"F";"324";"218";"244";"820";"0.107";"36.9";"133";"0.770";"175";"432";"0.595"
"2024-08-20 16:31:17.914";"2024-08-20";"16:31:17";"SLCE";"";"Light Curve end ";""
"2024-08-20 16:32:14.661";"2024-08-20";"16:32:14";"SLCS";"";"Light Curve start ";"ct209"
"2024-08-20 16:32:14.661";"2024-08-20";"16:32:14";"REG1";"";"#1: alpha: 0.294, ETRm: 50.539, Ik: 171.753   ( beta: 0.017, ETRmPot: 63.204 )   (Platt et al. 1980) ";""
"2024-08-20 16:32:14.661";"2024-08-20";"16:32:14";"REG2";"";"#1: alpha: 0.241, ETRm: 49.906, Ik: 206.653   (Jassby and Platt 1976) ";""
"2024-08-20 16:32:16.053";"2024-08-20";"16:32:16";"FO";"325";"92";"256";"0";"0.641";"0.0";"-";"-";"92";"256";"0.641"
"2024-08-20 16:32:46.047";"2024-08-20";"16:32:46";"F";"326";"99";"201";"65";"0.507";"13.8";"84";"0.274";"92";"256";"0.641"
"2024-08-20 16:33:16.033";"2024-08-20";"16:33:16";"F";"327";"102";"226";"90";"0.549";"20.8";"88";"0.133";"92";"256";"0.641"
"2024-08-20 16:33:46.021";"2024-08-20";"16:33:46";"F";"328";"106";"229";"125";"0.537";"28.2";"88";"0.118";"92";"256";"0.641"
"2024-08-20 16:34:16.002";"2024-08-20";"16:34:16";"F";"329";"107";"198";"190";"0.460";"36.7";"83";"0.293";"92";"256";"0.641"
"2024-08-20 16:34:45.998";"2024-08-20";"16:34:45";"F";"330";"108";"167";"285";"0.353";"42.3";"77";"0.533";"92";"256";"0.641"
"2024-08-20 16:35:15.978";"2024-08-20";"16:35:15";"F";"331";"108";"149";"420";"0.275";"48.5";"73";"0.718";"92";"256";"0.641"
"2024-08-20 16:35:45.975";"2024-08-20";"16:35:45";"F";"332";"110";"136";"625";"0.191";"50.1";"70";"0.882";"92";"256";"0.641"
"2024-08-20 16:36:15.959";"2024-08-20";"16:36:15";"F";"333";"112";"131";"820";"0.145";"49.9";"69";"0.954";"92";"256";"0.641"
"2024-08-20 16:36:19.080";"2024-08-20";"16:36:19";"SLCE";"";"Light Curve end ";""
"2024-08-20 16:42:19.378";"2024-08-20";"16:42:19";"SLCS";"";"Light Curve start ";"ct210"
"2024-08-20 16:42:19.378";"2024-08-20";"16:42:19";"REG1";"";"#1: alpha: 0.263, ETRm: 42.879, Ik: 163.082   ( beta: 0.023, ETRmPot: 57.988 )   (Platt et al. 1980) ";""
"2024-08-20 16:42:19.378";"2024-08-20";"16:42:19";"REG2";"";"#1: alpha: 0.220, ETRm: 41.991, Ik: 190.676   (Jassby and Platt 1976) ";""
"2024-08-20 16:42:20.769";"2024-08-20";"16:42:20";"FO";"343";"101";"272";"0";"0.629";"0.0";"-";"-";"101";"272";"0.629"
"2024-08-20 16:42:50.758";"2024-08-20";"16:42:50";"F";"344";"118";"235";"65";"0.498";"13.6";"95";"0.157";"101";"272";"0.629"
"2024-08-20 16:43:20.746";"2024-08-20";"16:43:20";"F";"345";"122";"231";"90";"0.472";"17.8";"95";"0.177";"101";"272";"0.629"
"2024-08-20 16:43:50.736";"2024-08-20";"16:43:50";"F";"346";"123";"234";"125";"0.474";"24.9";"95";"0.162";"101";"272";"0.629"
"2024-08-20 16:44:20.727";"2024-08-20";"16:44:20";"F";"347";"122";"206";"190";"0.408";"32.6";"90";"0.320";"101";"272";"0.629"
"2024-08-20 16:44:50.711";"2024-08-20";"16:44:50";"F";"348";"123";"178";"285";"0.309";"37.0";"84";"0.528";"101";"272";"0.629"
"2024-08-20 16:45:20.697";"2024-08-20";"16:45:20";"F";"349";"125";"162";"420";"0.228";"40.2";"81";"0.679";"101";"272";"0.629"
"2024-08-20 16:45:50.689";"2024-08-20";"16:45:50";"F";"350";"127";"153";"625";"0.170";"44.6";"78";"0.778";"101";"272";"0.629"
"2024-08-20 16:46:20.675";"2024-08-20";"16:46:20";"F";"351";"128";"145";"820";"0.117";"40.3";"76";"0.876";"101";"272";"0.629"
"2024-08-20 16:46:24.259";"2024-08-20";"16:46:24";"SLCE";"";"Light Curve end ";""
"2024-08-20 16:46:52.260";"2024-08-20";"16:46:52";"SLCS";"";"Light Curve start ";"ct211"
"2024-08-20 16:46:52.260";"2024-08-20";"16:46:52";"REG1";"";"#1: alpha: 0.163, ETRm: 40.663, Ik: 248.896   ( beta: 2.682, ETRmPot: 1869.246 )   (Platt et al. 1980) ";""
"2024-08-20 16:46:52.260";"2024-08-20";"16:46:52";"REG2";"";"#1: alpha: 0.141, ETRm: 41.023, Ik: 290.984   (Jassby and Platt 1976) ";""
"2024-08-20 16:46:53.651";"2024-08-20";"16:46:53";"FO";"352";"132";"326";"0";"0.595";"0.0";"-";"-";"132";"326";"0.595"
"2024-08-20 16:47:23.641";"2024-08-20";"16:47:23";"F";"353";"151";"240";"65";"0.371";"10.1";"115";"0.358";"132";"326";"0.595"
"2024-08-20 16:47:53.628";"2024-08-20";"16:47:53";"F";"354";"152";"231";"90";"0.342";"12.9";"113";"0.411";"132";"326";"0.595"
"2024-08-20 16:48:23.619";"2024-08-20";"16:48:23";"F";"355";"152";"226";"125";"0.327";"17.2";"112";"0.442";"132";"326";"0.595"
"2024-08-20 16:48:53.613";"2024-08-20";"16:48:53";"F";"356";"157";"218";"190";"0.280";"22.3";"110";"0.495";"132";"326";"0.595"
"2024-08-20 16:49:23.598";"2024-08-20";"16:49:23";"F";"357";"159";"211";"285";"0.246";"29.4";"108";"0.545";"132";"326";"0.595"
"2024-08-20 16:49:53.588";"2024-08-20";"16:49:53";"F";"358";"160";"204";"420";"0.216";"38.1";"106";"0.598";"132";"326";"0.595"
"2024-08-20 16:50:23.576";"2024-08-20";"16:50:23";"F";"359";"163";"194";"625";"0.160";"42.0";"103";"0.680";"132";"326";"0.595"
"2024-08-20 16:50:53.562";"2024-08-20";"16:50:53";"F";"360";"166";"187";"820";"0.112";"38.6";"101";"0.743";"132";"326";"0.595"
"2024-08-20 16:50:57.260";"2024-08-20";"16:50:57";"SLCE";"";"Light Curve end ";""
"2024-08-20 16:51:50.820";"2024-08-20";"16:51:50";"SLCS";"";"Light Curve start ";"ct212"
"2024-08-20 16:51:50.820";"2024-08-20";"16:51:50";"REG1";"";"#1: alpha: 0.210, ETRm: 28.982, Ik: 138.091   ( beta: 0.011, ETRmPot: 35.520 )   (Platt et al. 1980) ";""
"2024-08-20 16:51:50.820";"2024-08-20";"16:51:50";"REG2";"";"#1: alpha: 0.171, ETRm: 28.364, Ik: 165.946   (Jassby and Platt 1976) ";""
"2024-08-20 16:51:52.242";"2024-08-20";"16:51:52";"FO";"361";"127";"295";"0";"0.569";"0.0";"-";"-";"127";"295";"0.569"
"2024-08-20 16:52:22.230";"2024-08-20";"16:52:22";"F";"362";"147";"243";"65";"0.395";"10.8";"116";"0.214";"127";"295";"0.569"
"2024-08-20 16:52:52.211";"2024-08-20";"16:52:52";"F";"363";"150";"239";"90";"0.372";"14.1";"115";"0.234";"127";"295";"0.569"
"2024-08-20 16:53:22.202";"2024-08-20";"16:53:22";"F";"364";"153";"233";"125";"0.343";"18.0";"114";"0.266";"127";"295";"0.569"
"2024-08-20 16:53:52.195";"2024-08-20";"16:53:52";"F";"365";"156";"217";"190";"0.281";"22.4";"110";"0.359";"127";"295";"0.569"
"2024-08-20 16:54:22.182";"2024-08-20";"16:54:22";"F";"366";"160";"208";"285";"0.231";"27.7";"108";"0.418";"127";"295";"0.569"
"2024-08-20 16:54:52.173";"2024-08-20";"16:54:52";"F";"367";"167";"198";"420";"0.157";"27.7";"105";"0.490";"127";"295";"0.569"
"2024-08-20 16:55:22.159";"2024-08-20";"16:55:22";"F";"368";"170";"191";"625";"0.110";"28.9";"103";"0.545";"127";"295";"0.569"
"2024-08-20 16:55:52.148";"2024-08-20";"16:55:52";"F";"369";"172";"187";"820";"0.080";"27.6";"102";"0.578";"127";"295";"0.569"
"2024-08-20 16:55:55.734";"2024-08-20";"16:55:55";"SLCE";"";"Light Curve end ";""
"2024-08-20 16:56:20.975";"2024-08-20";"16:56:20";"SLCS";"";"Light Curve start ";"ct221"
"2024-08-20 16:56:20.975";"2024-08-20";"16:56:20";"REG1";"";"#1: alpha: - , ETRm: - , Ik: -   ( beta: - 0.009, ETRmPot: 15.625 )   (Platt et al. 1980) ";""
"2024-08-20 16:56:20.975";"2024-08-20";"16:56:20";"REG2";"";"#1: alpha: 0.115, ETRm: 22.031, Ik: 191.109   (Jassby and Platt 1976) ";""
"2024-08-20 16:56:22.373";"2024-08-20";"16:56:22";"FO";"370";"124";"233";"0";"0.468";"0.0";"-";"-";"124";"233";"0.468"
"2024-08-20 16:56:52.363";"2024-08-20";"16:56:52";"F";"371";"140";"207";"65";"0.324";"8.8";"116";"0.126";"124";"233";"0.468"
"2024-08-20 16:57:22.353";"2024-08-20";"16:57:22";"F";"372";"143";"197";"90";"0.274";"10.4";"113";"0.183";"124";"233";"0.468"
"2024-08-20 16:57:52.339";"2024-08-20";"16:57:52";"F";"373";"146";"191";"125";"0.236";"12.4";"111";"0.220";"124";"233";"0.468"
"2024-08-20 16:58:22.330";"2024-08-20";"16:58:22";"F";"374";"149";"188";"190";"0.207";"16.5";"110";"0.239";"124";"233";"0.468"
"2024-08-20 16:58:52.311";"2024-08-20";"16:58:52";"F";"375";"153";"181";"285";"0.155";"18.6";"108";"0.287";"124";"233";"0.468"
"2024-08-20 16:59:22.300";"2024-08-20";"16:59:22";"F";"376";"157";"177";"420";"0.113";"19.9";"106";"0.316";"124";"233";"0.468"
"2024-08-20 16:59:52.297";"2024-08-20";"16:59:52";"F";"377";"159";"172";"625";"0.076";"20.0";"104";"0.355";"124";"233";"0.468"
"2024-08-20 17:00:22.281";"2024-08-20";"17:00:22";"F";"378";"158";"171";"820";"0.076";"26.2";"104";"0.363";"124";"233";"0.468"
"2024-08-20 17:00:25.957";"2024-08-20";"17:00:25";"SLCE";"";"Light Curve end ";""
"2024-08-20 17:01:03.303";"2024-08-20";"17:01:03";"SLCS";"";"Light Curve start ";"ct222"
"2024-08-20 17:01:03.303";"2024-08-20";"17:01:03";"REG1";"";"#1: alpha: - , ETRm: - , Ik: -   ( beta: - 0.003, ETRmPot: 51.414 )   (Platt et al. 1980) ";""
"2024-08-20 17:01:03.303";"2024-08-20";"17:01:03";"REG2";"";"#1: alpha: 0.196, ETRm: 51.736, Ik: 263.674   (Jassby and Platt 1976) ";""
"2024-08-20 17:01:04.712";"2024-08-20";"17:01:04";"FO";"379";"95";"233";"0";"0.592";"0.0";"-";"-";"95";"233";"0.592"
"2024-08-20 17:01:34.694";"2024-08-20";"17:01:34";"F";"380";"104";"194";"65";"0.464";"12.7";"88";"0.201";"95";"233";"0.592"
"2024-08-20 17:02:04.702";"2024-08-20";"17:02:04";"F";"381";"103";"186";"90";"0.446";"16.9";"86";"0.253";"95";"233";"0.592"
"2024-08-20 17:02:34.691";"2024-08-20";"17:02:34";"F";"382";"104";"188";"125";"0.447";"23.5";"87";"0.239";"95";"233";"0.592"
"2024-08-20 17:03:04.678";"2024-08-20";"17:03:04";"F";"383";"104";"177";"190";"0.412";"32.9";"84";"0.316";"95";"233";"0.592"
"2024-08-20 17:03:34.674";"2024-08-20";"17:03:34";"F";"384";"107";"162";"285";"0.340";"40.7";"81";"0.438";"95";"233";"0.592"
"2024-08-20 17:04:04.661";"2024-08-20";"17:04:04";"F";"385";"112";"151";"420";"0.258";"45.5";"78";"0.543";"95";"233";"0.592"
"2024-08-20 17:04:34.650";"2024-08-20";"17:04:34";"F";"386";"116";"143";"625";"0.189";"49.6";"76";"0.629";"95";"233";"0.592"
"2024-08-20 17:05:04.630";"2024-08-20";"17:05:04";"F";"387";"118";"140";"820";"0.157";"54.1";"75";"0.664";"95";"233";"0.592"
"2024-08-20 17:05:08.100";"2024-08-20";"17:05:08";"SLCE";"";"Light Curve end ";""
"2024-08-20 17:05:33.603";"2024-08-20";"17:05:33";"SLCS";"";"Light Curve start ";"ct223"
"2024-08-20 17:05:33.603";"2024-08-20";"17:05:33";"REG1";"";"#1: alpha: 0.196, ETRm: 25.465, Ik: 130.150   ( beta: 0.004, ETRmPot: 27.978 )   (Platt et al. 1980) ";""
"2024-08-20 17:05:33.603";"2024-08-20";"17:05:33";"REG2";"";"#1: alpha: 0.155, ETRm: 25.052, Ik: 161.821   (Jassby and Platt 1976) ";""
"2024-08-20 17:05:34.992";"2024-08-20";"17:05:34";"FO";"388";"90";"208";"0";"0.567";"0.0";"-";"-";"90";"208";"0.567"
"2024-08-20 17:06:04.985";"2024-08-20";"17:06:04";"F";"389";"109";"178";"65";"0.388";"10.6";"84";"0.169";"90";"208";"0.567"
"2024-08-20 17:06:34.969";"2024-08-20";"17:06:34";"F";"390";"113";"173";"90";"0.347";"13.1";"83";"0.202";"90";"208";"0.567"
"2024-08-20 17:07:04.954";"2024-08-20";"17:07:04";"F";"391";"117";"168";"125";"0.304";"16.0";"82";"0.238";"90";"208";"0.567"
"2024-08-20 17:07:34.945";"2024-08-20";"17:07:34";"F";"392";"122";"162";"190";"0.247";"19.7";"80";"0.284";"90";"208";"0.567"
"2024-08-20 17:08:04.939";"2024-08-20";"17:08:04";"F";"393";"126";"157";"285";"0.197";"23.6";"79";"0.325";"90";"208";"0.567"
"2024-08-20 17:08:34.921";"2024-08-20";"17:08:34";"F";"394";"131";"151";"420";"0.132";"23.3";"77";"0.377";"90";"208";"0.567"
"2024-08-20 17:09:04.917";"2024-08-20";"17:09:04";"F";"395";"133";"149";"625";"0.107";"28.1";"77";"0.396";"90";"208";"0.567"
"2024-08-20 17:09:34.903";"2024-08-20";"17:09:34";"F";"396";"135";"145";"820";"0.069";"23.8";"76";"0.434";"90";"208";"0.567"
"2024-08-20 17:09:38.348";"2024-08-20";"17:09:38";"SLCE";"";"Light Curve end ";""
"2024-08-20 17:15:27.576";"2024-08-20";"17:15:27";"SLCS";"";"Light Curve start ";"ct224"
"2024-08-20 17:15:27.576";"2024-08-20";"17:15:27";"REG1";"";"#1: alpha: 0.171, ETRm: 33.366, Ik: 194.897   ( beta: 0.028, ETRmPot: 53.362 )   (Platt et al. 1980) ";""
"2024-08-20 17:15:27.576";"2024-08-20";"17:15:27";"REG2";"";"#1: alpha: 0.145, ETRm: 32.951, Ik: 226.863   (Jassby and Platt 1976) ";""
"2024-08-20 17:15:28.968";"2024-08-20";"17:15:28";"FO";"406";"163";"396";"0";"0.588";"0.0";"-";"-";"163";"396";"0.588"
"2024-08-20 17:15:58.957";"2024-08-20";"17:15:58";"F";"407";"210";"326";"65";"0.356";"9.7";"150";"0.215";"163";"396";"0.588"
"2024-08-20 17:16:28.944";"2024-08-20";"17:16:28";"F";"408";"213";"323";"90";"0.341";"12.9";"149";"0.226";"163";"396";"0.588"
"2024-08-20 17:16:58.937";"2024-08-20";"17:16:58";"F";"409";"219";"321";"125";"0.318";"16.7";"149";"0.234";"163";"396";"0.588"
"2024-08-20 17:17:28.924";"2024-08-20";"17:17:28";"F";"410";"225";"312";"190";"0.279";"22.3";"147";"0.269";"163";"396";"0.588"
"2024-08-20 17:17:58.909";"2024-08-20";"17:17:58";"F";"411";"233";"301";"285";"0.226";"27.1";"144";"0.316";"163";"396";"0.588"
"2024-08-20 17:18:28.897";"2024-08-20";"17:18:28";"F";"412";"240";"292";"420";"0.178";"31.4";"142";"0.356";"163";"396";"0.588"
"2024-08-20 17:18:58.892";"2024-08-20";"17:18:58";"F";"413";"248";"285";"625";"0.130";"34.1";"140";"0.389";"163";"396";"0.588"
"2024-08-20 17:19:28.879";"2024-08-20";"17:19:28";"F";"414";"254";"280";"820";"0.093";"32.0";"139";"0.414";"163";"396";"0.588"
"2024-08-20 17:19:32.625";"2024-08-20";"17:19:32";"SLCE";"";"Light Curve end ";""
"2024-08-20 17:22:07.027";"2024-08-20";"17:22:07";"SLCS";"";"Light Curve start ";"ct217"
"2024-08-20 17:22:07.027";"2024-08-20";"17:22:07";"REG1";"";"#1: alpha: 0.236, ETRm: 29.318, Ik: 124.124   ( beta: 0.007, ETRmPot: 33.506 )   (Platt et al. 1980) ";""
"2024-08-20 17:22:07.027";"2024-08-20";"17:22:07";"REG2";"";"#1: alpha: 0.188, ETRm: 28.805, Ik: 153.499   (Jassby and Platt 1976) ";""
"2024-08-20 17:22:08.417";"2024-08-20";"17:22:08";"FO";"415";"82";"226";"0";"0.637";"0.0";"-";"-";"82";"226";"0.637"
"2024-08-20 17:22:38.409";"2024-08-20";"17:22:38";"F";"416";"100";"169";"65";"0.408";"11.1";"73";"0.337";"82";"226";"0.637"
"2024-08-20 17:23:08.392";"2024-08-20";"17:23:08";"F";"417";"102";"166";"90";"0.386";"14.6";"72";"0.361";"82";"226";"0.637"
"2024-08-20 17:23:38.374";"2024-08-20";"17:23:38";"F";"418";"105";"165";"125";"0.364";"19.1";"72";"0.370";"82";"226";"0.637"
"2024-08-20 17:24:08.376";"2024-08-20";"17:24:08";"F";"419";"107";"158";"190";"0.323";"25.8";"71";"0.430";"82";"226";"0.637"
"2024-08-20 17:24:38.357";"2024-08-20";"17:24:38";"F";"420";"111";"144";"285";"0.229";"27.4";"68";"0.569";"82";"226";"0.637"
"2024-08-20 17:25:08.344";"2024-08-20";"17:25:08";"F";"421";"114";"136";"420";"0.162";"28.6";"66";"0.662";"82";"226";"0.637"
"2024-08-20 17:25:38.334";"2024-08-20";"17:25:38";"F";"422";"117";"131";"625";"0.107";"28.1";"65";"0.725";"82";"226";"0.637"
"2024-08-20 17:26:08.322";"2024-08-20";"17:26:08";"F";"423";"120";"131";"820";"0.084";"28.9";"65";"0.725";"82";"226";"0.637"
"2024-08-20 17:26:12.112";"2024-08-20";"17:26:12";"SLCE";"";"Light Curve end ";""
"2024-08-20 17:28:06.721";"2024-08-20";"17:28:06";"SLCS";"";"Light Curve start ";"ct218"
"2024-08-20 17:28:06.721";"2024-08-20";"17:28:06";"REG1";"";"#1: alpha: - , ETRm: - , Ik: -   ( beta: - 0.009, ETRmPot: 28.540 )   (Platt et al. 1980) ";""
"2024-08-20 17:28:06.721";"2024-08-20";"17:28:06";"REG2";"";"#1: alpha: 0.140, ETRm: 34.448, Ik: 245.209   (Jassby and Platt 1976) ";""
"2024-08-20 17:28:08.115";"2024-08-20";"17:28:08";"FO";"424";"87";"275";"0";"0.684";"0.0";"-";"-";"87";"275";"0.684"
"2024-08-20 17:28:38.105";"2024-08-20";"17:28:38";"F";"425";"102";"172";"65";"0.407";"11.1";"73";"0.599";"87";"275";"0.684"
"2024-08-20 17:29:08.093";"2024-08-20";"17:29:08";"F";"426";"105";"165";"90";"0.364";"13.8";"72";"0.667";"87";"275";"0.684"
"2024-08-20 17:29:38.081";"2024-08-20";"17:29:38";"F";"427";"107";"158";"125";"0.323";"17.0";"70";"0.741";"87";"275";"0.684"
"2024-08-20 17:30:08.071";"2024-08-20";"17:30:08";"F";"428";"111";"151";"190";"0.265";"21.1";"69";"0.821";"87";"275";"0.684"
"2024-08-20 17:30:38.065";"2024-08-20";"17:30:38";"F";"429";"113";"145";"285";"0.221";"26.5";"68";"0.897";"87";"275";"0.684"
"2024-08-20 17:31:08.053";"2024-08-20";"17:31:08";"F";"430";"115";"140";"420";"0.179";"31.6";"67";"0.964";"87";"275";"0.684"
"2024-08-20 17:31:38.033";"2024-08-20";"17:31:38";"F";"431";"117";"134";"625";"0.127";"33.3";"65";"1.052";"87";"275";"0.684"
"2024-08-20 17:32:08.042";"2024-08-20";"17:32:08";"F";"432";"118";"132";"820";"0.106";"36.5";"65";"1.083";"87";"275";"0.684"
"2024-08-20 17:32:11.639";"2024-08-20";"17:32:11";"SLCE";"";"Light Curve end ";""
"2024-08-20 17:39:12.002";"2024-08-20";"17:39:12";"SLCS";"";"Light Curve start ";"ct219"
"2024-08-20 17:39:12.002";"2024-08-20";"17:39:12";"REG1";"";"#1: alpha: 0.149, ETRm: 27.950, Ik: 187.513   ( beta: 0.013, ETRmPot: 37.836 )   (Platt et al. 1980) ";""
"2024-08-20 17:39:12.002";"2024-08-20";"17:39:12";"REG2";"";"#1: alpha: 0.123, ETRm: 27.706, Ik: 224.814   (Jassby and Platt 1976) ";""
"2024-08-20 17:39:13.393";"2024-08-20";"17:39:13";"FO";"443";"201";"464";"0";"0.567";"0.0";"-";"-";"201";"464";"0.567"
"2024-08-20 17:39:43.377";"2024-08-20";"17:39:43";"F";"444";"234";"346";"65";"0.324";"8.8";"175";"0.341";"201";"464";"0.567"
"2024-08-20 17:40:13.373";"2024-08-20";"17:40:13";"F";"445";"238";"334";"90";"0.287";"10.8";"172";"0.389";"201";"464";"0.567"
"2024-08-20 17:40:43.362";"2024-08-20";"17:40:43";"F";"446";"242";"328";"125";"0.262";"13.8";"170";"0.415";"201";"464";"0.567"
"2024-08-20 17:41:13.342";"2024-08-20";"17:41:13";"F";"447";"246";"320";"190";"0.231";"18.4";"168";"0.450";"201";"464";"0.567"
"2024-08-20 17:41:43.332";"2024-08-20";"17:41:43";"F";"448";"252";"314";"285";"0.197";"23.6";"167";"0.478";"201";"464";"0.567"
"2024-08-20 17:42:13.345";"2024-08-20";"17:42:13";"F";"449";"258";"304";"420";"0.151";"26.6";"164";"0.526";"201";"464";"0.567"
"2024-08-20 17:42:43.328";"2024-08-20";"17:42:43";"F";"450";"263";"294";"625";"0.105";"27.6";"161";"0.578";"201";"464";"0.567"
"2024-08-20 17:43:13.315";"2024-08-20";"17:43:13";"F";"451";"266";"289";"820";"0.080";"27.6";"159";"0.606";"201";"464";"0.567"
"2024-08-20 17:43:17.244";"2024-08-20";"17:43:17";"SLCE";"";"Light Curve end ";""
"2024-08-20 17:43:38.378";"2024-08-20";"17:43:38";"SLCS";"";"Light Curve start ";"ct220"
"2024-08-20 17:43:38.378";"2024-08-20";"17:43:38";"REG1";"";"#1: alpha: - , ETRm: - , Ik: -   ( beta: - 0.003, ETRmPot: 15.911 )   (Platt et al. 1980) ";""
"2024-08-20 17:43:38.378";"2024-08-20";"17:43:38";"REG2";"";"#1: alpha: 0.116, ETRm: 17.270, Ik: 148.850   (Jassby and Platt 1976) ";""
"2024-08-20 17:43:39.773";"2024-08-20";"17:43:39";"FO";"452";"154";"320";"0";"0.519";"0.0";"-";"-";"154";"320";"0.519"
"2024-08-20 17:44:09.764";"2024-08-20";"17:44:09";"F";"453";"180";"256";"65";"0.297";"8.1";"137";"0.250";"154";"320";"0.519"
"2024-08-20 17:44:39.759";"2024-08-20";"17:44:39";"F";"454";"185";"251";"90";"0.263";"9.9";"136";"0.275";"154";"320";"0.519"
"2024-08-20 17:45:09.742";"2024-08-20";"17:45:09";"F";"455";"193";"246";"125";"0.215";"11.3";"135";"0.301";"154";"320";"0.519"
"2024-08-20 17:45:39.727";"2024-08-20";"17:45:39";"F";"456";"200";"242";"190";"0.174";"13.9";"133";"0.322";"154";"320";"0.519"
"2024-08-20 17:46:09.717";"2024-08-20";"17:46:09";"F";"457";"205";"237";"285";"0.135";"16.2";"132";"0.350";"154";"320";"0.519"
"2024-08-20 17:46:39.709";"2024-08-20";"17:46:39";"F";"458";"210";"232";"420";"0.095";"16.8";"130";"0.379";"154";"320";"0.519"
"2024-08-20 17:47:09.693";"2024-08-20";"17:47:09";"F";"459";"214";"229";"625";"0.066";"17.3";"129";"0.397";"154";"320";"0.519"
"2024-08-20 17:47:39.684";"2024-08-20";"17:47:39";"F";"460";"215";"227";"820";"0.053";"18.3";"129";"0.410";"154";"320";"0.519"
"2024-08-20 17:47:43.015";"2024-08-20";"17:47:43";"SLCE";"";"Light Curve end ";""
